zpid,llm_condition,llm_tier,llm_has_view,llm_has_ocean_view,llm_has_bay_view,llm_has_city_view,llm_has_golf_view,llm_floor_level,llm_is_penthouse,llm_is_corner,llm_has_concierge,llm_has_elevator,llm_has_boat_dock,llm_has_guest_house,llm_amenities_count,llm_is_fixer,llm_distress_count,llm_renovation_age,llm_ok
1011541,0,1,0,0,0,0,0,,0,0,0,0,0,0,0,0,0,,0
1005445,0,1,0,0,0,0,0,,0,0,0,0,0,0,0,0,0,,0
1002822,0,1,0,0,0,0,0,,0,0,0,0,0,0,0,0,0,,0
1006212,0,1,0,0,0,0,0,,0,0,0,0,0,0,0,0,0,,0
1007959,0,1,0,0,0,0,0,,0,0,0,0,0,0,0,0,0,,0
1011023,4,0,1,0,0,0,0,,0,0,0,0,0,0,2,0,0,,1
1014874,1,0,0,0,0,0,0,,0,0,0,0,0,0,0,0,1,,1
1002671,0,1,0,0,0,0,0,,0,0,0,0,0,0,0,0,0,,0
1002323,4,2,1,1,0,0,0,,0,0,0,1,0,0,2,0,0,,1
1009937,0,1,0,0,0,0,0,,0,0,0,0,0,0,0,0,0,,0
1003854,0,1,0,0,0,0,0,,0,0,0,0,0,0,0,0,0,,0
1015847,0,1,0,0,0,0,0,,0,0,0,0,0,0,0,0,0,,0
1016572,0,1,0,0,0,0,0,,0,0,0,0,0,0,0,0,0,,0
1004566,4,1,1,1,1,1,0,4.0,0,0,1,1,1,1,6,0,0,,1
1001662,0,0,0,0,0,0,0,,0,0,0,0,0,0,0,0,1,,1
1012423,4,0,1,1,0,0,0,1.0,0,0,0,0,0,0,1,0,0,,1
1004180,0,1,0,0,0,0,0,,0,0,0,0,0,0,0,0,0,,1
1000532,0,1,0,0,0,0,0,,0,0,0,0,0,0,0,0,0,,0
1004040,0,0,0,0,0,0,0,,0,0,0,0,0,0,0,0,1,,1
1009507,4,0,1,0,0,0,0,,0,0,0,0,0,0,0,1,1,,1
1002658,4,0,1,0,1,0,0,,0,0,0,0,0,0,0,1,1,,1
1012675,0,1,0,0,0,0,0,,0,0,0,0,0,0,0,0,0,,0
1008450,4,2,1,1,1,1,0,4.0,0,0,0,0,0,0,0,0,0,,1
1006979,0,1,0,0,0,0,0,,0,0,0,0,0,0,0,0,0,,0
1016717,0,1,0,0,0,0,0,,0,0,0,0,0,0,0,0,0,,0
1016875,0,1,0,0,0,0,0,,0,0,0,0,0,0,0,0,0,,0
1010928,4,0,1,1,0,0,0,,0,0,0,0,0,0,0,1,1,,1
1010002,0,1,0,0,0,0,0,,0,0,0,0,0,0,0,0,0,,0
1003930,0,1,0,0,0,0,0,,0,0,0,0,0,0,0,0,0,,0
1009881,4,0,1,0,0,0,0,,0,0,1,1,0,0,3,0,0,,1
1014137,0,1,0,0,0,0,0,,0,0,0,0,0,0,0,0,0,,0
1015460,0,1,0,0,0,0,0,,0,0,0,0,0,0,0,0,0,,1
1003712,0,1,1,0,0,0,0,10.0,0,0,0,1,0,0,2,0,0,,1
1001869,0,1,0,0,0,0,0,,0,0,0,0,0,0,0,0,0,,0
1013663,4,1,1,1,1,0,0,3.0,0,0,1,1,0,1,4,0,0,,1
1013647,0,1,0,0,0,0,0,,0,0,0,0,0,0,0,0,0,,0
1016041,4,1,1,0,1,0,0,12.0,0,1,1,1,0,1,4,0,0,,1
1010809,0,1,0,0,0,0,0,,0,0,0,0,0,0,0,0,0,,1
1004106,0,1,0,0,0,0,0,,0,0,0,0,0,0,0,0,0,,0
1011446,0,1,0,0,0,0,0,,0,0,0,0,0,0,0,0,0,,0
1000342,0,1,0,0,0,0,0,,0,0,0,0,0,0,0,0,0,,0
1006067,4,1,1,0,0,0,0,,0,0,0,1,0,0,2,0,0,,1
1001131,0,1,0,0,0,0,0,,0,0,0,0,0,0,0,0,0,,1
1003424,0,1,0,0,0,0,0,,0,0,0,0,0,0,0,0,0,,0
1009477,4,2,1,1,1,1,0,,0,0,0,0,0,0,0,0,0,,1
1001318,4,2,1,1,0,0,0,25.0,0,1,0,1,0,0,2,0,0,,1
1010358,0,1,0,0,0,0,0,,0,0,0,0,0,0,0,0,0,,0
1001522,0,1,0,0,0,0,0,,0,0,0,0,0,0,0,0,0,,0
1008637,4,2,1,1,0,0,0,,0,0,0,0,0,0,3,0,0,,1
1009376,0,1,0,0,0,0,0,,0,0,0,0,0,0,0,0,0,,0
1004827,0,1,0,0,0,0,0,,0,0,0,0,0,0,0,0,0,,0
1004848,0,1,0,0,0,0,0,,0,0,0,0,0,0,0,0,0,,0
1007831,0,1,0,0,0,0,0,,0,0,0,0,0,0,0,0,0,,0
1005103,0,1,0,0,0,0,0,,0,0,0,0,0,0,0,0,0,,0
1008951,4,2,1,1,1,1,1,19.0,0,0,0,0,0,0,5,0,0,,1
1007666,0,1,0,0,0,0,0,,0,0,0,0,0,0,0,0,0,,0
1014545,0,1,0,0,0,0,0,,0,0,0,0,0,0,0,0,0,,0
1007308,4,0,1,1,0,0,0,,0,0,0,0,0,0,0,1,1,,1
1008501,0,1,0,0,0,0,0,,0,0,0,0,0,0,0,0,0,,0
1012036,4,2,1,1,1,1,0,1.0,0,0,0,0,0,0,0,0,0,,1
1010214,0,1,0,0,0,0,0,,0,0,0,0,0,0,0,0,0,,0
1015576,0,1,0,0,0,0,0,,0,0,0,0,0,0,0,0,0,,0
1004821,4,2,1,1,0,0,0,6.0,0,1,0,1,0,0,2,0,0,,1
1015531,0,1,0,0,0,0,0,,0,0,0,0,0,0,0,0,0,,1
1013902,4,0,1,1,1,0,0,2.0,0,0,0,0,0,0,0,0,0,,1
1014398,0,1,0,0,0,0,0,,0,0,0,0,0,0,0,0,0,,0
1001092,0,1,0,0,0,0,0,,0,0,0,0,0,0,0,0,0,,1
1009260,0,1,0,0,0,0,0,,0,0,0,0,0,0,0,0,0,,0
1011403,0,1,0,0,0,0,0,,0,0,0,0,0,0,0,0,0,,0
1005356,4,2,1,1,0,0,0,,0,0,1,1,1,1,6,0,0,,1
1009811,4,1,1,1,0,0,0,1.0,0,0,1,1,1,1,6,0,0,,1
1000359,4,0,1,0,0,0,0,10.0,0,0,0,0,0,0,0,1,1,,1
1003602,0,1,0,0,0,0,0,,0,0,0,0,0,0,0,0,0,,0
1012671,4,2,1,1,1,1,0,2.0,0,1,1,1,1,1,13,0,0,,1
1007213,4,2,1,1,1,0,0,,0,1,1,1,1,1,6,0,0,,1
1013160,0,1,0,0,0,0,0,,0,0,0,0,0,0,0,0,0,,1
1014412,4,1,1,0,0,0,0,3.0,0,0,0,1,0,0,2,0,0,,1
1015931,4,0,1,0,0,0,1,,0,0,0,0,0,0,1,0,0,,1
1013494,4,2,1,1,1,1,0,3.0,0,0,1,1,1,1,6,0,0,,1
1002927,4,2,1,1,1,1,0,,0,0,0,0,0,0,0,0,0,,1
1012510,0,1,0,0,0,0,0,,0,0,0,0,0,0,0,0,0,,0
1014003,4,1,1,0,0,0,0,12.0,0,1,1,1,1,1,6,0,0,,1
1008112,4,2,1,0,0,0,0,1.0,0,0,0,1,0,0,2,0,0,,1
1009388,0,1,0,0,0,0,0,,0,0,0,0,0,0,0,0,0,,1
1014279,0,1,0,0,0,0,0,,0,0,0,0,0,0,0,0,0,,1
1014808,0,1,0,0,0,0,0,,0,0,0,0,0,0,0,0,0,,0
1009225,0,1,0,0,0,0,0,,0,0,0,0,0,0,0,0,0,,1
1014158,0,1,0,0,0,0,0,,0,0,0,0,0,0,0,0,0,,0
1004102,4,1,1,1,0,0,0,,0,0,0,1,0,0,2,0,0,,1
1004070,4,2,1,1,1,1,0,,0,0,0,0,0,0,0,0,0,,1
1004220,0,1,0,0,0,0,0,,0,0,0,0,0,0,0,0,0,,0
1009655,0,1,0,0,0,0,0,,0,0,0,0,0,0,0,0,0,,0
1002983,4,2,1,1,0,0,0,,0,0,1,1,1,1,6,0,0,,1
1001348,4,2,1,1,1,0,0,,0,0,0,1,0,1,5,0,0,,1
1002802,4,2,1,1,0,0,0,2.0,0,0,0,1,0,0,2,0,0,,1
1014703,0,1,0,0,0,0,0,,0,0,0,0,0,0,0,0,0,,0
1003884,0,1,0,0,0,0,0,,0,0,0,0,0,0,0,0,0,,0
1006274,0,1,0,0,0,0,0,,0,0,0,0,0,0,0,0,0,,0
1014150,4,2,1,0,1,0,0,43.0,0,0,1,1,0,0,3,0,0,,1
1001945,4,2,1,1,0,0,0,,0,0,0,1,0,0,2,0,0,,1
1010924,0,1,0,0,0,0,0,,0,0,0,0,0,0,0,0,0,,1
1015174,0,1,0,0,0,0,0,,0,0,0,0,0,0,0,0,0,,0
1000396,4,2,1,1,1,0,0,,1,1,1,1,1,1,6,0,0,,1
1003019,0,1,0,0,0,0,0,,0,0,0,0,0,0,0,0,0,,1
1013090,0,1,0,0,0,0,0,,0,0,0,0,0,0,0,0,0,,0
1004010,0,1,0,0,0,0,0,,0,0,0,0,0,0,0,0,0,,0
1016515,0,1,0,0,0,0,0,,0,0,0,0,0,0,0,0,0,,0
1011082,0,1,0,0,0,0,0,,0,0,0,0,0,0,0,0,0,,0
1016202,0,1,0,0,0,0,0,,0,0,0,0,0,0,0,0,0,,0
1004596,4,2,1,1,1,1,0,1.0,0,0,0,0,0,0,0,0,0,,1
1004843,0,1,0,0,0,0,0,,0,0,0,0,0,0,0,0,0,,0
1003145,0,1,0,0,0,0,0,,0,0,0,0,0,0,0,0,0,,0
1016002,0,1,0,0,0,0,0,,0,0,0,0,0,0,0,0,0,,0
1017149,0,1,0,0,0,0,0,,0,0,0,0,0,0,0,0,0,,0
1014809,4,0,1,1,0,0,0,,0,0,0,0,0,0,0,0,0,,1
1010534,0,1,0,0,0,0,0,,0,0,0,0,0,0,0,0,0,,1
1009411,4,0,1,0,0,0,0,,0,0,0,0,0,0,0,1,1,,1
1005586,0,1,0,0,0,0,0,,0,0,0,0,0,0,0,0,0,,0
1000213,0,1,0,0,0,0,0,,0,0,0,0,0,0,0,0,0,,1
1014621,0,1,0,0,0,0,0,,0,0,0,0,0,0,0,0,0,,0
1013758,4,0,1,0,0,0,1,,0,0,0,1,0,0,2,0,0,,1
1013630,0,1,0,0,0,0,0,,0,0,0,0,0,0,0,0,0,,0
1007189,4,1,1,0,0,0,1,,0,0,1,1,1,1,6,0,0,,1
1007241,4,1,1,1,0,0,0,10.0,0,0,0,0,0,0,4,0,0,,1
1016706,0,1,0,0,0,0,0,,0,0,0,0,0,0,0,0,0,,0
1015753,0,1,0,0,0,0,0,,0,0,0,0,0,0,0,0,0,,0
1007230,0,1,0,0,0,0,0,,0,0,0,0,0,0,0,0,0,,0
1014174,4,0,1,0,1,0,0,12.0,0,0,0,0,0,0,0,0,0,,1
1012498,0,1,0,0,0,0,0,,0,0,0,0,0,0,0,0,0,,0
1008126,4,1,1,1,0,0,0,,0,0,0,0,0,0,0,0,1,,1
1007807,0,1,1,0,1,0,0,,0,0,1,1,1,1,6,0,0,,1
1002407,0,1,0,0,0,0,0,,0,0,0,0,0,0,0,0,0,,0
1013002,0,1,0,0,0,0,0,,0,0,0,0,0,0,0,0,0,,0
1016866,0,1,0,0,0,0,0,,0,0,0,0,0,0,0,0,0,,0
1015051,0,1,0,0,0,0,0,,0,0,0,0,0,0,0,0,0,,0
1009116,0,1,0,0,0,0,0,,0,0,0,0,0,0,0,0,0,,0
1012134,0,1,0,0,0,0,0,,0,0,0,0,0,0,0,0,0,,1
1010528,0,1,0,0,0,0,0,,0,0,0,0,0,0,0,0,0,,0
1017357,0,1,0,0,0,0,0,,0,0,0,0,0,0,0,0,0,,1
1016521,0,1,0,0,0,0,0,,0,0,0,0,0,0,0,0,0,,0
1010298,0,1,0,0,0,0,0,,0,0,0,0,0,0,0,0,0,,1
1004712,0,1,0,0,0,0,0,,0,0,0,0,0,0,0,0,0,,0
1008587,4,1,1,1,0,0,0,10.0,0,0,1,1,0,0,3,0,0,,1
1015523,0,1,0,0,0,0,0,,0,0,0,0,0,0,0,0,0,,0
1004063,0,1,0,0,0,0,0,,0,0,0,0,0,0,0,0,0,,0
1002562,0,1,0,0,0,0,0,,0,0,0,0,0,0,0,0,0,,0
1015767,4,2,1,1,1,0,0,,0,0,0,1,0,0,2,0,0,,1
1008314,4,1,1,1,1,1,0,,0,0,0,0,0,0,0,0,0,,1
1006718,0,1,0,0,0,0,0,,0,0,0,0,0,0,0,0,0,,0
1013019,0,1,0,0,0,0,0,,0,0,0,0,0,0,0,0,0,,0
1012090,2,0,1,0,0,0,0,,0,0,0,0,0,0,0,1,1,,1
1009600,4,2,1,1,0,0,0,,0,0,0,0,0,0,0,0,0,,1
1014434,0,1,0,0,0,0,0,,0,0,0,0,0,0,0,0,0,,1
1009886,0,1,0,0,0,0,0,,0,0,0,0,0,0,0,0,0,,0
1016620,0,1,0,0,0,0,0,,0,0,0,0,0,0,0,0,0,,0
1013515,4,2,1,1,0,0,0,7.0,0,0,0,1,0,0,4,0,0,,1
1004342,0,1,0,0,0,0,0,,0,0,0,0,0,0,0,0,0,,0
1015681,0,1,0,0,0,0,0,,0,0,0,0,0,0,0,0,0,,0
1001385,4,2,1,0,0,0,0,12.0,0,0,0,1,0,0,2,0,0,,1
1005203,4,1,1,0,0,0,0,2.0,0,0,0,1,0,0,2,0,0,,1
1000793,0,1,0,0,0,0,0,,0,0,0,0,0,0,0,0,0,,0
1000555,0,1,0,0,0,0,0,,0,0,0,0,0,0,0,0,0,,0
1008562,4,0,1,1,1,1,1,,0,0,0,0,0,0,0,1,1,,1
1009321,0,1,0,0,0,0,0,,0,0,0,0,0,0,0,0,0,,0
1009633,0,1,0,0,0,0,0,,0,0,0,0,0,0,0,0,0,,0
1002761,0,1,0,0,0,0,0,,0,0,0,0,0,0,0,0,0,,1
1004905,0,1,0,0,0,0,0,,0,0,0,0,0,0,0,0,0,,0
1011495,0,1,0,0,0,0,0,,0,0,0,0,0,0,0,0,0,,0
1009035,0,1,0,0,0,0,0,,0,0,0,0,0,0,0,0,0,,0
1015597,0,1,0,0,0,0,0,,0,0,0,0,0,0,0,0,0,,0
1006200,0,1,0,0,0,0,0,,0,0,0,0,0,0,0,0,0,,0
1009234,4,2,1,1,1,1,0,,0,0,0,1,0,1,5,0,0,,1
1001307,0,1,0,0,0,0,0,,0,0,0,0,0,0,0,0,0,,0
1012767,0,1,0,0,0,0,0,,0,0,0,0,0,0,0,0,0,,1
1002597,0,1,0,0,0,0,0,,0,0,0,0,0,0,0,0,0,,0
1006043,4,2,1,1,1,0,0,,0,0,1,1,1,1,6,0,0,,1
1015566,0,1,0,0,0,0,0,,0,0,0,0,0,0,0,0,0,,1
1001570,0,1,0,0,0,0,0,,0,0,0,0,0,0,0,0,0,,0
1014163,4,2,1,1,0,0,0,2.0,0,0,0,0,0,0,0,0,0,,1
1015907,4,2,1,1,1,1,0,2.0,0,0,0,0,0,0,0,0,0,,1
1003395,4,1,1,0,0,0,0,,0,0,0,1,0,0,4,0,0,,1
1001473,0,1,0,0,0,0,0,,0,0,0,0,0,0,0,0,0,,0
1007815,0,1,0,0,0,0,0,,0,0,0,0,0,0,0,0,0,,0
1002950,0,1,0,0,0,0,0,,0,0,0,0,0,0,0,0,0,,0
1005259,0,1,0,0,0,0,0,,0,0,0,0,0,0,0,0,0,,0
1001735,0,1,0,0,0,0,0,,0,0,0,0,0,0,0,0,0,,1
1005236,0,1,0,0,0,0,0,,0,0,0,0,0,0,0,0,0,,0
1017215,0,1,0,0,0,0,0,,0,0,0,0,0,0,0,0,0,,0
1014555,4,2,1,1,1,1,0,,0,0,0,0,0,0,0,0,0,,1
1017172,0,1,0,0,0,0,0,,0,0,0,0,0,0,0,0,0,,0
1011432,4,2,1,1,1,1,0,,0,0,0,0,0,0,0,0,0,,1
1009418,0,1,0,0,0,0,0,,0,0,0,0,0,0,0,0,0,,0
1011535,0,1,0,0,0,0,0,,0,0,0,0,0,0,0,0,0,,1
1016808,0,1,0,0,0,0,0,,0,0,0,0,0,0,0,0,0,,0
1005437,0,0,0,0,0,0,0,,0,0,0,0,0,0,0,0,0,,1
1016830,4,2,1,1,1,1,1,,0,0,0,0,0,0,0,0,0,,1
1005694,4,1,1,0,0,0,1,,0,0,0,1,0,0,2,1,1,,1
1000790,0,1,0,0,0,0,0,,0,0,0,0,0,0,0,0,0,,1
1010884,0,1,0,0,0,0,0,,0,0,0,0,0,0,0,0,0,,1
1005038,0,1,0,0,0,0,0,,0,0,0,0,0,0,0,0,0,,0
1015316,4,2,1,0,0,0,0,,0,0,0,0,0,0,0,1,1,,1
1002929,4,2,1,1,0,0,0,16.0,0,0,0,1,0,0,2,0,0,,1
1008179,4,2,1,1,1,1,0,2.0,0,0,1,1,1,1,6,0,0,,1
1007653,4,2,1,0,0,0,0,,0,0,0,0,0,0,3,0,0,,1
1005542,4,2,1,0,1,0,1,,0,0,0,1,0,1,3,1,1,,1
1004840,0,1,0,0,0,0,0,,0,0,0,0,0,0,0,0,0,,0
1006593,0,1,0,0,0,0,0,,0,0,0,0,0,0,0,0,0,,0
1013372,0,1,0,0,0,0,0,,0,0,0,0,0,0,0,0,0,,0
1005349,0,1,0,0,0,0,0,,0,0,0,0,0,0,0,0,0,,0
1001289,4,2,1,1,1,1,0,,0,0,0,0,0,0,0,0,0,,1
1009658,0,1,0,0,0,0,0,,0,0,0,0,0,0,0,0,0,,0
1011744,0,1,0,0,0,0,0,,0,0,0,0,0,0,0,0,0,,0
1005345,0,1,0,0,0,0,0,,0,0,0,0,0,0,0,0,0,,0
1004474,4,2,1,0,0,0,0,,0,0,1,1,0,0,3,0,0,,1
1005391,0,1,0,0,0,0,0,,0,0,0,0,0,0,0,0,0,,0
1008242,0,1,0,0,0,0,0,,0,0,0,0,0,0,0,0,0,,1
1004654,0,1,0,0,0,0,0,,0,0,0,0,0,0,0,0,0,,1
1015774,4,2,1,1,1,1,0,,0,0,1,1,1,1,5,0,0,,1
1009905,4,1,1,1,0,0,0,,0,0,1,1,0,0,3,0,0,,1
1001030,0,1,0,0,0,0,0,,0,0,0,0,0,0,0,0,0,,0
1004976,4,2,1,0,1,0,0,10.0,0,1,0,0,0,0,0,0,0,,1
1017465,4,2,1,1,1,0,0,10.0,0,1,0,1,0,0,2,0,0,,1
1017080,0,1,0,0,0,0,0,,0,0,0,0,0,0,0,0,0,,0
1017553,4,2,1,1,1,0,0,,0,0,1,1,1,1,6,0,0,,1
1014529,0,1,0,0,0,0,0,,0,0,0,0,0,0,0,0,0,,0
1003025,0,1,0,0,0,0,0,,0,0,0,0,0,0,0,0,0,,1
1009174,4,2,1,1,0,0,0,20.0,0,0,1,1,0,0,3,0,0,,1
1008125,4,0,1,0,0,0,0,,0,0,0,1,0,0,2,1,1,,1
1000892,4,2,1,0,0,0,0,,0,0,0,1,1,0,3,0,0,,1
1016921,0,1,0,0,0,0,0,,0,0,0,0,0,0,0,0,0,,0
1014603,4,1,1,1,0,0,0,,0,0,0,0,0,0,0,1,1,,1
1011817,4,0,1,0,1,0,0,1.0,0,0,0,0,0,0,0,1,1,,1
1003364,0,1,0,0,0,0,0,,0,0,0,0,0,0,0,0,0,,0
1009593,0,1,0,0,0,0,0,,0,0,0,0,0,0,0,0,0,,0
1005915,4,1,1,1,0,0,0,,0,0,0,0,0,0,0,1,1,,1
1012930,0,1,0,0,0,0,0,,0,0,0,0,0,0,0,0,0,,0
1002006,4,2,1,1,1,1,1,,0,0,1,1,1,1,6,0,0,,1
1001805,0,1,0,0,0,0,0,,0,0,0,0,0,0,0,0,0,,0
1009914,0,1,0,0,0,0,0,,0,0,0,0,0,0,0,0,0,,0
1017594,0,1,0,0,0,0,0,,0,0,0,0,0,0,0,0,0,,0
1006836,0,1,0,0,0,0,0,,0,0,0,0,0,0,0,0,0,,0
1004238,0,1,0,0,0,0,0,,0,0,0,0,0,0,0,0,0,,0
1012198,4,2,1,0,0,0,0,,0,0,0,1,0,0,2,0,0,,1
1010411,4,1,1,0,0,0,0,1.0,0,0,0,0,0,0,0,1,1,,1
1015351,0,1,0,0,0,0,0,,0,0,0,0,0,0,0,0,0,,0
1001979,4,2,1,1,1,0,0,1.0,0,0,1,1,1,1,5,0,0,,1
1006358,0,1,0,0,0,0,0,,0,0,0,0,0,0,0,0,0,,1
1001880,0,1,0,0,0,0,0,,0,0,0,0,0,0,0,0,0,,0
1009849,3,0,1,0,1,0,0,,0,0,0,0,0,0,0,1,1,,1
1012045,4,2,1,0,0,0,0,,0,0,1,1,1,1,6,0,0,,1
1011508,4,1,1,1,0,0,0,1.0,0,0,0,0,0,0,1,0,0,,1
1006843,0,1,0,0,0,0,0,,0,0,0,0,0,0,0,0,0,,0
1002312,4,1,1,1,0,0,0,,0,0,0,0,0,0,0,1,1,,1
1006507,0,1,0,0,0,0,0,,0,0,0,0,0,0,0,0,0,,0
1001266,0,1,0,0,0,0,0,,0,0,0,0,0,0,0,0,0,,0
1017344,0,1,0,0,0,0,0,,0,0,0,0,0,0,0,0,0,,0
1006046,0,1,0,0,0,0,0,,0,0,0,0,0,0,0,0,0,,0
1000271,0,1,0,0,0,0,0,,0,0,0,0,0,0,0,0,0,,0
1016221,0,1,0,0,0,0,0,,0,0,0,0,0,0,0,0,0,,0
1011047,0,1,0,0,0,0,0,,0,0,0,0,0,0,0,0,0,,0
1008416,0,1,0,0,0,0,0,,0,0,0,0,0,0,0,0,0,,0
1003404,4,1,1,1,0,0,0,,0,0,0,1,0,0,1,0,0,,1
1000256,0,1,0,0,0,0,0,,0,0,0,0,0,0,0,0,0,,0
1006259,0,1,0,0,0,0,0,,0,0,0,0,0,0,0,0,0,,1
1013644,4,0,1,1,0,0,0,1.0,0,0,0,0,0,0,0,1,1,,1
1015190,0,1,0,0,0,0,0,,0,0,0,0,0,0,0,0,0,,0
1014008,4,1,1,1,0,0,0,1728.0,0,0,0,0,0,0,0,1,1,,1
1014526,0,1,0,0,0,0,0,,0,0,0,0,0,0,0,0,0,,0
1008798,4,1,1,0,0,0,0,,0,0,0,0,0,0,0,1,1,,1
1009015,0,1,0,0,0,0,0,,0,0,0,0,0,0,0,0,0,,0
1007494,0,1,0,0,0,0,0,,0,0,0,0,0,0,0,0,0,,1
1014999,0,0,0,0,0,0,0,,0,0,0,0,0,0,0,0,0,,1
1005244,4,2,1,1,1,0,0,,0,0,1,1,1,1,6,0,0,,1
1003582,0,1,0,0,0,0,0,,0,0,0,0,0,0,0,0,0,,0
1010388,0,1,0,0,0,0,0,,0,0,0,0,0,0,0,0,0,,0
1013510,4,2,1,0,0,0,0,,0,0,0,1,0,0,2,0,0,,1
1002092,0,1,0,0,0,0,0,,0,0,0,0,0,0,0,0,0,,0
1007850,0,1,0,0,0,0,0,,0,0,0,0,0,0,0,0,0,,0
1005557,0,1,0,0,0,0,0,,0,0,0,0,0,0,0,0,0,,0
1003940,0,1,0,0,0,0,0,,0,0,0,0,0,0,0,0,0,,0
1015852,0,1,0,0,0,0,0,,0,0,0,0,0,0,0,0,0,,1
1016294,4,1,1,1,1,0,0,,0,0,1,1,1,1,6,1,1,,1
1007156,0,0,1,0,0,0,0,,0,0,0,0,0,0,0,1,1,,1
1014939,0,1,0,0,0,0,0,,0,0,0,0,0,0,0,0,0,,0
1016416,0,1,0,0,0,0,0,,0,0,0,0,0,0,0,0,0,,1
1004823,0,1,0,0,0,0,0,,0,0,0,0,0,0,0,0,0,,1
1012390,0,0,0,0,0,0,0,,0,0,0,0,0,0,0,0,0,,1
1002074,0,1,0,0,0,0,0,,0,0,0,0,0,0,0,0,0,,0
1014463,0,1,0,0,0,0,0,,0,0,0,0,0,0,0,0,0,,0
1012903,0,1,0,0,0,0,0,,0,0,0,0,0,0,0,0,0,,0
1012428,0,1,0,0,0,0,0,,0,0,0,0,0,0,0,0,0,,1
1005460,0,0,0,0,0,0,0,,0,0,0,0,0,0,0,0,0,,1
1003460,4,0,1,0,0,0,0,,0,0,0,1,0,0,2,0,0,,1
1011214,4,2,1,0,0,0,0,,0,0,0,1,0,0,3,0,0,,1
1005531,0,1,0,0,0,0,0,,0,0,0,0,0,0,0,0,0,,0
1016432,4,2,1,0,0,0,1,2.0,0,0,0,0,0,0,1,0,0,,1
1006096,4,2,1,0,0,1,0,,0,0,0,1,0,0,7,0,0,,1
1016783,0,1,0,0,0,0,0,,0,0,0,0,0,0,0,0,0,,0
1015514,0,1,0,0,0,0,0,,0,0,0,0,0,0,0,0,0,,0
1003475,4,0,1,0,1,0,0,,0,0,0,0,0,0,0,1,1,,1
1002634,4,2,1,0,0,1,0,10.0,0,0,0,1,0,1,3,0,0,,1
1004100,4,2,1,1,0,0,0,,0,0,1,1,1,1,6,0,0,,1
1002370,0,1,0,0,0,0,0,,0,0,0,0,0,0,0,0,0,,0
1001684,4,2,1,1,1,1,0,,0,0,0,0,0,0,0,0,0,,1
1001628,0,0,0,0,0,0,0,,0,0,0,0,0,0,0,0,1,,1
1000305,0,1,0,0,0,0,0,,0,0,0,0,0,0,0,0,0,,0
1002360,0,1,0,0,0,0,0,,0,0,0,0,0,0,0,0,0,,0
1007991,4,2,1,0,1,0,1,,0,0,0,1,0,0,2,0,0,,1
1010315,0,0,0,0,0,0,0,,0,0,0,0,0,0,0,0,0,,1
1008719,0,1,0,0,0,0,0,,0,0,0,0,0,0,0,0,0,,1
1000823,4,2,1,1,0,0,0,12.0,0,0,0,0,0,0,0,0,0,,1
1016469,0,1,0,0,0,0,0,,0,0,0,0,0,0,0,0,0,,0
1012812,4,2,1,1,1,1,1,,0,0,1,1,1,1,6,0,0,,1
1015352,0,1,0,0,0,0,0,,0,0,0,0,0,0,0,0,0,,0
1013784,0,1,0,0,0,0,0,,0,0,0,0,0,0,0,0,0,,0
1000246,4,1,1,0,0,0,0,,0,0,1,1,0,0,3,0,0,,1
1012054,4,2,1,1,1,0,0,,0,1,0,1,1,0,3,0,0,,1
1004512,0,1,0,0,0,0,0,,0,0,0,0,0,0,0,0,0,,1
1007311,0,1,0,0,0,0,0,,0,0,0,0,0,0,0,0,0,,1
1006059,4,2,1,1,0,0,0,,0,0,1,1,1,1,6,0,0,,1
1006977,0,1,0,0,0,0,0,,0,0,0,0,0,0,0,0,0,,0
1006966,4,2,1,0,0,0,0,,0,0,0,1,0,0,2,0,0,,1
1015315,4,2,1,0,0,0,0,,0,0,0,0,0,0,0,0,0,,1
1015792,0,1,0,0,0,0,0,,0,0,0,0,0,0,0,0,0,,0
1016669,0,1,0,0,0,0,0,,0,0,0,0,0,0,0,0,0,,0
1017467,4,0,1,0,0,0,0,601.0,0,0,0,0,0,0,0,1,1,,1
1007987,0,1,0,0,0,0,0,,0,0,0,0,0,0,0,0,0,,0
1016040,0,1,0,0,0,0,0,,0,0,0,0,0,0,0,0,0,,1
1003359,4,2,1,1,1,0,0,,0,0,1,1,1,1,6,0,0,,1
1013210,4,0,1,1,1,0,0,,0,0,0,0,0,0,0,0,0,,1
1016271,0,1,0,0,0,0,0,,0,0,0,0,0,0,0,0,0,,1
1003949,0,1,0,0,0,0,0,,0,0,0,0,0,0,0,0,0,,0
1008007,0,1,0,0,0,0,0,,0,0,0,0,0,0,0,0,0,,0
1007779,4,2,1,1,1,1,0,,0,0,0,0,0,0,0,0,0,,1
1010316,0,1,0,0,0,0,0,,0,0,0,0,0,0,0,0,0,,0
1010204,0,1,0,0,0,0,0,,0,0,0,0,0,0,0,0,0,,0
1000018,0,1,0,0,0,0,0,,0,0,0,0,0,0,0,0,0,,0
1006803,0,1,0,0,0,0,0,,0,0,0,0,0,0,0,0,0,,0
1008084,0,1,0,0,0,0,0,,0,0,0,0,0,0,0,0,0,,1
1016725,0,1,0,0,0,0,0,,0,0,0,0,0,0,0,0,0,,0
1004178,4,2,1,0,0,0,0,1.0,0,0,0,0,0,0,1,0,0,,1
1016085,0,1,0,0,0,0,0,,0,0,0,0,0,0,0,0,0,,0
1013655,4,1,1,0,0,0,0,7.0,0,0,0,0,0,0,0,1,1,,1
1005844,0,1,0,0,0,0,0,,0,0,0,0,0,0,0,0,0,,0
1000028,0,1,0,0,0,0,0,,0,0,0,0,0,0,0,0,0,,1
1003273,4,2,1,0,1,0,1,,0,0,1,1,1,1,6,0,0,,1
1003573,0,1,0,0,0,0,0,,0,0,0,0,0,0,0,0,0,,0
1010462,0,1,0,0,0,0,0,,0,0,0,0,0,0,0,0,0,,0
1014476,4,1,1,0,0,0,0,12.0,0,0,0,0,0,0,2,0,0,,1
1013448,0,1,0,0,0,0,0,,0,0,0,0,0,0,0,0,0,,0
1010440,0,1,0,0,0,0,0,,0,0,0,0,0,0,0,0,0,,0
1009263,0,1,0,0,0,0,0,,0,0,0,0,0,0,0,0,0,,0
1016608,4,1,1,1,0,0,0,,0,0,0,0,0,0,0,1,1,,1
1005467,0,1,0,0,0,0,0,,0,0,0,0,0,0,0,0,0,,1
1016444,0,1,0,0,0,0,0,,0,0,0,0,0,0,0,0,0,,0
1015446,4,2,1,1,1,1,0,,0,0,0,0,0,0,0,0,0,,1
1005478,0,1,0,0,0,0,0,,0,0,0,0,0,0,0,0,0,,1
1015605,0,1,0,0,0,0,0,,0,0,0,0,0,0,0,0,0,,0
1014578,0,1,0,0,0,0,0,,0,0,0,0,0,0,0,0,0,,0
1014081,0,1,0,0,0,0,0,,0,0,0,0,0,0,0,0,0,,0
1009133,0,1,0,0,0,0,0,,0,0,0,0,0,0,0,0,0,,0
1017087,0,1,0,0,0,0,0,,0,0,0,0,0,0,0,0,0,,0
1001160,4,2,1,1,1,0,0,2.0,0,0,0,0,0,0,3,0,0,,1
1011028,0,1,0,0,0,0,0,,0,0,0,0,0,0,0,0,0,,0
1012817,0,1,0,0,0,0,0,,0,0,0,0,0,0,0,0,0,,0
1016755,4,2,1,0,0,0,1,,0,0,0,1,0,0,2,0,0,,1
1008512,0,1,0,0,0,0,0,,0,0,0,0,0,0,0,0,0,,0
1001911,0,1,0,0,0,0,0,,0,0,0,0,0,0,0,0,0,,0
1010490,0,1,0,0,0,0,0,,0,0,0,0,0,0,0,0,0,,0
1014366,0,1,0,0,0,0,0,,0,0,0,0,0,0,0,0,0,,0
1004514,0,1,0,0,0,0,0,,0,0,0,0,0,0,0,0,0,,1
1006923,0,1,0,0,0,0,0,,0,0,0,0,0,0,0,0,0,,0
1013149,0,1,0,0,0,0,0,,0,0,0,0,0,0,0,0,0,,0
1004811,0,1,0,0,0,0,0,,0,0,0,0,0,0,0,0,0,,0
1007384,4,2,1,1,0,0,0,12.0,0,0,0,1,0,0,2,0,0,,1
1008814,0,1,0,0,0,0,0,,0,0,0,0,0,0,0,0,0,,0
1008066,0,1,0,0,0,0,0,,0,0,0,0,0,0,0,0,0,,0
1008167,0,1,0,0,0,0,0,,0,0,0,0,0,0,0,0,0,,0
1012075,0,1,0,0,0,0,0,,0,0,0,0,0,0,0,0,0,,0
1011412,4,1,1,0,0,0,1,,0,0,0,1,0,0,2,1,1,,1
1010877,0,1,0,0,0,0,0,,0,0,0,0,0,0,0,0,0,,0
1014519,0,1,0,0,0,0,0,,0,0,0,0,0,0,0,0,0,,0
1003182,0,1,0,0,0,0,0,,0,0,0,0,0,0,0,0,0,,0
1005150,0,1,0,0,0,0,0,,0,0,0,0,0,0,0,0,0,,1
1012763,4,0,1,0,0,0,1,,0,0,0,0,0,0,0,1,1,,1
1002589,0,1,0,0,0,0,0,,0,0,0,0,0,0,0,0,0,,0
1007698,4,0,1,0,0,0,1,,0,0,0,0,0,0,0,1,1,,1
1005025,0,1,0,0,0,0,0,,0,0,0,0,0,0,0,0,0,,0
1000446,4,1,1,0,0,0,0,,0,0,0,0,0,0,1,0,0,,1
1002248,0,1,0,0,0,0,0,,0,0,0,0,0,0,0,0,0,,0
1014229,4,2,1,0,0,1,0,1.0,0,0,1,1,0,0,4,0,0,,1
1008796,0,1,0,0,0,0,0,,0,0,0,0,0,0,0,0,0,,0
1003440,0,1,0,0,0,0,0,,0,0,0,0,0,0,0,0,0,,1
1012955,0,1,0,0,0,0,0,,0,0,0,0,0,0,0,0,0,,0
1002375,0,1,0,0,0,0,0,,0,0,0,0,0,0,0,0,0,,0
1013015,4,2,1,0,0,0,0,3.0,0,0,0,1,0,0,2,0,0,,1
1005896,4,0,1,0,1,0,0,,0,0,0,0,0,0,0,1,1,,1
1016769,0,1,0,0,0,0,0,,0,0,0,0,0,0,0,0,0,,0
1013945,0,1,0,0,0,0,0,,0,0,0,0,0,0,0,0,0,,0
1016360,0,1,0,0,0,0,0,,0,0,0,0,0,0,0,0,0,,0
1001106,4,2,1,1,1,0,0,,0,0,0,1,0,0,3,0,0,,1
1006195,4,2,1,0,0,0,0,,0,0,0,0,0,0,0,0,1,,1
1008579,0,1,0,0,0,0,0,,0,0,0,0,0,0,0,0,0,,0
1017130,0,1,0,0,0,0,0,,0,0,0,0,0,0,0,0,0,,0
1004886,0,1,0,0,0,0,0,,0,0,0,0,0,0,0,0,0,,0
1015318,0,1,0,0,0,0,0,,0,0,0,0,0,0,0,0,0,,0
1001277,0,1,0,0,0,0,0,,0,0,0,0,0,0,0,0,0,,0
1003656,4,0,1,1,0,0,0,2.0,0,0,0,1,0,0,2,0,0,,1
1004142,4,1,1,1,0,0,0,,0,0,0,0,0,0,0,1,1,,1
1007492,0,1,0,0,0,0,0,,0,0,0,0,0,0,0,0,0,,0
1009239,0,1,0,0,0,0,0,,0,0,0,0,0,0,0,0,0,,0
1017539,4,2,1,0,1,0,0,10.0,0,1,0,0,0,0,0,0,0,,1
1003755,0,1,0,0,0,0,0,,0,0,0,0,0,0,0,0,0,,0
1008279,0,1,0,0,0,0,0,,0,0,0,0,0,0,0,0,0,,1
1000291,4,2,1,1,0,0,0,,0,1,0,0,0,0,0,0,0,,1
1010065,0,1,0,0,0,0,0,,0,0,0,0,0,0,0,0,0,,0
1012787,4,2,1,0,0,0,0,,0,0,0,1,0,0,2,0,0,,1
1004822,4,2,1,1,1,0,0,,0,0,0,0,0,0,0,0,0,,1
1006463,0,1,0,0,0,0,0,,0,0,0,0,0,0,0,0,0,,0
1010892,4,1,1,1,0,0,0,,0,0,0,0,0,0,0,1,1,,1
1017543,0,1,0,0,0,0,0,,0,0,0,0,0,0,0,0,0,,0
1007135,0,1,0,0,0,0,0,,0,0,0,0,0,0,0,0,0,,0
1015474,4,2,1,1,0,0,0,2.0,0,0,1,1,0,0,3,0,0,,1
1012868,4,0,1,0,1,0,0,,0,0,0,0,0,0,0,0,1,,1
1001226,0,1,0,0,0,0,0,,0,0,0,0,0,0,0,0,0,,0
1011318,4,2,1,1,1,0,1,,0,0,0,0,0,0,0,0,0,,1
1004175,4,1,1,0,0,0,1,,0,0,0,1,0,0,2,1,1,,1
1017445,0,1,0,0,0,0,0,,0,0,0,0,0,0,0,0,0,,0
1013963,4,1,1,0,0,0,1,,0,0,0,1,0,0,2,0,0,,1
1006643,0,1,0,0,0,0,0,,0,0,0,0,0,0,0,0,0,,0
1015308,0,1,0,0,0,0,0,,0,0,0,0,0,0,0,0,0,,0
1011471,4,1,1,0,0,0,0,725.0,0,0,0,0,0,0,0,1,1,,1
1016388,0,1,0,0,0,0,0,,0,0,0,0,0,0,0,0,0,,0
1005998,0,1,0,0,0,0,0,,0,0,0,0,0,0,0,0,0,,0
1001042,0,1,0,0,0,0,0,,0,0,0,0,0,0,0,0,0,,0
1014472,0,1,0,0,0,0,0,,0,0,0,0,0,0,0,0,0,,0
1002385,0,1,0,0,0,0,0,,0,0,0,0,0,0,0,0,0,,0
1009151,0,1,0,0,0,0,0,,0,0,0,0,0,0,0,0,0,,0
1002024,0,1,0,0,0,0,0,,0,0,0,0,0,0,0,0,0,,1
1003468,0,1,0,0,0,0,0,,0,0,0,0,0,0,0,0,0,,0
1016748,0,1,0,0,0,0,0,,0,0,0,0,0,0,0,0,0,,0
1009704,0,1,0,0,0,0,0,,0,0,0,0,0,0,0,0,0,,0
1005299,0,1,0,0,0,0,0,,0,0,0,0,0,0,0,0,0,,0
1007344,4,2,1,1,1,1,0,,0,0,0,1,0,0,4,0,0,,1
1013742,0,1,0,0,0,0,0,,0,0,0,0,0,0,0,0,0,,0
1009794,0,1,0,0,0,0,0,,0,0,0,0,0,0,0,0,0,,0
1010633,0,1,0,0,0,0,0,,0,0,0,0,0,0,0,0,0,,1
1010603,0,1,0,0,0,0,0,,0,0,0,0,0,0,0,0,0,,0
1009117,0,0,0,0,0,0,0,,0,0,0,0,0,0,0,0,0,,1
1000617,4,1,1,1,0,0,0,,0,0,0,0,0,0,0,1,1,,1
1001692,0,1,0,0,0,0,0,,0,0,0,0,0,0,0,0,0,,1
1004340,0,1,0,0,0,0,0,,0,0,0,0,0,0,0,0,0,,1
1017295,0,1,0,0,0,0,0,,0,0,0,0,0,0,0,0,0,,0
1004120,0,1,0,0,0,0,0,,0,0,0,0,0,0,0,0,0,,0
1016584,0,1,0,0,0,0,0,,0,0,0,0,0,0,0,0,0,,1
1009531,0,1,0,0,0,0,0,,0,0,0,0,0,0,0,0,0,,0
1014781,0,1,0,0,0,0,0,,0,0,0,0,0,0,0,0,0,,0
1003474,0,1,0,0,0,0,0,,0,0,0,0,0,0,0,0,0,,1
1014988,0,1,0,0,0,0,0,,0,0,0,0,0,0,0,0,0,,0
1007075,0,1,0,0,0,0,0,,0,0,0,0,0,0,0,0,0,,0
1000862,0,1,0,0,0,0,0,,0,0,0,0,0,0,0,0,0,,0
1009980,4,0,1,0,0,0,0,,0,0,1,1,0,0,3,0,0,,1
1013862,0,1,0,0,0,0,0,,0,0,0,0,0,0,0,0,0,,0
1013534,0,0,0,0,0,0,0,,0,1,0,0,0,0,0,1,1,,1
1003370,4,2,1,0,0,0,0,,0,0,0,0,0,0,0,0,0,,1
1012043,4,2,1,1,1,0,0,,0,0,0,1,1,0,3,0,0,,1
1005072,4,2,1,0,1,0,0,,0,0,0,0,0,0,0,0,0,,1
1009236,0,1,0,0,0,0,0,,0,0,0,0,0,0,0,0,0,,0
1003672,0,1,0,0,0,0,0,,0,0,0,0,0,0,0,0,0,,0
1002876,0,1,0,0,0,0,0,,0,0,0,0,0,0,0,0,0,,1
1011865,0,1,0,0,0,0,0,,0,0,0,0,0,0,0,0,0,,0
1004044,0,1,0,0,0,0,0,,0,0,0,0,0,0,0,0,0,,0
1015250,0,1,0,0,0,0,0,,0,0,0,0,0,0,0,0,0,,0
1016718,4,1,1,0,0,0,0,,0,0,1,1,1,0,5,1,1,,1
1012713,0,1,0,0,0,0,0,,0,0,0,0,0,0,0,0,0,,0
1013306,4,1,1,1,0,0,0,1681.0,0,0,0,0,0,0,0,1,1,,1
1005600,0,1,0,0,0,0,0,,0,0,0,0,0,0,0,0,0,,1
1015601,4,1,1,1,0,0,0,,0,0,0,1,0,0,2,0,0,,1
1005886,0,1,0,0,0,0,0,,0,0,0,0,0,0,0,0,0,,0
1003266,0,1,0,0,0,0,0,,0,0,0,0,0,0,0,0,0,,0
1010872,0,1,0,0,0,0,0,,0,0,0,0,0,0,0,0,0,,0
1005146,0,1,0,0,0,0,0,,0,0,0,0,0,0,0,0,0,,0
1003186,0,1,0,0,0,0,0,,0,0,0,0,0,0,0,0,0,,0
1017226,0,1,0,0,0,0,0,,0,0,0,0,0,0,0,0,0,,0
1007346,4,2,1,0,0,0,0,,0,0,1,1,1,1,6,0,0,,1
1002766,0,1,0,0,0,0,0,,0,0,0,0,0,0,0,0,0,,0
1014453,0,1,0,0,0,0,0,,0,0,0,0,0,0,0,0,0,,0
1010857,4,2,1,1,0,0,0,1700.0,0,0,0,0,0,0,0,0,0,,1
1014264,0,1,0,0,0,0,0,,0,0,0,0,0,0,0,0,0,,0
1008214,0,1,0,0,0,0,0,,0,0,0,0,0,0,0,0,0,,0
1014637,0,1,0,0,0,0,0,,0,0,0,0,0,0,0,0,0,,0
1010489,4,1,1,0,1,0,0,1.0,0,0,0,1,0,0,2,0,0,,1
1011834,0,1,0,0,0,0,0,,0,0,0,0,0,0,0,0,0,,1
1002469,4,2,1,0,1,1,0,,0,0,1,1,1,1,5,0,0,,1
1003570,4,1,1,0,0,0,1,,0,0,0,1,0,0,2,0,0,,1
1000952,4,2,1,1,0,0,0,4.0,0,0,0,1,0,0,2,0,0,,1
1010000,4,2,1,0,0,0,0,,0,0,0,0,0,0,1,0,0,,1
1007348,0,1,0,0,0,0,0,,0,0,0,0,0,0,0,0,0,,0
1007629,4,2,1,1,1,1,1,,0,0,0,0,0,0,0,0,0,,1
1010833,0,1,0,0,0,0,0,,0,0,0,0,0,0,0,0,0,,1
1015015,0,1,0,0,0,0,0,,0,0,0,0,0,0,0,0,0,,0
1014647,4,1,1,1,1,0,0,,1,1,0,0,0,0,1,0,0,,1
1010821,0,1,0,0,0,0,0,,0,0,0,0,0,0,0,0,0,,1
1012994,4,1,1,1,0,0,0,,0,0,0,0,0,0,0,1,1,,1
1011526,0,1,0,0,0,0,0,,0,0,0,0,0,0,0,0,0,,0
1010345,0,0,0,0,0,0,0,,0,0,0,0,0,0,0,0,0,,1
1013082,0,1,0,0,0,0,0,,0,0,0,0,0,0,0,0,0,,0
1004828,0,0,1,0,0,0,0,,0,0,0,0,0,0,0,1,1,,1
1011597,0,1,0,0,0,0,0,,0,0,0,0,0,0,0,0,0,,1
1014718,0,1,0,0,0,0,0,,0,0,0,0,0,0,0,0,0,,0
1007994,4,2,1,1,1,1,0,,0,1,1,1,1,1,6,0,0,,1
1006890,4,1,1,1,0,0,0,3.0,0,0,0,0,0,0,0,0,0,,1
1008600,4,0,1,0,1,0,1,,0,0,0,1,0,0,2,1,1,,1
1005583,0,1,0,0,0,0,0,,0,0,0,0,0,0,0,0,0,,0
1014973,0,1,0,0,0,0,0,,0,0,0,0,0,0,0,0,0,,0
1009246,0,1,0,0,0,0,0,,0,0,0,0,0,0,0,0,0,,0
1003915,0,1,0,0,0,0,0,,0,0,0,0,0,0,0,0,0,,0
1008981,0,1,0,0,0,0,0,,0,0,0,0,0,0,0,0,0,,0
1011472,0,1,0,0,0,0,0,,0,0,0,0,0,0,0,0,0,,0
1004833,4,2,1,1,1,0,0,,0,0,0,0,0,0,0,0,0,,1
1002986,4,1,1,1,0,0,0,,0,0,0,0,0,0,0,1,1,,1
1016695,0,1,0,0,0,0,0,,0,0,0,0,0,0,0,0,0,,1
1009743,0,1,0,0,0,0,0,,0,0,0,0,0,0,0,0,0,,0
1014196,4,2,1,1,0,1,0,,0,0,1,1,1,1,6,0,0,,1
1001497,4,0,1,0,1,0,0,,0,0,0,0,0,0,0,0,1,,1
1002203,0,1,0,0,0,0,0,,0,0,0,0,0,0,0,0,0,,1
1006038,0,1,0,0,0,0,0,,0,0,0,0,0,0,0,0,0,,0
1004215,4,1,1,1,0,0,0,,0,0,0,0,0,0,0,1,1,,1
1014368,0,1,0,0,0,0,0,,0,0,0,0,0,0,0,0,0,,0
1014260,4,1,1,1,0,0,0,2.0,0,0,0,0,0,0,4,0,0,,1
1007885,0,1,0,0,0,0,0,,0,0,0,0,0,0,0,0,0,,0
1004865,0,1,0,0,0,0,0,,0,0,0,0,0,0,0,0,0,,0
1006375,0,1,0,0,0,0,0,,0,0,0,0,0,0,0,0,0,,0
1003936,4,0,1,0,1,0,0,762.0,0,0,0,0,0,0,0,1,1,,1
1010012,0,1,0,0,0,0,0,,0,0,0,0,0,0,0,0,0,,0
1014902,0,1,0,0,0,0,0,,0,0,0,0,0,0,0,0,0,,0
1005254,0,1,0,0,0,0,0,,0,0,0,0,0,0,0,0,0,,0
1007026,0,1,0,0,0,0,0,,0,0,0,0,0,0,0,0,0,,0
1002170,4,2,1,1,1,0,0,3.0,0,0,0,1,0,0,2,0,0,,1
1006622,0,1,0,0,0,0,0,,0,0,0,0,0,0,0,0,0,,1
1005891,0,1,0,0,0,0,0,,0,0,0,0,0,0,0,0,0,,1
1007293,0,1,0,0,0,0,0,,0,0,0,0,0,0,0,0,0,,0
1009672,0,1,0,0,0,0,0,,0,0,0,0,0,0,0,0,0,,0
1007693,0,1,0,0,0,0,0,,0,0,0,0,0,0,0,0,0,,1
1015418,4,0,1,0,1,0,0,,0,0,0,0,0,0,2,0,0,,1
1008152,4,1,1,0,0,0,1,,0,0,0,1,0,0,2,0,0,,1
1013078,0,1,0,0,0,0,0,,0,0,0,0,0,0,0,0,0,,0
1000159,0,1,0,0,0,0,0,,0,0,0,0,0,0,0,0,0,,0
1003066,4,0,1,0,1,0,0,1.0,0,0,0,0,0,0,0,1,1,,1
1013416,0,1,0,0,0,0,0,,0,0,0,0,0,0,0,0,0,,0
1005956,4,1,1,1,0,0,0,3.0,0,0,0,1,1,0,3,0,0,,1
1005414,0,1,0,0,0,0,0,,0,0,0,0,0,0,0,0,0,,0
1000200,0,1,0,0,0,0,0,,0,0,0,0,0,0,0,0,0,,0
1000393,0,1,0,0,0,0,0,,0,0,0,0,0,0,0,0,0,,0
1003716,4,1,1,1,0,0,0,2554.0,0,0,0,0,0,0,0,1,1,,1
1006268,0,1,0,0,0,0,0,,0,0,0,0,0,0,0,0,0,,0
1013554,4,1,1,0,0,0,1,,0,0,0,1,0,0,2,0,0,,1
1010977,0,1,0,0,0,0,0,,0,0,0,0,0,0,0,0,0,,0
1002241,0,1,0,0,0,0,0,,0,0,0,0,0,0,0,0,0,,0
1013826,0,1,0,0,0,0,0,,0,0,0,0,0,0,0,0,0,,0
1007544,0,1,0,0,0,0,0,,0,0,0,0,0,0,0,0,0,,0
1006023,0,1,0,0,0,0,0,,0,0,0,0,0,0,0,0,0,,1
1008841,0,1,0,0,0,0,0,,0,0,0,0,0,0,0,0,0,,0
1009733,4,2,1,1,1,1,0,,0,0,0,0,0,0,0,0,0,,1
1002075,0,1,0,0,0,0,0,,0,0,0,0,0,0,0,0,0,,0
1001639,0,1,0,0,0,0,0,,0,0,0,0,0,0,0,0,0,,0
1013980,4,1,1,0,0,0,1,,0,0,0,1,0,0,2,1,1,,1
1003193,0,1,0,0,0,0,0,,0,0,0,0,0,0,0,0,0,,0
1001763,0,1,0,0,0,0,0,,0,0,0,0,0,0,0,0,0,,0
1006385,4,0,1,1,0,0,0,4.0,0,0,0,0,0,0,0,1,1,,1
1011185,0,1,0,0,0,0,0,,0,0,0,0,0,0,0,0,0,,0
1005524,0,1,0,0,0,0,0,,0,0,0,0,0,0,0,0,0,,0
1000169,0,1,0,0,0,0,0,,0,0,0,0,0,0,0,0,0,,0
1010936,0,1,0,0,0,0,0,,0,0,0,0,0,0,0,0,0,,1
1006324,4,2,1,1,1,0,1,,0,0,0,0,0,0,0,0,0,,1
1000714,0,1,0,0,0,0,0,,0,0,0,0,0,0,0,0,0,,1
1007808,0,1,0,0,0,0,0,,0,0,0,0,0,0,0,0,0,,0
1015608,0,1,0,0,0,0,0,,0,0,0,0,0,0,0,0,0,,0
1011228,0,1,0,0,0,0,0,,0,0,0,0,0,0,0,0,0,,0
1008724,0,1,0,0,0,0,0,,0,0,0,0,0,0,0,0,0,,1
1010385,0,1,0,0,0,0,0,,0,0,0,0,0,0,0,0,0,,0
1011303,0,1,0,0,0,0,0,,0,0,0,0,0,0,0,0,0,,0
1014598,0,1,0,0,0,0,0,,0,0,0,0,0,0,0,0,0,,0
1014095,0,1,0,0,0,0,0,,0,0,0,0,0,0,0,0,0,,0
1003415,0,1,0,0,0,0,0,,0,0,0,0,0,0,0,0,0,,0
1011123,0,1,0,0,0,0,0,,0,0,0,0,0,0,0,0,0,,0
1012094,4,1,1,1,1,0,0,,0,0,0,0,0,0,6,0,0,,1
1002439,4,2,1,1,0,0,0,,0,0,0,1,0,0,2,0,0,,1
1014974,4,2,1,1,1,0,0,1.0,0,1,1,1,1,1,6,0,0,,1
1013379,4,1,1,1,0,0,0,,0,0,0,0,0,0,0,1,1,,1
1017481,4,1,1,0,0,0,0,,0,0,0,1,0,1,3,0,0,,1
1007591,0,1,0,0,0,0,0,,0,0,0,0,0,0,0,0,0,,0
1000627,4,2,1,0,1,1,0,19.0,0,0,0,0,0,0,13,0,0,,1
1004584,0,1,0,0,0,0,0,,0,0,0,0,0,0,0,0,0,,1
1017118,4,2,1,0,0,0,0,,0,0,0,1,0,0,2,0,0,,1
1013662,4,1,1,0,0,0,1,,0,0,0,1,0,0,2,1,1,,1
1013239,0,1,0,0,0,0,0,,0,0,0,0,0,0,0,0,0,,1
1008698,0,1,0,0,0,0,0,,0,0,0,0,0,0,0,0,0,,0
1005986,0,1,0,0,0,0,0,,0,0,0,0,0,0,0,0,0,,1
1005619,0,1,0,0,0,0,0,,0,0,0,0,0,0,0,0,0,,0
1013318,0,1,0,0,0,0,0,,0,0,0,0,0,0,0,0,0,,0
1008925,0,1,0,0,0,0,0,,0,0,0,0,0,0,0,0,0,,0
1004248,0,1,0,0,0,0,0,,0,0,0,0,0,0,0,0,0,,0
1011140,0,1,0,0,0,0,0,,0,0,0,0,0,0,0,0,0,,1
1002835,0,1,0,0,0,0,0,,0,0,0,0,0,0,0,0,0,,0
1000847,4,2,1,1,1,1,0,2.0,0,0,0,0,0,0,4,0,0,,1
1015275,0,1,0,0,0,0,0,,0,0,0,0,0,0,0,0,0,,1
1011105,4,2,1,1,0,0,0,,0,0,1,1,1,1,6,0,0,,1
1008298,0,1,0,0,0,0,0,,0,0,0,0,0,0,0,0,0,,0
1012396,4,2,1,1,1,1,0,,0,0,0,0,0,0,8,0,0,,1
1001756,0,1,0,0,0,0,0,,0,0,0,0,0,0,0,0,0,,0
1006413,0,1,0,0,0,0,0,,0,0,0,0,0,0,0,0,0,,0
1016325,4,0,1,1,0,0,0,,0,0,0,0,0,0,0,1,1,,1
1008958,4,1,1,1,0,0,0,2.0,0,0,0,0,0,0,0,0,0,,1
1014058,0,1,0,0,0,0,0,,0,0,0,0,0,0,0,0,0,,0
1013620,4,1,1,0,0,0,1,,0,0,0,1,0,0,2,1,1,,1
1001145,0,1,0,0,0,0,0,,0,0,0,0,0,0,0,0,0,,0
1005385,4,0,1,1,0,0,0,10.0,0,0,0,1,0,0,2,0,0,,1
1008911,0,1,0,0,0,0,0,,0,0,0,0,0,0,0,0,0,,0
1016862,4,2,1,1,0,0,0,4.0,0,0,1,1,1,1,6,0,0,,1
1003714,0,1,0,0,0,0,0,,0,0,0,0,0,0,0,0,0,,0
1007355,0,1,0,0,0,0,0,,0,0,0,0,0,0,0,0,0,,0
1004834,4,0,1,1,1,0,0,,0,0,0,0,0,0,0,0,0,,1
1006403,4,1,1,1,0,0,0,,0,0,0,0,0,0,0,1,1,,1
1013819,0,1,0,0,0,0,0,,0,0,0,0,0,0,0,0,0,,0
1015350,0,1,0,0,0,0,0,,0,0,0,0,0,0,0,0,0,,0
1013871,0,0,0,0,0,0,0,,0,0,0,0,0,0,0,0,0,,1
1007737,0,1,0,0,0,0,0,,0,0,0,0,0,0,0,0,0,,0
1000070,0,1,0,0,0,0,0,,0,0,0,0,0,0,0,0,0,,1
1000405,0,1,0,0,0,0,0,,0,0,0,0,0,0,0,0,0,,0
1014419,0,1,0,0,0,0,0,,0,0,0,0,0,0,0,0,0,,0
1016259,4,1,1,1,1,0,0,,0,0,1,1,1,1,6,0,0,,1
1016926,4,1,1,1,0,0,0,,0,0,0,0,0,0,0,1,1,,1
1001039,0,1,0,0,0,0,0,,0,0,0,0,0,0,0,0,0,,0
1016799,0,1,0,0,0,0,0,,0,0,0,0,0,0,0,0,0,,1
1011714,4,0,1,0,1,0,0,,0,0,0,0,0,0,0,1,1,,1
1010409,0,1,0,0,0,0,0,,0,0,0,0,0,0,0,0,0,,0
1008130,0,1,0,0,0,0,0,,0,0,0,0,0,0,0,0,0,,0
1008379,4,2,1,0,0,0,0,,0,0,0,1,0,1,3,0,0,,1
1011546,4,1,1,1,0,0,0,,0,0,0,0,0,0,0,1,1,,1
1009048,0,1,0,0,0,0,0,,0,0,0,0,0,0,0,0,0,,0
1007190,0,1,0,0,0,0,0,,0,0,0,0,0,0,0,0,0,,0
1002507,0,1,0,0,0,0,0,,0,0,0,0,0,0,0,0,0,,0
1009284,0,1,0,0,0,0,0,,0,0,0,0,0,0,0,0,0,,1
1006258,0,1,0,0,0,0,0,,0,0,0,0,0,0,0,0,0,,0
1012509,0,1,0,0,0,0,0,,0,0,0,0,0,0,0,0,0,,0
1013317,0,1,0,0,0,0,0,,0,0,0,0,0,0,0,0,0,,0
1017528,0,1,0,0,0,0,0,,0,0,0,0,0,0,0,0,0,,0
1013816,0,1,0,0,0,0,0,,0,0,0,0,0,0,0,0,0,,1
1016001,4,0,1,1,0,0,0,,0,0,0,0,0,0,0,1,1,,1
1005353,4,1,1,1,1,0,0,,0,1,0,0,0,0,0,0,0,,1
1014607,0,1,0,0,0,0,0,,0,0,0,0,0,0,0,0,0,,1
1002673,4,2,1,1,1,0,0,,0,0,0,0,0,0,0,0,0,,1
1002947,0,1,0,0,0,0,0,,0,0,0,0,0,0,0,0,0,,0
1015185,0,1,0,0,0,0,0,,0,0,0,0,0,0,0,0,0,,0
1011142,0,1,0,0,0,0,0,,0,0,0,0,0,0,0,0,0,,0
1007167,0,1,0,0,0,0,0,,0,0,0,0,0,0,0,0,0,,0
1007853,0,1,0,0,0,0,0,,0,0,0,0,0,0,0,0,0,,1
1006291,0,1,0,0,0,0,0,,0,0,0,0,0,0,0,0,0,,0
1001831,4,1,1,1,0,0,0,15.0,0,1,0,1,1,0,3,0,0,,1
1003943,0,1,0,0,0,0,0,,0,0,0,0,0,0,0,0,0,,0
1015730,0,1,0,0,0,0,0,,0,0,0,0,0,0,0,0,0,,0
1000824,0,1,0,0,0,0,0,,0,0,0,0,0,0,0,0,0,,1
1004349,0,1,0,0,0,0,0,,0,0,0,0,0,0,0,0,0,,0
1000868,4,2,1,0,0,0,0,,0,0,0,1,0,0,2,0,0,,1
1010185,4,1,1,1,1,1,0,,0,0,0,0,0,0,0,0,0,,1
1006082,0,0,1,1,1,0,0,,0,0,0,0,0,0,0,1,1,,1
1016632,0,1,0,0,0,0,0,,0,0,0,0,0,0,0,0,0,,0
1004329,0,1,0,0,0,0,0,,0,0,0,0,0,0,0,0,0,,0
1013253,4,2,1,0,0,0,1,,0,0,0,1,0,0,2,0,0,,1
1003900,0,1,0,0,0,0,0,,0,0,0,0,0,0,0,0,0,,1
1016821,0,1,0,0,0,0,0,,0,0,0,0,0,0,0,0,0,,0
1011544,4,1,1,1,0,0,0,1418.0,0,0,0,0,0,0,0,1,1,,1
1002593,0,1,0,0,0,0,0,,0,0,0,0,0,0,0,0,0,,0
1015784,0,1,0,0,0,0,0,,0,0,0,0,0,0,0,0,0,,0
1013383,4,1,1,1,0,0,0,,0,0,0,0,0,0,0,1,1,,1
1012023,4,2,1,1,0,0,0,,0,0,1,1,1,1,6,0,0,,1
1006834,0,1,0,0,0,0,0,,0,0,0,0,0,0,0,0,0,,0
1001181,0,1,0,0,0,0,0,,0,0,0,0,0,0,0,0,0,,0
1003859,0,1,0,0,0,0,0,,0,0,0,0,0,0,0,0,0,,0
1006339,4,0,1,1,1,1,0,1.0,0,1,0,0,0,0,0,0,0,,1
1000726,0,1,0,0,0,0,0,,0,0,0,0,0,0,0,0,0,,0
1013968,4,2,1,1,1,0,0,,0,0,1,1,1,1,6,0,0,,1
1006060,0,1,0,0,0,0,0,,0,0,0,0,0,0,0,0,0,,0
1004510,4,1,1,1,0,0,0,,0,0,0,0,0,0,0,1,1,,1
1012376,0,1,0,0,0,0,0,,0,0,0,0,0,0,0,0,0,,0
1010176,4,2,1,1,0,0,0,1.0,0,1,0,0,0,0,4,0,0,,1
1011755,0,1,0,0,0,0,0,,0,0,0,0,0,0,0,0,0,,0
1008159,4,2,1,1,0,0,0,12.0,0,0,0,0,0,0,0,0,0,,1
1017579,4,0,1,1,0,0,0,2.0,0,0,0,0,0,0,0,0,1,,1
1003144,0,1,0,0,0,0,0,,0,0,0,0,0,0,0,0,0,,0
1004037,0,1,0,0,0,0,0,,0,0,0,0,0,0,0,0,0,,0
1002779,0,1,0,0,0,0,0,,0,0,0,0,0,0,0,0,0,,1
1011051,0,1,0,0,0,0,0,,0,0,0,0,0,0,0,0,0,,1
1003351,0,1,0,0,0,0,0,,0,0,0,0,0,0,0,0,0,,0
1005879,0,1,0,0,0,0,0,,0,0,0,0,0,0,0,0,0,,1
1003929,4,2,1,1,1,0,0,,0,0,0,0,0,0,0,0,0,,1
1011465,0,1,0,0,0,0,0,,0,0,0,0,0,0,0,0,0,,0
1001534,0,1,0,0,0,0,0,,0,0,0,0,0,0,0,0,0,,1
1003141,0,1,0,0,0,0,0,,0,0,0,0,0,0,0,0,0,,0
1010389,0,1,0,0,0,0,0,,0,0,0,0,0,0,0,0,0,,0
1017554,4,2,1,1,0,0,0,3.0,0,0,0,1,0,0,3,0,0,,1
1003225,4,2,1,1,0,0,0,1.0,0,0,0,1,0,0,2,0,0,,1
1008308,0,1,0,0,0,0,0,,0,0,0,0,0,0,0,0,0,,0
1015023,0,1,0,0,0,0,0,,0,0,0,0,0,0,0,0,0,,0
1015030,0,1,0,0,0,0,0,,0,0,0,0,0,0,0,0,0,,0
1013025,0,1,0,0,0,0,0,,0,0,0,0,0,0,0,0,0,,0
1017358,0,1,0,0,0,0,0,,0,0,0,0,0,0,0,0,0,,1
1012889,4,1,1,1,0,0,0,,0,0,0,0,0,0,0,1,1,,1
1004032,0,1,0,0,0,0,0,,0,0,0,0,0,0,0,0,0,,0
1017587,0,1,0,0,0,0,0,,0,0,0,0,0,0,0,0,0,,0
1004288,4,2,1,1,0,0,0,,1,0,1,1,1,1,6,0,0,,1
1017129,0,1,0,0,0,0,0,,0,0,0,0,0,0,0,0,0,,0
1012522,0,1,0,0,0,0,0,,0,0,0,0,0,0,0,0,0,,0
1001598,4,1,1,1,0,0,0,3.0,0,0,0,0,0,0,0,1,1,,1
1005137,4,2,1,1,0,0,0,,0,0,0,0,0,0,0,0,0,,1
1016042,0,1,0,0,0,0,0,,0,0,0,0,0,0,0,0,0,,1
1011956,0,1,0,0,0,0,0,,0,0,0,0,0,0,0,0,0,,0
1001718,0,1,0,0,0,0,0,,0,0,0,0,0,0,0,0,0,,1
1012684,0,1,0,0,0,0,0,,0,0,0,0,0,0,0,0,0,,0
1015077,0,1,0,0,0,0,0,,0,0,0,0,0,0,0,0,0,,0
1008103,4,2,1,1,0,0,0,,0,0,1,1,1,1,6,0,0,,1
1016915,0,1,0,0,0,0,0,,0,0,0,0,0,0,0,0,0,,1
1003228,0,1,0,0,0,0,0,,0,0,0,0,0,0,0,0,0,,0
1016639,4,2,1,0,0,0,0,7.0,0,0,1,1,1,1,6,0,0,,1
1016815,3,1,1,0,1,0,0,,0,0,0,0,0,0,0,1,1,,1
1004814,0,0,0,0,0,0,0,,0,0,0,0,0,0,0,0,0,,1
1005495,0,1,0,0,0,0,0,,0,0,0,0,0,0,0,0,0,,0
1008670,0,1,0,0,0,0,0,,0,0,0,0,0,0,0,0,0,,0
1015982,3,1,1,0,0,0,0,,0,0,0,0,0,0,0,1,1,,1
1001394,4,2,1,1,1,1,0,,0,0,0,0,0,0,1,0,0,,1
1004046,4,2,1,0,0,0,0,2.0,0,0,0,1,0,0,5,0,0,,1
1003532,0,1,0,0,0,0,0,,0,0,0,0,0,0,0,0,0,,0
1010956,4,2,1,1,0,0,0,,0,0,0,1,1,0,3,0,0,,1
1001404,0,1,0,0,0,0,0,,0,0,0,0,0,0,0,0,0,,0
1001134,0,1,0,0,0,0,0,,0,0,0,0,0,0,0,0,0,,1
1002078,0,1,0,0,0,0,0,,0,0,0,0,0,0,0,0,0,,0
1006900,4,1,1,1,1,1,0,2022.0,0,0,1,1,1,1,6,0,0,,1
1006404,4,1,1,1,0,0,0,,0,0,0,0,0,0,0,1,1,,1
1001242,0,1,0,0,0,0,0,,0,0,0,0,0,0,0,0,0,,0
1000759,4,2,1,1,1,1,0,,0,0,0,0,0,0,0,0,0,,1
1016782,0,1,0,0,0,0,0,,0,0,0,0,0,0,0,0,0,,1
1014422,0,1,0,0,0,0,0,,0,0,0,0,0,0,0,0,0,,0
1014518,0,1,0,0,0,0,0,,0,0,0,0,0,0,0,0,0,,0
1000646,0,1,0,0,0,0,0,,0,0,0,0,0,0,0,0,0,,0
1008590,0,1,0,0,0,0,0,,0,0,0,0,0,0,0,0,0,,0
1003788,0,1,0,0,0,0,0,,0,0,0,0,0,0,0,0,0,,0
1015822,4,2,1,1,0,1,0,,0,0,0,0,0,0,0,0,0,,1
1017024,4,1,1,0,0,0,1,,0,0,0,1,0,0,2,1,1,,1
1012783,4,2,1,1,1,1,1,,1,1,0,0,0,0,0,0,0,,1
1014818,0,1,0,0,0,0,0,,0,0,0,0,0,0,0,0,0,,0
1003235,0,1,0,0,0,0,0,,0,0,0,0,0,0,0,0,0,,0
1017436,0,1,0,0,0,0,0,,0,0,0,0,0,0,0,0,0,,0
1014107,0,1,0,0,0,0,0,,0,0,0,0,0,0,0,0,0,,1
1001167,0,1,0,0,0,0,0,,0,0,0,0,0,0,0,0,0,,0
1016366,4,2,1,0,0,1,0,10.0,0,0,0,1,0,0,1,0,0,,1
1017448,0,1,0,0,0,0,0,,0,0,0,0,0,0,0,0,0,,1
1016716,0,1,0,0,0,0,0,,0,0,0,0,0,0,0,0,0,,0
1000675,0,1,0,0,0,0,0,,0,0,0,0,0,0,0,0,0,,0
1015335,4,0,1,1,0,0,0,6.0,0,0,0,0,0,0,0,1,1,,1
1015112,0,1,0,0,0,0,0,,0,0,0,0,0,0,0,0,0,,0
1001264,0,1,0,0,0,0,0,,0,0,0,0,0,0,0,0,0,,0
1015780,0,1,0,0,0,0,0,,0,0,0,0,0,0,0,0,0,,0
1007614,0,1,0,0,0,0,0,,0,0,0,0,0,0,0,0,0,,0
1004383,0,1,0,0,0,0,0,,0,0,0,0,0,0,0,0,0,,0
1009164,0,1,0,0,0,0,0,,0,0,0,0,0,0,0,0,0,,0
1005223,4,1,1,0,0,0,0,1.0,0,0,0,1,0,0,2,0,0,,1
1008967,0,1,0,0,0,0,0,,0,0,0,0,0,0,0,0,0,,1
1013912,0,1,0,0,0,0,0,,0,0,0,0,0,0,0,0,0,,0
1001047,0,1,0,0,0,0,0,,0,0,0,0,0,0,0,0,0,,0
1011815,0,1,0,0,0,0,0,,0,0,0,0,0,0,0,0,0,,0
1003126,0,1,0,0,0,0,0,,0,0,0,0,0,0,0,0,0,,0
1000302,4,1,1,0,0,0,0,,0,0,0,0,0,0,1,0,0,,1
1013581,4,0,1,0,0,0,0,11.0,0,0,0,0,0,0,1,1,1,,1
1012532,4,0,1,1,0,0,0,10.0,0,0,0,0,0,0,0,1,1,,1
1012410,0,1,0,0,0,0,0,,0,0,0,0,0,0,0,0,0,,0
1016407,4,1,1,1,0,0,0,968.0,0,0,0,0,0,0,0,1,1,,1
1013328,0,1,0,0,0,0,0,,0,0,0,0,0,0,0,0,0,,1
1005283,4,1,1,0,1,0,0,,0,0,0,0,0,0,5,0,0,,1
1000024,0,1,0,0,0,0,0,,0,0,0,0,0,0,0,0,0,,1
1012745,0,1,0,0,0,0,0,,0,0,0,0,0,0,0,0,0,,0
1010469,4,0,1,0,0,0,0,1.0,0,0,0,1,0,0,2,0,0,,1
1006746,0,1,0,0,0,0,0,,0,0,0,0,0,0,0,0,0,,0
1003798,0,1,0,0,0,0,0,,0,0,0,0,0,0,0,0,0,,0
1003077,0,1,0,0,0,0,0,,0,0,0,0,0,0,0,0,0,,0
1007869,0,1,0,0,0,0,0,,0,0,0,0,0,0,0,0,0,,0
1013461,4,0,1,1,0,0,0,2.0,0,0,0,0,0,0,0,0,0,,1
1009427,0,0,0,0,0,0,0,,0,0,0,0,0,0,0,1,1,,1
1013687,4,2,1,0,1,0,1,,0,0,0,1,1,0,3,0,0,,1
1009473,0,1,0,0,0,0,0,,0,0,0,0,0,0,0,0,0,,0
1007704,0,1,0,0,0,0,0,,0,0,0,0,0,0,0,0,0,,0
1011789,4,1,1,0,0,0,0,3.0,0,0,0,0,0,0,1,0,0,,1
1005571,4,1,1,1,1,1,0,4.0,0,0,1,1,1,1,5,0,0,,1
1000116,4,0,1,0,0,0,0,12.0,0,0,0,0,0,0,0,1,1,,1
1000640,0,1,0,0,0,0,0,,0,0,0,0,0,0,0,0,0,,1
1008312,4,2,1,0,0,0,0,,0,0,0,0,0,0,0,0,0,,1
1011068,4,1,1,1,0,0,0,,0,0,0,0,0,0,0,1,1,,1
1014931,0,1,0,0,0,0,0,,0,0,0,0,0,0,0,0,0,,0
1014828,4,2,1,1,1,0,0,,0,1,1,1,1,1,6,0,0,,1
1005730,0,1,0,0,0,0,0,,0,0,0,0,0,0,0,0,0,,0
1009577,4,1,1,1,0,0,0,4.0,0,1,0,1,0,0,2,0,0,,1
1003060,0,1,0,0,0,0,0,,0,0,0,0,0,0,0,0,0,,0
1008606,4,2,1,1,1,0,0,,0,0,1,1,1,1,6,0,0,,1
1005626,0,1,0,0,0,0,0,,0,0,0,0,0,0,0,0,0,,0
1000693,0,1,0,0,0,0,0,,0,0,0,0,0,0,0,0,0,,0
1012261,0,1,0,0,0,0,0,,0,0,0,0,0,0,0,0,0,,0
1007034,0,1,0,0,0,0,0,,0,0,0,0,0,0,0,0,0,,0
1002884,4,0,1,0,0,0,0,,0,0,0,0,0,0,0,1,1,,1
1000765,0,1,0,0,0,0,0,,0,0,0,0,0,0,0,0,0,,0
1007603,0,1,0,0,0,0,0,,0,0,0,0,0,0,0,0,0,,0
1011049,4,0,1,1,0,0,0,1.0,0,1,0,0,0,0,0,0,1,,1
1012744,0,1,0,0,0,0,0,,0,0,0,0,0,0,0,0,0,,0
1012412,4,2,1,1,0,0,0,2.0,1,1,0,0,0,0,6,0,0,,1
1008582,0,1,0,0,0,0,0,,0,0,0,0,0,0,0,0,0,,0
1000624,0,1,0,0,0,0,0,,0,0,0,0,0,0,0,0,0,,0
1015186,4,2,1,1,1,1,1,,0,0,0,0,0,0,5,0,0,,1
1010896,0,1,0,0,0,0,0,,0,0,0,0,0,0,0,0,0,,0
1008997,0,1,0,0,0,0,0,,0,0,0,0,0,0,0,0,0,,1
1010415,0,1,0,0,0,0,0,,0,0,0,0,0,0,0,0,0,,0
1015476,4,2,1,0,0,0,0,,0,0,0,1,0,0,2,0,0,,1
1013911,0,1,0,0,0,0,0,,0,0,0,0,0,0,0,0,0,,0
1009822,0,1,0,0,0,0,0,,0,0,0,0,0,0,0,0,0,,0
1012608,0,1,0,0,0,0,0,,0,0,0,0,0,0,0,0,0,,1
1003585,0,1,0,0,0,0,0,,0,0,0,0,0,0,0,0,0,,0
1015880,0,1,0,0,0,0,0,,0,0,0,0,0,0,0,0,0,,0
1014126,4,1,1,0,0,0,1,,0,0,0,1,0,0,1,1,1,,1
1001860,0,1,0,0,0,0,0,,0,0,0,0,0,0,0,0,0,,0
1006846,0,1,0,0,0,0,0,,0,0,0,0,0,0,0,0,0,,0
1014581,4,0,1,1,0,0,0,,0,0,0,0,0,0,0,1,1,,1
1002279,0,1,0,0,0,0,0,,0,0,0,0,0,0,0,0,0,,1
1013204,0,0,0,0,0,0,0,,0,0,0,0,0,0,0,0,0,,1
1016665,4,1,1,0,1,0,0,689.0,0,0,0,0,0,0,0,1,1,,1
1000584,0,1,0,0,0,0,0,,0,0,0,0,0,0,0,0,0,,0
1005446,0,1,0,0,0,0,0,,0,0,0,0,0,0,0,0,0,,0
1001162,0,1,0,0,0,0,0,,0,0,0,0,0,0,0,0,0,,0
1007731,0,0,0,0,0,0,0,,0,0,0,0,0,0,0,0,0,,1
1006610,4,1,1,1,1,0,0,2.0,0,0,0,0,0,0,0,0,0,,1
1001757,0,1,0,0,0,0,0,,0,0,0,0,0,0,0,0,0,,0
1004144,4,2,1,1,0,0,0,27.0,0,0,0,0,0,0,5,0,0,,1
1003353,0,1,0,0,0,0,0,,0,0,0,0,0,0,0,0,0,,0
1003374,0,1,0,0,0,0,0,,0,0,0,0,0,0,0,0,0,,0
1003966,0,1,0,0,0,0,0,,0,0,0,0,0,0,0,0,0,,0
1003233,4,2,1,1,1,0,0,,0,0,1,1,1,1,6,0,0,,1
1007686,4,2,1,0,0,0,0,,0,0,0,1,1,1,4,0,0,,1
1014020,0,1,0,0,0,0,0,,0,0,0,0,0,0,0,0,0,,0
1011072,4,2,1,0,0,0,0,3.0,0,0,0,1,0,0,2,0,0,,1
1012612,4,0,1,1,1,0,1,,0,0,0,0,0,0,0,1,1,,1
1015193,0,1,0,0,0,0,0,,0,0,0,0,0,0,0,0,0,,0
1014319,0,1,0,0,0,0,0,,0,0,0,0,0,0,0,0,0,,0
1002591,4,1,1,0,1,0,0,,0,0,0,0,0,0,0,1,1,,1
1006040,0,1,0,0,0,0,0,,0,0,0,0,0,0,0,0,0,,0
1006433,0,1,0,0,0,0,0,,0,0,0,0,0,0,0,0,0,,0
1006455,0,1,0,0,0,0,0,,0,0,0,0,0,0,0,0,0,,1
1016836,4,2,1,1,1,0,0,,0,0,1,1,1,1,6,0,0,,1
1011968,0,1,0,0,0,0,0,,0,0,0,0,0,0,0,0,0,,0
1009778,3,0,1,0,0,0,0,,0,0,0,0,0,0,0,1,1,,1
1008843,0,1,0,0,0,0,0,,0,0,0,0,0,0,0,0,0,,1
1009405,4,2,1,1,1,1,0,,0,0,0,0,0,0,0,0,0,,1
1004179,4,2,1,1,0,0,0,2.0,0,1,0,1,0,0,2,0,0,,1
1005249,0,1,0,0,0,0,0,,0,0,0,0,0,0,0,0,0,,0
1003823,0,1,0,0,0,0,0,,0,0,0,0,0,0,0,0,0,,0
1013021,0,1,0,0,0,0,0,,0,0,0,0,0,0,0,0,0,,1
1001866,4,2,1,1,0,0,0,7.0,0,0,0,1,1,1,4,0,0,,1
1015652,3,0,1,0,1,0,0,,0,0,0,0,0,0,0,1,1,,1
1016634,0,1,0,0,0,0,0,,0,0,0,0,0,0,0,0,0,,1
1005411,4,0,1,0,1,0,0,,0,0,0,0,0,0,0,1,1,,1
1015535,0,0,0,0,0,0,0,,0,0,0,0,0,0,0,0,0,,1
1007673,0,1,0,0,0,0,0,,0,0,0,0,0,0,0,0,0,,1
1007154,0,1,0,0,0,0,0,,0,0,0,0,0,0,0,0,0,,0
1011820,0,1,0,0,0,0,0,,0,0,0,0,0,0,0,0,0,,0
1011217,0,1,0,0,0,0,0,,0,0,0,0,0,0,0,0,0,,0
1007573,0,1,0,0,0,0,0,,0,0,0,0,0,0,0,0,0,,0
1013334,0,1,0,0,0,0,0,,0,0,0,0,0,0,0,0,0,,0
1010570,4,1,1,0,0,0,0,,0,0,0,1,0,0,3,0,0,,1
1008434,0,1,0,0,0,0,0,,0,0,0,0,0,0,0,0,0,,0
1000490,0,1,0,0,0,0,0,,0,0,0,0,0,0,0,0,0,,1
1007549,0,1,0,0,0,0,0,,0,0,0,0,0,0,0,0,0,,1
1010797,0,1,0,0,0,0,0,,0,0,0,0,0,0,0,0,0,,0
1012197,0,1,0,0,0,0,0,,0,0,0,0,0,0,0,0,0,,0
1013391,0,1,0,0,0,0,0,,0,0,0,0,0,0,0,0,0,,1
1009583,0,1,0,0,0,0,0,,0,0,0,0,0,0,0,0,0,,0
1006421,0,1,0,0,0,0,0,,0,0,0,0,0,0,0,0,0,,0
1007945,0,1,0,0,0,0,0,,0,0,0,0,0,0,0,0,0,,0
1000664,4,1,1,1,0,0,0,,0,0,0,0,0,0,0,1,1,,1
1013500,4,2,1,1,1,1,0,,0,0,0,0,0,0,0,0,0,,1
1012660,0,1,0,0,0,0,0,,0,0,0,0,0,0,0,0,0,,0
1001176,4,2,1,0,0,0,0,,0,0,0,0,0,0,6,0,0,,1
1008017,0,1,0,0,0,0,0,,0,0,0,0,0,0,0,0,0,,0
1016070,0,1,0,0,0,0,0,,0,0,0,0,0,0,0,0,0,,0
1003796,0,1,0,0,0,0,0,,0,0,0,0,0,0,0,0,0,,0
1011388,4,2,1,0,0,0,0,1.0,0,0,0,1,0,0,2,0,0,,1
1006897,0,0,0,0,0,0,0,,0,0,0,0,0,0,0,0,1,,1
1014062,0,1,0,0,0,0,0,,0,0,0,0,0,0,0,0,0,,0
1005752,0,1,0,0,0,0,0,,0,0,0,0,0,0,0,0,0,,0
1009181,4,0,1,1,0,0,0,10.0,0,0,1,1,0,0,3,0,0,,1
1001275,0,1,0,0,0,0,0,,0,0,0,0,0,0,0,0,0,,0
1011807,0,1,0,0,0,0,0,,0,0,0,0,0,0,0,0,0,,0
1003657,0,1,0,0,0,0,0,,0,0,0,0,0,0,0,0,0,,0
1000162,4,0,1,0,0,0,0,,0,0,0,1,0,0,3,0,0,,1
1002528,0,1,0,0,0,0,0,,0,0,0,0,0,0,0,0,0,,0
1005153,0,1,0,0,0,0,0,,0,0,0,0,0,0,0,0,0,,0
1012163,0,1,0,0,0,0,0,,0,0,0,0,0,0,0,0,0,,0
1002542,4,2,1,0,1,0,0,,0,0,1,1,1,1,5,0,0,,1
1001484,0,1,0,0,0,0,0,,0,0,0,0,0,0,0,0,0,,0
1013946,0,1,0,0,0,0,0,,0,0,0,0,0,0,0,0,0,,0
1012712,0,1,0,0,0,0,0,,0,0,0,0,0,0,0,0,0,,0
1009462,0,0,0,0,0,0,0,,0,0,0,0,0,0,0,1,1,,1
1000463,4,2,1,0,0,0,0,4.0,0,1,1,1,1,1,5,0,0,,1
1012625,0,1,0,0,0,0,0,,0,0,0,0,0,0,0,0,0,,0
1011562,0,1,0,0,0,0,0,,0,0,0,0,0,0,0,0,0,,1
1010569,4,2,1,1,1,1,0,,0,0,1,1,1,1,5,0,0,,1
1009325,0,1,0,0,0,0,0,,0,0,0,0,0,0,0,0,0,,1
1012711,0,1,0,0,0,0,0,,0,0,0,0,0,0,0,0,0,,1
1011319,4,1,1,1,1,1,0,4.0,0,1,1,1,1,1,6,0,0,,1
1016200,0,1,0,0,0,0,0,,0,0,0,0,0,0,0,0,0,,0
1009779,4,1,1,0,0,0,0,,0,0,0,0,0,0,4,0,0,,1
1015936,0,1,0,0,0,0,0,,0,0,0,0,0,0,0,0,0,,1
1003021,0,1,0,0,0,0,0,,0,0,0,0,0,0,0,0,0,,0
1009300,0,1,0,0,0,0,0,,0,0,0,0,0,0,0,0,0,,0
1011925,0,1,0,0,0,0,0,,0,0,0,0,0,0,0,0,0,,1
1007331,0,0,0,0,0,0,0,,0,0,0,0,0,0,0,0,0,,1
1001097,4,0,1,0,0,0,0,2.0,0,0,0,0,0,0,0,1,1,,1
1001396,0,1,0,0,0,0,0,,0,0,0,0,0,0,0,0,0,,0
1001220,0,1,0,0,0,0,0,,0,0,0,0,0,0,0,0,0,,1
1002390,4,1,1,1,0,0,0,3.0,0,0,0,1,0,0,2,0,0,,1
1007227,0,0,0,0,0,0,0,,0,0,0,0,0,0,0,1,1,,1
1010444,0,1,0,0,0,0,0,,0,0,0,0,0,0,0,0,0,,0
1008537,0,1,0,0,0,0,0,,0,0,0,0,0,0,0,0,0,,0
1006845,0,1,0,0,0,0,0,,0,0,0,0,0,0,0,0,0,,0
1004042,4,1,1,1,0,0,0,,0,0,0,0,0,0,0,1,1,,1
1011107,0,1,0,0,0,0,0,,0,0,0,0,0,0,0,0,0,,1
1011479,4,1,1,1,0,0,0,10.0,0,0,0,1,0,0,2,0,0,,1
1007985,0,1,0,0,0,0,0,,0,0,0,0,0,0,0,0,0,,0
1002449,4,2,1,0,0,1,0,,0,1,0,0,0,0,7,0,0,,1
1007833,0,1,0,0,0,0,0,,0,0,0,0,0,0,0,0,0,,0
1000454,4,1,1,0,0,0,0,,0,0,1,0,0,0,2,0,0,,1
1016436,0,1,0,0,0,0,0,,0,0,0,0,0,0,0,0,0,,0
1011345,0,1,0,0,0,0,0,,0,0,0,0,0,0,0,0,0,,0
1012387,0,1,0,0,0,0,0,,0,0,0,0,0,0,0,0,0,,0
1004470,0,1,0,0,0,0,0,,0,0,0,0,0,0,0,0,0,,0
1002145,0,1,0,0,0,0,0,,0,0,0,0,0,0,0,0,0,,0
1003650,4,1,1,1,0,0,0,1.0,0,0,0,0,0,0,0,1,1,,1
1009442,4,2,1,0,0,0,0,2.0,0,0,0,1,0,0,2,0,0,,1
1014299,4,1,1,1,1,0,0,3.0,0,0,0,1,0,1,3,0,0,,1
1017525,4,2,1,1,1,0,0,,0,0,1,1,1,1,6,0,0,,1
1006804,4,0,1,1,0,0,0,,0,0,0,0,0,0,0,1,1,,1
1012430,0,1,0,0,0,0,0,,0,0,0,0,0,0,0,0,0,,0
1010281,0,1,0,0,0,0,0,,0,0,0,0,0,0,0,0,0,,0
1005480,4,2,1,0,0,0,0,,0,0,0,1,0,0,2,0,0,,1
1000112,4,0,1,1,0,0,0,5.0,0,0,0,0,0,0,0,1,1,,1
1007163,0,1,0,0,0,0,0,,0,0,0,0,0,0,0,0,0,,0
1009446,0,1,0,0,0,0,0,,0,0,0,0,0,0,0,0,0,,0
1002455,0,1,0,0,0,0,0,,0,0,0,0,0,0,0,0,0,,0
1007795,4,1,1,0,0,0,0,10.0,0,0,0,0,0,0,1,0,0,,1
1011215,0,1,0,0,0,0,0,,0,0,0,0,0,0,0,0,0,,0
1008934,4,2,1,1,0,0,0,12.0,0,1,0,1,0,0,2,0,0,,1
1010067,0,1,0,0,0,0,0,,0,0,0,0,0,0,0,0,0,,0
1007767,0,0,0,0,0,0,0,,0,0,0,0,0,0,0,1,1,,1
1013130,0,1,1,1,0,0,0,20.0,0,1,1,1,1,1,5,0,0,,1
1004870,4,2,1,0,0,0,0,,0,0,1,1,1,1,6,0,0,,1
1015428,0,1,0,0,0,0,0,,0,0,0,0,0,0,0,0,0,,0
1002923,4,0,1,0,0,0,0,,0,0,0,1,0,0,1,0,0,,1
1017415,0,0,0,0,0,0,0,,0,0,0,0,0,0,0,0,1,,1
1013313,4,2,1,1,1,1,1,,0,1,0,0,0,0,0,0,0,,1
1015889,0,1,0,0,0,0,0,,0,0,0,0,0,0,0,0,0,,0
1010612,4,2,1,0,1,0,0,1.0,0,0,0,1,0,1,3,0,0,,1
1006244,0,1,0,0,0,0,0,,0,0,0,0,0,0,0,0,0,,0
1007503,0,1,0,0,0,0,0,,0,0,0,0,0,0,0,0,0,,1
1011382,0,1,0,0,0,0,0,,0,0,0,0,0,0,0,0,0,,0
1015134,0,1,0,0,0,0,0,,0,0,0,0,0,0,0,0,0,,0
1016884,0,1,0,0,0,0,0,,0,0,0,0,0,0,0,0,0,,1
1016417,0,1,0,0,0,0,0,,0,0,0,0,0,0,0,0,0,,0
1014175,4,2,1,1,0,0,0,,0,1,1,1,1,1,6,0,0,,1
1011301,4,2,1,1,1,1,0,,0,0,0,0,0,0,0,0,0,,1
1001174,0,1,0,0,0,0,0,,0,0,0,0,0,0,0,0,0,,0
1005614,0,1,0,0,0,0,0,,0,0,0,0,0,0,0,0,0,,0
1008478,4,2,1,0,0,0,1,10.0,0,0,0,0,0,0,0,0,0,,1
1014473,2,0,1,0,0,0,0,,0,0,0,0,0,0,0,1,1,,1
1009265,4,2,1,0,0,0,1,,0,0,0,1,0,0,2,0,0,,1
1013703,0,1,0,0,0,0,0,,0,0,0,0,0,0,0,0,0,,1
1007827,0,1,0,0,0,0,0,,0,0,0,0,0,0,0,0,0,,0
1005262,0,1,0,0,0,0,0,,0,0,0,0,0,0,0,0,0,,0
1002888,0,1,0,0,0,0,0,,0,0,0,0,0,0,0,0,0,,1
1012750,0,1,0,0,0,0,0,,0,0,0,0,0,0,0,0,0,,1
1010611,0,1,0,0,0,0,0,,0,0,0,0,0,0,0,0,0,,1
1011677,0,1,0,0,0,0,0,,0,0,0,0,0,0,0,0,0,,1
1002273,0,1,0,0,0,0,0,,0,0,0,0,0,0,0,0,0,,0
1003839,4,2,1,0,0,0,0,10.0,0,1,0,1,0,0,2,0,0,,1
1000523,0,1,0,0,0,0,0,,0,0,0,0,0,0,0,0,0,,1
1002508,0,1,0,0,0,0,0,,0,0,0,0,0,0,0,0,0,,0
1005397,4,2,1,0,0,0,1,,0,0,0,1,0,0,2,0,0,,1
1014301,4,2,1,1,0,0,0,,0,0,0,0,0,0,0,0,0,,1
1002633,0,1,0,0,0,0,0,,0,0,0,0,0,0,0,0,0,,0
1014484,0,1,0,0,0,0,0,,0,0,0,0,0,0,0,0,0,,1
1010716,4,2,1,1,0,0,0,,0,0,0,0,0,0,0,1,1,,1
1008219,4,2,1,0,0,0,0,,0,0,0,1,0,0,2,0,0,,1
1002476,4,0,1,1,0,0,0,,0,0,0,0,0,0,0,0,0,,1
1011093,4,2,1,1,1,0,0,,0,0,1,1,1,1,6,0,0,,1
1002831,0,1,0,0,0,0,0,,0,0,0,0,0,0,0,0,0,,0
1008661,0,1,0,0,0,0,0,,0,0,0,0,0,0,0,0,0,,0
1004293,4,1,1,1,0,0,0,14.0,0,0,0,1,1,0,3,0,0,,1
1009090,0,1,0,0,0,0,0,,0,0,0,0,0,0,0,0,0,,1
1016180,4,1,1,1,0,0,0,,0,0,0,0,0,0,0,1,1,,1
1011218,4,2,1,1,1,1,0,,0,0,0,0,0,0,0,0,0,,1
1012061,0,1,0,0,0,0,0,,0,0,0,0,0,0,0,0,0,,0
1006800,0,1,0,0,0,0,0,,0,0,0,0,0,0,0,0,0,,1
1001687,0,1,0,0,0,0,0,,0,0,0,0,0,0,0,0,0,,1
1007972,0,1,0,0,0,0,0,,0,0,0,0,0,0,0,0,0,,0
1000632,0,1,0,0,0,0,0,,0,0,0,0,0,0,0,0,0,,0
1004793,4,2,1,1,1,0,0,,0,0,1,1,1,1,6,0,0,,1
1003655,0,1,0,0,0,0,0,,0,0,0,0,0,0,0,0,0,,0
1004367,0,1,0,0,0,0,0,,0,0,0,0,0,0,0,0,0,,0
1014477,0,1,0,0,0,0,0,,0,0,0,0,0,0,0,0,0,,1
1015414,0,1,0,0,0,0,0,,0,0,0,0,0,0,0,0,0,,1
1010210,0,1,0,0,0,0,0,,0,0,0,0,0,0,0,0,0,,0
1007248,4,1,1,1,0,0,0,10.0,0,0,0,0,0,0,0,0,0,,1
1012576,0,1,0,0,0,0,0,,0,0,0,0,0,0,0,0,0,,1
1011193,4,0,1,0,0,0,0,12.0,0,0,0,0,0,0,1,0,1,,1
1006959,0,1,0,0,0,0,0,,0,0,0,0,0,0,0,0,0,,0
1000363,4,2,1,1,0,0,0,1.0,0,0,0,1,0,0,2,0,0,,1
1015321,0,1,0,0,0,0,0,,0,0,0,0,0,0,0,0,0,,1
1000979,0,1,0,0,0,0,0,,0,0,0,0,0,0,0,0,0,,0
1011372,4,1,1,1,0,0,0,,0,0,0,0,0,0,0,1,1,,1
1014121,0,1,0,0,0,0,0,,0,0,0,0,0,0,0,0,0,,0
1006099,4,2,1,1,1,0,0,,0,0,0,0,0,0,0,0,0,,1
1001728,0,1,0,0,0,0,0,,0,0,0,0,0,0,0,0,0,,1
1003307,0,1,0,0,0,0,0,,0,0,0,0,0,0,0,0,0,,0
1006336,0,0,0,0,0,0,0,,0,0,0,0,0,0,0,0,1,,1
1005791,0,1,0,0,0,0,0,,0,0,0,0,0,0,0,0,0,,0
1011097,0,1,0,0,0,0,0,,0,0,0,0,0,0,0,0,0,,0
1016278,0,1,0,0,0,0,0,,0,0,0,0,0,0,0,0,0,,0
1004000,0,1,0,0,0,0,0,,0,0,0,0,0,0,0,0,0,,0
1012796,0,1,0,0,0,0,0,,0,0,0,0,0,0,0,0,0,,0
1015406,4,2,1,1,1,0,0,2.0,0,0,1,1,1,1,6,0,0,,1
1016406,0,1,0,0,0,0,0,,0,0,0,0,0,0,0,0,0,,0
1013591,4,2,1,0,0,0,1,,0,0,0,0,0,0,3,0,0,,1
1008321,0,1,0,0,0,0,0,,0,0,0,0,0,0,0,0,0,,1
1012804,0,0,0,0,0,0,0,,0,0,0,0,0,0,0,0,0,,1
1001496,4,1,1,0,0,0,0,,0,0,0,0,0,0,0,1,1,,1
1008498,0,1,0,0,0,0,0,,0,0,0,0,0,0,0,0,0,,0
1009915,0,1,0,0,0,0,0,,0,0,0,0,0,0,0,0,0,,0
1009890,0,1,0,0,0,0,0,,0,0,0,0,0,0,0,0,0,,0
1016922,4,2,1,1,0,0,0,1.0,0,0,1,1,1,1,6,0,0,,1
1002013,4,1,1,0,1,0,0,1170.0,0,0,0,0,0,0,0,1,1,,1
1012579,0,1,0,0,0,0,0,,0,0,0,0,0,0,0,0,0,,0
1005709,0,1,0,0,0,0,0,,0,0,0,0,0,0,0,0,0,,0
1007029,4,2,1,0,0,0,0,2400.0,0,0,0,0,0,0,4,0,0,,1
1016513,0,1,0,0,0,0,0,,0,0,0,0,0,0,0,0,0,,0
1017275,0,1,0,0,0,0,0,,0,0,0,0,0,0,0,0,0,,1
1004495,0,1,0,0,0,0,0,,0,0,0,0,0,0,0,0,0,,1
1004276,4,2,1,1,1,1,0,4.0,0,0,1,1,1,1,6,0,0,,1
1003559,0,1,0,0,0,0,0,,0,0,0,0,0,0,0,0,0,,0
1006430,0,1,0,0,0,0,0,,0,0,0,0,0,0,0,0,0,,0
1007134,0,1,0,0,0,0,0,,0,0,0,0,0,0,0,0,0,,0
1015405,4,0,1,0,0,0,0,,0,0,0,0,0,0,1,0,0,,1
1007303,4,2,1,0,0,0,0,10.0,0,0,0,1,0,0,3,0,0,,1
1009654,0,1,0,0,0,0,0,,0,0,0,0,0,0,0,0,0,,0
1001195,4,2,1,0,1,1,0,,0,0,1,1,1,1,6,0,0,,1
1014752,0,0,0,0,0,0,0,,0,0,0,0,0,0,0,0,0,,1
1006678,0,1,0,0,0,0,0,,0,0,0,0,0,0,0,0,0,,0
1016703,0,1,0,0,0,0,0,,0,0,0,0,0,0,0,0,0,,1
1010579,0,1,0,0,0,0,0,,0,0,0,0,0,0,0,0,0,,0
1008089,0,1,0,0,0,0,0,,0,0,0,0,0,0,0,0,0,,1
1009346,4,0,1,1,0,0,0,,0,0,1,1,0,0,3,0,0,,1
1009708,0,1,0,0,0,0,0,,0,0,0,0,0,0,0,0,0,,0
1015734,0,1,0,0,0,0,0,,0,0,0,0,0,0,0,0,0,,0
1005198,0,1,0,0,0,0,0,,0,0,0,0,0,0,0,0,0,,0
1009971,4,2,1,1,1,0,0,,0,1,1,1,1,1,6,0,0,,1
1017268,4,2,1,1,0,0,0,,0,0,1,1,0,0,3,0,0,,1
1001657,0,1,0,0,0,0,0,,0,0,0,0,0,0,0,0,0,,0
1016740,0,1,0,0,0,0,0,,0,0,0,0,0,0,0,0,0,,0
1004353,0,1,0,0,0,0,0,,0,0,0,0,0,0,0,0,0,,0
1016794,0,1,0,0,0,0,0,,0,0,0,0,0,0,0,0,0,,0
1003538,0,1,0,0,0,0,0,,0,0,0,0,0,0,0,0,0,,0
1009337,0,1,0,0,0,0,0,,0,0,0,0,0,0,0,0,0,,0
1006216,0,1,0,0,0,0,0,,0,0,0,0,0,0,0,0,0,,0
1002514,0,1,0,0,0,0,0,,0,0,0,0,0,0,0,0,0,,0
1010787,4,2,1,1,0,0,0,,0,0,0,0,0,0,0,0,0,,1
1015369,4,2,1,0,0,0,0,,0,0,1,1,1,1,6,0,0,,1
1015875,0,1,0,0,0,0,0,,0,0,0,0,0,0,0,0,0,,0
1009124,0,1,0,0,0,0,0,,0,0,0,0,0,0,0,0,0,,0
1003373,0,1,0,0,0,0,0,,0,0,0,0,0,0,0,0,0,,0
1016074,0,1,0,0,0,0,0,,0,0,0,0,0,0,0,0,0,,0
1014510,4,2,1,0,0,0,0,,0,0,0,0,0,0,1,0,0,,1
1005355,0,1,0,0,0,0,0,,0,0,0,0,0,0,0,0,0,,0
1017526,0,1,0,0,0,0,0,,0,0,0,0,0,0,0,0,0,,0
1011178,4,2,1,1,1,1,0,,0,0,0,0,0,0,0,0,0,,1
1003183,0,1,0,0,0,0,0,,0,0,0,0,0,0,0,0,0,,0
1000788,0,1,0,0,0,0,0,,0,0,0,0,0,0,0,0,0,,0
1006686,4,2,1,0,0,0,0,,0,0,0,0,0,0,1,0,0,,1
1006704,4,0,1,0,0,0,0,10.0,0,0,0,0,0,0,0,1,1,,1
1002197,0,1,0,0,0,0,0,,0,0,0,0,0,0,0,0,0,,0
1008386,4,0,1,0,0,0,0,,0,0,0,0,0,0,0,0,0,,1
1011846,0,1,0,0,0,0,0,,0,0,0,0,0,0,0,0,0,,0
1013952,0,1,0,0,0,0,0,,0,0,0,0,0,0,0,0,0,,1
1012445,0,1,0,0,0,0,0,,0,0,0,0,0,0,0,0,0,,0
1000035,4,2,1,1,1,1,1,2.0,0,0,0,1,0,0,2,0,0,,1
1009746,4,2,1,0,0,0,0,,0,0,1,1,0,0,3,0,0,,1
1003318,0,0,0,0,0,0,0,,0,0,0,0,0,0,0,0,0,,1
1011482,4,0,1,1,1,0,0,,0,0,0,0,0,0,0,0,0,,1
1011654,0,1,0,0,0,0,0,,0,0,0,0,0,0,0,0,0,,0
1010785,0,1,0,0,0,0,0,,0,0,0,0,0,0,0,0,0,,0
1010879,0,0,0,0,0,0,0,,0,0,0,0,0,0,0,0,0,,1
1016122,4,2,1,1,1,1,0,,0,0,0,0,0,0,0,0,0,,1
1014905,0,1,0,0,0,0,0,,0,0,0,0,0,0,0,0,0,,0
1007670,0,1,0,0,0,0,0,,0,0,0,0,0,0,0,0,0,,0
1007094,4,2,1,0,0,0,0,,0,0,0,1,0,0,3,0,0,,1
1011269,4,0,1,0,0,0,1,,0,0,0,1,0,0,2,0,0,,1
1008000,0,1,0,0,0,0,0,,0,0,0,0,0,0,0,0,0,,0
1004781,0,1,0,0,0,0,0,,0,0,0,0,0,0,0,0,0,,0
1004989,0,1,0,0,0,0,0,,0,0,0,0,0,0,0,0,0,,0
1009172,0,1,0,0,0,0,0,,0,0,0,0,0,0,0,0,0,,0
1013624,4,2,1,1,0,0,0,12.0,1,1,0,0,0,0,0,0,0,,1
1014179,0,1,0,0,0,0,0,,0,0,0,0,0,0,0,0,0,,1
1013925,0,1,0,0,0,0,0,,0,0,0,0,0,0,0,0,0,,1
1006348,4,0,1,1,0,0,0,2.0,0,0,0,0,0,0,0,1,1,,1
1010448,0,1,0,0,0,0,0,,0,0,0,0,0,0,0,0,0,,0
1008027,0,1,0,0,0,0,0,,0,0,0,0,0,0,0,0,0,,0
1016021,4,1,1,0,0,0,0,,0,0,0,1,0,0,3,0,0,,1
1007337,0,1,0,0,0,0,0,,0,0,0,0,0,0,0,0,0,,0
1014018,4,0,1,0,0,0,0,10.0,0,0,0,0,0,0,0,1,1,,1
1007243,0,1,0,0,0,0,0,,0,0,0,0,0,0,0,0,0,,0
1003702,0,1,0,0,0,0,0,,0,0,0,0,0,0,0,0,0,,0
1016846,0,1,0,0,0,0,0,,0,0,0,0,0,0,0,0,0,,0
1003166,0,1,0,0,0,0,0,,0,0,0,0,0,0,0,0,0,,1
1011477,0,1,0,0,0,0,0,,0,0,0,0,0,0,0,0,0,,0
1008617,0,1,0,0,0,0,0,,0,0,0,0,0,0,0,0,0,,0
1001551,4,2,1,1,1,1,1,,0,0,1,1,1,1,6,0,0,,1
1010234,0,1,0,0,0,0,0,,0,0,0,0,0,0,0,0,0,,0
1004336,4,0,1,0,0,0,0,,0,0,0,0,0,0,0,0,0,,1
1016254,0,1,0,0,0,0,0,,0,0,0,0,0,0,0,0,0,,1
1011548,0,1,0,0,0,0,0,,0,0,0,0,0,0,0,0,0,,0
1005340,4,1,1,0,0,0,1,,0,0,0,1,0,0,1,0,0,,1
1005471,4,2,1,1,1,0,0,,0,0,1,1,1,1,6,0,0,,1
1010859,0,1,0,0,0,0,0,,0,0,0,0,0,0,0,0,0,,1
1017317,0,1,0,0,0,0,0,,0,0,0,0,0,0,0,0,0,,0
1016252,0,1,0,0,0,0,0,,0,0,0,0,0,0,0,0,0,,0
1000080,0,1,0,0,0,0,0,,0,0,0,0,0,0,0,0,0,,0
1005343,0,0,0,0,0,0,0,,0,0,0,0,0,0,0,0,0,,1
1008583,4,2,1,1,1,1,0,2.0,0,0,0,0,0,0,0,0,0,,1
1006499,4,2,1,1,0,0,0,,0,0,0,1,0,0,2,0,0,,1
1012357,0,1,0,0,0,0,0,,0,0,0,0,0,0,0,0,0,,0
1014315,0,1,0,0,0,0,0,,0,0,0,0,0,0,0,0,0,,0
1001729,0,1,0,0,0,0,0,,0,0,0,0,0,0,0,0,0,,0
1006014,0,1,0,0,0,0,0,,0,0,0,0,0,0,0,0,0,,0
1001942,0,1,0,0,0,0,0,,0,0,0,0,0,0,0,0,0,,0
1006696,0,1,0,0,0,0,0,,0,0,0,0,0,0,0,0,0,,0
1012294,4,2,1,1,1,0,0,,0,0,1,1,1,1,6,0,0,,1
1014382,0,1,0,0,0,0,0,,0,0,0,0,0,0,0,0,0,,0
1008662,0,1,0,0,0,0,0,,0,0,0,0,0,0,0,0,0,,0
1017280,0,1,0,0,0,0,0,,0,0,0,0,0,0,0,0,0,,0
1003174,0,1,0,0,0,0,0,,0,0,0,0,0,0,0,0,0,,0
1003158,4,2,1,1,1,0,0,,0,0,0,1,1,0,3,0,0,,1
1012970,0,1,0,0,0,0,0,,0,0,0,0,0,0,0,0,0,,1
1003689,4,2,1,1,0,0,0,2.0,0,0,1,1,0,0,3,0,0,,1
1011716,0,1,0,0,0,0,0,,0,0,0,0,0,0,0,0,0,,0
1005764,0,1,0,0,0,0,0,,0,0,0,0,0,0,0,0,0,,0
1014055,0,1,0,0,0,0,0,,0,0,0,0,0,0,0,0,0,,1
1003430,0,1,0,0,0,0,0,,0,0,0,0,0,0,0,0,0,,0
1006057,4,1,1,1,1,1,0,,0,0,0,0,0,0,0,0,0,,1
1000834,0,1,0,0,0,0,0,,0,0,0,0,0,0,0,0,0,,0
1008366,0,1,0,0,0,0,0,,0,0,0,0,0,0,0,0,0,,0
1016817,4,2,1,1,0,0,0,,0,0,0,0,0,0,0,0,0,,1
1004525,4,2,1,1,1,1,0,,0,1,1,1,1,1,6,0,0,,1
1005300,0,1,0,0,0,0,0,,0,0,0,0,0,0,0,0,0,,0
1010279,0,1,0,0,0,0,0,,0,0,0,0,0,0,0,0,0,,0
1001050,0,1,0,0,0,0,0,,0,0,0,0,0,0,0,0,0,,0
1014617,0,1,0,0,0,0,0,,0,0,0,0,0,0,0,0,0,,0
1015084,4,2,1,0,0,0,1,,0,0,0,1,0,0,2,0,0,,1
1014388,0,1,0,0,0,0,0,,0,0,0,0,0,0,0,0,0,,0
1008294,0,1,0,0,0,0,0,,0,0,0,0,0,0,0,0,0,,1
1009996,4,2,1,1,1,1,1,,0,0,0,0,0,0,5,0,0,,1
1005046,0,1,0,0,0,0,0,,0,0,0,0,0,0,0,0,0,,0
1009316,4,2,1,0,0,0,0,,0,0,0,1,0,0,2,0,0,,1
1004311,0,1,0,0,0,0,0,,0,0,0,0,0,0,0,0,0,,0
1017498,4,2,1,1,1,0,1,,0,0,0,0,0,0,0,0,0,,1
1007309,4,2,1,1,1,0,0,,0,0,0,0,0,0,3,0,0,,1
1009614,4,0,1,1,1,1,0,,0,0,0,0,0,0,0,0,0,,1
1006193,0,1,0,0,0,0,0,,0,0,0,0,0,0,0,0,0,,0
1002397,4,2,1,0,1,0,0,2.0,0,0,0,0,0,0,9,0,0,,1
1008563,4,2,1,0,0,1,0,2.0,1,0,1,1,0,0,3,0,0,,1
1009460,0,1,0,0,0,0,0,,0,0,0,0,0,0,0,0,0,,0
1017071,0,1,0,0,0,0,0,,0,0,0,0,0,0,0,0,0,,0
1001623,0,1,0,0,0,0,0,,0,0,0,0,0,0,0,0,0,,0
1004837,0,1,0,0,0,0,0,,0,0,0,0,0,0,0,0,0,,0
1002775,4,2,1,1,0,0,0,15.0,0,0,0,0,0,0,1,0,0,,1
1003031,4,0,1,1,0,0,0,,0,0,0,0,0,0,0,1,1,,1
1014744,4,2,1,0,1,0,0,,0,0,0,1,0,0,2,0,0,,1
1017559,0,1,0,0,0,0,0,,0,0,0,0,0,0,0,0,0,,0
1005302,3,0,1,0,0,0,0,,0,0,0,0,0,0,0,1,1,,1
1011275,0,1,0,0,0,0,0,,0,0,0,0,0,0,0,0,0,,0
1000314,0,1,0,0,0,0,0,,0,0,0,0,0,0,0,0,0,,0
1006143,0,1,0,0,0,0,0,,0,0,0,0,0,0,0,0,0,,0
1009190,0,1,0,0,0,0,0,,0,0,0,0,0,0,0,0,0,,0
1014576,4,0,1,0,0,0,0,,0,0,0,0,0,0,0,0,0,,1
1011353,4,1,1,0,0,0,1,,0,0,0,1,0,0,2,1,1,,1
1007787,0,1,0,0,0,0,0,,0,0,0,0,0,0,0,0,0,,0
1008867,0,1,0,0,0,0,0,,0,0,0,0,0,0,0,0,0,,0
1006188,0,1,0,0,0,0,0,,0,0,0,0,0,0,0,0,0,,0
1000277,4,2,1,1,1,0,0,2.0,0,0,0,1,0,0,5,0,0,,1
1002389,4,1,1,0,0,0,0,,0,0,0,0,0,0,1,0,0,,1
1012655,0,1,0,0,0,0,0,,0,0,0,0,0,0,0,0,0,,0
1001741,0,1,0,0,0,0,0,,0,0,0,0,0,0,0,0,0,,0
1004585,0,1,0,0,0,0,0,,0,0,0,0,0,0,0,0,0,,0
1014506,4,2,1,0,1,0,0,,0,0,0,0,0,0,5,0,0,,1
1004213,4,2,1,1,0,0,0,,0,0,1,1,0,0,3,0,0,,1
1015390,0,1,0,0,0,0,0,,0,0,0,0,0,0,0,0,0,,0
1017518,0,1,0,0,0,0,0,,0,0,0,0,0,0,0,0,0,,1
1010739,0,1,0,0,0,0,0,,0,0,0,0,0,0,0,0,0,,0
1017247,0,1,0,0,0,0,0,,0,0,0,0,0,0,0,0,0,,1
1015845,0,1,0,0,0,0,0,,0,0,0,0,0,0,0,0,0,,0
1016904,0,1,0,0,0,0,0,,0,0,0,0,0,0,0,0,0,,1
1011341,0,1,0,0,0,0,0,,0,0,0,0,0,0,0,0,0,,0
1004806,0,1,0,0,0,0,0,,0,0,0,0,0,0,0,0,0,,0
1002182,0,1,0,0,0,0,0,,0,0,0,0,0,0,0,0,0,,1
1008186,0,1,0,0,0,0,0,,0,0,0,0,0,0,0,0,0,,0
1010629,0,1,0,0,0,0,0,,0,0,0,0,0,0,0,0,0,,0
1011246,0,1,0,0,0,0,0,,0,0,0,0,0,0,0,0,0,,0
1013513,0,1,0,0,0,0,0,,0,0,0,0,0,0,0,0,0,,0
1007489,4,1,1,1,0,0,0,10.0,0,0,0,0,0,0,4,0,0,,1
1007681,4,2,1,0,0,0,1,,0,1,1,1,1,1,5,0,0,,1
1009045,0,0,0,0,0,0,0,,0,0,0,0,0,0,0,0,0,,1
1001753,0,1,0,0,0,0,0,,0,0,0,0,0,0,0,0,0,,1
1015101,0,1,0,0,0,0,0,,0,0,0,0,0,0,0,0,0,,0
1015451,4,1,1,0,0,0,1,,0,0,0,0,0,0,1,1,1,,1
1001514,0,1,0,0,0,0,0,,0,0,0,0,0,0,0,0,0,,0
1001023,0,1,0,0,0,0,0,,0,0,0,0,0,0,0,0,0,,0
1001871,0,1,0,0,0,0,0,,0,0,0,0,0,0,0,0,0,,0
1016937,4,2,1,1,1,1,0,,0,0,0,0,0,0,0,0,0,,1
1001342,4,2,1,1,0,0,0,1.0,0,0,0,1,0,1,3,0,0,,1
1012550,4,2,1,1,0,0,0,,0,0,0,1,0,0,2,0,0,,1
1011688,0,1,0,0,0,0,0,,0,0,0,0,0,0,0,0,0,,1
1009562,4,0,1,0,0,0,0,2.0,0,0,0,0,0,0,0,1,1,,1
1016969,0,1,0,0,0,0,0,,0,0,0,0,0,0,0,0,0,,0
1000316,0,0,0,0,0,0,0,,0,0,0,0,0,0,0,0,0,,1
1003904,4,1,1,1,0,0,0,3.0,0,0,1,1,0,0,3,0,0,,1
1008199,4,2,1,1,1,0,0,,0,0,1,1,1,1,6,0,0,,1
1015922,0,1,0,0,0,0,0,,0,0,0,0,0,0,0,0,0,,0
1009530,4,2,1,1,0,0,0,10.0,0,0,0,0,0,0,0,0,0,,1
1003074,0,1,0,0,0,0,0,,0,0,0,0,0,0,0,0,0,,1
1004847,0,1,0,0,0,0,0,,0,0,0,0,0,0,0,0,0,,0
1010905,4,2,1,0,0,0,0,,0,0,0,0,0,0,0,0,0,,1
1010350,0,1,0,0,0,0,0,,0,0,0,0,0,0,0,0,0,,0
1006742,0,1,0,0,0,0,0,,0,0,0,0,0,0,0,0,0,,0
1011487,0,0,1,0,0,0,0,,0,0,0,0,0,0,0,1,1,,1
1002811,0,1,0,0,0,0,0,,0,0,0,0,0,0,0,0,0,,0
1001965,0,1,0,0,0,0,0,,0,0,0,0,0,0,0,0,0,,1
1009589,0,1,0,0,0,0,0,,0,0,0,0,0,0,0,0,0,,0
1007816,0,1,0,0,0,0,0,,0,0,0,0,0,0,0,0,0,,1
1000130,4,2,1,1,1,0,0,,0,0,0,1,0,1,3,0,0,,1
1014423,0,1,0,0,0,0,0,,0,0,0,0,0,0,0,0,0,,0
1011290,0,1,0,0,0,0,0,,0,0,0,0,0,0,0,0,0,,0
1006226,4,2,1,0,0,0,0,,0,0,0,0,0,0,1,0,0,,1
1007466,4,2,1,0,0,0,0,10.0,0,0,0,0,0,0,3,0,0,,1
1015528,4,0,1,0,0,0,0,,0,0,0,0,0,0,3,0,0,,1
1007694,0,1,0,0,0,0,0,,0,0,0,0,0,0,0,0,0,,0
1012533,0,1,0,0,0,0,0,,0,0,0,0,0,0,0,0,0,,0
1013740,0,1,0,0,0,0,0,,0,0,0,0,0,0,0,0,0,,1
1008584,0,1,0,0,0,0,0,,0,0,0,0,0,0,0,0,0,,0
1014501,0,1,0,0,0,0,0,,0,0,0,0,0,0,0,0,0,,0
1015848,4,2,1,1,1,0,0,,0,0,1,1,1,1,6,0,0,,1
1007565,0,1,0,0,0,0,0,,0,0,0,0,0,0,0,0,0,,0
1009590,4,2,1,1,0,0,0,1.0,0,0,0,1,0,0,2,0,0,,1
1007233,4,1,1,0,0,0,0,,0,0,0,1,0,0,2,0,0,,1
1004352,0,1,0,0,0,0,0,,0,0,0,0,0,0,0,0,0,,0
1004247,0,1,0,0,0,0,0,,0,0,0,0,0,0,0,0,0,,1
1004707,4,2,1,1,0,0,0,4.0,0,0,0,0,0,0,3,0,0,,1
1005129,4,1,1,0,1,0,0,,0,0,0,0,0,0,0,1,1,,1
1009091,0,1,0,0,0,0,0,,0,0,0,0,0,0,0,0,0,,0
1004791,0,1,0,0,0,0,0,,0,0,0,0,0,0,0,0,0,,0
1001294,4,1,1,0,0,1,0,2.0,0,0,0,0,0,0,1,0,0,,1
1009942,4,2,1,0,0,0,0,,0,1,1,1,1,1,6,0,0,,1
1002915,4,2,1,1,0,0,0,1461.0,0,0,1,1,1,1,6,0,0,,1
1006777,0,1,0,0,0,0,0,,0,0,0,0,0,0,0,0,0,,0
1011610,4,1,1,0,1,0,0,2.0,0,0,0,0,0,0,0,0,0,,1
1013486,0,1,0,0,0,0,0,,0,0,0,0,0,0,0,0,0,,0
1016263,0,1,0,0,0,0,0,,0,0,0,0,0,0,0,0,0,,1
1005787,0,1,0,0,0,0,0,,0,0,0,0,0,0,0,0,0,,0
1000572,4,2,1,1,1,0,0,,0,0,1,1,0,0,3,0,0,,1
1007146,0,1,0,0,0,0,0,,0,0,0,0,0,0,0,0,0,,0
1005577,0,1,0,0,0,0,0,,0,0,0,0,0,0,0,0,0,,0
1001755,0,1,0,0,0,0,0,,0,0,0,0,0,0,0,0,0,,0
1013538,4,1,1,1,0,0,0,,0,0,0,0,0,0,0,1,1,,1
1007902,0,0,0,0,0,0,0,,0,0,0,0,0,0,0,0,1,,1
1005763,4,1,1,0,1,0,0,,0,0,0,0,0,0,0,1,1,,1
1003785,4,0,1,0,0,0,0,,0,0,0,1,0,0,2,0,0,,1
1005911,4,1,1,1,0,0,0,1876.0,0,0,0,0,0,0,0,1,1,,1
1005422,4,1,1,0,1,0,0,,0,0,0,0,0,0,0,1,1,,1
1009389,0,1,0,0,0,0,0,,0,0,0,0,0,0,0,0,0,,0
1002641,0,1,0,0,0,0,0,,0,0,0,0,0,0,0,0,0,,0
1004892,0,1,0,0,0,0,0,,0,0,0,0,0,0,0,0,0,,0
1003062,0,1,0,0,0,0,0,,0,0,0,0,0,0,0,0,0,,0
1001581,0,0,0,0,0,0,0,,0,0,0,0,0,0,0,0,0,,1
1003874,0,1,0,0,0,0,0,,0,0,0,0,0,0,0,0,0,,0
1010263,0,1,0,0,0,0,0,,0,0,0,0,0,0,0,0,0,,1
1012791,0,1,0,0,0,0,0,,0,0,0,0,0,0,0,0,0,,0
1002079,0,1,0,0,0,0,0,,0,0,0,0,0,0,0,0,0,,0
1005469,0,1,0,0,0,0,0,,0,0,0,0,0,0,0,0,0,,1
1009394,0,1,0,0,0,0,0,,0,0,0,0,0,0,0,0,0,,0
1001292,0,1,0,0,0,0,0,,0,0,0,0,0,0,0,0,0,,0
1010780,0,1,0,0,0,0,0,,0,0,0,0,0,0,0,0,0,,0
1008550,0,1,0,0,0,0,0,,0,0,0,0,0,0,0,0,0,,0
1016361,0,1,0,0,0,0,0,,0,0,0,0,0,0,0,0,0,,0
1017187,4,2,1,1,0,0,0,,0,0,1,1,1,1,6,0,0,,1
1002234,0,1,0,0,0,0,0,,0,0,0,0,0,0,0,0,0,,0
1010965,0,1,0,0,0,0,0,,0,0,0,0,0,0,0,0,0,,1
1012900,0,1,0,0,0,0,0,,0,0,0,0,0,0,0,0,0,,0
1002342,0,1,0,0,0,0,0,,0,0,0,0,0,0,0,0,0,,0
1002335,0,1,0,0,0,0,0,,0,0,0,0,0,0,0,0,0,,0
1002411,4,2,1,1,1,1,0,,0,0,1,1,1,1,6,0,0,,1
1001399,0,1,0,0,0,0,0,,0,0,0,0,0,0,0,0,0,,1
1013788,0,1,0,0,0,0,0,,0,0,0,0,0,0,0,0,0,,0
1017183,0,1,0,0,0,0,0,,0,0,0,0,0,0,0,0,0,,0
1012468,0,1,0,0,0,0,0,,0,0,0,0,0,0,0,0,0,,0
1004683,4,2,1,1,1,0,1,,0,0,0,0,0,0,0,0,0,,1
1006245,4,2,1,1,0,0,0,3.0,0,0,1,1,0,0,3,0,0,,1
1004755,0,1,0,0,0,0,0,,0,0,0,0,0,0,0,0,0,,0
1007443,4,2,1,1,0,0,0,14.0,1,0,0,0,0,0,0,0,0,,1
1001063,0,1,0,0,0,0,0,,0,0,0,0,0,0,0,0,0,,0
1002720,0,1,0,0,0,0,0,,0,0,0,0,0,0,0,0,0,,1
1003022,0,1,0,0,0,0,0,,0,0,0,0,0,0,0,0,0,,0
1002025,0,1,0,0,0,0,0,,0,0,0,0,0,0,0,0,0,,0
1007710,0,1,0,0,0,0,0,,0,0,0,0,0,0,0,0,0,,0
1001745,4,2,1,1,1,1,0,1.0,0,0,0,0,0,0,0,0,0,,1
1009213,0,1,0,0,0,0,0,,0,0,0,0,0,0,0,0,0,,0
1008424,0,1,0,0,0,0,0,,0,0,0,0,0,0,0,0,0,,0
1001369,0,1,0,0,0,0,0,,0,0,0,0,0,0,0,0,0,,0
1010736,4,2,1,1,1,1,1,,0,0,1,1,1,1,6,0,0,,1
1015758,0,1,0,0,0,0,0,,0,0,0,0,0,0,0,0,0,,1
1016440,0,1,0,0,0,0,0,,0,0,0,0,0,0,0,0,0,,0
1009945,0,1,0,0,0,0,0,,0,0,0,0,0,0,0,0,0,,0
1014203,0,1,0,0,0,0,0,,0,0,0,0,0,0,0,0,0,,0
1013145,0,1,0,0,0,0,0,,0,0,0,0,0,0,0,0,0,,0
1003365,0,1,0,0,0,0,0,,0,0,0,0,0,0,0,0,0,,0
1010783,4,2,1,1,1,1,0,,0,0,0,0,0,0,0,0,0,,1
1008396,0,1,0,0,0,0,0,,0,0,0,0,0,0,0,0,0,,0
1002772,4,2,1,1,1,1,0,,0,0,0,0,0,0,0,0,0,,1
1009553,0,1,0,0,0,0,0,,0,0,0,0,0,0,0,0,0,,0
1013894,0,0,0,0,0,0,0,,0,0,0,0,0,0,0,0,1,,1
1008792,0,1,0,0,0,0,0,,0,0,0,0,0,0,0,0,0,,0
1003639,0,1,0,0,0,0,0,,0,0,0,0,0,0,0,0,0,,0
1015633,0,1,0,0,0,0,0,,0,0,0,0,0,0,0,0,0,,0
1003399,0,1,0,0,0,0,0,,0,0,0,0,0,0,0,0,0,,0
1000677,0,1,0,0,0,0,0,,0,0,0,0,0,0,0,0,0,,0
1001015,4,2,1,1,0,0,0,,0,0,1,1,1,0,5,0,0,,1
1004346,4,1,1,1,0,0,0,1.0,0,0,0,1,0,0,2,0,0,,1
1014275,0,1,0,0,0,0,0,,0,0,0,0,0,0,0,0,0,,0
1008976,0,1,0,0,0,0,0,,0,0,0,0,0,0,0,0,0,,0
1016191,4,2,1,1,1,0,0,,0,0,1,1,1,1,6,0,0,,1
1002946,4,2,1,1,1,0,0,4.0,0,0,1,1,1,1,6,0,0,,1
1014900,0,1,0,0,0,0,0,,0,0,0,0,0,0,0,0,0,,1
1011929,0,1,0,0,0,0,0,,0,0,0,0,0,0,0,0,0,,1
1013917,4,2,1,1,1,0,0,,0,0,0,1,0,0,2,0,0,,1
1011959,0,1,0,0,0,0,0,,0,0,0,0,0,0,0,0,0,,0
1016127,0,1,0,0,0,0,0,,0,0,0,0,0,0,0,0,0,,0
1000701,4,1,1,1,0,0,0,,0,0,0,0,0,0,0,1,1,,1
1007989,4,2,1,1,1,0,0,3.0,0,0,0,0,0,0,0,0,0,,1
1008523,0,1,0,0,0,0,0,,0,0,0,0,0,0,0,0,0,,1
1004663,0,1,0,0,0,0,0,,0,0,0,0,0,0,0,0,0,,0
1000041,0,1,0,0,0,0,0,,0,0,0,0,0,0,0,0,0,,0
1004631,4,0,1,1,0,0,0,,0,0,0,0,0,0,0,0,0,,1
1002117,4,1,1,1,1,1,0,4.0,0,0,1,1,1,1,5,0,0,,1
1009275,4,2,1,0,0,1,0,,0,0,1,1,1,1,5,0,0,,1
1008565,0,1,0,0,0,0,0,,0,0,0,0,0,0,0,0,0,,0
1007360,3,1,1,0,0,0,0,8580.0,0,0,0,0,0,0,0,0,0,,1
1009666,0,1,0,0,0,0,0,,0,0,0,0,0,0,0,0,0,,0
1001731,0,0,0,0,0,0,0,,0,0,0,0,0,0,0,0,1,,1
1009142,0,0,0,0,0,0,0,,0,0,0,0,0,0,0,0,0,,1
1003723,4,0,1,0,0,0,1,,0,0,0,1,0,0,2,0,0,,1
1012939,0,1,0,0,0,0,0,,0,0,0,0,0,0,0,0,0,,0
1002242,0,1,0,0,0,0,0,,0,0,0,0,0,0,0,0,0,,0
1015779,0,1,0,0,0,0,0,,0,0,0,0,0,0,0,0,0,,0
1009510,0,1,0,0,0,0,0,,0,0,0,0,0,0,0,0,0,,1
1017061,0,1,0,0,0,0,0,,0,0,0,0,0,0,0,0,0,,1
1002752,0,1,0,0,0,0,0,,0,0,0,0,0,0,0,0,0,,0
1016965,0,1,0,0,0,0,0,,0,0,0,0,0,0,0,0,0,,0
1016028,0,1,0,0,0,0,0,,0,0,0,0,0,0,0,0,0,,0
1005721,0,1,0,0,0,0,0,,0,0,0,0,0,0,0,0,0,,0
1010224,4,2,1,1,1,1,0,,0,0,1,1,1,1,5,0,0,,1
1002706,4,2,1,1,1,1,1,,0,0,1,1,0,0,6,0,0,,1
1002254,0,1,0,0,0,0,0,,0,0,0,0,0,0,0,0,0,,1
1005935,0,1,0,0,0,0,0,,0,0,0,0,0,0,0,0,0,,1
1013672,0,1,0,0,0,0,0,,0,0,0,0,0,0,0,0,0,,0
1013831,0,1,0,0,0,0,0,,0,0,0,0,0,0,0,0,0,,0
1015466,4,2,1,1,0,0,0,12.0,0,1,0,1,0,0,2,0,0,,1
1017411,4,1,1,0,1,0,0,1.0,0,1,0,1,0,0,2,0,0,,1
1015411,0,1,0,0,0,0,0,,0,0,0,0,0,0,0,0,0,,0
1001073,4,1,1,1,0,0,0,1.0,0,0,0,0,0,0,0,1,1,,1
1009595,4,2,1,0,0,0,0,1.0,0,0,0,0,0,0,1,0,0,,1
1007952,0,1,0,0,0,0,0,,0,0,0,0,0,0,0,0,0,,1
1008694,0,1,0,0,0,0,0,,0,0,0,0,0,0,0,0,0,,1
1007483,0,1,0,0,0,0,0,,0,0,0,0,0,0,0,0,0,,0
1005697,0,1,0,0,0,0,0,,0,0,0,0,0,0,0,0,0,,0
1008020,4,1,1,1,0,0,0,3.0,0,1,1,1,1,1,6,0,0,,1
1000580,0,1,0,0,0,0,0,,0,0,0,0,0,0,0,0,0,,0
1017150,0,1,0,0,0,0,0,,0,0,0,0,0,0,0,0,0,,0
1011408,0,1,0,0,0,0,0,,0,0,0,0,0,0,0,0,0,,0
1014029,4,1,1,1,0,0,0,2.0,0,0,0,0,0,0,0,1,1,,1
1001510,0,1,0,0,0,0,0,,0,0,0,0,0,0,0,0,0,,1
1003033,4,2,1,1,0,0,0,11.0,0,1,1,1,1,1,6,0,0,,1
1017115,0,1,0,0,0,0,0,,0,0,0,0,0,0,0,0,0,,0
1010835,0,1,0,0,0,0,0,,0,0,0,0,0,0,0,0,0,,0
1013994,0,1,0,0,0,0,0,,0,0,0,0,0,0,0,0,0,,0
1010130,4,2,1,1,1,1,1,,0,0,1,1,1,1,6,0,0,,1
1012176,4,1,1,1,0,0,0,948.0,0,0,0,0,0,0,0,1,1,,1
1016998,0,1,0,0,0,0,0,,0,0,0,0,0,0,0,0,0,,0
1007110,0,0,1,0,0,0,0,,0,0,0,0,0,0,0,1,1,,1
1013789,0,1,0,0,0,0,0,,0,0,0,0,0,0,0,0,0,,0
1010148,4,1,1,0,0,0,0,10.0,0,0,0,1,0,0,1,0,0,,1
1015377,4,1,1,1,0,0,0,3.0,0,0,1,1,0,0,3,0,0,,1
1015048,0,1,0,0,0,0,0,,0,0,0,0,0,0,0,0,0,,0
1017050,0,1,0,0,0,0,0,,0,0,0,0,0,0,0,0,0,,0
1009830,0,1,0,0,0,0,0,,0,0,0,0,0,0,0,0,0,,1
1001907,0,1,0,0,0,0,0,,0,0,0,0,0,0,0,0,0,,0
1015661,4,2,1,1,0,0,0,,0,0,0,0,0,0,2,0,0,,1
1003239,4,2,1,1,0,0,0,1.0,0,0,0,1,0,0,3,0,0,,1
1009734,0,1,0,0,0,0,0,,0,0,0,0,0,0,0,0,0,,0
1003851,0,1,0,0,0,0,0,,0,0,0,0,0,0,0,0,0,,0
1015801,4,1,1,1,0,0,0,1307.0,0,0,0,0,0,0,0,1,1,,1
1008947,0,1,0,0,0,0,0,,0,0,0,0,0,0,0,0,0,,0
1014536,4,0,1,0,1,0,0,,0,0,0,0,0,0,0,1,1,,1
1007596,4,1,1,1,0,0,0,12.0,0,0,0,0,0,0,1,0,0,,1
1011957,0,1,0,0,0,0,0,,0,0,0,0,0,0,0,0,0,,0
1011247,4,1,1,1,0,0,0,,0,0,0,0,0,0,0,1,1,,1
1011342,0,1,0,0,0,0,0,,0,0,0,0,0,0,0,0,0,,0
1012413,0,1,0,0,0,0,0,,0,0,0,0,0,0,0,0,0,,1
1017180,4,2,1,1,0,0,0,10.0,0,0,1,1,0,0,3,0,0,,1
1003873,0,1,0,0,0,0,0,,0,0,0,0,0,0,0,0,0,,1
1004583,0,0,0,0,0,0,0,,0,0,0,0,0,0,0,0,0,,1
1012132,0,1,0,0,0,0,0,,0,0,0,0,0,0,0,0,0,,0
1016091,4,1,1,1,0,0,0,,0,0,1,1,0,0,3,0,0,,1
1002441,0,1,0,0,0,0,0,,0,0,0,0,0,0,0,0,0,,0
1017321,0,1,0,0,0,0,0,,0,0,0,0,0,0,0,0,0,,1
1002070,4,2,1,1,1,0,0,,0,0,1,1,1,1,6,0,0,,1
1000434,4,0,1,1,0,0,0,,0,0,0,0,0,0,0,1,1,,1
1016064,4,2,1,1,1,1,0,,0,1,1,1,1,1,6,0,0,,1
1013437,0,1,0,0,0,0,0,,0,0,0,0,0,0,0,0,0,,0
1012704,0,1,0,0,0,0,0,,0,0,0,0,0,0,0,0,0,,0
1014864,4,1,1,0,0,0,0,10.0,0,0,0,0,0,0,1,0,0,,1
1003162,0,1,0,0,0,0,0,,0,0,0,0,0,0,0,0,0,,0
1016455,0,1,0,0,0,0,0,,0,0,0,0,0,0,0,0,0,,0
1011402,0,1,0,0,0,0,0,,0,0,0,0,0,0,0,0,0,,1
1016999,0,1,0,0,0,0,0,,0,0,0,0,0,0,0,0,0,,0
1009759,4,2,1,1,1,0,0,1.0,0,0,0,1,1,1,4,0,0,,1
1006093,0,1,0,0,0,0,0,,0,0,0,0,0,0,0,0,0,,0
1001828,0,1,0,0,0,0,0,,0,0,0,0,0,0,0,0,0,,1
1005509,0,1,0,0,0,0,0,,0,0,0,0,0,0,0,0,0,,0
1004145,0,1,0,0,0,0,0,,0,0,0,0,0,0,0,0,0,,0
1012143,4,2,1,1,1,0,0,4.0,0,0,0,0,0,0,5,0,0,,1
1001927,4,1,1,1,1,0,0,,0,0,1,1,1,1,6,0,1,,1
1002227,4,2,1,1,1,1,0,,0,0,0,0,0,0,0,0,0,,1
1004181,0,1,0,0,0,0,0,,0,0,0,0,0,0,0,0,0,,0
1012645,0,1,0,0,0,0,0,,0,0,0,0,0,0,0,0,0,,0
1004772,0,1,0,0,0,0,0,,0,0,0,0,0,0,0,0,0,,0
1006563,0,0,0,0,0,0,0,,0,0,0,0,0,0,0,0,0,,1
1005941,0,1,0,0,0,0,0,,0,0,0,0,0,0,0,0,0,,0
1008210,0,1,0,0,0,0,0,,0,0,0,0,0,0,0,0,0,,0
1016858,0,1,0,0,0,0,0,,0,0,0,0,0,0,0,0,0,,0
1005270,0,1,0,0,0,0,0,,0,0,0,0,0,0,0,0,0,,0
1010155,0,1,0,0,0,0,0,,0,0,0,0,0,0,0,0,0,,0
1009866,4,2,1,1,1,1,0,,0,0,1,1,1,1,6,0,0,,1
1005394,0,1,0,0,0,0,0,,0,0,0,0,0,0,0,0,0,,0
1016485,0,1,0,0,0,0,0,,0,0,0,0,0,0,0,0,0,,0
1012234,0,1,0,0,0,0,0,,0,0,0,0,0,0,0,0,0,,0
1015735,0,1,0,0,0,0,0,,0,0,0,0,0,0,0,0,0,,0
1015395,0,1,0,0,0,0,0,,0,0,0,0,0,0,0,0,0,,0
1013014,0,1,0,0,0,0,0,,0,0,0,0,0,0,0,0,0,,0
1012433,0,1,1,1,0,0,0,2.0,0,0,0,0,0,0,0,1,1,,1
1014148,0,0,1,0,0,0,1,,0,0,0,0,0,0,0,1,1,,1
1007502,4,0,1,0,0,0,1,,0,0,0,0,0,0,0,0,1,,1
1017362,0,1,0,0,0,0,0,,0,0,0,0,0,0,0,0,0,,0
1016409,0,1,0,0,0,0,0,,0,0,0,0,0,0,0,0,0,,0
1010757,4,1,1,0,0,0,1,,0,0,0,0,0,0,0,1,1,,1
1009673,0,1,0,0,0,0,0,,0,0,0,0,0,0,0,0,0,,0
1012902,0,1,0,0,0,0,0,,0,0,0,0,0,0,0,0,0,,0
1007652,0,1,0,0,0,0,0,,0,0,0,0,0,0,0,0,0,,0
1014663,0,1,0,0,0,0,0,,0,0,0,0,0,0,0,0,0,,0
1016169,4,2,1,1,0,0,0,1.0,0,0,0,1,1,0,3,0,0,,1
1001311,4,2,1,1,0,0,0,,0,0,0,0,0,0,0,0,0,,1
1011208,4,2,1,1,1,1,1,,0,0,1,1,1,1,6,0,0,,1
1011970,0,1,0,0,0,0,0,,0,0,0,0,0,0,0,0,0,,0
1008713,0,1,0,0,0,0,0,,0,0,0,0,0,0,0,0,0,,0
1015472,4,2,1,0,0,0,0,,0,0,0,1,0,0,2,0,0,,1
1008469,4,2,1,0,0,0,0,,0,0,0,0,0,0,0,0,0,,1
1006025,0,0,0,0,0,0,0,,0,0,0,0,0,0,0,0,1,,1
1010370,0,1,0,0,0,0,0,,0,0,0,0,0,0,0,0,0,,1
1006243,0,1,0,0,0,0,0,,0,0,0,0,0,0,0,0,0,,0
1000927,0,1,0,0,0,0,0,,0,0,0,0,0,0,0,0,0,,0
1012687,0,1,0,0,0,0,0,,0,0,0,0,0,0,0,0,0,,0
1015862,4,1,1,0,1,0,0,12.0,0,1,1,1,0,0,3,0,1,,1
1016577,0,1,0,0,0,0,0,,0,0,0,0,0,0,0,0,0,,0
1012746,4,2,1,1,1,1,0,,0,0,0,0,0,0,0,0,0,,1
1008564,0,1,0,0,0,0,0,,0,0,0,0,0,0,0,0,0,,0
1013771,0,1,0,0,0,0,0,,0,0,0,0,0,0,0,0,0,,0
1015641,0,1,0,0,0,0,0,,0,0,0,0,0,0,0,0,0,,0
1003085,0,1,0,0,0,0,0,,0,0,0,0,0,0,0,0,0,,0
1004153,0,1,0,0,0,0,0,,0,0,0,0,0,0,0,0,0,,0
1003472,0,1,0,0,0,0,0,,0,0,0,0,0,0,0,0,0,,0
1007088,0,1,0,0,0,0,0,,0,0,0,0,0,0,0,0,0,,0
1016793,0,1,0,0,0,0,0,,0,0,0,0,0,0,0,0,0,,1
1011704,0,1,0,0,0,0,0,,0,0,0,0,0,0,0,0,0,,0
1017227,1,0,1,0,0,0,0,,0,0,0,0,0,0,0,0,1,,1
1017533,0,1,0,0,0,0,0,,0,0,0,0,0,0,0,0,0,,0
1004292,0,1,0,0,0,0,0,,0,0,0,0,0,0,0,0,0,,0
1002421,4,2,1,1,0,0,0,,0,0,0,1,0,0,2,0,0,,1
1010267,0,1,0,0,0,0,0,,0,0,0,0,0,0,0,0,0,,0
1009782,0,1,0,0,0,0,0,,0,0,0,0,0,0,0,0,0,,1
1013520,0,1,0,0,0,0,0,,0,0,0,0,0,0,0,0,0,,1
1010610,0,1,0,0,0,0,0,,0,0,0,0,0,0,0,0,0,,0
1014210,0,1,0,0,0,0,0,,0,0,0,0,0,0,0,0,0,,1
1016842,0,1,0,0,0,0,0,,0,0,0,0,0,0,0,0,0,,0
1013610,0,1,0,0,0,0,0,,0,0,0,0,0,0,0,0,0,,0
1008651,4,2,1,1,0,0,0,11.0,0,0,1,1,1,1,6,0,0,,1
1007385,4,2,1,1,1,0,1,,0,0,0,1,0,0,9,0,0,,1
1010179,0,1,0,0,0,0,0,,0,0,0,0,0,0,0,0,0,,0
1016032,0,1,0,0,0,0,0,,0,0,0,0,0,0,0,0,0,,0
1009725,0,1,0,0,0,0,0,,0,0,0,0,0,0,0,0,0,,0
1013998,0,1,0,0,0,0,0,,0,0,0,0,0,0,0,0,0,,0
1004099,4,2,1,1,0,0,0,11.0,0,0,0,1,1,0,3,0,0,,1
1012649,0,0,0,0,0,0,0,,0,0,0,0,0,0,0,0,0,,1
1010205,4,2,1,0,0,0,0,12.0,0,1,0,1,0,1,3,0,0,,1
1013296,0,1,0,0,0,0,0,,0,0,0,0,0,0,0,0,0,,0
1016788,0,1,0,0,0,0,0,,0,0,0,0,0,0,0,0,0,,1
1014019,0,1,0,0,0,0,0,,0,0,0,0,0,0,0,0,0,,0
1008927,4,2,1,0,0,0,0,,0,0,0,0,0,0,2,0,0,,1
1009006,4,2,1,0,1,0,1,3.0,0,0,0,0,0,0,0,0,0,,1
1012927,0,1,0,0,0,0,0,,0,0,0,0,0,0,0,0,0,,0
1008143,3,0,1,0,1,0,0,,0,0,0,0,0,0,0,1,1,,1
1008920,4,2,1,0,1,0,1,,0,0,0,1,0,0,2,0,0,,1
1010100,4,1,1,1,0,0,0,,0,0,0,0,0,0,0,1,1,,1
1007504,0,1,0,0,0,0,0,,0,0,0,0,0,0,0,0,0,,0
1016983,0,1,0,0,0,0,0,,0,0,0,0,0,0,0,0,0,,0
1000190,0,1,0,0,0,0,0,,0,0,0,0,0,0,0,0,0,,1
1007726,0,1,0,0,0,0,0,,0,0,0,0,0,0,0,0,0,,0
1000128,0,1,1,1,0,0,0,1.0,0,0,0,0,0,0,0,1,1,,1
1010120,4,2,1,1,0,0,0,,0,0,0,0,0,0,0,0,0,,1
1010149,4,2,1,0,0,0,0,3.0,0,0,0,0,0,0,1,0,0,,1
1004453,0,1,0,0,0,0,0,,0,0,0,0,0,0,0,0,0,,0
1009155,3,0,1,0,1,0,0,,0,0,0,0,0,0,0,1,1,,1
1001354,0,1,0,0,0,0,0,,0,0,0,0,0,0,0,0,0,,0
1011793,0,1,0,0,0,0,0,,0,0,0,0,0,0,0,0,0,,0
1011698,0,1,0,0,0,0,0,,0,0,0,0,0,0,0,0,0,,0
1013338,4,2,1,0,1,0,0,10.0,0,0,0,0,0,0,0,0,0,,1
1007524,0,1,0,0,0,0,0,,0,0,0,0,0,0,0,0,0,,1
1005011,0,1,0,0,0,0,0,,0,0,0,0,0,0,0,0,0,,0
1015274,0,1,0,0,0,0,0,,0,0,0,0,0,0,0,0,0,,0
1002480,4,2,1,0,0,0,0,,0,0,0,1,0,0,2,0,0,,1
1000972,0,1,0,0,0,0,0,,0,0,0,0,0,0,0,0,0,,0
1015261,0,1,0,0,0,0,0,,0,0,0,0,0,0,0,0,0,,0
1001924,0,1,0,0,0,0,0,,0,0,0,0,0,0,0,0,0,,0
1011922,4,1,1,0,0,0,0,,0,0,0,0,0,0,3,0,0,,1
1005135,0,0,0,0,0,0,0,,0,0,0,0,0,0,0,0,0,,1
1006822,0,1,0,0,0,0,0,,0,0,0,0,0,0,0,0,0,,0
1009775,0,1,0,0,0,0,0,,0,0,0,0,0,0,0,0,0,,0
1011298,0,1,0,0,0,0,0,,0,0,0,0,0,0,0,0,0,,0
1013367,4,2,1,0,0,0,0,,0,0,0,1,1,0,3,0,0,,1
1004726,0,1,0,0,0,0,0,,0,0,0,0,0,0,0,0,0,,0
1007527,0,1,0,0,0,0,0,,0,0,0,0,0,0,0,0,0,,1
1010387,0,1,0,0,0,0,0,,0,0,0,0,0,0,0,0,0,,0
1006055,0,1,0,0,0,0,0,,0,0,0,0,0,0,0,0,0,,1
1000327,4,0,1,0,0,0,0,,0,0,0,0,0,0,0,0,0,,1
1014181,0,1,0,0,0,0,0,,0,0,0,0,0,0,0,0,0,,1
1008906,4,2,1,1,1,0,1,,0,0,0,0,0,0,0,0,0,,1
1010133,4,1,1,1,0,0,0,6.0,0,0,0,0,0,0,3,0,0,,1
1015398,4,1,1,1,0,0,0,2.0,0,0,0,1,0,0,2,0,0,,1
1004858,0,1,0,0,0,0,0,,0,0,0,0,0,0,0,0,0,,0
1000944,0,1,0,0,0,0,0,,0,0,0,0,0,0,0,0,0,,0
1002163,0,1,0,0,0,0,0,,0,0,0,0,0,0,0,0,0,,0
1001191,3,1,1,0,0,0,0,,0,0,0,0,0,0,0,0,0,,1
1012707,3,0,1,0,1,0,0,,0,0,0,0,0,0,0,1,1,,1
1000777,0,1,0,0,0,0,0,,0,0,0,0,0,0,0,0,0,,0
1016452,0,1,0,0,0,0,0,,0,0,0,0,0,0,0,0,0,,0
1006949,0,1,0,0,0,0,0,,0,0,0,0,0,0,0,0,0,,0
1013970,0,1,0,0,0,0,0,,0,0,0,0,0,0,0,0,0,,1
1012338,0,1,0,0,0,0,0,,0,0,0,0,0,0,0,0,0,,0
1002952,0,1,0,0,0,0,0,,0,0,0,0,0,0,0,0,0,,1
1012495,0,1,0,0,0,0,0,,0,0,0,0,0,0,0,0,0,,1
1004852,0,1,0,0,0,0,0,,0,0,0,0,0,0,0,0,0,,0
1015687,0,1,0,0,0,0,0,,0,0,0,0,0,0,0,0,0,,0
1003357,0,1,0,0,0,0,0,,0,0,0,0,0,0,0,0,0,,0
1015053,0,1,0,0,0,0,0,,0,0,0,0,0,0,0,0,0,,0
1014614,0,1,0,0,0,0,0,,0,0,0,0,0,0,0,0,0,,0
1003578,4,1,1,0,0,0,0,2.0,0,0,0,0,0,0,0,0,0,,1
1004632,0,1,0,0,0,0,0,,0,0,0,0,0,0,0,0,0,,0
1016993,0,1,0,0,0,0,0,,0,0,0,0,0,0,0,0,0,,0
1002755,0,1,0,0,0,0,0,,0,0,0,0,0,0,0,0,0,,0
1009527,4,1,1,0,0,0,1,,0,0,0,1,0,0,2,1,1,,1
1010836,0,1,0,0,0,0,0,,0,0,0,0,0,0,0,0,0,,1
1012885,0,1,0,0,0,0,0,,0,0,0,0,0,0,0,0,0,,1
1015125,0,1,0,0,0,0,0,,0,0,0,0,0,0,0,0,0,,0
1011442,0,1,0,0,0,0,0,,0,0,0,0,0,0,0,0,0,,0
1001934,0,1,0,0,0,0,0,,0,0,0,0,0,0,0,0,0,,0
1003853,0,1,0,0,0,0,0,,0,0,0,0,0,0,0,0,0,,0
1012915,0,1,0,0,0,0,0,,0,0,0,0,0,0,0,0,0,,0
1007238,4,2,1,1,0,0,0,,0,0,1,1,0,0,3,0,0,,1
1013047,0,1,0,0,0,0,0,,0,0,0,0,0,0,0,0,0,,1
1007301,0,1,0,0,0,0,0,,0,0,0,0,0,0,0,0,0,,0
1015551,4,2,1,1,1,1,0,,0,0,0,0,0,0,0,0,0,,1
1016195,0,1,0,0,0,0,0,,0,0,0,0,0,0,0,0,0,,0
1005123,0,1,0,0,0,0,0,,0,0,0,0,0,0,0,0,0,,0
1013182,0,1,0,0,0,0,0,,0,0,0,0,0,0,0,0,0,,0
1006716,4,1,1,0,0,0,0,2.0,0,0,0,1,0,0,2,0,0,,1
1016654,0,1,0,0,0,0,0,,0,0,0,0,0,0,0,0,0,,0
1004362,0,1,0,0,0,0,0,,0,0,0,0,0,0,0,0,0,,0
1006372,0,1,0,0,0,0,0,,0,0,0,0,0,0,0,0,0,,0
1000104,0,1,0,0,0,0,0,,0,0,0,0,0,0,0,0,0,,0
1010062,0,1,0,0,0,0,0,,0,0,0,0,0,0,0,0,0,,0
1005908,0,1,0,0,0,0,0,,0,0,0,0,0,0,0,0,0,,0
1003091,0,1,0,0,0,0,0,,0,0,0,0,0,0,0,0,0,,0
1000073,4,2,1,0,0,0,0,,0,0,0,1,1,0,3,0,0,,1
1012329,4,2,1,0,0,0,0,,0,0,1,1,0,0,5,0,0,,1
1002604,0,1,0,0,0,0,0,,0,0,0,0,0,0,0,0,0,,1
1010743,0,1,0,0,0,0,0,,0,0,0,0,0,0,0,0,0,,0
1003872,0,1,0,0,0,0,0,,0,0,0,0,0,0,0,0,0,,0
1010156,0,1,0,0,0,0,0,,0,0,0,0,0,0,0,0,0,,1
1011862,0,1,0,0,0,0,0,,0,0,0,0,0,0,0,0,0,,1
1009211,4,2,1,0,1,0,1,,0,0,0,1,0,0,4,0,0,,1
1003692,0,1,0,0,0,0,0,,0,0,0,0,0,0,0,0,0,,0
1008230,4,0,1,1,0,0,0,2.0,0,0,0,0,0,0,0,0,0,,1
1014288,4,2,1,1,1,0,0,,0,0,1,1,1,1,6,1,1,,1
1016857,0,1,0,0,0,0,0,,0,0,0,0,0,0,0,0,0,,0
1000999,0,1,0,0,0,0,0,,0,0,0,0,0,0,0,0,0,,0
1008877,0,1,0,0,0,0,0,,0,0,0,0,0,0,0,0,0,,0
1002640,0,1,0,0,0,0,0,,0,0,0,0,0,0,0,0,0,,0
1015118,4,2,1,1,1,0,0,,0,0,1,1,1,1,6,0,0,,1
1009739,0,1,0,0,0,0,0,,0,0,0,0,0,0,0,0,0,,0
1000936,0,1,0,0,0,0,0,,0,0,0,0,0,0,0,0,0,,0
1011074,0,1,0,0,0,0,0,,0,0,0,0,0,0,0,0,0,,0
1005667,4,1,1,1,0,0,0,757.0,0,0,0,0,0,0,0,1,1,,1
1016209,0,1,0,0,0,0,0,,0,0,0,0,0,0,0,0,0,,0
1013198,0,1,0,0,0,0,0,,0,0,0,0,0,0,0,0,0,,0
1012539,4,2,1,1,0,0,0,2.0,0,0,0,1,0,0,2,0,0,,1
1001379,4,2,1,1,1,1,0,,0,0,1,1,1,1,6,0,0,,1
1001290,0,1,0,0,0,0,0,,0,0,0,0,0,0,0,0,0,,0
1014847,0,1,0,0,0,0,0,,0,0,0,0,0,0,0,0,0,,0
1014230,0,1,0,0,0,0,0,,0,0,0,0,0,0,0,0,0,,0
1010820,0,1,0,0,0,0,0,,0,0,0,0,0,0,0,0,0,,0
1014233,0,1,0,0,0,0,0,,0,0,0,0,0,0,0,0,0,,0
1008453,0,1,0,0,0,0,0,,0,0,0,0,0,0,0,0,0,,0
1017412,4,2,1,0,1,0,0,,0,0,1,1,1,1,6,0,0,,1
1012271,0,1,0,0,0,0,0,,0,0,0,0,0,0,0,0,0,,0
1011844,4,2,1,0,0,0,0,3.0,0,1,0,1,0,0,2,0,0,,1
1010050,0,1,0,0,0,0,0,,0,0,0,0,0,0,0,0,0,,0
1013580,0,1,0,0,0,0,0,,0,0,0,0,0,0,0,0,0,,0
1004531,0,1,0,0,0,0,0,,0,0,0,0,0,0,0,0,0,,0
1009554,0,1,0,0,0,0,0,,0,0,0,0,0,0,0,0,0,,1
1001357,4,2,1,0,1,0,0,18.0,0,1,1,1,1,1,6,0,0,,1
1005545,0,1,0,0,0,0,0,,0,0,0,0,0,0,0,0,0,,0
1008395,0,1,0,0,0,0,0,,0,0,0,0,0,0,0,0,0,,0
1002302,4,2,1,1,0,0,0,,0,0,1,1,0,0,3,0,0,,1
1002546,0,1,0,0,0,0,0,,0,0,0,0,0,0,0,0,0,,0
1006444,0,1,0,0,0,0,0,,0,0,0,0,0,0,0,0,0,,0
1010648,4,2,1,1,1,1,0,2.0,0,1,1,1,1,1,6,0,0,,1
1001527,0,1,0,0,0,0,0,,0,0,0,0,0,0,0,0,0,,1
1006905,0,0,0,0,0,0,0,,0,0,0,0,0,0,0,0,0,,1
1016368,4,2,1,0,0,0,0,2.0,0,0,0,0,0,0,1,0,0,,1
1000322,4,2,1,1,0,0,0,,0,0,1,1,1,1,6,0,0,,1
1010163,0,1,0,0,0,0,0,,0,0,0,0,0,0,0,0,0,,0
1016425,0,1,0,0,0,0,0,,0,0,0,0,0,0,0,0,0,,0
1000379,0,1,0,0,0,0,0,,0,0,0,0,0,0,0,0,0,,1
1011872,0,1,0,0,0,0,0,,0,0,0,0,0,0,0,0,0,,0
1011124,0,0,0,0,0,0,0,,0,0,0,0,0,0,0,0,1,,1
1015627,0,1,0,0,0,0,0,,0,0,0,0,0,0,0,0,0,,0
1010505,4,1,1,0,0,0,0,2.0,0,1,0,0,0,0,2,0,0,,1
1016662,0,1,0,0,0,0,0,,0,0,0,0,0,0,0,0,0,,0
1011223,0,1,0,0,0,0,0,,0,0,0,0,0,0,0,0,0,,1
1009792,0,1,0,0,0,0,0,,0,0,0,0,0,0,0,0,0,,0
1006073,4,2,1,0,0,0,0,3.0,0,1,0,1,1,1,4,0,0,,1
1003568,4,1,1,0,1,0,0,,0,0,1,1,0,0,3,0,0,,1
1002386,0,1,0,0,0,0,0,,0,0,0,0,0,0,0,0,0,,0
1006690,0,1,0,0,0,0,0,,0,0,0,0,0,0,0,0,0,,0
1007986,0,1,0,0,0,0,0,,0,0,0,0,0,0,0,0,0,,0
1003857,0,1,0,0,0,0,0,,0,0,0,0,0,0,0,0,0,,0
1002217,0,1,0,0,0,0,0,,0,0,0,0,0,0,0,0,0,,0
1012343,4,1,1,0,0,0,0,,0,0,0,0,0,0,1,0,0,,1
1000652,0,1,0,0,0,0,0,,0,0,0,0,0,0,0,0,0,,0
1015521,4,2,1,0,0,0,0,,0,0,0,1,0,0,7,0,0,,1
1015964,0,1,0,0,0,0,0,,0,0,0,0,0,0,0,0,0,,0
1009206,0,1,0,0,0,0,0,,0,0,0,0,0,0,0,0,0,,0
1010365,0,1,0,0,0,0,0,,0,0,0,0,0,0,0,0,0,,0
1011982,0,1,0,0,0,0,0,,0,0,0,0,0,0,0,0,0,,0
1004940,4,2,1,1,1,0,0,2.0,0,0,1,1,1,1,6,0,0,,1
1017580,0,1,0,0,0,0,0,,0,0,0,0,0,0,0,0,0,,1
1010488,4,1,1,0,0,0,0,1.0,0,0,0,1,0,0,1,0,0,,1
1007080,0,1,0,0,0,0,0,,0,0,0,0,0,0,0,0,0,,0
1017489,0,0,1,0,0,0,0,,0,0,0,0,0,0,0,1,1,,1
1013959,0,1,0,0,0,0,0,,0,0,0,0,0,0,0,0,0,,0
1011160,0,1,0,0,0,0,0,,0,0,0,0,0,0,0,0,0,,1
1008836,0,1,0,0,0,0,0,,0,0,0,0,0,0,0,0,0,,0
1001609,0,1,0,0,0,0,0,,0,0,0,0,0,0,0,0,0,,1
1010607,0,1,0,0,0,0,0,,0,0,0,0,0,0,0,0,0,,1
1013979,0,1,0,0,0,0,0,,0,0,0,0,0,0,0,0,0,,1
1005004,0,1,0,0,0,0,0,,0,0,0,0,0,0,0,0,0,,1
1001877,4,0,1,0,1,0,0,,0,0,0,0,0,0,0,1,1,,1
1009898,0,1,0,0,0,0,0,,0,0,0,0,0,0,0,0,0,,0
1001974,0,1,0,0,0,0,0,,0,0,0,0,0,0,0,0,0,,0
1010596,0,1,0,0,0,0,0,,0,0,0,0,0,0,0,0,0,,0
1007151,0,1,0,0,0,0,0,,0,0,0,0,0,0,0,0,0,,0
1009570,4,1,1,1,0,0,0,,0,0,0,0,0,0,0,1,1,,1
1006656,0,1,0,0,0,0,0,,0,0,0,0,0,0,0,0,0,,0
1013923,0,1,0,0,0,0,0,,0,0,0,0,0,0,0,0,0,,0
1006832,4,2,1,1,0,0,0,18.0,1,0,1,1,1,1,6,0,0,,1
1001610,0,1,0,0,0,0,0,,0,0,0,0,0,0,0,0,0,,1
1006033,0,1,0,0,0,0,0,,0,0,0,0,0,0,0,0,0,,0
1016471,0,1,0,0,0,0,0,,0,0,0,0,0,0,0,0,0,,1
1016460,0,1,0,0,0,0,0,,0,0,0,0,0,0,0,0,0,,0
1000134,0,1,0,0,0,0,0,,0,0,0,0,0,0,0,0,0,,0
1016655,0,1,0,0,0,0,0,,0,0,0,0,0,0,0,0,0,,0
1002874,0,1,0,0,0,0,0,,0,0,0,0,0,0,0,0,0,,0
1017090,0,0,0,0,0,0,0,,0,0,0,0,0,0,0,0,0,,1
1004582,0,1,0,0,0,0,0,,0,0,0,0,0,0,0,0,0,,0
1006049,0,1,0,0,0,0,0,,0,0,0,0,0,0,0,0,0,,0
1003571,0,1,0,0,0,0,0,,0,0,0,0,0,0,0,0,0,,0
1012557,0,1,0,0,0,0,0,,0,0,0,0,0,0,0,0,0,,0
1000894,0,1,0,0,0,0,0,,0,0,0,0,0,0,0,0,0,,0
1001460,0,1,0,0,0,0,0,,0,0,0,0,0,0,0,0,0,,0
1001393,0,1,0,0,0,0,0,,0,0,0,0,0,0,0,0,0,,0
1016960,0,1,0,0,0,0,0,,0,0,0,0,0,0,0,0,0,,0
1013146,0,1,0,0,0,0,0,,0,0,0,0,0,0,0,0,0,,0
1004672,4,2,1,0,1,0,0,,0,0,0,0,0,0,0,0,0,,1
1013096,0,1,0,0,0,0,0,,0,0,0,0,0,0,0,0,0,,0
1001077,4,2,1,1,0,0,0,3.0,0,0,0,0,0,0,0,1,1,,1
1003667,0,1,0,0,0,0,0,,0,0,0,0,0,0,0,0,0,,0
1008964,0,1,0,0,0,0,0,,0,0,0,0,0,0,0,0,0,,0
1016399,0,1,0,0,0,0,0,,0,0,0,0,0,0,0,0,0,,1
1010274,0,1,0,0,0,0,0,,0,0,0,0,0,0,0,0,0,,0
1009285,4,0,1,0,1,0,0,,0,0,0,0,0,0,0,0,1,,1
1016541,0,1,0,0,0,0,0,,0,0,0,0,0,0,0,0,0,,0
1014742,4,2,1,1,0,0,0,2.0,0,0,1,1,1,1,6,0,0,,1
1014761,0,1,0,0,0,0,0,,0,0,0,0,0,0,0,0,0,,0
1016555,0,1,0,0,0,0,0,,0,0,0,0,0,0,0,0,0,,0
1008761,0,0,0,0,0,0,0,,0,0,0,0,0,0,0,0,0,,1
1004309,0,1,0,0,0,0,0,,0,0,0,0,0,0,0,0,0,,1
1009412,0,1,0,0,0,0,0,,0,0,0,0,0,0,0,0,0,,0
1013348,0,1,0,0,0,0,0,,0,0,0,0,0,0,0,0,0,,0
1013616,0,1,0,0,0,0,0,,0,0,0,0,0,0,0,0,0,,0
1007742,0,1,0,0,0,0,0,,0,0,0,0,0,0,0,0,0,,0
1009503,4,2,1,1,1,1,0,,0,0,0,1,0,1,3,0,0,,1
1002694,0,1,0,0,0,0,0,,0,0,0,0,0,0,0,0,0,,0
1016131,0,1,0,0,0,0,0,,0,0,0,0,0,0,0,0,0,,0
1003236,0,1,0,0,0,0,0,,0,0,0,0,0,0,0,0,0,,0
1004540,0,1,0,0,0,0,0,,0,0,0,0,0,0,0,0,0,,0
1013116,4,2,1,0,0,0,0,,0,1,1,1,1,1,6,0,0,,1
1006209,4,2,1,1,1,1,1,,0,0,1,1,1,1,6,0,0,,1
1001371,4,2,1,1,0,0,0,15.0,0,0,0,0,0,0,1,0,0,,1
1012008,0,1,0,0,0,0,0,,0,0,0,0,0,0,0,0,0,,0
1007921,0,1,0,0,0,0,0,,0,0,0,0,0,0,0,0,0,,0
1005436,0,1,0,0,0,0,0,,0,0,0,0,0,0,0,0,0,,0
1013983,4,2,1,1,0,1,0,,0,0,1,1,1,1,6,0,0,,1
1014822,4,2,1,1,1,0,0,,0,0,0,1,1,1,4,0,0,,1
1015967,4,0,1,0,0,0,0,,0,0,0,0,0,0,0,0,0,,1
1005432,4,2,1,1,1,1,0,,0,0,1,1,1,1,6,0,0,,1
1006329,0,1,0,0,0,0,0,,0,0,0,0,0,0,0,0,0,,0
1008689,0,1,0,0,0,0,0,,0,0,0,0,0,0,0,0,0,,0
1013231,0,1,0,0,0,0,0,,0,0,0,0,0,0,0,0,0,,0
1004066,0,1,0,0,0,0,0,,0,0,0,0,0,0,0,0,0,,0
1002381,4,2,1,1,1,1,0,2016.0,0,0,1,1,1,1,6,0,0,,1
1001705,0,0,0,0,0,0,0,,0,0,0,0,0,0,0,0,0,,1
1007546,4,0,1,0,0,0,1,,0,0,0,1,0,0,2,0,0,,1
1007446,0,1,0,0,0,0,0,,0,0,0,0,0,0,0,0,0,,1
1012883,0,1,0,0,0,0,0,,0,0,0,0,0,0,0,0,0,,0
1014725,0,1,0,0,0,0,0,,0,0,0,0,0,0,0,0,0,,0
1002868,0,1,0,0,0,0,0,,0,0,0,0,0,0,0,0,0,,1
1015856,4,2,1,1,1,0,0,,0,0,1,1,1,1,6,0,0,,1
1001233,4,2,1,0,0,0,0,,0,0,0,1,0,0,2,0,0,,1
1016304,0,1,0,0,0,0,0,,0,0,0,0,0,0,0,0,0,,0
1015530,4,2,1,1,1,1,0,,0,1,0,0,0,0,0,0,0,,1
1006928,0,1,0,0,0,0,0,,0,0,0,0,0,0,0,0,0,,0
1006568,0,1,0,0,0,0,0,,0,0,0,0,0,0,0,0,0,,0
1011764,0,1,0,0,0,0,0,,0,0,0,0,0,0,0,0,0,,0
1007203,4,0,1,1,0,0,0,10.0,0,0,0,1,0,0,2,0,0,,1
1013756,4,2,1,1,1,1,1,,0,0,1,1,1,1,6,0,0,,1
1010482,4,2,1,1,1,1,0,,0,0,0,0,0,0,0,0,0,,1
1014277,4,1,1,1,0,0,0,,0,0,0,0,0,0,0,1,1,,1
1006815,4,1,1,1,0,0,0,,0,0,0,0,0,0,0,1,1,,1
1010468,4,1,1,0,0,1,0,2.0,0,0,0,0,0,0,0,0,0,,1
1015252,0,1,0,0,0,0,0,,0,0,0,0,0,0,0,0,0,,1
1012956,4,2,1,0,0,0,0,,0,0,0,0,0,0,1,0,0,,1
1006162,4,1,1,1,0,0,0,,0,0,0,0,0,0,0,1,1,,1
1008873,0,1,0,0,0,0,0,,0,0,0,0,0,0,0,0,0,,0
1001715,0,1,0,0,0,0,0,,0,0,0,0,0,0,0,0,0,,0
1014601,4,1,1,0,0,0,1,,0,0,0,1,0,0,2,1,1,,1
1013335,4,1,1,0,0,0,1,,0,0,0,1,0,0,2,0,0,,1
1002541,0,0,0,0,0,0,0,,0,0,0,0,0,0,0,0,0,,1
1005930,4,1,1,0,1,0,0,2.0,0,1,0,1,0,1,3,0,0,,1
1000589,0,1,0,0,0,0,0,,0,0,0,0,0,0,0,0,0,,0
1012395,4,2,1,0,0,0,0,10.0,0,0,0,0,0,0,1,0,0,,1
1005566,4,1,1,0,1,0,0,2.0,0,0,0,0,0,0,5,0,0,,1
1014461,0,1,0,0,0,0,0,,0,0,0,0,0,0,0,0,0,,0
1010127,0,1,0,0,0,0,0,,0,0,0,0,0,0,0,0,0,,0
1003122,0,1,0,0,0,0,0,,0,0,0,0,0,0,0,0,0,,1
1001668,0,1,0,0,0,0,0,,0,0,0,0,0,0,0,0,0,,0
1001985,4,2,1,1,0,0,0,2.0,0,0,0,1,0,0,2,0,0,,1
1007740,0,0,1,0,0,0,0,,0,0,0,1,0,0,2,0,0,,1
1014821,0,1,0,0,0,0,0,,0,0,0,0,0,0,0,0,0,,0
1016079,0,1,0,0,0,0,0,,0,0,0,0,0,0,0,0,0,,0
1017576,4,1,1,0,0,0,1,,0,0,0,1,0,0,2,1,1,,1
1008692,0,1,0,0,0,0,0,,0,0,0,0,0,0,0,0,0,,1
1008331,0,1,0,0,0,0,0,,0,0,0,0,0,0,0,0,0,,1
1016661,4,2,1,1,1,0,0,,0,0,0,0,0,0,0,0,0,,1
1005049,0,1,0,0,0,0,0,,0,0,0,0,0,0,0,0,0,,0
1005370,0,1,0,0,0,0,0,,0,0,0,0,0,0,0,0,0,,1
1017542,0,1,0,0,0,0,0,,0,0,0,0,0,0,0,0,0,,0
1014862,4,1,1,0,0,0,0,,0,0,0,0,0,0,1,0,0,,1
1010374,0,1,0,0,0,0,0,,0,0,0,0,0,0,0,0,0,,0
1009075,4,0,1,0,0,0,0,,0,0,0,0,0,0,0,1,1,,1
1013589,0,1,0,0,0,0,0,,0,0,0,0,0,0,0,0,0,,0
1002596,0,1,0,0,0,0,0,,0,0,0,0,0,0,0,0,0,,1
1003632,4,0,1,1,0,0,0,12.0,0,0,0,0,0,0,0,1,1,,1
1005479,0,0,0,0,0,0,0,,0,0,0,0,0,0,0,0,0,,1
1010235,4,2,1,1,1,0,0,,0,0,0,0,0,0,4,0,0,,1
1012354,0,0,1,0,0,0,0,,0,0,0,0,0,0,0,0,1,,1
1006550,0,1,0,0,0,0,0,,0,0,0,0,0,0,0,0,0,,0
1002622,0,1,0,0,0,0,0,,0,0,0,0,0,0,0,0,0,,0
1000507,0,1,0,0,0,0,0,,0,0,0,0,0,0,0,0,0,,0
1001726,0,1,0,0,0,0,0,,0,0,0,0,0,0,0,0,0,,1
1003651,0,1,0,0,0,0,0,,0,0,0,0,0,0,0,0,0,,1
1013197,0,1,0,0,0,0,0,,0,0,0,0,0,0,0,0,0,,0
1001850,0,1,0,0,0,0,0,,0,0,0,0,0,0,0,0,0,,0
1003376,0,1,0,0,0,0,0,,0,0,0,0,0,0,0,0,0,,1
1002988,4,2,1,0,0,0,0,12.0,0,0,0,1,0,0,2,0,0,,1
1014013,0,1,0,0,0,0,0,,0,0,0,0,0,0,0,0,0,,0
1005601,4,2,1,1,1,1,1,,0,0,1,1,0,0,3,0,0,,1
1013060,4,1,1,1,0,0,0,3.0,0,0,0,0,0,0,0,0,0,,1
1016240,0,1,0,0,0,0,0,,0,0,0,0,0,0,0,0,0,,0
1013595,0,1,0,0,0,0,0,,0,0,0,0,0,0,0,0,0,,0
1017503,0,1,0,0,0,0,0,,0,0,0,0,0,0,0,0,0,,1
1015461,0,1,0,0,0,0,0,,0,0,0,0,0,0,0,0,0,,0
1008749,4,2,1,0,0,0,0,,0,1,1,1,1,1,6,0,0,,1
1012686,4,1,1,1,1,0,0,,0,0,0,0,0,0,0,0,0,,1
1010550,0,1,0,0,0,0,0,,0,0,0,0,0,0,0,0,0,,0
1002277,4,2,1,1,0,0,0,1.0,0,0,0,0,0,0,0,1,1,,1
1014012,0,1,0,0,0,0,0,,0,0,0,0,0,0,0,0,0,,0
1008772,0,1,0,0,0,0,0,,0,0,0,0,0,0,0,0,0,,1
1012461,0,1,0,0,0,0,0,,0,0,0,0,0,0,0,0,0,,0
1016171,4,2,1,1,1,0,1,,0,0,1,1,1,1,5,0,0,,1
1008394,4,2,1,0,0,0,0,,0,0,0,1,0,0,2,0,0,,1
1014391,0,1,0,0,0,0,0,,0,0,0,0,0,0,0,0,0,,0
1017598,4,2,1,0,1,0,0,1.0,0,0,0,0,0,0,0,0,0,,1
1013575,0,1,0,0,0,0,0,,0,0,0,0,0,0,0,0,0,,0
1017603,4,2,1,1,0,0,0,,0,0,0,1,1,1,4,0,0,,1
1003756,0,1,0,0,0,0,0,,0,0,0,0,0,0,0,0,0,,0
1011545,0,1,0,0,0,0,0,,0,0,0,0,0,0,0,0,0,,0
1017517,4,2,1,1,1,0,0,,0,0,0,0,0,0,0,0,0,,1
1009139,4,1,1,1,1,1,0,,1,0,1,1,1,1,6,0,0,,1
1006652,4,2,1,1,1,1,0,,0,0,0,0,0,0,0,0,0,,1
1016344,0,1,0,0,0,0,0,,0,0,0,0,0,0,0,0,0,,0
1006916,4,0,1,0,0,0,0,,0,0,0,0,0,0,0,1,1,,1
1016020,0,1,0,0,0,0,0,,0,0,0,0,0,0,0,0,0,,0
1010530,4,1,1,1,0,0,0,,0,0,0,0,0,0,0,1,1,,1
1009815,4,2,1,0,0,0,0,,0,0,1,1,1,1,6,0,0,,1
1015349,0,1,0,0,0,0,0,,0,0,0,0,0,0,0,0,0,,0
1006974,0,1,0,0,0,0,0,,0,0,0,0,0,0,0,0,0,,0
1005651,0,1,0,0,0,0,0,,0,0,0,0,0,0,0,0,0,,0
1001754,0,1,0,0,0,0,0,,0,0,0,0,0,0,0,0,0,,1
1010476,0,1,0,0,0,0,0,,0,0,0,0,0,0,0,0,0,,0
1003628,4,2,1,1,1,0,0,,0,0,1,1,1,1,6,0,0,,1
1007244,0,1,0,0,0,0,0,,0,0,0,0,0,0,0,0,0,,0
1005189,4,2,1,1,1,1,1,,0,0,0,0,0,0,0,0,0,,1
1007950,0,1,0,0,0,0,0,,0,0,0,0,0,0,0,0,0,,1
1013298,0,1,0,0,0,0,0,,0,0,0,0,0,0,0,0,0,,0
1012362,0,0,1,1,0,0,0,2.0,0,0,0,0,0,0,0,0,0,,1
1015449,0,1,0,0,0,0,0,,0,0,0,0,0,0,0,0,0,,0
1001112,0,1,0,0,0,0,0,,0,0,0,0,0,0,0,0,0,,0
1011886,0,1,0,0,0,0,0,,0,0,0,0,0,0,0,0,0,,0
1012072,0,1,0,0,0,0,0,,0,0,0,0,0,0,0,0,0,,0
1010495,0,1,0,0,0,0,0,,0,0,0,0,0,0,0,0,0,,0
1008502,4,2,1,1,1,0,0,,0,0,1,1,1,1,6,0,0,,1
1000925,0,1,0,0,0,0,0,,0,0,0,0,0,0,0,0,0,,0
1002531,0,1,0,0,0,0,0,,0,0,0,0,0,0,0,0,0,,0
1001377,0,1,0,0,0,0,0,,0,0,0,0,0,0,0,0,0,,0
1011183,0,1,0,0,0,0,0,,0,0,0,0,0,0,0,0,0,,0
1009283,0,1,0,0,0,0,0,,0,0,0,0,0,0,0,0,0,,0
1003367,4,2,1,0,0,0,0,,0,0,0,1,0,0,2,0,0,,1
1017571,0,1,0,0,0,0,0,,0,0,0,0,0,0,0,0,0,,1
1004230,4,2,1,1,1,0,0,2.0,0,1,1,1,1,1,6,0,0,,1
1012491,0,1,0,0,0,0,0,,0,0,0,0,0,0,0,0,0,,1
1017093,0,1,0,0,0,0,0,,0,0,0,0,0,0,0,0,0,,0
1000996,0,1,0,0,0,0,0,,0,0,0,0,0,0,0,0,0,,0
1007427,4,2,1,1,0,0,0,3.0,0,0,0,0,0,0,0,0,0,,1
1010203,0,1,0,0,0,0,0,,0,0,0,0,0,0,0,0,0,,0
1015807,4,1,1,1,0,0,0,,0,0,0,0,0,0,0,0,0,,1
1002361,0,1,0,0,0,0,0,,0,0,0,0,0,0,0,0,0,,0
1014186,0,1,0,0,0,0,0,,0,0,0,0,0,0,0,0,0,,0
1007697,4,2,1,1,1,0,0,5.0,0,0,0,0,0,0,8,0,0,,1
1000214,0,1,0,0,0,0,0,,0,0,0,0,0,0,0,0,0,,0
1009378,0,1,0,0,0,0,0,,0,0,0,0,0,0,0,0,0,,0
1017243,0,1,0,0,0,0,0,,0,0,0,0,0,0,0,0,0,,0
1000254,0,1,0,0,0,0,0,,0,0,0,0,0,0,0,0,0,,0
1016106,0,1,0,0,0,0,0,,0,0,0,0,0,0,0,0,0,,0
1001923,0,1,0,0,0,0,0,,0,0,0,0,0,0,0,0,0,,0
1005041,4,2,1,1,0,0,0,,0,0,1,1,1,1,6,0,0,,1
1015207,4,2,1,1,0,0,0,4.0,0,1,0,0,0,0,4,0,0,,1
1002685,0,1,0,0,0,0,0,,0,0,0,0,0,0,0,0,0,,0
1012941,4,2,1,1,0,0,0,,0,0,0,1,0,1,3,0,0,,1
1001207,0,1,0,0,0,0,0,,0,0,0,0,0,0,0,0,0,,0
1015562,0,1,0,0,0,0,0,,0,0,0,0,0,0,0,0,0,,0
1002429,4,1,1,0,1,0,0,1404.0,0,0,0,0,0,0,0,1,1,,1
1017104,0,1,0,0,0,0,0,,0,0,0,0,0,0,0,0,0,,0
1005086,0,1,0,0,0,0,0,,0,0,0,0,0,0,0,0,0,,1
1012291,0,1,0,0,0,0,0,,0,0,0,0,0,0,0,0,0,,0
1014056,0,1,0,0,0,0,0,,0,0,0,0,0,0,0,0,0,,0
1015158,0,1,0,0,0,0,0,,0,0,0,0,0,0,0,0,0,,0
1014296,0,1,0,0,0,0,0,,0,0,0,0,0,0,0,0,0,,0
1012046,0,1,0,0,0,0,0,,0,0,0,0,0,0,0,0,0,,0
1003011,0,1,0,0,0,0,0,,0,0,0,0,0,0,0,0,0,,0
1014244,0,1,0,0,0,0,0,,0,0,0,0,0,0,0,0,0,,0
1013309,0,1,0,0,0,0,0,,0,0,0,0,0,0,0,0,0,,0
1001966,0,1,0,0,0,0,0,,0,0,0,0,0,0,0,0,0,,0
1011245,0,1,0,0,0,0,0,,0,0,0,0,0,0,0,0,0,,0
1004967,0,1,0,0,0,0,0,,0,0,0,0,0,0,0,0,0,,0
1008086,0,1,0,0,0,0,0,,0,0,0,0,0,0,0,0,0,,0
1008051,0,1,0,0,0,0,0,,0,0,0,0,0,0,0,0,0,,0
1003099,0,1,0,0,0,0,0,,0,0,0,0,0,0,0,0,0,,1
1005149,4,2,1,1,1,1,0,,0,0,0,0,0,0,0,0,0,,1
1011054,4,1,1,0,0,0,1,,0,0,0,1,0,0,2,1,1,,1
1016050,4,2,1,0,0,0,0,,0,0,1,1,1,1,6,0,0,,1
1014891,4,1,1,0,0,0,0,,0,0,0,1,0,0,2,0,0,,1
1002291,4,2,1,1,0,0,0,1.0,0,0,1,1,1,1,6,0,0,,1
1011241,0,1,0,0,0,0,0,,0,0,0,0,0,0,0,0,0,,0
1017044,0,1,0,0,0,0,0,,0,0,0,0,0,0,0,0,0,,0
1016739,0,1,0,0,0,0,0,,0,0,0,0,0,0,0,0,0,,0
1014336,4,2,1,1,1,1,0,2.0,0,0,1,1,1,1,5,0,0,,1
1013636,0,1,0,0,0,0,0,,0,0,0,0,0,0,0,0,0,,0
1005992,0,1,0,0,0,0,0,,0,0,0,0,0,0,0,0,0,,1
1007628,4,2,1,1,0,1,0,,0,1,1,1,1,1,6,0,0,,1
1004177,0,1,0,0,0,0,0,,0,0,0,0,0,0,0,0,0,,0
1005814,0,1,0,0,0,0,0,,0,0,0,0,0,0,0,0,0,,0
1002639,0,1,0,0,0,0,0,,0,0,0,0,0,0,0,0,0,,0
1007408,0,1,0,0,0,0,0,,0,0,0,0,0,0,0,0,0,,0
1002635,0,1,0,0,0,0,0,,0,0,0,0,0,0,0,0,0,,0
1008678,0,1,0,0,0,0,0,,0,0,0,0,0,0,0,0,0,,0
1006163,4,1,1,0,0,0,1,,0,0,0,1,0,0,2,1,1,,1
1016516,0,1,0,0,0,0,0,,0,0,0,0,0,0,0,0,0,,0
1000515,0,1,0,0,0,0,0,,0,0,0,0,0,0,0,0,0,,0
1016332,0,1,0,0,0,0,0,,0,0,0,0,0,0,0,0,0,,0
1011890,0,1,0,0,0,0,0,,0,0,0,0,0,0,0,0,0,,0
1002524,0,1,0,0,0,0,0,,0,0,0,0,0,0,0,0,0,,0
1007577,4,2,1,1,1,1,0,,0,0,1,1,1,1,6,0,0,,1
1004871,4,1,1,0,0,0,1,,0,0,0,1,0,0,1,1,1,,1
1005147,4,2,1,1,0,0,0,21.0,0,0,0,1,0,1,3,0,0,,1
1007197,4,2,1,0,1,1,0,19.0,0,0,1,1,1,1,6,0,0,,1
1004936,0,1,0,0,0,0,0,,0,0,0,0,0,0,0,0,0,,0
1002939,4,0,1,1,0,0,0,,0,0,0,0,0,0,0,1,1,,1
1011877,0,1,0,0,0,0,0,,0,0,0,0,0,0,0,0,0,,0
1012870,0,0,1,1,0,0,0,,0,0,0,0,0,0,0,0,1,,1
1016258,4,0,1,0,0,0,1,,0,0,0,0,0,0,0,1,1,,1
1013479,0,1,0,0,0,0,0,,0,0,0,0,0,0,0,0,0,,0
1005220,0,1,0,0,0,0,0,,0,0,0,0,0,0,0,0,0,,0
1003167,0,1,0,0,0,0,0,,0,0,0,0,0,0,0,0,0,,0
1011132,0,1,0,0,0,0,0,,0,0,0,0,0,0,0,0,0,,0
1000340,0,1,0,0,0,0,0,,0,0,0,0,0,0,0,0,0,,1
1004646,0,1,0,0,0,0,0,,0,0,0,0,0,0,0,0,0,,0
1012243,0,1,0,0,0,0,0,,0,0,0,0,0,0,0,0,0,,1
1017384,0,1,0,0,0,0,0,,0,0,0,0,0,0,0,0,0,,0
1011733,0,1,0,0,0,0,0,,0,0,0,0,0,0,0,0,0,,0
1008282,4,2,1,1,1,1,0,1.0,0,0,0,0,0,0,0,0,0,,1
1009522,0,1,0,0,0,0,0,,0,0,0,0,0,0,0,0,0,,0
1007103,4,1,1,1,0,0,0,,0,0,0,0,0,0,0,1,1,,1
1016420,4,1,1,1,0,0,0,,0,0,1,1,1,1,6,0,0,,1
1007396,4,2,1,1,1,1,0,4.0,0,0,1,1,1,1,6,0,0,,1
1015745,0,1,0,0,0,0,0,,0,0,0,0,0,0,0,0,0,,0
1013628,4,2,1,1,0,0,0,15.0,0,0,1,1,1,1,6,0,0,,1
1015214,0,1,0,0,0,0,0,,0,0,0,0,0,0,0,0,0,,0
1017186,0,1,0,0,0,0,0,,0,0,0,0,0,0,0,0,0,,0
1004008,0,1,0,0,0,0,0,,0,0,0,0,0,0,0,0,0,,0
1008811,4,2,1,1,1,1,0,2.0,0,0,0,0,0,0,0,0,0,,1
1008490,0,1,0,0,0,0,0,,0,0,0,0,0,0,0,0,0,,0
1011483,0,1,0,0,0,0,0,,0,0,0,0,0,0,0,0,0,,0
1007711,4,0,1,1,0,0,0,1.0,0,0,0,1,0,1,3,0,0,,1
1012781,4,2,1,1,0,1,0,28.0,0,0,1,1,1,1,6,0,0,,1
1014108,0,1,0,0,0,0,0,,0,0,0,0,0,0,0,0,0,,0
1014830,0,1,0,0,0,0,0,,0,0,0,0,0,0,0,0,0,,0
1001781,0,1,0,0,0,0,0,,0,0,0,0,0,0,0,0,0,,1
1002103,0,1,0,0,0,0,0,,0,0,0,0,0,0,0,0,0,,0
1014866,0,1,0,0,0,0,0,,0,0,0,0,0,0,0,0,0,,0
1014994,4,2,1,1,1,1,0,,0,0,0,0,0,0,0,0,0,,1
1016727,0,1,0,0,0,0,0,,0,0,0,0,0,0,0,0,0,,0
1017019,4,1,1,1,0,0,0,,0,0,0,0,0,0,0,1,1,,1
1012825,0,1,0,0,0,0,0,,0,0,0,0,0,0,0,0,0,,0
1009360,0,1,0,0,0,0,0,,0,0,0,0,0,0,0,0,0,,0
1012696,0,1,0,0,0,0,0,,0,0,0,0,0,0,0,0,0,,0
1002855,0,1,0,0,0,0,0,,0,0,0,0,0,0,0,0,0,,0
1010714,3,0,1,0,0,0,0,,0,0,0,0,0,0,0,1,1,,1
1014189,0,1,0,0,0,0,0,,0,0,0,0,0,0,0,0,0,,0
1012222,0,1,0,0,0,0,0,,0,0,0,0,0,0,0,0,0,,1
1007440,0,1,0,0,0,0,0,,0,0,0,0,0,0,0,0,0,,0
1012636,0,1,0,0,0,0,0,,0,0,0,0,0,0,0,0,0,,1
1014424,0,1,0,0,0,0,0,,0,0,0,0,0,0,0,0,0,,0
1007062,0,0,0,0,0,0,0,,0,0,0,0,0,0,0,0,0,,1
1000911,0,1,0,0,0,0,0,,0,0,0,0,0,0,0,0,0,,0
1017550,0,1,0,0,0,0,0,,0,0,0,0,0,0,0,0,0,,0
1014788,0,1,0,0,0,0,0,,0,0,0,0,0,0,0,0,0,,1
1007480,4,2,1,1,1,1,1,3.0,0,0,0,1,1,0,3,0,0,,1
1006619,4,2,1,1,0,0,0,2.0,0,0,0,1,0,0,2,0,0,,1
1000888,0,1,0,0,0,0,0,,0,0,0,0,0,0,0,0,0,,0
1008977,0,1,0,0,0,0,0,,0,0,0,0,0,0,0,0,0,,0
1006470,0,1,0,0,0,0,0,,0,0,0,0,0,0,0,0,0,,1
1013244,0,1,0,0,0,0,0,,0,0,0,0,0,0,0,0,0,,0
1016713,4,2,1,1,1,0,0,,0,0,0,1,0,1,3,0,0,,1
1002490,0,1,0,0,0,0,0,,0,0,0,0,0,0,0,0,0,,0
1001507,0,1,0,0,0,0,0,,0,0,0,0,0,0,0,0,0,,1
1009812,0,1,0,0,0,0,0,,0,0,0,0,0,0,0,0,0,,0
1002778,0,1,0,0,0,0,0,,0,0,0,0,0,0,0,0,0,,1
1012084,0,1,0,0,0,0,0,,0,0,0,0,0,0,0,0,0,,1
1010477,4,2,1,0,1,0,1,,0,0,0,0,0,0,0,1,1,,1
1016618,0,1,0,0,0,0,0,,0,0,0,0,0,0,0,0,0,,1
1006608,0,1,0,0,0,0,0,,0,0,0,0,0,0,0,0,0,,1
1012448,4,1,1,0,0,0,0,10.0,0,0,0,0,0,0,1,0,0,,1
1002022,4,2,1,1,0,0,0,12.0,0,0,0,0,0,0,3,0,0,,1
1011554,0,1,0,0,0,0,0,,0,0,0,0,0,0,0,0,0,,0
1015033,0,1,0,0,0,0,0,,0,0,0,0,0,0,0,0,0,,1
1012906,4,2,1,1,1,1,1,4.0,0,0,1,1,1,1,6,0,0,,1
1001293,0,1,0,0,0,0,0,,0,0,0,0,0,0,0,0,0,,0
1001948,4,2,1,1,1,0,0,,0,0,0,0,0,0,0,0,0,,1
1016275,0,1,0,0,0,0,0,,0,0,0,0,0,0,0,0,0,,0
1001175,4,1,1,1,0,0,0,3.0,0,0,0,1,0,0,2,0,0,,1
1013271,0,1,0,0,0,0,0,,0,0,0,0,0,0,0,0,0,,0
1013576,4,0,1,0,0,0,1,,0,0,0,1,0,0,2,0,0,,1
1001270,4,2,1,1,0,0,0,,0,0,1,1,1,1,6,0,0,,1
1017508,0,1,0,0,0,0,0,,0,0,0,0,0,0,0,0,0,,0
1005637,0,1,0,0,0,0,0,,0,0,0,0,0,0,0,0,0,,0
1012484,4,1,1,0,0,0,0,,0,0,0,0,0,0,4,0,0,,1
1002452,0,1,0,0,0,0,0,,0,0,0,0,0,0,0,0,0,,1
1006351,0,1,0,0,0,0,0,,0,0,0,0,0,0,0,0,0,,1
1012884,0,1,0,0,0,0,0,,0,0,0,0,0,0,0,0,0,,0
1001814,0,1,0,0,0,0,0,,0,0,0,0,0,0,0,0,0,,0
1016847,4,2,1,1,1,1,0,,0,0,0,0,0,0,0,0,0,,1
1011928,0,1,0,0,0,0,0,,0,0,0,0,0,0,0,0,0,,0
1003473,4,2,1,1,0,0,0,,0,0,0,0,0,0,4,0,0,,1
1014579,4,2,1,1,0,0,0,18.0,0,0,0,0,0,0,0,1,1,,1
1000228,4,2,1,0,0,0,0,1.0,0,0,0,0,0,0,3,0,0,,1
1006283,0,1,0,0,0,0,0,,0,0,0,0,0,0,0,0,0,,1
1008128,0,1,0,0,0,0,0,,0,0,0,0,0,0,0,0,0,,1
1011948,4,1,1,0,0,0,0,,0,0,0,1,0,0,2,0,0,,1
1006601,0,1,0,0,0,0,0,,0,0,0,0,0,0,0,0,0,,1
1015831,3,0,1,0,1,0,0,,0,0,0,0,0,0,0,1,1,,1
1017492,0,1,0,0,0,0,0,,0,0,0,0,0,0,0,0,0,,0
1016179,4,2,1,1,0,0,0,2.0,0,1,0,1,0,0,2,0,0,,1
1015273,0,1,0,0,0,0,0,,0,0,0,0,0,0,0,0,0,,1
1000962,4,2,1,1,1,0,0,3.0,0,0,0,1,1,1,4,0,0,,1
1008548,0,1,0,0,0,0,0,,0,0,0,0,0,0,0,0,0,,0
1017197,0,1,0,0,0,0,0,,0,0,0,0,0,0,0,0,0,,0
1001000,4,2,1,1,0,0,0,1.0,0,0,0,1,0,0,3,0,0,,1
1011002,0,1,0,0,0,0,0,,0,0,0,0,0,0,0,0,0,,1
1008039,0,1,0,0,0,0,0,,0,0,0,0,0,0,0,0,0,,0
1014085,4,2,1,1,1,1,1,1.0,0,0,1,1,1,1,6,0,0,,1
1002269,0,1,0,0,0,0,0,,0,0,0,0,0,0,0,0,0,,0
1006744,0,1,0,0,0,0,0,,0,0,0,0,0,0,0,0,0,,0
1006508,0,1,0,0,0,0,0,,0,0,0,0,0,0,0,0,0,,1
1000172,0,1,0,0,0,0,0,,0,0,0,0,0,0,0,0,0,,0
1015049,0,1,0,0,0,0,0,,0,0,0,0,0,0,0,0,0,,1
1005648,1,0,0,0,0,0,0,,0,0,0,0,0,0,0,1,1,,1
1012333,0,1,0,0,0,0,0,,0,0,0,0,0,0,0,0,0,,0
1010167,0,1,0,0,0,0,0,,0,0,0,0,0,0,0,0,0,,0
1009647,0,1,0,0,0,0,0,,0,0,0,0,0,0,0,0,0,,0
1009752,0,1,0,0,0,0,0,,0,0,0,0,0,0,0,0,0,,0
1003045,4,2,1,0,0,0,0,10.0,0,0,1,1,0,0,3,0,0,,1
1005593,0,1,0,0,0,0,0,,0,0,0,0,0,0,0,0,0,,0
1010854,0,1,0,0,0,0,0,,0,0,0,0,0,0,0,0,0,,0
1004157,0,1,0,0,0,0,0,,0,0,0,0,0,0,0,0,0,,0
1013681,0,1,0,0,0,0,0,,0,0,0,0,0,0,0,0,0,,0
1017336,0,1,0,0,0,0,0,,0,0,0,0,0,0,0,0,0,,0
1001173,0,1,0,0,0,0,0,,0,0,0,0,0,0,0,0,0,,0
1009179,4,1,1,0,1,0,0,,0,0,0,0,0,0,0,1,1,,1
1017155,0,1,0,0,0,0,0,,0,0,0,0,0,0,0,0,0,,0
1000334,4,1,1,1,1,1,0,2.0,0,0,1,1,1,1,5,0,0,,1
1005621,0,1,0,0,0,0,0,,0,0,0,0,0,0,0,0,0,,1
1000399,4,1,1,1,1,1,0,,0,0,0,0,0,0,0,0,0,,1
1006965,0,1,0,0,0,0,0,,0,0,0,0,0,0,0,0,0,,0
1000789,0,1,0,0,0,0,0,,0,0,0,0,0,0,0,0,0,,0
1012633,0,1,0,0,0,0,0,,0,0,0,0,0,0,0,0,0,,1
1010445,0,1,0,0,0,0,0,,0,0,0,0,0,0,0,0,0,,0
1004521,0,1,0,0,0,0,0,,0,0,0,0,0,0,0,0,0,,0
1007543,0,1,0,0,0,0,0,,0,0,0,0,0,0,0,0,0,,0
1009923,0,1,0,0,0,0,0,,0,0,0,0,0,0,0,0,0,,0
1014962,0,1,0,0,0,0,0,,0,0,0,0,0,0,0,0,0,,0
1014836,0,1,0,0,0,0,0,,0,0,0,0,0,0,0,0,0,,1
1004748,0,1,0,0,0,0,0,,0,0,0,0,0,0,0,0,0,,0
1009551,4,1,1,1,1,1,0,,0,0,0,0,0,0,0,0,0,16.0,1
1010253,4,2,1,1,1,0,0,,0,0,0,0,0,0,0,0,0,,1
1007016,4,1,1,1,0,0,0,,0,0,0,0,0,0,0,1,1,,1
1010546,0,1,0,0,0,0,0,,0,0,0,0,0,0,0,0,0,,0
1011232,0,1,0,0,0,0,0,,0,0,0,0,0,0,0,0,0,,0
1009579,0,1,0,0,0,0,0,,0,0,0,0,0,0,0,0,0,,0
1011233,0,1,0,0,0,0,0,,0,0,0,0,0,0,0,0,0,,0
1002275,0,1,0,0,0,0,0,,0,0,0,0,0,0,0,0,0,,0
1009208,4,2,1,0,0,0,1,,0,0,0,0,0,0,1,0,0,,1
1013943,0,1,0,0,0,0,0,,0,0,0,0,0,0,0,0,0,,1
1017589,4,2,1,1,1,1,0,4.0,0,0,0,0,0,0,0,0,0,,1
1012832,4,0,1,0,0,0,1,,0,0,0,1,0,0,2,0,0,,1
1016496,0,1,0,0,0,0,0,,0,0,0,0,0,0,0,0,0,,0
1016672,0,1,0,0,0,0,0,,0,0,0,0,0,0,0,0,0,,0
1014508,0,1,0,0,0,0,0,,0,0,0,0,0,0,0,0,0,,0
1004303,4,2,1,1,0,0,0,,0,0,1,1,1,1,6,0,0,,1
1009471,0,1,0,0,0,0,0,,0,0,0,0,0,0,0,0,0,,0
1005522,0,1,0,0,0,0,0,,0,0,0,0,0,0,0,0,0,,0
1014979,4,2,1,1,1,0,1,,0,0,1,1,1,1,6,0,0,,1
1007172,0,1,0,0,0,0,0,,0,0,0,0,0,0,0,0,0,,0
1010496,0,1,0,0,0,0,0,,0,0,0,0,0,0,0,0,0,,0
1016563,0,1,0,0,0,0,0,,0,0,0,0,0,0,0,0,0,,0
1003995,0,1,0,0,0,0,0,,0,0,0,0,0,0,0,0,0,,0
1003197,0,1,0,0,0,0,0,,0,0,0,0,0,0,0,0,0,,0
1000880,0,1,0,0,0,0,0,,0,0,0,0,0,0,0,0,0,,0
1010465,0,1,0,0,0,0,0,,0,0,0,0,0,0,0,0,0,,0
1002044,0,1,0,0,0,0,0,,0,0,0,0,0,0,0,0,0,,0
1015785,4,2,1,0,1,0,0,,0,0,0,0,0,0,0,1,1,,1
1001333,0,1,0,0,0,0,0,,0,0,0,0,0,0,0,0,0,,0
1003254,0,0,0,0,0,0,0,,0,0,0,0,0,0,0,1,1,,1
1014735,0,1,0,0,0,0,0,,0,0,0,0,0,0,0,0,0,,0
1014771,0,1,0,0,0,0,0,,0,0,0,0,0,0,0,0,0,,0
1005883,0,1,0,0,0,0,0,,0,0,0,0,0,0,0,0,0,,1
1000504,4,2,1,1,0,0,0,,0,0,0,1,0,0,2,0,0,,1
1008715,0,1,0,0,0,0,0,,0,0,0,0,0,0,0,0,0,,0
1015087,0,1,0,0,0,0,0,,0,0,0,0,0,0,0,0,0,,0
1008542,4,0,1,0,0,0,1,,0,0,0,1,0,0,2,0,0,,1
1007630,4,1,1,0,0,0,0,1.0,0,0,0,0,0,0,1,0,0,,1
1001237,0,1,0,0,0,0,0,,0,0,0,0,0,0,0,0,0,,0
1008197,4,1,1,1,0,0,0,,0,0,0,1,0,0,2,0,0,,1
1004391,0,1,0,0,0,0,0,,0,0,0,0,0,0,0,0,0,,0
1005384,0,1,0,0,0,0,0,,0,0,0,0,0,0,0,0,0,,0
1014451,0,1,0,0,0,0,0,,0,0,0,0,0,0,0,0,0,,0
1002193,0,1,0,0,0,0,0,,0,0,0,0,0,0,0,0,0,,0
1010194,4,2,1,1,1,0,0,,0,0,1,1,0,0,3,0,0,,1
1007886,0,1,0,0,0,0,0,,0,0,0,0,0,0,0,0,0,,0
1012631,0,1,0,0,0,0,0,,0,0,0,0,0,0,0,0,0,,0
1013398,4,2,1,1,1,1,1,,1,0,1,1,1,1,6,0,0,,1
1015140,4,1,1,0,0,0,0,1.0,0,0,0,1,0,0,1,0,0,,1
1000356,0,1,0,0,0,0,0,,0,0,0,0,0,0,0,0,0,,0
1016286,4,2,1,0,0,0,0,,0,0,0,0,0,0,4,0,0,,1
1010238,0,1,0,0,0,0,0,,0,0,0,0,0,0,0,0,0,,0
1003063,0,1,0,0,0,0,0,,0,0,0,0,0,0,0,0,0,,1
1012613,4,2,1,1,1,0,0,,0,0,1,1,1,1,6,0,0,,1
1016726,0,1,0,0,0,0,0,,0,0,0,0,0,0,0,0,0,,0
1011277,0,1,0,0,0,0,0,,0,0,0,0,0,0,0,0,0,,0
1002928,4,1,1,0,0,0,0,2.0,0,1,1,1,1,1,6,0,0,,1
1008551,0,1,0,0,0,0,0,,0,0,0,0,0,0,0,0,0,,0
1000036,0,1,0,0,0,0,0,,0,0,0,0,0,0,0,0,0,,0
1005118,0,1,0,0,0,0,0,,0,0,0,0,0,0,0,0,0,,0
1014088,0,1,0,0,0,0,0,,0,0,0,0,0,0,0,0,0,,1
1012050,0,1,0,0,0,0,0,,0,0,0,0,0,0,0,0,0,,0
1013928,0,1,0,0,0,0,0,,0,0,0,0,0,0,0,0,0,,0
1000848,4,2,1,1,1,1,1,3.0,0,0,0,1,0,0,2,0,0,,1
1004478,0,1,0,0,0,0,0,,0,0,0,0,0,0,0,0,0,,1
1015166,0,1,0,0,0,0,0,,0,0,0,0,0,0,0,0,0,,0
1013336,0,1,0,0,0,0,0,,0,0,0,0,0,0,0,0,0,,0
1011428,0,1,0,0,0,0,0,,0,0,0,0,0,0,0,0,0,,0
1008223,0,1,0,0,0,0,0,,0,0,0,0,0,0,0,0,0,,0
1015787,4,1,1,1,0,0,0,1.0,0,0,0,0,0,0,6,0,0,,1
1003977,4,2,1,0,0,0,0,2.0,0,0,0,1,1,0,3,0,0,,1
1008596,0,1,0,0,0,0,0,,0,0,0,0,0,0,0,0,0,,0
1006159,4,2,1,0,0,1,1,,0,0,0,0,0,0,8,0,0,,1
1011849,0,1,0,0,0,0,0,,0,0,0,0,0,0,0,0,0,,0
1003100,0,1,0,0,0,0,0,,0,0,0,0,0,0,0,0,0,,0
1003700,0,1,0,0,0,0,0,,0,0,0,0,0,0,0,0,0,,0
1003937,4,1,1,1,0,0,0,2137.0,0,0,0,0,0,0,0,1,1,,1
1014352,0,1,0,0,0,0,0,,0,0,0,0,0,0,0,0,0,,0
1000223,0,1,0,0,0,0,0,,0,0,0,0,0,0,0,0,0,,0
1014271,0,1,0,0,0,0,0,,0,0,0,0,0,0,0,0,0,,0
1009567,0,1,0,0,0,0,0,,0,0,0,0,0,0,0,0,0,,1
1010449,0,0,0,0,0,0,0,,0,0,0,0,0,0,0,0,0,,1
1007554,0,1,0,0,0,0,0,,0,0,0,0,0,0,0,0,0,,0
1011612,0,1,0,0,0,0,0,,0,0,0,0,0,0,0,0,0,,0
1013064,0,1,0,0,0,0,0,,0,0,0,0,0,0,0,0,0,,1
1015154,4,2,1,0,0,0,0,,0,0,1,1,1,1,6,0,0,,1
1013032,0,1,0,0,0,0,0,,0,0,0,0,0,0,0,0,0,,1
1011466,4,2,1,1,1,0,1,,0,0,0,0,0,0,0,0,0,,1
1000709,4,1,1,1,0,0,0,1.0,0,0,0,0,0,0,2,0,0,,1
1014762,0,1,0,0,0,0,0,,0,0,0,0,0,0,0,0,0,,1
1011252,0,1,0,0,0,0,0,,0,0,0,0,0,0,0,0,0,,1
1005094,0,1,0,0,0,0,0,,0,0,0,0,0,0,0,0,0,,0
1007884,4,2,1,0,1,1,0,1.0,0,0,0,0,0,0,0,0,0,,1
1007164,0,1,0,0,0,0,0,,0,0,0,0,0,0,0,0,0,,0
1013355,0,1,0,0,0,0,0,,0,0,0,0,0,0,0,0,0,,1
1001457,0,1,0,0,0,0,0,,0,0,0,0,0,0,0,0,0,,0
1017397,0,1,0,0,0,0,0,,0,0,0,0,0,0,0,0,0,,0
1015328,0,1,0,0,0,0,0,,0,0,0,0,0,0,0,0,0,,0
1004123,4,0,1,1,0,0,0,24.0,0,0,0,0,0,0,0,1,1,,1
1014274,0,1,0,0,0,0,0,,0,0,0,0,0,0,0,0,0,,0
1002784,0,1,0,0,0,0,0,,0,0,0,0,0,0,0,0,0,,0
1015200,0,1,0,0,0,0,0,,0,0,0,0,0,0,0,0,0,,1
1007569,0,1,0,0,0,0,0,,0,0,0,0,0,0,0,0,0,,0
1014527,0,1,0,0,0,0,0,,0,0,0,0,0,0,0,0,0,,1
1000737,0,1,0,0,0,0,0,,0,0,0,0,0,0,0,0,0,,0
1010433,0,1,0,0,0,0,0,,0,0,0,0,0,0,0,0,0,,0
1010522,0,1,0,0,0,0,0,,0,0,0,0,0,0,0,0,0,,0
1014070,0,1,0,0,0,0,0,,0,0,0,0,0,0,0,0,0,,0
1011681,0,1,0,0,0,0,0,,0,0,0,0,0,0,0,0,0,,0
1004390,0,1,0,0,0,0,0,,0,0,0,0,0,0,0,0,0,,0
1015333,0,1,0,0,0,0,0,,0,0,0,0,0,0,0,0,0,,0
1011516,4,2,1,1,0,0,0,10.0,0,1,1,1,1,1,5,0,0,,1
1010824,4,0,1,0,0,0,0,1.0,0,0,1,1,0,0,6,0,0,,1
1012248,0,1,0,0,0,0,0,,0,0,0,0,0,0,0,0,0,,0
1002935,0,1,0,0,0,0,0,,0,0,0,0,0,0,0,0,0,,0
1010766,4,2,1,0,0,0,0,,0,0,0,1,1,0,3,0,0,,1
1001926,0,0,0,0,0,0,0,,0,0,0,0,0,0,0,0,1,,1
1016055,0,0,0,0,0,0,0,,0,0,0,0,0,0,0,0,1,,1
1010703,0,1,0,0,0,0,0,,0,0,0,0,0,0,0,0,0,,0
1002987,0,1,0,0,0,0,0,,0,0,0,0,0,0,0,0,0,,0
1014616,4,2,1,0,0,0,0,,0,0,0,1,0,0,3,0,0,,1
1014329,4,1,1,1,0,0,0,,0,0,0,0,0,0,0,1,1,,1
1014017,0,1,0,0,0,0,0,,0,0,0,0,0,0,0,0,0,,0
1008050,0,1,0,0,0,0,0,,0,0,0,0,0,0,0,0,0,,0
1000212,0,1,0,0,0,0,0,,0,0,0,0,0,0,0,0,0,,0
1008845,0,1,0,0,0,0,0,,0,0,0,0,0,0,0,0,0,,0
1007066,0,1,0,0,0,0,0,,0,0,0,0,0,0,0,0,0,,0
1009295,0,1,0,0,0,0,0,,0,0,0,0,0,0,0,0,0,,1
1012962,4,1,1,0,1,0,0,3.0,0,0,0,0,0,0,0,0,0,,1
1003328,4,2,1,0,0,0,1,,0,0,0,0,0,0,1,0,0,,1
1008807,4,2,1,1,1,1,0,,0,0,0,0,0,0,0,0,0,,1
1012105,0,1,0,0,0,0,0,,0,0,0,0,0,0,0,0,0,,1
1013778,0,1,0,0,0,0,0,,0,0,0,0,0,0,0,0,0,,0
1005539,4,0,1,0,1,0,0,,0,0,0,0,0,0,0,0,0,,1
1013873,0,1,0,0,0,0,0,,0,0,0,0,0,0,0,0,0,,0
1001719,0,1,0,0,0,0,0,,0,0,0,0,0,0,0,0,0,,0
1015972,0,1,0,0,0,0,0,,0,0,0,0,0,0,0,0,0,,1
1003303,0,1,0,0,0,0,0,,0,0,0,0,0,0,0,0,0,,0
1006527,0,1,0,0,0,0,0,,0,0,0,0,0,0,0,0,0,,0
1010741,0,1,0,0,0,0,0,,0,0,0,0,0,0,0,0,0,,1
1014734,0,1,0,0,0,0,0,,0,0,0,0,0,0,0,0,0,,0
1000919,4,1,1,1,0,0,0,,0,0,0,0,0,0,0,1,1,,1
1003478,0,1,0,0,0,0,0,,0,0,0,0,0,0,0,0,0,,0
1016213,0,1,0,0,0,0,0,,0,0,0,0,0,0,0,0,0,,0
1007327,0,1,0,0,0,0,0,,0,0,0,0,0,0,0,0,0,,0
1001386,0,1,0,0,0,0,0,,0,0,0,0,0,0,0,0,0,,0
1011229,0,1,0,0,0,0,0,,0,0,0,0,0,0,0,0,0,,0
1013688,4,1,1,1,1,0,0,,0,1,0,0,0,0,7,0,0,,1
1005237,0,1,0,0,0,0,0,,0,0,0,0,0,0,0,0,0,,0
1013924,0,1,0,0,0,0,0,,0,0,0,0,0,0,0,0,0,,0
1005813,4,2,1,1,0,0,0,10.0,0,0,1,1,0,0,3,0,0,,1
1011095,4,1,1,1,0,0,0,,0,0,0,0,0,0,0,1,1,,1
1016058,0,1,0,0,0,0,0,,0,0,0,0,0,0,0,0,0,,0
1014723,0,1,0,0,0,0,0,,0,0,0,0,0,0,0,0,0,,0
1016411,4,2,1,1,1,1,1,,0,0,1,1,1,1,6,0,0,,1
1015625,4,2,1,1,0,0,0,1.0,0,0,0,0,0,0,0,0,0,,1
1015163,0,1,0,0,0,0,0,,0,0,0,0,0,0,0,0,0,,0
1006337,0,1,0,0,0,0,0,,0,0,0,0,0,0,0,0,0,,0
1009247,0,1,0,0,0,0,0,,0,0,0,0,0,0,0,0,0,,0
1006747,0,1,0,0,0,0,0,,0,0,0,0,0,0,0,0,0,,0
1003817,0,1,0,0,0,0,0,,0,0,0,0,0,0,0,0,0,,0
1002316,4,2,1,1,0,0,0,2.0,0,0,1,1,1,1,6,0,0,,1
1005807,0,1,0,0,0,0,0,,0,0,0,0,0,0,0,0,0,,0
1015722,0,1,0,0,0,0,0,,0,0,0,0,0,0,0,0,0,,0
1000088,0,1,0,0,0,0,0,,0,0,0,0,0,0,0,0,0,,1
1001033,0,1,0,0,0,0,0,,0,0,0,0,0,0,0,0,0,,0
1016503,4,2,1,1,0,0,0,10.0,0,0,1,1,0,0,3,0,0,,1
1007600,0,1,0,0,0,0,0,,0,0,0,0,0,0,0,0,0,,0
1010491,0,1,0,0,0,0,0,,0,0,0,0,0,0,0,0,0,,0
1012001,0,1,0,0,0,0,0,,0,0,0,0,0,0,0,0,0,,0
1012152,0,1,0,0,0,0,0,,0,0,0,0,0,0,0,0,0,,0
1010932,0,1,0,0,0,0,0,,0,0,0,0,0,0,0,0,0,,0
1010717,0,1,0,0,0,0,0,,0,0,0,0,0,0,0,0,0,,0
1006456,4,1,1,0,0,0,0,3.0,0,0,0,0,0,0,0,1,1,,1
1011885,0,1,0,0,0,0,0,,0,0,0,0,0,0,0,0,0,,0
1010206,0,0,0,0,0,0,0,,0,0,0,0,0,0,0,0,0,,1
1004174,0,1,0,0,0,0,0,,0,0,0,0,0,0,0,0,0,,0
1011728,0,1,0,0,0,0,0,,0,0,0,0,0,0,0,0,0,,0
1009711,0,1,0,0,0,0,0,,0,0,0,0,0,0,0,0,0,,0
1002867,0,1,0,0,0,0,0,,0,0,0,0,0,0,0,0,0,,1
1011621,0,1,0,0,0,0,0,,0,0,0,0,0,0,0,0,0,,0
1016641,0,1,0,0,0,0,0,,0,0,0,0,0,0,0,0,0,,0
1001592,0,1,0,0,0,0,0,,0,0,0,0,0,0,0,0,0,,0
1016789,0,1,0,0,0,0,0,,0,0,0,0,0,0,0,0,0,,1
1005825,0,1,0,0,0,0,0,,0,0,0,0,0,0,0,0,0,,0
1011664,0,1,0,0,0,0,0,,0,0,0,0,0,0,0,0,0,,0
1015042,0,1,0,0,0,0,0,,0,0,0,0,0,0,0,0,0,,0
1010538,0,1,0,0,0,0,0,,0,0,0,0,0,0,0,0,0,,0
1005909,0,1,0,0,0,0,0,,0,0,0,0,0,0,0,0,0,,1
1016995,4,2,1,1,1,1,0,,0,0,1,1,1,1,6,0,0,,1
1014198,0,1,0,0,0,0,0,,0,0,0,0,0,0,0,0,0,,0
1003257,0,1,0,0,0,0,0,,0,0,0,0,0,0,0,0,0,,0
1008598,0,1,0,0,0,0,0,,0,0,0,0,0,0,0,0,0,,0
1008100,0,1,0,0,0,0,0,,0,0,0,0,0,0,0,0,0,,0
1016889,4,0,1,0,0,0,0,,0,0,0,0,0,0,1,0,0,,1
1008987,0,1,0,0,0,0,0,,0,0,0,0,0,0,0,0,0,,0
1003088,0,1,0,0,0,0,0,,0,0,0,0,0,0,0,0,0,,0
1009773,4,2,1,0,0,0,1,,0,0,0,0,0,0,0,0,0,,1
1005423,0,1,0,0,0,0,0,,0,0,0,0,0,0,0,0,0,,0
1016648,0,1,0,0,0,0,0,,0,0,0,0,0,0,0,0,0,,0
1007863,4,2,1,0,0,0,0,,0,0,0,1,0,0,4,0,0,,1
1006278,0,1,0,0,0,0,0,,0,0,0,0,0,0,0,0,0,,0
1009566,0,1,0,0,0,0,0,,0,0,0,0,0,0,0,0,0,,0
1008580,0,1,0,0,0,0,0,,0,0,0,0,0,0,0,0,0,,1
1017259,0,1,0,0,0,0,0,,0,0,0,0,0,0,0,0,0,,0
1005540,0,1,0,0,0,0,0,,0,0,0,0,0,0,0,0,0,,0
1002055,0,1,0,0,0,0,0,,0,0,0,0,0,0,0,0,0,,0
1004223,4,1,1,1,1,0,0,,0,0,0,0,0,0,0,0,0,,1
1016977,0,1,0,0,0,0,0,,0,0,0,0,0,0,0,0,0,,0
1003317,4,2,1,1,1,0,0,,0,0,0,0,0,0,0,0,0,,1
1012052,0,1,0,0,0,0,0,,0,0,0,0,0,0,0,0,0,,0
1004819,3,0,1,0,0,0,0,,0,0,0,0,0,0,0,1,1,,1
1003757,0,1,0,0,0,0,0,,0,0,0,0,0,0,0,0,0,,0
1010115,0,1,0,0,0,0,0,,0,0,0,0,0,0,0,0,0,,1
1001791,0,1,0,0,0,0,0,,0,0,0,0,0,0,0,0,0,,0
1000468,4,1,1,1,0,0,0,,0,0,0,0,0,0,0,1,1,,1
1001104,0,1,0,0,0,0,0,,0,0,0,0,0,0,0,0,0,,0
1000002,0,1,0,0,0,0,0,,0,0,0,0,0,0,0,0,0,,0
1017438,4,2,1,1,1,1,0,2.0,0,0,0,1,0,1,4,0,0,,1
1003409,0,1,0,0,0,0,0,,0,0,0,0,0,0,0,0,0,,1
1006806,0,1,0,0,0,0,0,,0,0,0,0,0,0,0,0,0,,0
1010059,0,1,0,0,0,0,0,,0,0,0,0,0,0,0,0,0,,0
1007036,4,1,1,0,0,0,0,,0,0,1,1,1,1,6,0,0,,1
1002719,0,1,0,0,0,0,0,,0,0,0,0,0,0,0,0,0,,0
1007612,4,2,1,0,1,0,0,,0,0,1,1,1,1,6,1,1,,1
1012221,0,1,0,0,0,0,0,,0,0,0,0,0,0,0,0,0,,0
1001874,0,1,0,0,0,0,0,,0,0,0,0,0,0,0,0,0,,0
1017153,0,1,0,0,0,0,0,,0,0,0,0,0,0,0,0,0,,1
1004377,0,1,0,0,0,0,0,,0,0,0,0,0,0,0,0,0,,0
1005077,4,1,1,1,0,0,0,1850.0,0,0,0,0,0,0,0,1,1,,1
1013285,0,1,0,0,0,0,0,,0,0,0,0,0,0,0,0,0,,0
1006117,4,0,1,1,1,0,0,1.0,0,0,0,0,0,0,0,0,0,,1
1001168,0,1,0,0,0,0,0,,0,0,0,0,0,0,0,0,0,,0
1001799,4,2,1,0,0,0,1,,0,0,0,1,1,0,3,0,0,,1
1012549,0,1,0,0,0,0,0,,0,0,0,0,0,0,0,0,0,,0
1008162,4,0,1,1,0,0,0,,0,0,0,0,0,0,0,1,1,,1
1002751,0,1,0,0,0,0,0,,0,0,0,0,0,0,0,0,0,,1
1017213,4,2,1,1,0,0,0,2.0,0,0,1,1,1,1,6,0,0,,1
1001471,4,2,1,1,1,0,0,,0,0,1,1,1,1,6,0,0,,1
1003618,4,2,1,1,0,0,0,2.0,0,0,0,0,0,0,0,0,0,,1
1008837,4,2,1,1,1,0,0,,0,0,1,1,1,1,6,0,0,,1
1009069,0,1,0,0,0,0,0,,0,0,0,0,0,0,0,0,0,,0
1011943,0,1,0,0,0,0,0,,0,0,0,0,0,0,0,0,0,,0
1009514,0,1,0,0,0,0,0,,0,0,0,0,0,0,0,0,0,,0
1012039,0,1,0,0,0,0,0,,0,0,0,0,0,0,0,0,0,,0
1003240,0,0,0,0,0,0,0,,0,0,0,0,0,0,0,0,0,,1
1015458,4,0,1,0,1,0,0,50.0,0,0,0,0,0,0,0,0,1,,1
1001840,0,1,0,0,0,0,0,,0,0,0,0,0,0,0,0,0,,0
1004332,4,1,1,1,0,0,0,,0,0,0,0,0,0,0,1,1,,1
1011086,4,1,1,0,0,0,0,725.0,0,0,0,0,0,0,0,1,1,,1
1002758,4,1,1,1,0,0,0,,0,0,0,0,0,0,0,1,1,,1
1002865,0,1,0,0,0,0,0,,0,0,0,0,0,0,0,0,0,,0
1016049,0,1,0,0,0,0,0,,0,0,0,0,0,0,0,0,0,,1
1003068,0,1,0,0,0,0,0,,0,0,0,0,0,0,0,0,0,,0
1004613,4,2,1,1,1,0,0,2000.0,0,0,1,1,1,1,6,1,1,,1
1011547,0,1,0,0,0,0,0,,0,0,0,0,0,0,0,0,0,,0
1015176,0,1,0,0,0,0,0,,0,0,0,0,0,0,0,0,0,,0
1001637,0,1,0,0,0,0,0,,0,0,0,0,0,0,0,0,0,,1
1003902,0,1,0,0,0,0,0,,0,0,0,0,0,0,0,0,0,,0
1009509,4,1,1,1,0,0,0,,0,0,0,0,0,0,0,1,1,,1
1001572,0,1,0,0,0,0,0,,0,0,0,0,0,0,0,0,0,,0
1003707,4,1,1,1,0,0,0,3.0,0,0,0,0,0,0,0,1,1,,1
1002208,0,1,0,0,0,0,0,,0,0,0,0,0,0,0,0,0,,0
1009705,0,1,0,0,0,0,0,,0,0,0,0,0,0,0,0,0,,1
1010826,0,1,0,0,0,0,0,,0,0,0,0,0,0,0,0,0,,1
1005766,0,1,0,0,0,0,0,,0,0,0,0,0,0,0,0,0,,0
1001901,0,1,0,0,0,0,0,,0,0,0,0,0,0,0,0,0,,0
1017578,4,0,1,0,0,0,0,1.0,0,0,0,0,0,0,1,0,0,,1
1012276,0,1,0,0,0,0,0,,0,0,0,0,0,0,0,0,0,,0
1002252,4,2,1,0,0,0,0,,0,0,0,1,0,0,2,0,0,,1
1005058,4,1,1,0,0,0,1,,0,0,0,1,0,0,2,0,0,,1
1016874,0,1,0,0,0,0,0,,0,0,0,0,0,0,0,0,0,,0
1001252,0,1,0,0,0,0,0,,0,0,0,0,0,0,0,0,0,,0
1011952,0,1,0,0,0,0,0,,0,0,0,0,0,0,0,0,0,,0
1017066,4,0,1,1,1,1,0,,0,0,0,0,0,0,0,0,0,,1
1002066,4,2,1,0,0,0,0,,0,1,1,1,1,1,6,0,0,,1
1008572,0,1,0,0,0,0,0,,0,0,0,0,0,0,0,0,0,,1
1003608,4,2,1,0,0,0,0,,0,0,1,1,0,0,3,0,0,,1
1006087,0,1,0,0,0,0,0,,0,0,0,0,0,0,0,0,0,,0
1009609,4,2,1,1,1,1,0,,0,0,1,1,1,1,5,0,0,,1
1010379,0,1,0,0,0,0,0,,0,0,0,0,0,0,0,0,0,,0
1009110,4,2,1,1,0,0,0,2.0,0,0,1,1,1,1,6,0,0,,1
1008714,4,2,1,1,0,0,0,10.0,0,0,1,1,1,1,6,0,0,,1
1008527,4,2,1,1,1,1,0,1.0,0,0,1,1,1,1,5,0,0,,1
1014631,4,2,1,1,0,0,0,,0,0,0,0,0,0,1,0,0,,1
1003821,0,1,0,0,0,0,0,,0,0,0,0,0,0,0,0,0,,1
1008728,0,0,0,0,0,0,0,,0,0,0,0,0,0,0,0,0,,1
1009227,0,1,0,0,0,0,0,,0,0,0,0,0,0,0,0,0,,0
1008615,4,1,1,0,0,0,1,,0,0,0,0,0,0,1,0,0,,1
1007691,4,2,1,1,1,0,0,,0,0,1,1,1,1,6,0,0,,1
1006631,0,1,0,0,0,0,0,,0,0,0,0,0,0,0,0,0,,0
1011485,4,2,1,0,1,0,1,2.0,0,0,1,1,1,1,6,0,0,,1
1001380,0,1,0,0,0,0,0,,0,0,0,0,0,0,0,0,0,,0
1003029,0,1,0,0,0,0,0,,0,0,0,0,0,0,0,0,0,,0
1015861,0,1,0,0,0,0,0,,0,0,0,0,0,0,0,0,0,,1
1009897,4,1,1,1,0,0,0,,0,0,0,0,0,0,1,0,0,,1
1003680,0,1,0,0,0,0,0,,0,0,0,0,0,0,0,0,0,,1
1011709,4,2,1,0,0,0,0,,0,0,0,1,0,0,2,0,0,,1
1016957,4,2,1,1,1,0,0,1.0,0,0,1,1,1,1,6,1,1,,1
1000708,4,2,1,0,0,0,0,12.0,0,0,0,1,0,0,2,0,0,,1
1003999,0,1,0,0,0,0,0,,0,0,0,0,0,0,0,0,0,,0
1016779,0,1,0,0,0,0,0,,0,0,0,0,0,0,0,0,0,,0
1012042,0,1,0,0,0,0,0,,0,0,0,0,0,0,0,0,0,,0
1010091,0,1,0,0,0,0,0,,0,0,0,0,0,0,0,0,0,,0
1012840,0,1,0,0,0,0,0,,0,0,0,0,0,0,0,0,0,,0
1005710,0,1,0,0,0,0,0,,0,0,0,0,0,0,0,0,0,,0
1017236,0,1,0,0,0,0,0,,0,0,0,0,0,0,0,0,0,,0
1002153,0,1,0,0,0,0,0,,0,0,0,0,0,0,0,0,0,,0
1014493,4,2,1,1,1,0,0,1.0,0,0,0,0,0,0,0,0,0,,1
1008703,4,2,1,1,1,0,0,,0,0,0,0,0,0,0,1,1,,1
1012824,0,0,0,0,0,0,0,,0,0,0,0,0,0,0,0,1,,1
1003459,0,1,0,0,0,0,0,,0,0,0,0,0,0,0,0,0,,0
1013342,0,1,0,0,0,0,0,,0,0,0,0,0,0,0,0,0,,0
1004549,0,1,0,0,0,0,0,,0,0,0,0,0,0,0,0,0,,1
1007131,0,1,0,0,0,0,0,,0,0,0,0,0,0,0,0,0,,1
1006005,0,1,0,0,0,0,0,,0,0,0,0,0,0,0,0,0,,0
1007265,4,1,1,0,0,0,0,,0,0,0,0,0,0,0,1,1,,1
1012284,4,2,1,1,1,0,0,3.0,0,0,1,1,0,0,3,0,0,,1
1013854,4,1,1,0,0,0,0,10.0,0,0,0,0,0,0,1,0,0,,1
1016283,0,1,0,0,0,0,0,,0,0,0,0,0,0,0,0,0,,0
1003494,0,1,0,0,0,0,0,,0,0,0,0,0,0,0,0,0,,0
1000870,4,2,1,1,1,0,0,,0,0,1,1,1,1,6,0,0,,1
1003278,4,2,1,1,1,1,0,4.0,0,0,0,0,0,0,0,0,0,,1
1006860,0,1,0,0,0,0,0,,0,0,0,0,0,0,0,0,0,,0
1011723,0,1,0,0,0,0,0,,0,0,0,0,0,0,0,0,0,,1
1000491,4,1,1,0,0,0,0,890.0,0,0,0,0,0,0,0,1,1,,1
1001219,3,0,1,0,0,0,0,,0,0,0,0,0,0,0,1,1,,1
1007486,0,1,0,0,0,0,0,,0,0,0,0,0,0,0,0,0,,1
1011179,0,1,0,0,0,0,0,,0,0,0,0,0,0,0,0,0,,0
1006217,4,0,1,1,0,0,0,,0,0,0,0,0,0,0,0,0,,1
1012109,0,1,0,0,0,0,0,,0,0,0,0,0,0,0,0,0,,1
1002141,0,0,0,0,0,0,0,,0,0,0,0,0,0,0,0,0,,1
1002255,0,0,0,0,0,0,0,,0,0,0,1,0,0,2,1,1,,1
1004440,0,1,0,0,0,0,0,,0,0,0,0,0,0,0,0,0,,1
1008492,0,1,0,0,0,0,0,,0,0,0,0,0,0,0,0,0,,0
1008311,4,1,1,0,0,1,0,,0,0,0,0,0,0,5,0,0,,1
1004004,0,1,0,0,0,0,0,,0,0,0,0,0,0,0,0,0,,0
1011191,0,1,0,0,0,0,0,,0,0,0,0,0,0,0,0,0,,1
1006262,4,2,1,1,1,0,0,,0,0,1,1,1,1,6,0,0,,1
1010769,0,1,0,0,0,0,0,,0,0,0,0,0,0,0,0,0,,0
1006964,0,0,0,0,0,0,0,,0,0,0,0,0,0,0,1,1,,1
1016930,0,1,0,0,0,0,0,,0,0,0,0,0,0,0,0,0,,0
1002322,0,1,0,0,0,0,0,,0,0,0,0,0,0,0,0,0,,0
1008468,0,1,0,0,0,0,0,,0,0,0,0,0,0,0,0,0,,0
1001790,0,1,0,0,0,0,0,,0,0,0,0,0,0,0,0,0,,1
1006907,0,1,0,0,0,0,0,,0,0,0,0,0,0,0,0,0,,0
1004901,0,1,0,0,0,0,0,,0,0,0,0,0,0,0,0,0,,1
1014160,0,0,0,0,0,0,0,,0,0,0,0,0,0,0,1,1,,1
1005162,4,2,1,0,0,0,0,3.0,0,1,1,1,1,1,6,0,0,,1
1009353,0,1,0,0,0,0,0,,0,0,0,0,0,0,0,0,0,,1
1010822,4,1,1,1,0,0,0,,0,0,0,1,0,0,4,0,0,,1
1009639,4,2,1,1,1,1,0,,0,0,1,1,1,1,5,0,0,,1
1002474,0,1,0,0,0,0,0,,0,0,0,0,0,0,0,0,0,,1
1008768,0,1,0,0,0,0,0,,0,0,0,0,0,0,0,0,0,,0
1002756,0,1,0,0,0,0,0,,0,0,0,0,0,0,0,0,0,,0
1015857,0,1,0,0,0,0,0,,0,0,0,0,0,0,0,0,0,,0
1015838,0,1,0,0,0,0,0,,0,0,0,0,0,0,0,0,0,,0
1013718,0,1,0,0,0,0,0,,0,0,0,0,0,0,0,0,0,,0
1010436,4,2,1,1,0,0,0,9.0,0,0,1,1,1,1,5,0,0,,1
1001944,0,1,0,0,0,0,0,,0,0,0,0,0,0,0,0,0,,1
1015267,0,1,0,0,0,0,0,,0,0,0,0,0,0,0,0,0,,0
1015777,0,0,1,0,0,0,1,,0,0,0,0,0,0,0,1,1,,1
1000098,0,1,0,0,0,0,0,,0,0,0,0,0,0,0,0,0,,0
1009676,4,2,1,1,1,1,0,,0,0,0,1,1,1,4,0,0,,1
1011715,0,1,0,0,0,0,0,,0,0,0,0,0,0,0,0,0,,0
1001081,0,1,0,0,0,0,0,,0,0,0,0,0,0,0,0,0,,0
1014374,0,1,0,0,0,0,0,,0,0,0,0,0,0,0,0,0,,0
1008068,4,2,1,1,1,1,0,,0,0,1,1,1,1,6,0,0,,1
1002502,4,1,1,1,0,0,0,5.0,0,1,1,1,1,1,6,0,0,,1
1004202,0,1,0,0,0,0,0,,0,0,0,0,0,0,0,0,0,,0
1004380,0,1,0,0,0,0,0,,0,0,0,0,0,0,0,0,0,,0
1017105,4,2,1,1,1,0,0,2.0,0,1,0,0,0,0,0,0,0,,1
1014898,0,1,0,0,0,0,0,,0,0,0,0,0,0,0,0,0,,0
1017286,0,1,0,0,0,0,0,,0,0,0,0,0,0,0,0,0,,0
1001135,0,1,0,0,0,0,0,,0,0,0,0,0,0,0,0,0,,0
1001958,0,1,0,0,0,0,0,,0,0,0,0,0,0,0,0,0,,0
1013127,4,2,1,1,1,1,0,4.0,0,0,1,1,1,1,6,0,0,,1
1011011,0,1,0,0,0,0,0,,0,0,0,0,0,0,0,0,0,,0
1004161,4,2,1,1,1,0,0,,0,0,0,1,0,1,3,0,0,,1
1016757,4,2,1,1,0,0,0,,0,0,0,0,0,0,0,0,0,,1
1007109,0,1,0,0,0,0,0,,0,0,0,0,0,0,0,0,0,,0
1014486,0,1,0,0,0,0,0,,0,0,0,0,0,0,0,0,0,,1
1012154,0,1,0,0,0,0,0,,0,0,0,0,0,0,0,0,0,,0
1007349,0,1,0,0,0,0,0,,0,0,0,0,0,0,0,0,0,,0
1000317,0,0,0,0,0,0,0,,0,0,0,0,0,0,0,1,1,,1
1006450,0,1,0,0,0,0,0,,0,0,0,0,0,0,0,0,0,,0
1000885,0,1,0,0,0,0,0,,0,0,0,0,0,0,0,0,0,,1
1003343,0,1,0,0,0,0,0,,0,0,0,0,0,0,0,0,0,,0
1011889,4,2,1,1,1,1,1,1.0,0,0,0,0,0,0,0,0,0,,1
1007376,0,0,0,0,0,0,0,,0,0,0,0,0,0,0,0,1,,1
1004113,0,1,0,0,0,0,0,,0,0,0,0,0,0,0,0,0,,0
1009810,0,1,0,0,0,0,0,,0,0,0,0,0,0,0,0,0,,0
1012341,0,1,0,0,0,0,0,,0,0,0,0,0,0,0,0,0,,1
1003621,4,2,1,0,0,0,0,,0,0,0,1,0,0,2,0,0,,1
1002159,0,1,0,0,0,0,0,,0,0,0,0,0,0,0,0,0,,0
1008937,0,1,0,0,0,0,0,,0,0,0,0,0,0,0,0,0,,1
1010524,0,1,0,0,0,0,0,,0,0,0,0,0,0,0,0,0,,0
1016239,0,1,0,0,0,0,0,,0,0,0,0,0,0,0,0,0,,0
1004715,0,1,0,0,0,0,0,,0,0,0,0,0,0,0,0,0,,0
1004373,4,2,1,0,0,1,0,,0,0,1,1,1,1,6,0,0,,1
1005371,0,0,0,0,0,0,0,,0,0,0,0,0,0,0,0,0,,1
1014540,0,1,0,0,0,0,0,,0,0,0,0,0,0,0,0,0,,0
1016897,4,2,1,1,1,0,0,,0,0,1,1,1,1,6,0,0,,1
1002016,0,1,0,0,0,0,0,,0,0,0,0,0,0,0,0,0,,1
1011868,4,0,1,1,1,0,0,,0,0,0,0,0,0,0,0,0,,1
1002529,4,1,1,0,1,0,0,1.0,0,0,0,0,0,0,0,1,1,,1
1007550,4,2,1,1,1,0,0,,0,1,1,1,1,1,6,0,0,,1
1015052,0,1,0,0,0,0,0,,0,0,0,0,0,0,0,0,0,,0
1011497,0,1,0,0,0,0,0,,0,0,0,0,0,0,0,0,0,,0
1006906,0,1,0,0,0,0,0,,0,0,0,0,0,0,0,0,0,,0
1005449,4,1,1,1,0,0,0,3.0,0,0,0,0,0,0,4,0,0,,1
1013557,4,2,1,0,1,1,0,18.0,0,1,0,0,0,0,13,0,0,,1
1016257,0,1,0,0,0,0,0,,0,0,0,0,0,0,0,0,0,,0
1012517,4,0,1,0,0,0,0,,0,0,0,0,0,0,1,0,0,,1
1009832,4,2,1,1,1,1,0,,0,0,0,0,0,0,0,0,0,,1
1011017,4,0,1,0,0,0,1,,0,0,0,1,0,0,2,0,0,,1
1012598,4,0,1,0,1,0,0,,0,0,0,0,0,0,0,0,0,,1
1017253,4,0,1,0,0,0,0,,0,0,0,0,0,0,4,0,0,,1
1008601,0,1,0,0,0,0,0,,0,0,0,0,0,0,0,0,0,,0
1002261,4,0,1,0,0,0,1,,0,0,0,0,0,0,1,1,1,,1
1007699,4,0,1,1,1,0,0,,0,0,0,0,0,0,0,1,1,,1
1008791,4,2,1,1,1,0,1,3.0,0,0,0,0,0,0,0,0,0,,1
1005489,0,1,0,0,0,0,0,,0,0,0,0,0,0,0,0,0,,0
1013633,0,1,0,0,0,0,0,,0,0,0,0,0,0,0,0,0,,0
1012878,4,1,1,0,1,0,0,,1,0,0,0,0,0,0,1,1,,1
1006511,0,1,0,0,0,0,0,,0,0,0,0,0,0,0,0,0,,0
1002500,4,2,1,0,0,0,1,,0,0,0,1,0,0,2,0,0,,1
1001053,0,1,0,0,0,0,0,,0,0,0,0,0,0,0,0,0,,0
1012726,0,1,0,0,0,0,0,,0,0,0,0,0,0,0,0,0,,0
1000658,0,1,0,0,0,0,0,,0,0,0,0,0,0,0,0,0,,0
1013834,4,2,1,0,0,0,0,1.0,0,0,0,0,0,0,1,0,0,,1
1010548,0,1,0,0,0,0,0,,0,0,0,0,0,0,0,0,0,,0
1006844,0,0,0,0,0,0,0,,0,0,0,0,0,0,0,0,0,,1
1016990,4,2,1,1,1,1,0,,0,1,1,1,1,1,15,0,0,,1
1003725,0,1,0,0,0,0,0,,0,0,0,0,0,0,0,0,0,,0
1011678,4,1,1,0,0,1,0,19.0,0,1,1,1,1,1,6,0,0,,1
1002073,0,0,0,0,0,0,0,,0,0,0,0,0,0,0,0,0,,1
1011993,0,0,0,0,0,0,0,,0,0,0,0,0,0,0,0,1,,1
1011791,0,1,0,0,0,0,0,,0,0,0,0,0,0,0,0,0,,1
1000684,4,2,1,1,1,0,0,,0,0,0,0,0,0,4,0,0,,1
1004128,0,1,0,0,0,0,0,,0,0,0,0,0,0,0,0,0,,1
1003895,0,1,0,0,0,0,0,,0,0,0,0,0,0,0,0,0,,0
1010628,0,1,0,0,0,0,0,,0,0,0,0,0,0,0,0,0,,1
1006232,0,1,0,0,0,0,0,,0,0,0,0,0,0,0,0,0,,0
1008858,0,1,0,0,0,0,0,,0,0,0,0,0,0,0,0,0,,0
1014342,0,1,0,0,0,0,0,,0,0,0,0,0,0,0,0,0,,0
1015800,0,1,0,0,0,0,0,,0,0,0,0,0,0,0,0,0,,0
1006249,4,2,1,0,0,0,1,,0,0,0,1,0,0,2,0,0,,1
1002253,4,1,1,1,0,0,0,,0,0,0,0,0,0,0,1,1,,1
1016415,4,2,1,1,0,0,0,13.0,0,1,0,0,0,0,0,0,0,,1
1009807,0,1,0,0,0,0,0,,0,0,0,0,0,0,0,0,0,,0
1000217,0,0,0,0,0,0,0,,0,0,0,0,0,0,0,1,1,,1
1014880,0,1,0,0,0,0,0,,0,0,0,0,0,0,0,0,0,,1
1007587,0,1,0,0,0,0,0,,0,0,0,0,0,0,0,0,0,,0
1008475,4,0,1,0,0,0,0,,0,0,0,0,0,0,1,0,0,,1
1013102,0,1,0,0,0,0,0,,0,0,0,0,0,0,0,0,0,,0
1011131,0,1,0,0,0,0,0,,0,0,0,0,0,0,0,0,0,,0
1016030,0,1,0,0,0,0,0,,0,0,0,0,0,0,0,0,0,,0
1004386,0,0,0,0,0,0,0,,0,0,0,0,0,0,0,1,1,,1
1009960,0,1,0,0,0,0,0,,0,0,0,0,0,0,0,0,0,,0
1005529,0,1,0,0,0,0,0,,0,0,0,0,0,0,0,0,0,,0
1006741,0,1,0,0,0,0,0,,0,0,0,0,0,0,0,0,0,,0
1017451,0,1,0,0,0,0,0,,0,0,0,0,0,0,0,0,0,,0
1013393,0,1,0,0,0,0,0,,0,0,0,0,0,0,0,0,0,,1
1002889,4,1,1,0,0,0,1,,0,0,0,1,0,0,2,1,1,,1
1002707,0,1,0,0,0,0,0,,0,0,0,0,0,0,0,0,0,,0
1005081,0,1,0,0,0,0,0,,0,0,0,0,0,0,0,0,0,,1
1014671,0,1,0,0,0,0,0,,0,0,0,0,0,0,0,0,0,,0
1003831,0,1,0,0,0,0,0,,0,0,0,0,0,0,0,0,0,,0
1002398,0,1,0,0,0,0,0,,0,0,0,0,0,0,0,0,0,,0
1014934,0,1,0,0,0,0,0,,0,0,0,0,0,0,0,0,0,,0
1001638,0,1,0,0,0,0,0,,0,0,0,0,0,0,0,0,0,,0
1011423,4,1,1,1,0,0,0,4.0,0,1,1,1,1,1,6,1,1,,1
1007015,4,2,1,1,0,0,0,2.0,1,1,0,0,0,0,4,0,0,,1
1015769,0,1,0,0,0,0,0,,0,0,0,0,0,0,0,0,0,,0
1009829,0,1,0,0,0,0,0,,0,0,0,0,0,0,0,0,0,,1
1006346,4,2,1,1,0,0,0,,0,0,0,1,1,0,3,1,1,,1
1008785,4,2,1,0,0,0,0,40.0,0,0,0,0,0,0,0,0,0,,1
1010801,4,2,1,1,1,0,0,,0,0,0,0,0,0,6,0,0,,1
1008277,4,2,0,0,0,0,0,,0,0,0,1,0,0,1,0,0,,1
1014947,0,1,0,0,0,0,0,,0,0,0,0,0,0,0,0,0,,0
1001903,0,1,0,0,0,0,0,,0,0,0,0,0,0,0,0,0,,0
1010172,0,1,0,0,0,0,0,,0,0,0,0,0,0,0,0,0,,0
1005664,0,1,0,0,0,0,0,,0,0,0,0,0,0,0,0,0,,0
1001268,0,1,0,0,0,0,0,,0,0,0,0,0,0,0,0,0,,1
1001853,4,2,1,1,0,0,0,,0,0,0,1,1,1,4,0,0,,1
1008674,0,1,0,0,0,0,0,,0,0,0,0,0,0,0,0,0,,0
1014435,0,1,0,0,0,0,0,,0,0,0,0,0,0,0,0,0,,1
1003188,0,1,0,0,0,0,0,,0,0,0,0,0,0,0,0,0,,0
1016556,0,1,0,0,0,0,0,,0,0,0,0,0,0,0,0,0,,0
1001956,0,1,0,0,0,0,0,,0,0,0,0,0,0,0,0,0,,0
1006821,0,1,0,0,0,0,0,,0,0,0,0,0,0,0,0,0,,0
1000998,0,1,0,0,0,0,0,,0,0,0,0,0,0,0,0,0,,0
1013233,4,2,1,0,0,0,0,,0,0,0,0,0,0,2,0,0,,1
1006653,4,1,1,1,0,0,0,,0,0,0,0,0,0,0,1,1,,1
1013004,4,0,1,0,0,0,0,12.0,0,0,0,0,0,0,2,0,0,,1
1006591,4,1,1,0,1,0,0,1778.0,0,0,0,0,0,0,0,1,1,,1
1004083,0,1,0,0,0,0,0,,0,0,0,0,0,0,0,0,0,,0
1014358,0,1,0,0,0,0,0,,0,0,0,0,0,0,0,0,0,,0
1016838,0,1,0,0,0,0,0,,0,0,0,0,0,0,0,0,0,,0
1017564,0,1,0,0,0,0,0,,0,0,0,0,0,0,0,0,0,,0
1016053,4,2,1,1,0,0,0,,0,0,1,1,0,0,4,0,0,,1
1009737,0,1,0,0,0,0,0,,0,0,0,0,0,0,0,0,0,,0
1010808,0,1,0,0,0,0,0,,0,0,0,0,0,0,0,0,0,,0
1001811,4,1,1,0,0,1,0,,0,0,0,1,0,0,2,0,0,,1
1009754,0,1,0,0,0,0,0,,0,0,0,0,0,0,0,0,0,,0
1010867,4,2,1,1,1,1,0,,0,0,1,1,1,1,6,0,0,,1
1009130,0,1,0,0,0,0,0,,0,0,0,0,0,0,0,0,0,,1
1016818,0,1,0,0,0,0,0,,0,0,0,0,0,0,0,0,0,,0
1000313,4,2,1,0,0,1,1,,0,0,1,1,1,1,6,0,0,,1
1001409,0,1,0,0,0,0,0,,0,0,0,0,0,0,0,0,0,,0
1007451,4,2,1,0,0,1,0,5.0,0,0,0,0,0,0,5,0,0,,1
1013378,0,1,0,0,0,0,0,,0,0,0,0,0,0,0,0,0,,1
1013223,0,0,0,0,0,0,0,,0,0,0,0,0,0,0,0,0,,1
1009951,0,1,0,0,0,0,0,,0,0,0,0,0,0,0,0,0,,0
1006459,0,1,0,0,0,0,0,,0,0,0,0,0,0,0,0,0,,0
1015394,0,1,0,0,0,0,0,,0,0,0,0,0,0,0,0,0,,1
1002295,4,2,1,0,1,0,0,2.0,0,0,0,0,0,0,1,0,0,,1
1015871,4,1,1,0,0,0,1,,0,0,0,1,0,0,2,1,1,,1
1013837,0,1,0,0,0,0,0,,0,0,0,0,0,0,0,0,0,,0
1011661,4,2,1,1,1,0,1,,0,0,0,0,0,0,6,0,0,,1
1012300,0,1,0,0,0,0,0,,0,0,0,0,0,0,0,0,0,,0
1006871,0,1,0,0,0,0,0,,0,0,0,0,0,0,0,0,0,,0
1001098,0,1,0,0,0,0,0,,0,0,0,0,0,0,0,0,0,,0
1005420,4,2,1,0,0,0,0,,0,0,0,1,0,0,2,0,0,,1
1012861,4,1,1,1,0,0,0,,0,0,0,0,0,0,0,1,1,,1
1011177,0,1,0,0,0,0,0,,0,0,0,0,0,0,0,0,0,,0
1007083,0,1,0,0,0,0,0,,0,0,0,0,0,0,0,0,0,,0
1004550,0,1,0,0,0,0,0,,0,0,0,0,0,0,0,0,0,,0
1007900,4,2,1,1,1,1,1,2.0,0,0,0,0,0,0,0,0,0,,1
1003795,0,1,0,0,0,0,0,,0,0,0,0,0,0,0,0,0,,0
1007438,0,1,0,0,0,0,0,,0,0,0,0,0,0,0,0,0,,0
1016177,0,1,0,0,0,0,0,,0,0,0,0,0,0,0,0,0,,0
1011155,0,1,0,0,0,0,0,,0,0,0,0,0,0,0,0,0,,0
1012258,4,0,1,0,1,0,0,,0,0,0,0,0,0,0,1,1,,1
1007470,4,0,1,0,0,0,0,,0,0,0,1,0,0,2,0,0,,1
1008166,0,1,0,0,0,0,0,,0,0,0,0,0,0,0,0,0,,0
1010290,4,0,1,1,0,0,0,,0,0,0,0,0,0,0,1,1,,1
1011619,0,1,0,0,0,0,0,,0,0,0,0,0,0,0,0,0,,0
1006795,0,0,0,0,0,0,0,,0,0,0,0,0,0,0,0,0,,1
1012334,4,2,1,1,1,0,0,,0,0,1,1,1,1,6,0,0,,1
1012977,4,2,1,0,1,0,0,,0,0,0,0,0,0,0,0,0,,1
1006654,4,2,1,0,0,0,1,,0,0,0,1,0,0,2,0,0,,1
1005376,0,1,0,0,0,0,0,,0,0,0,0,0,0,0,0,0,,0
1006443,0,1,0,0,0,0,0,,0,0,0,0,0,0,0,0,0,,0
1008078,4,0,1,1,1,1,0,,0,1,0,0,0,0,0,0,0,,1
1000387,4,2,1,1,1,1,0,,0,0,0,0,0,0,0,0,0,,1
1014257,4,2,1,1,1,1,0,,0,0,0,0,0,0,0,0,0,,1
1010839,0,1,0,0,0,0,0,,0,0,0,0,0,0,0,0,0,,0
1005404,0,1,0,0,0,0,0,,0,0,0,0,0,0,0,0,0,,0
1013392,0,1,0,0,0,0,0,,0,0,0,0,0,0,0,0,0,,1
1006503,4,2,1,0,0,0,0,10.0,0,0,0,1,0,1,3,0,0,,1
1008330,0,1,0,0,0,0,0,,0,0,0,0,0,0,0,0,0,,0
1007381,0,1,0,0,0,0,0,,0,0,0,0,0,0,0,0,0,,0
1005350,4,1,1,1,0,0,0,15.0,1,1,1,1,1,1,6,0,0,,1
1013741,0,1,0,0,0,0,0,,0,0,0,0,0,0,0,0,0,,1
1013217,0,1,0,0,0,0,0,,0,0,0,0,0,0,0,0,0,,0
1004447,0,1,0,0,0,0,0,,0,0,0,0,0,0,0,0,0,,0
1003522,4,1,1,0,0,0,0,1.0,0,0,0,0,0,0,1,0,0,,1
1015826,4,2,1,1,1,1,0,4.0,0,0,1,1,1,1,5,0,0,,1
1008118,4,2,1,0,1,0,0,,0,0,1,1,1,1,6,0,0,,1
1007106,0,1,0,0,0,0,0,,0,0,0,0,0,0,0,0,0,,0
1013013,0,1,0,0,0,0,0,,0,0,0,0,0,0,0,0,0,,1
1004524,4,2,1,1,1,0,0,,0,0,1,1,1,1,6,0,0,,1
1016083,0,1,0,0,0,0,0,,0,0,0,0,0,0,0,0,0,,0
1011438,4,0,1,0,0,0,0,10.0,0,1,0,0,0,0,0,0,0,,1
1013011,0,1,0,0,0,0,0,,0,0,0,0,0,0,0,0,0,,0
1009796,0,1,0,0,0,0,0,,0,0,0,0,0,0,0,0,0,,1
1012379,0,1,0,0,0,0,0,,0,0,0,0,0,0,0,0,0,,0
1015260,4,1,1,0,0,0,0,2.0,0,0,0,1,0,0,2,0,0,,1
1013990,0,1,0,0,0,0,0,,0,0,0,0,0,0,0,0,0,,0
1003132,0,1,0,0,0,0,0,,0,0,0,0,0,0,0,0,0,,0
1004030,4,2,1,1,1,0,0,,0,0,0,0,0,0,0,0,0,22.0,1
1016575,0,1,0,0,0,0,0,,0,0,0,0,0,0,0,0,0,,0
1012189,0,1,0,0,0,0,0,,0,0,0,0,0,0,0,0,0,,0
1006554,4,2,1,0,0,0,0,,0,0,0,0,0,1,1,0,0,,1
1001626,4,2,1,0,1,1,0,25.0,0,0,0,0,0,0,6,0,0,,1
1007891,4,1,1,0,0,0,1,,0,0,0,1,0,0,2,1,1,,1
1013319,0,1,0,0,0,0,0,,0,0,0,0,0,0,0,0,0,,1
1016459,0,1,0,0,0,0,0,,0,0,0,0,0,0,0,0,0,,0
1002308,0,1,0,0,0,0,0,,0,0,0,0,0,0,0,0,0,,0
1004950,4,2,1,1,1,0,0,,0,0,1,1,1,1,6,0,0,,1
1005521,4,1,1,0,0,0,0,2.0,0,0,0,0,0,0,0,0,0,,1
1000895,0,1,0,0,0,0,0,,0,0,0,0,0,0,0,0,0,,0
1006501,4,2,1,0,0,0,0,,0,0,0,1,0,0,2,0,0,,1
1002645,0,1,0,0,0,0,0,,0,0,0,0,0,0,0,0,0,,0
1009037,0,1,0,0,0,0,0,,0,0,0,0,0,0,0,0,0,,1
1008483,4,2,1,1,0,0,0,3.0,0,0,0,0,0,0,0,0,0,,1
1015768,0,1,0,0,0,0,0,,0,0,0,0,0,0,0,0,0,,0
1015457,0,1,0,0,0,0,0,,0,0,0,0,0,0,0,0,0,,0
1004029,0,1,0,0,0,0,0,,0,0,0,0,0,0,0,0,0,,0
1015905,0,1,0,0,0,0,0,,0,0,0,0,0,0,0,0,0,,0
1002313,0,1,0,0,0,0,0,,0,0,0,0,0,0,0,0,0,,0
1001118,0,1,0,0,0,0,0,,0,0,0,0,0,0,0,0,0,,0
1015225,0,1,0,0,0,0,0,,0,0,0,0,0,0,0,0,0,,0
1004269,4,1,1,1,0,0,0,,0,0,0,0,0,0,0,1,1,,1
1004652,0,1,0,0,0,0,0,,0,0,0,0,0,0,0,0,0,,0
1011721,0,1,0,0,0,0,0,,0,0,0,0,0,0,0,0,0,,0
1014205,4,1,1,1,1,1,1,1.0,0,1,1,1,1,1,6,0,0,,1
1006397,0,1,0,0,0,0,0,,0,0,0,0,0,0,0,0,0,,0
1013284,4,2,1,0,0,0,0,,0,0,0,0,0,0,1,0,0,,1
1010571,4,2,1,1,0,0,0,,0,0,0,1,0,0,2,0,0,,1
1013118,0,1,0,0,0,0,0,,0,0,0,0,0,0,0,0,0,,0
1005321,0,1,0,0,0,0,0,,0,0,0,0,0,0,0,0,0,,0
1017283,4,1,1,0,1,0,0,1805.0,0,0,0,0,0,0,0,1,1,,1
1003730,0,1,0,0,0,0,0,,0,0,0,0,0,0,0,0,0,,0
1013373,0,1,0,0,0,0,0,,0,0,0,0,0,0,0,0,0,,1
1014826,4,1,1,0,0,0,1,,0,0,0,0,0,0,1,1,1,,1
1001964,0,1,0,0,0,0,0,,0,0,0,0,0,0,0,0,0,,0
1017513,0,1,0,0,0,0,0,,0,0,0,0,0,0,0,0,0,,1
1004825,0,1,0,0,0,0,0,,0,0,0,0,0,0,0,0,0,,0
1011571,0,1,0,0,0,0,0,,0,0,0,0,0,0,0,0,0,,0
1005312,0,1,0,0,0,0,0,,0,0,0,0,0,0,0,0,0,,0
1017339,0,1,0,0,0,0,0,,0,0,0,0,0,0,0,0,0,,1
1013545,4,1,1,1,0,0,0,,0,0,1,1,1,1,6,0,0,,1
1008341,4,2,1,1,1,1,1,2.0,0,0,1,1,1,1,6,0,0,,1
1010946,0,1,0,0,0,0,0,,0,0,0,0,0,0,0,0,0,,0
1005279,4,2,1,0,1,0,0,,0,0,1,1,1,1,6,0,0,,1
1012438,4,1,1,0,1,0,0,10.0,0,0,0,1,0,0,3,0,0,,1
1008367,0,1,0,0,0,0,0,,0,0,0,0,0,0,0,0,0,,0
1003677,4,2,1,1,1,1,1,,0,0,1,1,1,1,6,0,0,,1
1017270,4,2,1,1,1,1,0,,0,0,1,1,1,1,6,0,0,,1
1007968,0,1,0,0,0,0,0,,0,0,0,0,0,0,0,0,0,,0
1016430,0,1,0,0,0,0,0,,0,0,0,0,0,0,0,0,0,,0
1010536,0,1,0,0,0,0,0,,0,0,0,0,0,0,0,0,0,,0
1000799,0,1,0,0,0,0,0,,0,0,0,0,0,0,0,0,0,,0
1017565,0,1,0,0,0,0,0,,0,0,0,0,0,0,0,0,0,,1
1010841,0,1,0,0,0,0,0,,0,0,0,0,0,0,0,0,0,,0
1003916,0,1,0,0,0,0,0,,0,0,0,0,0,0,0,0,0,,0
1015750,0,1,0,0,0,0,0,,0,0,0,0,0,0,0,0,0,,1
1012282,4,1,1,0,0,0,0,10.0,0,0,0,0,0,0,1,0,0,,1
1010099,0,0,1,0,0,0,1,,0,0,0,0,0,0,0,1,1,,1
1000204,0,1,0,0,0,0,0,,0,0,0,0,0,0,0,0,0,,0
1008280,0,1,0,0,0,0,0,,0,0,0,0,0,0,0,0,0,,1
1015815,4,2,1,1,1,1,0,,0,0,0,0,0,0,0,0,0,,1
1017276,4,1,1,1,1,0,0,10.0,0,0,0,0,0,0,0,1,1,,1
1003427,0,1,0,0,0,0,0,,0,0,0,0,0,0,0,0,0,,0
1004944,4,0,1,0,1,0,0,1.0,0,0,0,0,0,0,0,0,0,,1
1004954,0,1,0,0,0,0,0,,0,0,0,0,0,0,0,0,0,,1
1015653,0,1,0,0,0,0,0,,0,0,0,0,0,0,0,0,0,,0
1002329,4,1,1,0,0,0,1,,0,0,0,1,0,0,2,0,0,,1
1014065,0,1,0,0,0,0,0,,0,0,0,0,0,0,0,0,0,,0
1017302,0,1,0,0,0,0,0,,0,0,0,0,0,0,0,0,0,,1
1015966,0,1,0,0,0,0,0,,0,0,0,0,0,0,0,0,0,,0
1006566,4,1,1,1,1,1,0,,0,1,1,1,1,1,6,0,0,,1
1005631,0,1,0,0,0,0,0,,0,0,0,0,0,0,0,0,0,,0
1007783,0,1,0,0,0,0,0,,0,0,0,0,0,0,0,0,0,,0
1004947,4,2,1,0,0,0,1,,0,0,1,1,1,1,6,0,0,,1
1016380,0,1,0,0,0,0,0,,0,0,0,0,0,0,0,0,0,,0
1004539,0,1,1,0,0,1,0,,0,1,1,1,1,1,6,1,2,,1
1002631,0,1,1,0,0,1,1,,0,0,1,1,1,1,6,1,2,,1
1012372,0,1,0,0,0,0,0,,0,0,0,0,0,0,0,0,0,,0
1002677,3,1,1,0,0,1,1,,0,0,1,1,0,0,4,1,5,,1
1009447,0,1,0,0,0,0,0,,0,0,0,0,0,0,0,0,0,,0
1014935,0,1,0,0,0,0,0,,0,0,0,0,0,0,0,0,0,,0
1006572,0,1,0,0,0,0,0,,0,0,0,0,0,0,0,0,0,,0
1011422,0,1,0,0,0,0,0,,0,0,0,0,0,0,0,0,0,,0
1015499,0,1,1,0,0,1,1,,0,0,1,1,1,1,6,1,2,,1
1009714,0,1,1,0,0,1,0,,0,0,1,1,1,1,6,1,2,,1
1005067,0,1,0,0,0,0,0,,0,0,0,0,0,0,0,0,0,,0
1008922,0,1,0,0,0,0,0,,0,0,0,0,0,0,0,0,0,,0
1003612,0,1,1,0,0,1,0,,0,0,1,1,1,1,6,0,1,,1
1011927,0,1,0,0,0,0,0,,0,0,0,0,0,0,0,0,0,,0
1004012,0,1,0,0,0,0,0,,0,0,0,0,0,0,0,0,0,,0
1015116,0,1,1,0,0,1,0,,0,0,1,1,1,1,6,1,2,,1
1001256,0,1,0,0,0,0,0,,0,0,0,0,0,0,0,0,0,,0
1012142,0,1,1,0,0,1,0,,0,0,1,1,1,1,6,1,2,,1
1016609,0,1,0,0,0,0,0,,0,0,0,0,0,0,0,0,0,,0
1012076,0,1,0,0,0,0,0,,0,0,0,0,0,0,0,0,0,,0
1015781,0,1,0,0,0,0,0,,0,0,0,0,0,0,0,0,0,,0
1003516,0,1,1,0,0,1,0,,0,0,1,1,1,1,6,1,2,,1
1014392,0,1,0,0,0,0,0,,0,0,0,0,0,0,0,0,0,,0
1008659,0,1,0,0,0,0,0,,0,0,0,0,0,0,0,0,0,,0
1004476,0,1,1,0,0,1,0,,0,0,1,1,1,1,6,1,2,,1
1012738,0,1,0,0,0,0,0,,0,0,0,0,0,0,0,0,0,,0
1002189,0,1,1,0,0,1,0,,0,1,1,1,1,1,6,1,2,,1
1012801,0,1,0,0,0,0,0,,0,0,0,0,0,0,0,0,0,,0
1012600,0,1,0,0,0,0,0,,0,0,0,0,0,0,0,0,0,,0
1016798,0,1,1,0,0,1,0,,0,0,1,1,1,1,6,1,2,,1
1010019,0,1,1,0,0,1,1,,0,0,1,1,0,0,4,1,5,7.0,1
1005374,0,1,0,0,0,0,0,,0,0,0,0,0,0,0,0,0,,0
1014335,0,1,1,0,0,1,0,,0,0,1,1,1,1,6,1,2,,1
1006048,0,1,0,0,0,0,0,,0,0,0,0,0,0,0,0,0,,0
1002704,0,1,1,0,0,1,1,,0,0,1,1,0,0,4,1,5,7.0,1
1001287,0,1,0,0,0,0,0,,0,0,0,0,0,0,0,0,0,,0
1009459,0,1,1,0,0,1,1,,0,0,1,1,1,1,6,1,5,,1
1011622,0,1,0,0,0,0,0,,0,0,0,0,0,0,0,0,0,,0
1002354,0,1,0,0,0,0,0,,0,0,0,0,0,0,0,0,0,,0
1011637,0,1,0,0,0,0,0,,0,0,0,0,0,0,0,0,0,,0
1003708,0,1,0,0,0,0,0,,0,0,0,0,0,0,0,0,0,,0
1007500,0,1,0,0,0,0,0,,0,0,0,0,0,0,0,0,0,,0
1002536,3,1,1,0,0,1,1,,0,0,1,1,0,0,4,1,5,7.0,1
1011784,0,1,1,0,0,1,1,,0,0,1,1,1,1,6,1,2,,1
1016165,0,1,1,0,0,0,0,,0,0,1,1,1,1,6,1,5,,1
1012160,0,1,1,0,0,1,1,,0,0,1,1,1,1,6,1,2,,1
1017355,0,1,0,0,0,0,0,,0,0,0,0,0,0,0,0,0,,0
1014987,0,1,0,0,0,0,0,,0,0,0,0,0,0,0,0,0,,0
1005739,0,1,0,0,0,0,0,,0,0,0,0,0,0,0,0,0,,0
1005569,0,1,1,0,0,1,0,,0,0,1,1,1,1,6,1,5,,1
1010302,0,1,0,0,0,0,0,,0,0,0,0,0,0,0,0,0,,0
1004517,3,1,1,0,0,1,0,,0,0,1,1,1,1,6,1,5,,1
1000050,0,1,0,0,0,0,0,,0,0,0,0,0,0,0,0,0,,0
1003545,0,1,0,0,0,0,0,,0,0,0,0,0,0,0,0,0,,0
1014558,0,1,1,0,0,1,0,,0,0,1,1,1,1,6,1,2,,1
1000565,0,1,0,0,0,0,0,,0,0,0,0,0,0,0,0,0,,0
1014757,0,1,1,0,0,1,0,,0,0,1,1,1,1,6,1,5,,1
1008245,0,1,0,0,0,0,0,,0,0,0,0,0,0,0,0,0,,0
1015423,0,1,1,0,0,1,0,,0,0,1,1,1,1,6,1,2,,1
1002026,0,1,0,0,0,0,0,,0,0,0,0,0,0,0,0,0,,0
1001523,0,1,0,0,0,0,0,,0,0,0,0,0,0,0,0,0,,0
1000904,0,1,1,0,0,1,0,,0,0,1,1,1,1,6,1,5,,1
1011520,0,1,0,0,0,0,0,,0,0,0,0,0,0,0,0,0,,0
1003972,0,1,0,0,0,0,0,,0,0,0,0,0,0,0,0,0,,0
1004887,0,1,0,0,0,0,0,,0,0,0,0,0,0,0,0,0,,0
1008657,0,1,0,0,0,0,0,,0,0,0,0,0,0,0,0,0,,0
1013009,0,1,0,0,0,0,0,,0,0,0,0,0,0,0,0,0,,0
1001730,0,1,0,0,0,0,0,,0,0,0,0,0,0,0,0,0,,0
1009659,0,1,0,0,0,0,0,,0,0,0,0,0,0,0,0,0,,0
1006100,0,1,1,0,1,1,0,,0,0,1,1,1,1,6,0,1,,1
1005054,3,1,1,0,0,1,0,,0,0,1,1,1,1,6,1,2,,1
1004315,0,1,1,0,0,1,1,,1,0,1,1,1,1,6,0,1,,1
1012265,0,1,1,0,0,1,0,,0,1,1,1,1,1,6,1,2,,1
1007893,0,1,0,0,0,0,0,,0,0,0,0,0,0,0,0,0,,0
1004731,0,1,0,0,0,0,0,,0,0,0,0,0,0,0,0,0,,0
1011630,0,1,0,0,0,0,0,,0,0,0,0,0,0,0,0,0,,0
1014509,0,1,0,0,0,0,0,,0,0,0,0,0,0,0,0,0,,0
1003076,3,1,1,0,0,1,0,,0,0,1,1,1,1,6,1,5,,1
1005194,0,1,0,0,0,0,0,,0,0,0,0,0,0,0,0,0,,0
1012863,0,1,1,0,0,1,0,,0,0,1,1,1,1,6,1,2,,1
1014268,0,1,0,0,0,0,0,,0,0,0,0,0,0,0,0,0,,0
1010552,0,1,1,0,0,1,1,,0,0,1,1,1,1,6,1,2,,1
1017240,0,1,0,0,0,0,0,,0,0,0,0,0,0,0,0,0,,0
1007255,0,1,0,0,0,0,0,,0,0,0,0,0,0,0,0,0,,0
1012644,0,1,1,0,0,1,0,,0,0,1,1,1,1,6,1,2,,1
1000436,0,1,0,0,0,0,0,,0,0,0,0,0,0,0,0,0,,0
1003310,0,1,0,0,0,0,0,,0,0,0,0,0,0,0,0,0,,0
1003735,0,1,0,0,0,0,0,,0,0,0,0,0,0,0,0,0,,0
1006104,0,1,1,0,0,1,1,,0,0,1,1,1,1,6,1,2,,1
1015760,0,1,0,0,0,0,0,,0,0,0,0,0,0,0,0,0,,0
1013395,3,1,1,0,0,1,1,,0,0,1,1,0,0,4,1,5,8.0,1
1015951,0,1,1,0,0,1,0,,0,1,1,1,1,1,6,1,2,,1
1001779,0,1,0,0,0,0,0,,0,0,0,0,0,0,0,0,0,,0
1002804,0,1,1,0,0,1,0,,0,0,1,1,1,1,6,1,2,,1
1013569,0,1,1,0,0,1,0,,0,0,1,1,0,0,4,1,5,11.0,1
1001215,0,1,1,0,0,1,1,,0,0,1,1,1,1,6,1,2,,1
1003690,0,1,1,0,0,1,1,,0,0,1,1,1,1,6,1,5,,1
1002699,0,1,1,0,0,1,1,,0,0,1,1,1,1,6,1,2,,1
1011430,0,1,0,0,0,0,0,,0,0,0,0,0,0,0,0,0,,0
1008740,0,1,1,0,0,1,0,,0,0,1,1,1,1,6,1,2,,1
1009591,0,1,0,0,0,0,0,,0,0,0,0,0,0,0,0,0,,0
1012188,0,1,0,0,0,0,0,,0,0,0,0,0,0,0,0,0,,0
1011194,0,1,1,0,0,1,1,,0,0,1,1,1,1,6,1,2,,1
1006682,0,1,1,0,0,1,1,,0,0,1,1,1,1,6,1,2,,1
1006344,3,1,1,0,0,1,0,,0,0,1,1,1,1,6,1,5,,1
1008734,0,1,0,0,0,0,0,,0,0,0,0,0,0,0,0,0,,0
1008092,0,1,1,0,0,1,0,,0,0,1,1,1,1,6,1,2,,1
1015702,0,1,0,0,0,0,0,,0,0,0,0,0,0,0,0,0,,0
1012776,0,1,0,0,0,0,0,,0,0,0,0,0,0,0,0,0,,0
1000791,0,1,1,0,0,1,0,,0,0,1,1,1,1,6,1,2,,1
1007370,0,1,0,0,0,0,0,,0,0,0,0,0,0,0,0,0,,0
1007775,0,1,0,0,0,0,0,,0,0,0,0,0,0,0,0,0,,0
1009134,0,1,0,0,0,0,0,,0,0,0,0,0,0,0,0,0,,0
1004236,0,1,1,0,0,1,1,,0,0,1,1,1,1,6,1,2,,1
1003171,0,1,0,0,0,0,0,,0,0,0,0,0,0,0,0,0,,0
1008642,0,1,1,0,0,1,0,,0,0,1,1,1,1,6,1,2,,1
1008896,3,1,1,0,0,1,0,,0,0,1,1,1,1,6,1,2,,1
1006590,0,1,1,0,0,1,0,,0,0,1,1,1,1,6,1,5,,1
1008438,0,1,0,0,0,0,0,,0,0,0,0,0,0,0,0,0,,0
1005748,0,1,1,0,0,1,0,,0,0,1,1,1,1,6,1,5,,1
1006762,0,1,1,0,0,1,1,,0,0,1,1,0,0,4,1,5,7.0,1
1001558,0,1,0,0,0,0,0,,0,0,0,0,0,0,0,0,0,,0
1000369,0,1,0,0,0,0,0,,0,0,0,0,0,0,0,0,0,,0
1008872,0,1,0,0,0,0,0,,0,0,0,0,0,0,0,0,0,,0
1007969,0,1,1,0,0,1,0,,0,1,1,1,1,1,6,1,5,,1
1016419,0,1,0,0,0,0,0,,0,0,0,0,0,0,0,0,0,,0
1006600,0,1,0,0,0,0,0,,0,0,0,0,0,0,0,0,0,,0
1001858,0,1,1,0,0,1,1,,0,0,1,1,1,1,6,1,2,,1
1005654,0,1,0,0,0,0,0,,0,0,0,0,0,0,0,0,0,,0
1000208,0,1,0,0,0,0,0,,0,0,0,0,0,0,0,0,0,,0
1014615,3,1,1,0,0,1,1,,0,0,1,1,1,1,6,1,2,,1
1007927,0,1,0,0,0,0,0,,0,0,0,0,0,0,0,0,0,,0
1006405,0,1,0,0,0,0,0,,0,0,0,0,0,0,0,0,0,,0
1010889,0,1,1,0,0,1,0,,0,0,1,1,1,1,6,1,5,,1
1014926,0,1,0,0,0,0,0,,0,0,0,0,0,0,0,0,0,,0
1001541,0,1,1,0,0,1,1,,0,0,1,1,1,1,6,1,5,,1
1011410,0,1,1,0,0,1,0,,0,0,1,1,1,1,6,1,2,,1
1007375,0,1,0,0,0,0,0,,0,0,0,0,0,0,0,0,0,,0
1006799,0,1,0,0,0,0,0,,0,0,0,0,0,0,0,0,0,,0
1009949,0,1,0,0,0,0,0,,0,0,0,0,0,0,0,0,0,,0
1003951,0,1,0,0,0,0,0,,0,0,0,0,0,0,0,0,0,,0
1015501,3,1,1,0,0,1,0,,0,0,1,1,0,0,4,1,5,,1
1002974,0,1,0,0,0,0,0,,0,0,0,0,0,0,0,0,0,,0
1010551,0,1,1,0,0,1,1,,0,0,1,1,1,1,6,1,2,,1
1002091,3,1,1,0,1,1,0,,0,0,1,1,1,1,6,1,5,,1
1006267,0,1,1,0,0,1,0,,0,0,1,1,1,1,6,1,5,,1
1009328,0,1,0,0,0,0,0,,0,0,0,0,0,0,0,0,0,,0
1000089,0,1,1,0,0,1,0,,0,1,1,1,1,1,6,1,2,,1
1004763,0,1,0,0,0,0,0,,0,0,0,0,0,0,0,0,0,,0
1011152,0,1,0,0,0,0,0,,0,0,0,0,0,0,0,0,0,,0
1016686,0,1,0,0,0,0,0,,0,0,0,0,0,0,0,0,0,,0
1008620,3,1,1,0,1,1,0,,0,0,1,1,1,1,6,1,2,,1
1005007,0,1,0,0,0,0,0,,0,0,0,0,0,0,0,0,0,,0
1005303,3,1,1,0,0,1,1,,0,0,1,1,1,1,6,1,2,,1
1008943,0,1,0,0,0,0,0,,0,0,0,0,0,0,0,0,0,,0
1015798,0,1,0,0,0,0,0,,0,0,0,0,0,0,0,0,0,,0
1014211,0,1,0,0,0,0,0,,0,0,0,0,0,0,0,0,0,,0
1017035,3,1,1,0,0,1,0,,0,0,1,1,1,1,6,1,2,,1
1005069,0,1,0,0,0,0,0,,0,0,0,0,0,0,0,0,0,,0
1003154,0,1,0,0,0,0,0,,0,0,0,0,0,0,0,0,0,,0
1011803,0,1,0,0,0,0,0,,0,0,0,0,0,0,0,0,0,,0
1016351,3,1,1,0,0,1,1,,0,0,1,1,1,1,6,1,2,,1
1016781,0,1,1,0,0,1,0,,0,0,1,1,1,1,6,1,2,,1
1010704,0,1,1,0,0,1,1,,0,0,1,1,0,0,4,1,5,7.0,1
1015104,0,1,0,0,0,0,0,,0,0,0,0,0,0,0,0,0,,0
1004577,0,1,1,0,0,1,0,,0,0,1,1,1,1,6,1,2,,1
1006000,0,1,1,0,0,1,0,,0,0,1,1,1,1,6,1,2,,1
1011613,3,1,1,0,0,1,1,,0,0,1,1,1,1,6,1,2,,1
1006873,0,1,1,0,0,1,0,,0,0,1,1,1,1,6,0,2,,1
1011235,0,1,0,0,0,0,0,,0,0,0,0,0,0,0,0,0,,0
1000045,0,1,0,0,0,0,0,,0,0,0,0,0,0,0,0,0,,0
1013858,0,1,1,0,0,1,1,,0,1,1,1,1,1,6,1,2,,1
1000803,0,1,0,0,0,0,0,,0,0,0,0,0,0,0,0,0,,0
1000081,0,1,0,0,0,0,0,,0,0,0,0,0,0,0,0,0,,0
1009584,0,1,1,0,0,1,0,,0,0,1,1,1,1,6,1,2,,1
1013814,0,1,0,0,0,0,0,,0,0,0,0,0,0,0,0,0,,0
1011259,3,1,1,0,0,1,1,,0,0,1,1,1,1,6,1,2,,1
1010144,0,1,0,0,0,0,0,,0,0,0,0,0,0,0,0,0,,0
1003097,0,1,1,0,0,1,1,,0,0,1,1,0,0,4,1,5,7.0,1
1009094,0,1,0,0,0,0,0,,0,0,0,0,0,0,0,0,0,,0
1009420,0,1,1,0,0,1,0,,0,0,1,1,1,1,6,1,5,,1
1011489,0,1,1,0,0,1,0,,0,0,0,0,0,0,7,0,0,,1
1015813,4,2,1,0,0,0,0,1.0,0,0,0,0,0,0,1,0,0,,1
1001446,0,1,0,0,0,0,0,,0,0,0,0,0,0,0,0,0,,0
1014028,0,1,0,0,0,0,0,,0,0,0,0,0,0,0,0,0,,0
1001560,0,1,1,0,0,0,0,,0,0,1,1,1,1,6,1,2,,1
1003010,0,1,1,0,0,0,0,,0,0,1,1,1,1,6,1,2,,1
1007247,0,1,0,0,0,0,0,,0,0,0,0,0,0,0,0,0,,0
1014961,0,1,1,0,0,1,0,,0,0,1,1,1,1,6,1,5,,1
1012524,0,1,1,0,0,1,1,,0,0,1,1,1,1,6,1,5,,1
1015060,0,1,0,0,0,0,0,,0,0,0,0,0,0,0,0,0,,0
1005281,0,1,1,0,0,1,1,,0,0,1,1,1,1,6,1,5,,1
1000330,0,1,1,0,0,1,1,,0,0,1,1,1,1,6,1,2,,1
1010749,0,1,0,0,0,0,0,,0,0,0,0,0,0,0,0,0,,0
1017482,0,1,1,0,0,1,1,,0,0,1,1,1,1,6,1,2,,1
1006937,0,1,0,0,0,0,0,,0,0,0,0,0,0,0,0,0,,0
1004623,0,1,1,0,0,1,0,,0,0,1,1,1,1,6,1,2,,1
1008442,0,1,0,0,0,0,0,,0,0,0,0,0,0,0,0,0,,0
1000977,0,1,0,0,0,0,0,,0,0,0,0,0,0,0,0,0,,0
1010927,0,1,0,0,0,0,0,,0,0,0,0,0,0,0,0,0,,0
1004660,3,1,1,0,0,1,0,,0,0,1,1,1,1,6,1,5,,1
1015686,0,1,0,0,0,0,0,,0,0,0,0,0,0,0,0,0,,0
1012474,3,1,1,0,0,1,1,,0,0,1,1,1,1,6,1,5,,1
1004779,0,1,1,0,0,1,1,,0,0,1,1,1,1,6,1,2,,1
1017121,0,1,1,0,0,1,1,,0,0,1,1,1,1,6,1,2,,1
1003988,0,1,0,0,0,0,0,,0,0,0,0,0,0,0,0,0,,0
1012620,0,1,1,0,1,1,0,,0,0,1,1,1,1,6,1,5,,1
1015188,3,1,1,0,1,1,0,,0,0,1,1,1,1,6,1,2,,1
1004051,0,1,0,0,0,0,0,,0,0,0,0,0,0,0,0,0,,0
1015744,0,1,0,0,0,0,0,,0,0,0,0,0,0,0,0,0,,0
1012872,0,1,0,0,0,0,0,,0,0,0,0,0,0,0,0,0,,0
1016976,0,1,1,0,0,1,0,,0,0,1,1,1,1,6,1,5,,1
1000616,3,1,1,0,0,1,0,,0,0,1,1,0,1,4,1,5,,1
1012185,0,1,0,0,0,0,0,,0,0,0,0,0,0,0,0,0,,0
1013010,0,1,0,0,0,0,0,,0,0,0,0,0,0,0,0,0,,0
1005645,0,1,0,0,0,0,0,,0,0,0,0,0,0,0,0,0,,0
1006951,0,1,0,0,0,0,0,,0,0,0,0,0,0,0,0,0,,0
1009140,0,1,1,0,0,1,0,,0,0,0,0,0,0,0,0,0,3.0,1
1016329,0,1,0,0,0,0,0,,0,0,0,0,0,0,0,0,0,,0
1014278,0,1,0,0,0,0,0,,0,0,0,0,0,0,0,0,0,,0
1010014,0,1,1,0,0,1,0,,0,0,1,1,1,1,6,1,2,,1
1003891,0,1,1,0,0,1,0,,0,0,1,1,1,1,6,1,2,,1
1006784,0,1,1,0,1,1,0,,0,0,1,1,1,1,6,1,2,,1
1014170,0,1,0,0,0,0,0,,0,0,0,0,0,0,0,0,0,,0
1014154,0,1,0,0,0,0,0,,0,0,0,0,0,0,0,0,0,,0
1012741,3,1,1,0,0,1,0,,0,0,1,1,1,1,6,1,5,,1
1006225,0,1,0,0,0,0,0,,0,0,0,0,0,0,0,0,0,,0
1015172,0,1,0,0,0,0,0,,0,0,0,0,0,0,0,0,0,,0
1005314,0,1,1,0,0,1,0,,0,0,1,1,1,1,6,1,5,,1
1013174,0,1,0,0,0,0,0,,0,0,0,0,0,0,0,0,0,,0
1000827,0,1,0,0,0,0,0,,0,0,0,0,0,0,0,0,0,,0
1002544,0,1,0,0,0,0,0,,0,0,0,0,0,0,0,0,0,,0
1017132,0,1,0,0,0,0,0,,0,0,0,0,0,0,0,0,0,,0
1003684,4,1,1,0,0,0,0,,0,0,0,0,0,0,0,1,2,,1
1014015,0,1,1,0,0,1,0,,0,0,1,1,1,1,6,1,2,,1
1001286,0,1,0,0,0,0,0,,0,0,0,0,0,0,0,0,0,,0
1007513,0,1,0,0,0,0,0,,0,0,0,0,0,0,0,0,0,,0
1007517,0,1,0,0,0,0,0,,0,0,0,0,0,0,0,0,0,,0
1015286,0,1,0,0,0,0,0,,0,0,0,0,0,0,0,0,0,,0
1005175,0,1,1,0,0,1,1,,0,0,1,1,1,1,6,1,2,,1
1010030,0,1,1,0,0,1,0,,0,0,1,1,1,1,6,1,5,,1
1003597,0,1,0,0,0,0,0,,0,0,0,0,0,0,0,0,0,,0
1010949,0,1,1,0,0,1,0,,0,0,1,1,1,1,6,1,2,,1
1000075,0,1,1,0,0,1,0,,0,0,1,1,1,1,6,0,1,,1
1015574,0,1,0,0,0,0,0,,0,0,0,0,0,0,0,0,0,,0
1016393,0,1,0,0,0,0,0,,0,0,0,0,0,0,0,0,0,,0
1014662,0,1,0,0,0,0,0,,0,0,0,0,0,0,0,0,0,,0
1007000,0,1,1,0,0,1,1,,0,0,1,1,0,0,4,1,5,,1
1011536,0,1,0,0,0,0,0,,0,0,0,0,0,0,0,0,0,,0
1016940,0,1,0,0,0,0,0,,0,0,0,0,0,0,0,0,0,,0
1000470,3,1,1,0,0,1,0,,0,0,1,1,1,1,6,1,5,,1
1009556,0,1,0,0,0,0,0,,0,0,0,0,0,0,0,0,0,,0
1008229,0,1,0,0,0,0,0,,0,0,0,0,0,0,0,0,0,,0
1011906,0,1,0,0,0,0,0,,0,0,0,0,0,0,0,0,0,,0
1014875,0,1,0,0,0,0,0,,0,0,0,0,0,0,0,0,0,,0
1013962,0,1,1,0,0,1,1,,0,0,1,1,0,0,4,1,5,,1
1006764,0,1,0,0,0,0,0,,0,0,0,0,0,0,0,0,0,,0
1002451,0,1,0,0,0,0,0,,0,0,0,0,0,0,0,0,0,,0
1000811,0,1,0,0,0,0,0,,0,0,0,0,0,0,0,0,0,,0
1003439,0,1,0,0,0,0,0,,0,0,0,0,0,0,0,0,0,,0
1015932,0,1,1,0,0,1,0,,0,0,1,1,0,0,4,1,5,7.0,1
1009132,0,1,0,0,0,0,0,,0,0,0,0,0,0,0,0,0,,0
1000832,0,1,1,0,0,1,1,,0,0,1,1,1,1,6,1,5,,1
1005455,0,1,1,0,0,1,1,,0,0,1,1,1,1,6,1,2,,1
1005906,0,1,0,0,0,0,0,,0,0,0,0,0,0,0,0,0,,0
1004067,0,1,1,0,0,1,0,,0,0,1,1,1,1,6,1,2,,1
1013915,0,1,1,0,0,1,1,,0,0,1,1,1,1,6,1,2,,1
1015700,0,1,0,0,0,0,0,,0,0,0,0,0,0,0,0,0,,0
1005073,0,1,0,0,0,0,0,,0,0,0,0,0,0,0,0,0,,0
1015170,0,1,0,0,0,0,0,,0,0,0,0,0,0,0,0,0,,0
1000553,0,1,1,0,0,1,0,,0,0,1,1,1,1,6,1,2,,1
1012978,0,1,0,0,0,0,0,,0,0,0,0,0,0,0,0,0,,0
1016814,0,1,1,0,0,1,0,,0,0,1,1,1,1,6,1,2,,1
1000285,3,1,1,0,1,1,0,,0,0,1,1,1,1,6,1,5,,1
1005928,0,1,0,0,0,0,0,,0,0,0,0,0,0,0,0,0,,0
1008695,0,1,0,0,0,0,0,,0,0,0,0,0,0,0,0,0,,0
1001320,0,1,0,0,0,0,0,,0,0,0,0,0,0,0,0,0,,0
1002611,0,1,1,0,0,1,0,,0,0,1,1,1,1,6,1,2,,1
1017377,0,1,1,0,0,1,0,,0,0,1,1,1,1,6,1,5,,1
1010676,0,1,0,0,0,0,0,,0,0,0,0,0,0,0,0,0,,0
1004818,0,1,0,0,0,0,0,,0,0,0,0,0,0,0,0,0,,0
1007491,0,1,1,0,0,1,0,,0,0,1,1,1,1,6,1,2,,1
1012381,0,1,1,0,0,1,1,,0,0,1,1,0,0,4,1,5,7.0,1
1000053,0,1,1,0,1,1,0,,0,1,1,1,0,0,4,1,5,7.0,1
1004203,0,1,1,0,0,1,0,,0,0,1,1,1,1,6,1,2,,1
1011261,0,1,0,0,0,0,0,,0,0,0,0,0,0,0,0,0,,0
1006651,3,1,1,0,1,1,0,,0,0,1,1,1,1,6,1,5,,1
1016481,3,1,1,0,0,1,0,,0,0,1,1,0,0,4,1,5,,1
1007171,0,1,0,0,0,0,0,,0,0,0,0,0,0,0,0,0,,0
1009603,0,1,0,0,0,0,0,,0,0,0,0,0,0,0,0,0,,0
1004606,0,1,0,0,0,0,0,,0,0,0,0,0,0,0,0,0,,0
1007158,0,1,0,0,0,0,0,,0,0,0,0,0,0,0,0,0,,0
1014468,0,1,1,0,0,1,0,,0,0,1,1,1,1,6,1,5,,1
1012957,3,1,1,0,0,1,1,,0,0,1,1,0,0,4,1,5,8.0,1
1015264,0,1,1,0,0,1,1,,0,0,1,1,0,0,4,1,5,7.0,1
1016807,0,1,0,0,0,0,0,,0,0,0,0,0,0,0,0,0,,0
1012503,0,1,1,0,0,1,1,,0,0,1,1,1,1,6,1,5,,1
1014514,0,1,1,0,0,1,1,,0,0,1,1,1,1,6,1,5,,1
1003271,0,1,1,0,0,1,0,,0,0,1,1,0,0,4,1,5,,1
1000735,0,1,0,0,0,0,0,,0,0,0,0,0,0,0,0,0,,0
1011493,0,1,1,0,0,1,1,,0,0,1,1,1,1,6,1,5,,1
1003319,0,1,0,0,0,0,0,,0,0,0,0,0,0,0,0,0,,0
1006796,0,1,1,0,0,1,0,,0,0,1,1,1,1,6,1,5,,1
1005671,0,1,0,0,0,0,0,,0,0,0,0,0,0,0,0,0,,0
1013571,0,1,1,0,0,1,0,,0,0,1,1,1,1,6,1,2,,1
1009475,0,1,0,0,0,0,0,,0,0,0,0,0,0,0,0,0,,0
1014530,0,1,1,0,1,1,0,,0,0,1,1,1,1,6,1,5,,1
1004979,0,1,0,0,0,0,0,,0,0,0,0,0,0,0,0,0,,0
1013632,0,1,0,0,0,0,0,,0,0,0,0,0,0,0,0,0,,0
1006478,0,1,1,0,0,1,1,,0,0,1,1,0,0,4,1,5,7.0,1
1002412,0,1,1,0,0,1,0,,0,0,1,1,1,1,6,1,2,,1
1002857,0,1,1,0,0,1,0,,0,0,1,1,1,1,6,1,5,,1
1001846,0,1,0,0,0,0,0,,0,0,0,0,0,0,0,0,0,,0
1002809,0,1,1,0,0,1,0,,0,1,1,1,1,1,6,1,2,,1
1015289,0,1,0,0,0,0,0,,0,0,0,0,0,0,0,0,0,,0
1017138,0,1,1,0,0,1,0,,0,0,1,1,0,0,4,1,5,7.0,1
1008473,0,1,1,0,0,1,0,,0,0,1,1,1,1,6,1,5,,1
1008766,0,1,1,0,0,1,0,,0,1,1,1,1,1,6,1,2,,1
1010428,0,1,0,0,0,0,0,,0,0,0,0,0,0,0,0,0,,0
1006041,0,1,0,0,0,0,0,,0,0,0,0,0,0,0,0,0,,0
1013670,0,1,0,0,0,0,0,,0,0,0,0,0,0,0,0,0,,0
1009010,0,1,1,0,0,1,0,,0,0,1,1,1,1,6,1,2,,1
1008107,0,1,0,0,0,0,0,,0,0,0,0,0,0,0,0,0,,0
1015571,0,1,0,0,0,0,0,,0,0,0,0,0,0,0,0,0,,0
1004626,0,1,1,0,0,1,0,,0,0,1,1,1,1,6,1,5,,1
1016765,0,1,1,0,0,1,0,,0,0,1,1,1,1,6,1,5,,1
1000778,0,1,1,0,0,1,0,,0,0,1,1,1,1,6,1,2,,1
1002710,4,2,1,1,1,1,0,2.0,0,1,0,0,0,0,0,0,0,,1
1004538,0,1,1,0,0,1,0,,0,0,1,1,1,1,6,1,5,,1
1012427,0,1,0,0,0,0,0,,0,0,0,0,0,0,0,0,0,,0
1002838,0,1,0,0,0,0,0,,0,0,0,0,0,0,0,0,0,,0
1012095,0,1,0,0,0,0,0,,0,0,0,0,0,0,0,0,0,,0
1002899,0,1,0,0,0,0,0,,0,0,0,0,0,0,0,0,0,,0
1014729,0,1,0,0,0,0,0,,0,0,0,0,0,0,0,0,0,,0
1007112,0,1,1,0,0,1,0,,0,0,1,1,1,1,6,1,5,,1
1015586,0,1,1,0,0,1,0,,0,0,1,1,1,1,6,1,2,,1
1005812,0,1,1,0,0,1,1,,0,0,1,1,1,1,6,1,5,,1
1011302,0,1,1,0,0,1,0,,0,0,1,1,1,1,6,1,5,,1
1010294,0,1,0,0,0,0,0,,0,0,0,0,0,0,0,0,0,,0
1009076,0,1,0,0,0,0,0,,0,0,0,0,0,0,0,0,0,,0
1014903,0,1,0,0,0,0,0,,0,0,0,0,0,0,0,0,0,,0
1000665,0,1,0,0,0,0,0,,0,0,0,0,0,0,0,0,0,,0
1006359,0,1,0,0,0,0,0,,0,0,0,0,0,0,0,0,0,,0
1003783,0,1,0,0,0,0,0,,0,0,0,0,0,0,0,0,0,,0
1004661,0,1,1,0,0,1,0,,0,0,1,1,1,1,6,1,2,,1
1003414,0,1,1,0,0,1,1,,0,0,1,1,0,0,4,1,5,7.0,1
1010066,0,1,0,0,0,0,0,,0,0,0,0,0,0,0,0,0,,0
1006765,0,1,0,0,0,0,0,,0,0,0,0,0,0,0,0,0,,0
1008484,0,1,0,0,0,0,0,,0,0,0,0,0,0,0,0,0,,0
1004912,0,1,0,0,0,0,0,,0,0,0,0,0,0,0,0,0,,0
1010492,0,1,1,0,0,1,0,,0,0,1,1,1,1,6,1,2,,1
1001004,0,1,1,0,0,0,0,,0,0,1,1,1,1,6,1,5,,1
1015391,0,1,0,0,0,0,0,,0,0,0,0,0,0,0,0,0,,0
1003016,0,1,1,0,0,1,0,,0,0,1,1,1,1,6,1,2,,1
1008856,0,1,0,0,0,0,0,,0,0,0,0,0,0,0,0,0,,0
1003079,0,1,1,0,0,1,0,,0,0,1,1,1,1,6,1,2,,1
1003458,0,1,0,0,0,0,0,,0,0,0,0,0,0,0,0,0,,0
1013388,3,1,1,0,0,1,1,,0,0,1,1,1,1,6,1,2,,1
1007581,0,1,0,0,0,0,0,,0,0,0,0,0,0,0,0,0,,0
1006862,0,1,0,0,0,0,0,,0,0,0,0,0,0,0,0,0,,0
1002506,0,1,0,0,0,0,0,,0,0,0,0,0,0,0,0,0,,0
1013053,0,1,0,0,0,0,0,,0,0,0,0,0,0,0,0,0,,1
1010313,0,1,0,0,0,0,0,,0,0,0,0,0,0,0,0,0,,1
1016825,4,2,1,1,1,1,0,,0,0,1,1,1,1,5,0,0,,1
1001557,4,2,1,0,1,0,0,,0,0,0,0,0,0,0,1,1,,1
1017168,0,1,0,0,0,0,0,,0,0,0,0,0,0,0,0,0,,1
1014724,4,1,1,1,0,0,0,,0,0,0,0,0,0,0,1,1,,1
1015963,0,1,0,0,0,0,0,,0,0,0,0,0,0,0,0,0,,1
1009157,0,1,0,0,0,0,0,,0,0,0,0,0,0,0,0,0,,0
1010141,0,1,0,0,0,0,0,,0,0,0,0,0,0,0,0,0,,0
1013312,4,2,1,1,0,0,0,10.0,0,0,0,0,0,0,0,0,0,,1
1004468,4,1,1,1,0,0,0,,0,0,0,1,0,0,2,0,0,,1
1015841,4,2,1,1,0,0,0,,0,0,1,1,1,1,6,0,0,,1
1003207,0,1,0,0,0,0,0,,0,0,0,0,0,0,0,0,0,,0
1001206,4,2,1,0,1,0,0,1.0,0,0,0,0,0,0,9,0,0,,1
1016517,0,1,0,0,0,0,0,,0,0,0,0,0,0,0,0,0,,0
1008823,0,1,0,0,0,0,0,,0,0,0,0,0,0,0,0,0,,1
1015266,4,2,1,0,0,0,0,18.0,0,0,0,0,0,0,1,0,0,,1
1005218,0,0,0,0,0,0,0,,0,0,0,0,0,0,0,0,0,,1
1012307,4,1,1,1,0,0,0,,0,0,0,0,0,0,0,1,1,,1
1008691,4,2,1,0,0,0,0,,0,0,0,0,0,0,1,0,0,,1
1002037,0,0,0,0,0,0,0,,0,0,0,0,0,0,0,0,0,,1
1004272,0,0,0,0,0,0,0,,0,0,0,0,0,0,0,0,0,,1
1012104,4,1,1,0,0,0,0,1.0,0,0,0,1,0,0,2,0,0,,1
1006581,0,1,0,0,0,0,0,,0,0,0,0,0,0,0,0,0,,0
1001950,4,2,1,1,1,0,0,,1,0,1,1,1,1,6,0,0,,1
1007152,4,1,1,0,0,1,0,,0,0,0,0,0,0,2,0,0,,1
1001525,4,2,1,0,0,0,1,,0,0,0,1,0,0,2,0,0,,1
1010941,0,1,0,0,0,0,0,,0,0,0,0,0,0,0,0,0,,0
1014327,0,1,0,0,0,0,0,,0,0,0,0,0,0,0,0,0,,0
1004689,4,2,1,1,0,0,0,1.0,0,0,0,0,0,0,4,0,0,,1
1002496,0,1,0,0,0,0,0,,0,0,0,0,0,0,0,0,0,,0
1013276,0,1,0,0,0,0,0,,0,0,0,0,0,0,0,0,0,,0
1005084,0,1,0,0,0,0,0,,0,0,0,0,0,0,0,0,0,,0
1011088,0,1,0,0,0,0,0,,0,0,0,0,0,0,0,0,0,,0
1010292,0,1,0,0,0,0,0,,0,0,0,0,0,0,0,0,0,,0
1015500,0,1,0,0,0,0,0,,0,0,0,0,0,0,0,0,0,,1
1005759,0,1,0,0,0,0,0,,0,0,0,0,0,0,0,0,0,,0
1010943,0,1,0,0,0,0,0,,0,0,0,0,0,0,0,0,0,,0
1004407,4,2,1,0,1,0,0,,0,0,1,1,1,1,6,0,0,,1
1010732,4,2,1,0,0,0,1,,0,0,0,1,0,0,2,0,0,,1
1001777,0,1,0,0,0,0,0,,0,0,0,0,0,0,0,0,0,,0
1000513,0,1,0,0,0,0,0,,0,0,0,0,0,0,0,0,0,,0
1015354,0,1,0,0,0,0,0,,0,0,0,0,0,0,0,0,0,,1
1010220,0,1,0,0,0,0,0,,0,0,0,0,0,0,0,0,0,,1
1006084,0,1,0,0,0,0,0,,0,0,0,0,0,0,0,0,0,,0
1002564,0,1,0,0,0,0,0,,0,0,0,0,0,0,0,0,0,,0
1017136,4,1,1,1,0,0,0,,0,0,0,0,0,0,0,1,1,,1
1011239,0,1,0,0,0,0,0,,0,0,0,0,0,0,0,0,0,,0
1002472,0,1,0,0,0,0,0,,0,0,0,0,0,0,0,0,0,,0
1015659,4,2,1,1,1,0,0,,0,0,1,1,1,1,6,0,0,,1
1011329,4,2,1,1,1,0,0,,0,1,0,0,0,0,0,1,1,,1
1011377,0,0,0,0,0,0,0,3.0,0,0,0,0,0,0,0,0,0,,1
1012901,0,1,0,0,0,0,0,,0,0,0,0,0,0,0,0,0,,0
1016963,0,1,0,0,0,0,0,,0,0,0,0,0,0,0,0,0,,0
1009668,0,1,0,0,0,0,0,,0,0,0,0,0,0,0,0,0,,0
1013362,0,1,0,0,0,0,0,,0,0,0,0,0,0,0,0,0,,0
1014719,0,1,0,0,0,0,0,,0,0,0,0,0,0,0,0,0,,0
1007990,4,1,1,0,1,0,0,1.0,0,0,1,0,0,0,4,0,0,,1
1006665,4,2,1,1,0,0,0,,0,0,0,0,0,0,1,0,0,,1
1014676,0,1,0,0,0,0,0,,0,0,0,0,0,0,0,0,0,,0
1007130,4,2,1,1,1,0,0,10.0,0,1,0,0,0,0,0,0,0,,1
1011042,0,1,0,0,0,0,0,,0,0,0,0,0,0,0,0,0,,1
1001870,0,1,0,0,0,0,0,,0,0,0,0,0,0,0,0,0,,0
1009480,4,2,1,1,1,1,0,,0,0,0,0,0,0,4,0,0,,1
1003350,4,2,1,1,0,0,0,12.0,0,0,0,0,0,0,0,0,0,,1
1010048,0,1,0,0,0,0,0,,0,0,0,0,0,0,0,0,0,,0
1006092,0,1,0,0,0,0,0,,0,0,0,0,0,0,0,0,0,,0
1012967,0,1,0,0,0,0,0,,0,0,0,0,0,0,0,0,0,,0
1003525,4,2,1,0,0,1,0,,0,0,1,1,0,0,3,0,0,,1
1011378,0,1,0,0,0,0,0,,0,0,0,0,0,0,0,0,0,,0
1000878,0,0,0,0,0,0,0,,0,0,0,0,0,0,0,0,0,,1
1001232,0,1,0,0,0,0,0,,0,0,0,0,0,0,0,0,0,,0
1011505,0,1,0,0,0,0,0,,0,0,0,0,0,0,0,0,0,,0
1015103,0,1,0,0,0,0,0,,0,0,0,0,0,0,0,0,0,,0
1012595,0,1,0,0,0,0,0,,0,0,0,0,0,0,0,0,0,,0
1012531,4,2,1,0,1,0,0,,0,0,1,1,1,1,6,0,0,,1
1002826,0,1,0,0,0,0,0,,0,0,0,0,0,0,0,0,0,,0
1006730,4,2,1,0,0,0,0,,0,0,0,0,0,0,1,0,0,,1
1000901,4,1,1,1,1,0,0,,0,0,1,1,1,1,6,0,0,,1
1007033,0,1,0,0,0,0,0,,0,0,0,0,0,0,0,0,0,,0
1005078,0,1,0,0,0,0,0,,0,0,0,0,0,0,0,0,0,,0
1014452,0,1,0,0,0,0,0,,0,0,0,0,0,0,0,0,0,,0
1011332,0,1,0,0,0,0,0,,0,0,0,0,0,0,0,0,0,,1
1012053,0,1,0,0,0,0,0,,0,0,0,0,0,0,0,0,0,,0
1003175,4,2,1,1,1,1,0,,0,0,0,0,0,0,0,0,0,,1
1008404,0,1,0,0,0,0,0,,0,0,0,0,0,0,0,0,0,,0
1012374,4,0,1,1,0,0,0,,0,0,0,0,0,0,0,1,1,,1
1012617,0,1,0,0,0,0,0,,0,0,0,0,0,0,0,0,0,,1
1003847,4,2,1,1,0,0,0,10.0,0,0,0,0,0,0,0,1,1,,1
1012462,0,1,0,0,0,0,0,,0,0,0,0,0,0,0,0,0,,0
1008267,0,1,0,0,0,0,0,,0,0,0,0,0,0,0,0,0,,1
1008431,4,2,1,1,0,0,0,2.0,0,0,0,1,0,1,3,0,0,,1
1009630,0,1,0,0,0,0,0,,0,0,0,0,0,0,0,0,0,,0
1010429,4,2,1,1,1,1,0,,0,0,0,0,0,0,0,0,0,,1
1014248,4,0,1,0,0,0,0,12.0,0,0,0,0,0,0,0,1,1,,1
1001263,0,1,0,0,0,0,0,,0,0,0,0,0,0,0,0,0,,0
1010049,0,1,0,0,0,0,0,,0,0,0,0,0,0,0,0,0,,0
1004017,0,1,0,0,0,0,0,,0,0,0,0,0,0,0,0,0,,0
1012862,0,1,0,0,0,0,0,,0,0,0,0,0,0,0,0,0,,0
1002095,0,1,0,0,0,0,0,,0,0,0,0,0,0,0,0,0,,0
1006626,0,1,0,0,0,0,0,,0,0,0,0,0,0,0,0,0,,1
1008323,0,1,0,0,0,0,0,,0,0,0,0,0,0,0,0,0,,1
1001614,0,1,0,0,0,0,0,,0,0,0,0,0,0,0,0,0,,0
1005485,0,1,0,0,0,0,0,,0,0,0,0,0,0,0,0,0,,1
1013794,0,1,0,0,0,0,0,,0,0,0,0,0,0,0,0,0,,0
1004551,4,2,1,0,0,0,1,,0,0,0,1,0,0,2,0,0,,1
1015610,4,2,1,1,1,1,0,4.0,0,0,1,1,1,1,6,0,0,,1
1008257,4,1,1,0,0,0,0,1.0,0,0,1,1,1,1,6,0,0,,1
1014415,4,0,1,1,0,0,0,,0,0,0,0,0,0,0,0,0,,1
1011163,0,1,0,0,0,0,0,,0,0,0,0,0,0,0,0,0,,0
1002118,0,1,0,0,0,0,0,,0,0,0,0,0,0,0,0,0,,0
1007794,4,1,1,1,0,0,0,,0,0,0,0,0,0,0,1,1,,1
1015903,0,1,0,0,0,0,0,,0,0,0,0,0,0,0,0,0,,0
1007202,4,2,1,1,1,0,0,,0,0,1,1,1,1,6,0,0,,1
1001431,4,2,1,1,1,0,0,,0,0,0,0,0,0,3,0,0,,1
1014295,4,2,1,1,1,1,0,,0,0,0,0,0,0,0,0,0,,1
1014192,4,2,1,1,1,1,0,3.0,0,0,0,1,1,1,7,0,0,,1
1015061,4,0,1,0,1,0,0,,0,0,0,0,0,0,0,1,1,,1
1010053,0,1,0,0,0,0,0,,0,0,0,0,0,0,0,0,0,,0
1003694,0,1,0,0,0,0,0,,0,0,0,0,0,0,0,0,0,,0
1017012,0,0,0,0,0,0,0,,0,0,0,0,0,0,0,0,1,,1
1007752,0,1,0,0,0,0,0,,0,0,0,0,0,0,0,0,0,,0
1000304,0,0,0,0,0,0,0,,0,0,0,0,0,0,0,1,1,,1
1005653,4,2,1,0,0,0,0,,0,0,0,1,0,0,2,0,0,,1
1010577,0,1,0,0,0,0,0,,0,0,0,0,0,0,0,0,0,,0
1014911,0,1,0,0,0,0,0,,0,0,0,0,0,0,0,0,0,,0
1009763,0,1,0,0,0,0,0,,0,0,0,0,0,0,0,0,0,,1
1000259,4,2,1,1,1,0,0,,0,0,1,1,1,1,6,0,0,,1
1001894,0,1,1,1,0,0,0,19.0,0,0,1,1,0,0,3,0,0,,1
1003226,4,1,1,0,0,0,0,,0,0,0,1,0,0,2,0,0,,1
1016719,0,1,0,0,0,0,0,,0,0,0,0,0,0,0,0,0,,0
1006343,0,1,0,0,0,0,0,,0,0,0,0,0,0,0,0,0,,0
1005383,0,1,0,0,0,0,0,,0,0,0,0,0,0,0,0,0,,0
1016908,0,1,0,0,0,0,0,,0,0,0,0,0,0,0,0,0,,0
1004851,0,1,0,0,0,0,0,,0,0,0,0,0,0,0,0,0,,0
1008591,0,1,0,0,0,0,0,,0,0,0,0,0,0,0,0,0,,0
1003820,0,1,0,0,0,0,0,,0,0,0,0,0,0,0,0,0,,1
1010501,0,1,0,0,0,0,0,,0,0,0,0,0,0,0,0,0,,0
1011617,0,1,0,0,0,0,0,,0,0,0,0,0,0,0,0,0,,0
1004846,0,1,0,0,0,0,0,,0,0,0,0,0,0,0,0,0,,0
1009339,0,1,0,0,0,0,0,,0,0,0,0,0,0,0,0,0,,0
1011279,0,1,0,0,0,0,0,,0,0,0,0,0,0,0,0,0,,1
1006240,0,1,0,0,0,0,0,,0,0,0,0,0,0,0,0,0,,0
1017034,0,1,0,0,0,0,0,,0,0,0,0,0,0,0,0,0,,1
1005060,0,1,0,0,0,0,0,,0,0,0,0,0,0,0,0,0,,0
1013301,4,2,1,1,0,0,0,,0,0,1,1,1,1,6,0,0,,1
1016663,0,1,0,0,0,0,0,,0,0,0,0,0,0,0,0,0,,0
1008578,0,1,0,0,0,0,0,,0,0,0,0,0,0,0,0,0,,0
1004162,0,1,0,0,0,0,0,,0,0,0,0,0,0,0,0,0,,1
1006921,0,1,0,0,0,0,0,,0,0,0,0,0,0,0,0,0,,1
1013744,4,2,1,1,1,1,0,2.0,0,0,0,0,0,0,0,0,0,,1
1016477,4,1,1,1,0,0,0,,0,0,0,0,0,0,0,1,1,,1
1007162,0,1,0,0,0,0,0,,0,0,0,0,0,0,0,0,0,,0
1005775,0,1,0,0,0,0,0,,0,0,0,0,0,0,0,0,0,,0
1015748,0,1,0,0,0,0,0,,0,0,0,0,0,0,0,0,0,,1
1011938,4,1,1,1,1,1,0,,0,0,1,1,1,1,6,0,0,,1
1000034,0,1,0,0,0,0,0,,0,0,0,0,0,0,0,0,0,,0
1015017,0,1,0,0,0,0,0,,0,0,0,0,0,0,0,0,0,,0
1016694,4,2,1,1,0,0,0,14.0,0,1,0,1,0,0,2,0,0,,1
1015600,0,1,0,0,0,0,0,,0,0,0,0,0,0,0,0,0,,1
1006852,0,1,0,0,0,0,0,,0,0,0,0,0,0,0,0,0,,1
1006327,0,1,0,0,0,0,0,,0,0,0,0,0,0,0,0,0,,0
1015243,4,2,1,1,0,0,0,,0,1,0,0,0,0,0,0,0,,1
1004605,0,0,0,0,0,0,0,,0,0,0,0,0,0,0,0,1,,1
1009359,0,1,0,0,0,0,0,,0,0,0,0,0,0,0,0,0,,0
1013018,0,1,0,0,0,0,0,,0,0,0,0,0,0,0,0,0,,1
1008370,0,1,0,0,0,0,0,,0,0,0,0,0,0,0,0,0,,0
1015399,0,1,0,0,0,0,0,,0,0,0,0,0,0,0,0,0,,1
1004457,4,1,1,1,1,0,0,,0,0,1,1,0,0,3,0,0,,1
1013939,0,1,0,0,0,0,0,,0,0,0,0,0,0,0,0,0,,0
1001552,0,0,0,0,0,0,0,,0,0,0,0,0,0,0,1,1,,1
1004537,0,1,0,0,0,0,0,,0,0,0,0,0,0,0,0,0,,0
1007874,0,1,0,0,0,0,0,,0,0,0,0,0,0,0,0,0,,1
1002105,0,1,0,0,0,0,0,,0,0,0,0,0,0,0,0,0,,0
1010568,0,1,0,0,0,0,0,,0,0,0,0,0,0,0,0,0,,0
1008213,0,1,0,0,0,0,0,,0,0,0,0,0,0,0,0,0,,0
1010117,0,1,0,0,0,0,0,,0,0,0,0,0,0,0,0,0,,0
1000654,0,1,0,0,0,0,0,,0,0,0,0,0,0,0,0,0,,1
1003053,4,2,1,1,1,1,0,,0,0,0,0,0,0,0,0,0,,1
1005536,0,1,0,0,0,0,0,,0,0,0,0,0,0,0,0,0,,0
1015998,0,1,0,0,0,0,0,,0,0,0,0,0,0,0,0,0,,0
1017032,0,1,0,0,0,0,0,,0,0,0,0,0,0,0,0,0,,1
1011749,4,2,1,1,1,1,0,,0,0,1,1,1,1,6,0,0,,1
1007641,4,2,1,0,0,0,1,,0,0,0,1,0,0,2,0,0,,1
1005113,4,2,1,1,1,0,0,,0,0,1,1,1,1,6,0,0,,1
1005563,0,1,0,0,0,0,0,,0,0,0,0,0,0,0,0,0,,0
1015855,4,1,1,0,0,0,0,,0,0,0,0,0,0,1,0,0,,1
1001272,4,2,1,1,1,0,0,,0,0,0,0,0,0,0,0,0,,1
1001788,0,1,0,0,0,0,0,,0,0,0,0,0,0,0,0,0,,1
1012274,4,0,1,1,1,0,0,,0,0,0,0,0,0,0,0,0,,1
1010034,0,1,0,0,0,0,0,,0,0,0,0,0,0,0,0,0,,1
1005047,0,1,0,0,0,0,0,,0,0,0,0,0,0,0,0,0,,0
1007300,4,2,1,0,0,0,0,,0,0,0,0,0,0,0,0,0,,1
1002488,0,1,0,0,0,0,0,,0,0,0,0,0,0,0,0,0,,0
1015513,4,2,1,1,1,0,0,15.0,0,1,0,0,0,0,0,0,0,,1
1015178,4,1,1,1,0,0,0,3.0,0,0,0,0,0,0,0,1,1,,1
1006521,0,1,0,0,0,0,0,,0,0,0,0,0,0,0,0,0,,0
1003295,0,1,0,0,0,0,0,,0,0,0,0,0,0,0,0,0,,0
1016272,4,1,1,1,0,0,0,,0,0,0,0,0,0,0,1,1,,1
1006303,4,1,1,1,0,0,0,,0,0,0,0,0,0,0,1,1,,1
1004473,0,1,0,0,0,0,0,,0,0,0,0,0,0,0,0,0,,0
1011935,4,0,1,0,0,0,0,,0,0,0,1,0,0,2,0,0,,1
1007564,4,2,1,1,0,0,0,10.0,0,0,0,0,0,0,0,0,0,,1
1013360,0,1,0,0,0,0,0,,0,0,0,0,0,0,0,0,0,,0
1000275,0,1,0,0,0,0,0,,0,0,0,0,0,0,0,0,0,,0
1000774,0,1,0,0,0,0,0,,0,0,0,0,0,0,0,0,0,,0
1011568,4,2,1,0,1,0,0,,0,0,1,1,1,1,5,0,0,,1
1006865,0,1,0,0,0,0,0,,0,0,0,0,0,0,0,0,0,,0
1000771,0,0,0,0,0,0,0,,0,0,0,0,0,0,0,0,1,,1
1007608,4,2,1,1,1,1,0,3.0,0,0,1,1,1,1,6,0,0,,1
1000704,0,1,0,0,0,0,0,,0,0,0,0,0,0,0,0,0,,0
1013792,4,2,1,1,1,1,0,,0,0,0,0,0,0,0,0,0,,1
1009401,4,2,1,0,0,0,0,12.0,0,0,0,1,0,0,2,0,0,,1
1008129,0,1,0,0,0,0,0,,0,0,0,0,0,0,0,0,0,,0
1016364,0,1,0,0,0,0,0,,0,0,0,0,0,0,0,0,0,,0
1014408,4,2,1,1,1,0,0,4.0,0,0,0,0,0,0,0,0,0,,1
1001257,4,1,1,1,0,0,0,3.0,0,0,0,0,0,0,0,1,1,,1
1004728,0,1,0,0,0,0,0,,0,0,0,0,0,0,0,0,0,,0
1008176,0,1,0,0,0,0,0,,0,0,0,0,0,0,0,0,0,,1
1015258,4,2,1,0,0,0,1,,0,0,0,0,0,0,1,0,0,,1
1010537,4,1,1,0,0,0,0,,0,0,0,1,0,0,2,0,0,,1
1001423,0,1,0,0,0,0,0,,0,0,0,0,0,0,0,0,0,,0
1010667,0,1,0,0,0,0,0,,0,0,0,0,0,0,0,0,0,,0
1003674,0,1,0,0,0,0,0,,0,0,0,0,0,0,0,0,0,,0
1014068,0,1,0,0,0,0,0,,0,0,0,0,0,0,0,0,0,,0
1014535,4,2,1,1,1,0,0,,0,0,1,1,1,1,6,0,0,,1
1012790,0,0,0,0,0,0,0,,0,0,0,0,0,0,0,0,1,,1
1000224,4,2,1,1,1,0,0,,0,0,1,1,1,1,6,0,0,,1
1011697,0,1,0,0,0,0,0,,0,0,0,0,0,0,0,0,0,,0
1000321,0,1,0,0,0,0,0,,0,0,0,0,0,0,0,0,0,,0
1004126,0,1,0,0,0,0,0,,0,0,0,0,0,0,0,0,0,,1
1013201,0,1,0,0,0,0,0,,0,0,0,0,0,0,0,0,0,,1
1014513,0,1,0,0,0,0,0,,0,0,0,0,0,0,0,0,0,,0
1005143,0,1,0,0,0,0,0,,0,0,0,0,0,0,0,0,0,,0
1000800,0,1,0,0,0,0,0,,0,0,0,0,0,0,0,0,0,,0
1002394,0,1,0,0,0,0,0,,0,0,0,0,0,0,0,0,0,,0
1002499,4,2,0,0,0,0,0,2.0,0,0,0,1,0,0,2,0,0,,1
1005658,0,1,0,0,0,0,0,,0,0,0,0,0,0,0,0,0,,0
1006634,0,1,0,0,0,0,0,,0,0,0,0,0,0,0,0,0,,0
1003061,0,1,0,0,0,0,0,,0,0,0,0,0,0,0,0,0,,0
1003530,0,1,0,0,0,0,0,,0,0,0,0,0,0,0,0,0,,0
1004328,0,1,0,0,0,0,0,,0,0,0,0,0,0,0,0,0,,0
1014077,0,1,0,0,0,0,0,,0,0,0,0,0,0,0,0,0,,0
1014337,0,1,0,0,0,0,0,,0,0,0,0,0,0,0,0,0,,0
1004192,4,1,1,0,0,1,0,,0,0,0,0,0,0,0,1,1,,1
1011683,4,2,1,1,1,0,0,,0,0,0,0,0,0,5,0,0,,1
1006355,0,2,1,0,0,0,0,,0,0,0,0,0,0,1,0,0,,1
1016448,0,1,0,0,0,0,0,,0,0,0,0,0,0,0,0,0,,1
1008731,0,1,0,0,0,0,0,,0,0,0,0,0,0,0,0,0,,0
1006110,4,1,1,1,0,0,0,,0,0,0,0,0,0,0,1,1,,1
1011283,0,1,0,0,0,0,0,,0,0,0,0,0,0,0,0,0,,1
1014389,4,2,1,1,1,0,0,,0,0,0,0,0,0,0,0,0,,1
1013711,0,1,0,0,0,0,0,,0,0,0,0,0,0,0,0,0,,1
1017128,0,1,0,0,0,0,0,,0,0,0,0,0,0,0,0,0,,0
1006123,4,1,1,1,0,0,0,,0,0,0,0,0,0,0,1,1,,1
1013617,4,1,1,1,0,0,0,2.0,0,0,0,1,0,0,2,0,0,,1
1008830,0,1,0,0,0,0,0,,0,0,0,0,0,0,0,0,0,,0
1013065,0,0,0,0,0,0,0,,0,0,0,0,0,0,0,1,1,,1
1005322,0,0,1,0,0,0,0,,0,0,0,1,0,1,3,1,1,,1
1005288,0,1,0,0,0,0,0,,0,0,0,0,0,0,0,0,0,,1
1011128,0,1,0,0,0,0,0,,0,0,0,0,0,0,0,0,0,,1
1007592,4,1,1,0,0,0,0,12.0,0,1,0,1,0,0,4,0,0,,1
1006954,0,1,0,0,0,0,0,,0,0,0,0,0,0,0,0,0,,0
1005192,4,2,1,1,1,0,0,,1,0,0,0,0,0,0,0,0,,1
1002567,0,1,0,0,0,0,0,,0,0,0,0,0,0,0,0,0,,0
1002149,0,1,0,0,0,0,0,,0,0,0,0,0,0,0,0,0,,0
1000071,0,1,0,0,0,0,0,,0,0,0,0,0,0,0,0,0,,0
1000158,0,1,0,0,0,0,0,,0,0,0,0,0,0,0,0,0,,0
1011104,4,2,1,1,1,1,1,,0,0,1,1,1,1,6,0,0,,1
1007724,0,1,0,0,0,0,0,,0,0,0,0,0,0,0,0,0,,0
1007566,0,1,0,0,0,0,0,,0,0,0,0,0,0,0,0,0,,0
1003709,0,1,0,0,0,0,0,,0,0,0,0,0,0,0,0,0,,0
1013621,4,2,1,1,1,0,0,,0,0,0,0,0,0,3,0,0,,1
1009257,4,2,1,1,1,1,0,,0,0,0,0,0,0,0,0,0,,1
1011973,0,1,0,0,0,0,0,,0,0,0,0,0,0,0,0,0,,0
1000585,4,2,1,0,0,0,0,,0,0,1,1,1,1,6,0,0,,1
1001634,0,1,0,0,0,0,0,,0,0,0,0,0,0,0,0,0,,0
1007246,0,1,0,0,0,0,0,,0,0,0,0,0,0,0,0,0,,0
1010506,4,2,1,1,1,0,0,,0,0,0,1,0,1,3,0,0,,1
1014437,4,2,1,1,1,1,0,4.0,0,1,0,1,1,1,4,0,0,,1
1000798,0,1,0,0,0,0,0,,0,0,0,0,0,0,0,0,0,,0
1001622,0,1,0,0,0,0,0,,0,0,0,0,0,0,0,0,0,,0
1011203,4,0,1,0,0,0,0,2.0,0,0,0,0,0,0,0,1,1,,1
1004883,0,1,0,0,0,0,0,,0,0,0,0,0,0,0,0,0,,0
1017343,0,1,0,0,0,0,0,,0,0,0,0,0,0,0,0,0,,0
1005938,0,1,0,0,0,0,0,,0,0,0,0,0,0,0,0,0,,0
1010993,0,1,0,0,0,0,0,,0,0,0,0,0,0,0,0,0,,1
1011282,4,2,1,1,0,0,0,,0,0,0,1,0,0,2,0,0,,1
1012758,4,2,1,1,0,0,0,24.0,0,0,0,0,0,0,0,0,0,,1
1008546,0,1,0,0,0,0,0,,0,0,0,0,0,0,0,0,0,,0
1013039,0,1,0,0,0,0,0,,0,0,0,0,0,0,0,0,0,,0
1013425,0,1,0,0,0,0,0,,0,0,0,0,0,0,0,0,0,,0
1001007,0,1,0,0,0,0,0,,0,0,0,0,0,0,0,0,0,,0
1014151,0,0,0,0,0,0,0,,0,0,0,0,0,0,0,1,1,,1
1012193,0,1,0,0,0,0,0,,0,0,0,0,0,0,0,0,0,,0
1013731,0,1,0,0,0,0,0,,0,0,0,0,0,0,0,0,0,,1
1014467,4,2,1,0,0,1,0,,0,0,1,0,0,0,3,0,0,,1
1001427,4,2,1,1,1,1,0,,0,0,0,0,0,0,0,0,0,,1
1007460,0,1,0,0,0,0,0,,0,0,0,0,0,0,0,0,0,,0
1003212,4,1,1,0,0,0,0,3.0,0,0,0,1,0,0,2,1,1,,1
1015658,4,1,1,1,1,0,0,,0,0,1,1,1,1,6,0,0,,1
1008773,0,1,0,0,0,0,0,,0,0,0,0,0,0,0,0,0,,0
1008458,4,2,1,1,1,0,0,,0,0,1,1,1,1,6,0,0,,1
1013359,0,1,0,0,0,0,0,,0,0,0,0,0,0,0,0,0,,0
1014507,4,0,1,1,1,1,0,,0,0,1,1,1,1,6,0,0,,1
1007904,0,1,0,0,0,0,0,,0,0,0,0,0,0,0,0,0,,1
1008364,0,1,0,0,0,0,0,,0,0,0,0,0,0,0,0,0,,0
1012232,0,1,0,0,0,0,0,,0,0,0,0,0,0,0,0,0,,0
1005199,4,1,1,0,0,0,1,,0,0,0,1,0,0,2,1,1,,1
1010655,0,1,0,0,0,0,0,,0,0,0,0,0,0,0,0,0,,0
1002664,0,1,0,0,0,0,0,,0,0,0,0,0,0,0,0,0,,0
1004084,0,1,0,0,0,0,0,,0,0,0,0,0,0,0,0,0,,0
1010844,0,1,0,0,0,0,0,,0,0,0,0,0,0,0,0,0,,0
1012905,0,1,0,0,0,0,0,,0,0,0,0,0,0,0,0,0,,1
1002427,0,1,0,0,0,0,0,,0,0,0,0,0,0,0,0,0,,0
1015481,0,1,0,0,0,0,0,,0,0,0,0,0,0,0,0,0,,0
1017497,0,1,0,0,0,0,0,,0,0,0,0,0,0,0,0,0,,0
1017010,0,1,0,0,0,0,0,,0,0,0,0,0,0,0,0,0,,0
1007336,0,1,0,0,0,0,0,,0,0,0,0,0,0,0,0,0,,0
1015664,0,1,0,0,0,0,0,,0,0,0,0,0,0,0,0,0,,0
1008074,0,1,0,0,0,0,0,,0,0,0,0,0,0,0,0,0,,0
1005503,0,1,0,0,0,0,0,,0,0,0,0,0,0,0,0,0,,0
1010178,0,1,0,0,0,0,0,,0,0,0,0,0,0,0,0,0,,1
1016446,0,1,0,0,0,0,0,,0,0,0,0,0,0,0,0,0,,0
1001170,4,2,1,0,0,0,0,10.0,0,0,0,1,0,0,1,0,0,,1
1001905,0,0,0,0,0,0,0,,0,0,0,0,0,0,0,0,0,,1
1001101,0,1,0,0,0,0,0,,0,0,0,0,0,0,0,0,0,,1
1009724,0,1,0,0,0,0,0,,0,0,0,0,0,0,0,0,0,,1
1000403,0,1,0,0,0,0,0,,0,0,0,0,0,0,0,0,0,,0
1006515,0,1,0,0,0,0,0,,0,0,0,0,0,0,0,0,0,,0
1017174,4,2,1,1,0,0,0,12.0,0,1,0,1,0,0,2,0,0,,1
1016525,0,1,0,0,0,0,0,,0,0,0,0,0,0,0,0,0,,0
1016267,3,1,1,1,0,0,0,,0,0,0,0,0,0,0,1,1,,1
1016301,0,1,0,0,0,0,0,,0,0,0,0,0,0,0,0,0,,0
1001002,0,1,0,0,0,0,0,,0,0,0,0,0,0,0,0,0,,0
1015486,0,1,0,0,0,0,0,,0,0,0,0,0,0,0,0,0,,0
1009210,0,1,0,0,0,0,0,,0,0,0,0,0,0,0,0,0,,0
1006703,0,1,0,0,0,0,0,,0,0,0,0,0,0,0,0,0,,0
1006720,0,1,0,0,0,0,0,,0,0,0,0,0,0,0,0,0,,0
1016311,4,1,1,1,0,0,0,,0,0,0,0,0,0,1,0,0,,1
1004853,4,2,1,1,1,1,0,4.0,0,0,0,0,0,0,0,0,0,,1
1003747,4,1,1,1,0,0,0,,0,0,0,0,0,0,0,1,1,,1
1004274,0,1,0,0,0,0,0,,0,0,0,0,0,0,0,0,0,,0
1000711,0,1,0,0,0,0,0,,0,0,0,0,0,0,0,0,0,,1
1007777,0,1,0,0,0,0,0,,0,0,0,0,0,0,0,0,0,,1
1015454,4,2,1,0,0,0,1,,0,0,1,1,0,0,3,0,0,,1
1011644,0,1,0,0,0,0,0,,0,0,0,0,0,0,0,0,0,,0
1001815,0,1,0,0,0,0,0,,0,0,0,0,0,0,0,0,0,,0
1003753,0,1,0,0,0,0,0,,0,0,0,0,0,0,0,0,0,,1
1015297,4,2,1,1,0,0,0,,0,1,0,1,1,1,4,0,0,,1
1004285,0,0,0,0,0,0,0,,0,0,0,0,0,0,0,0,0,,1
1010301,0,1,0,0,0,0,0,,0,0,0,0,0,0,0,0,0,,0
1015088,0,1,0,0,0,0,0,,0,0,0,0,0,0,0,0,0,,1
1007619,4,1,1,1,0,0,0,3.0,0,0,0,1,0,0,2,0,0,,1
1011044,4,0,1,0,1,0,0,10.0,0,0,0,0,0,0,0,1,1,,1
1009106,0,1,0,0,0,0,0,,0,0,0,0,0,0,0,0,0,,0
1005323,4,2,1,1,1,0,0,,0,0,0,1,0,1,3,0,0,,1
1015828,0,1,0,0,0,0,0,,0,0,0,0,0,0,0,0,0,,0
1005075,4,1,1,1,0,0,0,,0,0,0,0,0,0,0,1,1,,1
1000749,0,1,0,0,0,0,0,,0,0,0,0,0,0,0,0,0,,0
1005947,0,1,0,0,0,0,0,,0,0,0,0,0,0,0,0,0,,0
1002900,0,1,0,0,0,0,0,,0,0,0,0,0,0,0,0,0,,0
1012544,0,1,0,0,0,0,0,,0,0,0,0,0,0,0,0,0,,0
1009092,0,1,0,0,0,0,0,,0,0,0,0,0,0,0,0,0,,0
1006912,0,1,0,0,0,0,0,,0,0,0,0,0,0,0,0,0,,0
1012330,0,1,0,0,0,0,0,,0,0,0,0,0,0,0,0,0,,0
1011874,4,1,1,0,1,0,0,,0,0,1,1,0,0,3,0,0,,1
1005803,0,1,0,0,0,0,0,,0,0,0,0,0,0,0,0,0,,0
1012653,0,1,0,0,0,0,0,,0,0,0,0,0,0,0,0,0,,1
1000092,4,2,1,1,1,0,0,,0,0,1,1,1,1,6,1,1,,1
1011796,4,1,1,0,0,0,0,1.0,0,0,0,1,0,1,3,0,0,,1
1014667,0,1,0,0,0,0,0,,0,0,0,0,0,0,0,0,0,,0
1012454,0,1,0,0,0,0,0,,0,0,0,0,0,0,0,0,0,,0
1001308,0,1,0,0,0,0,0,,0,0,0,0,0,0,0,0,0,,0
1000235,0,0,0,0,0,0,0,,0,0,0,0,0,0,0,0,0,,1
1013458,0,1,0,0,0,0,0,,0,0,0,0,0,0,0,0,0,,0
1008335,4,2,1,0,0,0,1,,0,0,0,1,0,0,2,0,0,,1
1002753,0,1,0,0,0,0,0,,0,0,0,0,0,0,0,0,0,,0
1009017,4,2,1,1,0,0,0,2.0,0,0,0,1,0,1,3,0,0,,1
1006071,0,1,0,0,0,0,0,,0,0,0,0,0,0,0,0,0,,0
1004664,0,1,0,0,0,0,0,,0,0,0,0,0,0,0,0,0,,0
1010697,0,1,0,0,0,0,0,,0,0,0,0,0,0,0,0,0,,0
1006178,4,1,1,0,0,0,1,,0,0,0,1,0,0,2,0,0,,1
1012251,0,1,0,0,0,0,0,,0,0,0,0,0,0,0,0,0,,0
1013418,0,1,0,0,0,0,0,,0,0,0,0,0,0,0,0,0,,0
1008820,0,1,0,0,0,0,0,,0,0,0,0,0,0,0,0,0,,0
1010653,4,2,1,1,0,0,0,10.0,0,0,1,1,0,0,3,0,0,,1
1002086,4,2,1,0,0,0,0,2.0,0,0,0,1,0,0,2,0,0,,1
1008930,0,1,0,0,0,0,0,,0,0,0,0,0,0,0,0,0,,0
1000030,0,1,0,0,0,0,0,,0,0,0,0,0,0,0,0,0,,0
1017486,4,2,1,1,0,0,0,,0,0,0,0,0,0,0,1,1,,1
1008133,0,1,0,0,0,0,0,,0,0,0,0,0,0,0,0,0,,1
1004968,0,1,0,0,0,0,0,,0,0,0,0,0,0,0,0,0,,0
1007023,0,1,0,0,0,0,0,,0,0,0,0,0,0,0,0,0,,0
1016334,0,1,0,0,0,0,0,,0,0,0,0,0,0,0,0,0,,1
1011787,0,1,0,0,0,0,0,,0,0,0,0,0,0,0,0,0,,1
1015934,4,2,1,0,0,0,0,,0,1,0,0,0,0,7,0,0,,1
1009549,0,1,0,0,0,0,0,,0,0,0,0,0,0,0,0,0,,0
1006914,0,1,0,0,0,0,0,,0,0,0,0,0,0,0,0,0,,0
1015825,4,2,1,1,0,0,0,,0,0,1,1,1,1,6,0,0,,1
1007312,4,1,1,1,0,0,0,,0,0,0,1,0,0,1,0,0,,1
1016720,0,1,0,0,0,0,0,,0,0,0,0,0,0,0,0,0,,0
1007872,4,2,1,0,1,0,0,,0,0,1,1,1,1,6,0,0,,1
1005163,4,1,1,1,0,0,0,1.0,0,0,1,1,0,0,2,0,0,,1
1016698,4,2,1,1,0,0,0,,0,1,1,1,1,1,6,0,0,,1
1004841,0,1,0,0,0,0,0,,0,0,0,0,0,0,0,0,0,,0
1004839,4,1,1,0,1,0,0,,0,0,0,0,0,0,3,0,0,,1
1014917,0,1,0,0,0,0,0,,0,0,0,0,0,0,0,0,0,,0
1001571,0,1,0,0,0,0,0,,0,0,0,0,0,0,0,0,0,,1
1001259,0,1,0,0,0,0,0,,0,0,0,0,0,0,0,0,0,,1
1011351,0,1,0,0,0,0,0,,0,0,0,0,0,0,0,0,0,,0
1015127,0,1,0,0,0,0,0,,0,0,0,0,0,0,0,0,0,,0
1014888,0,1,0,0,0,0,0,,0,0,0,0,0,0,0,0,0,,0
1015285,0,0,0,0,0,0,0,,0,0,0,0,0,0,0,0,0,,1
1002466,0,1,0,0,0,0,0,,0,0,0,0,0,0,0,0,0,,0
1012641,0,1,0,0,0,0,0,,0,0,0,0,0,0,0,0,0,,1
1010025,0,1,0,0,0,0,0,,0,0,0,0,0,0,0,0,0,,0
1007647,0,1,0,0,0,0,0,,0,0,0,0,0,0,0,0,0,,1
1007144,0,1,0,0,0,0,0,,0,0,0,0,0,0,0,0,0,,1
1016422,4,2,1,0,0,0,0,,0,0,0,0,0,0,1,0,0,,1
1015981,4,2,1,1,0,0,0,,0,0,1,1,1,1,6,0,0,,1
1002652,4,2,1,0,1,0,0,,0,0,0,1,0,0,2,0,0,,1
1001383,0,1,0,0,0,0,0,,0,0,0,0,0,0,0,0,0,,1
1008974,0,1,0,0,0,0,0,,0,0,0,0,0,0,0,0,0,,0
1008744,4,2,1,1,0,0,0,9.0,0,0,1,1,0,0,3,0,0,,1
1007433,4,2,1,1,0,0,0,10.0,0,0,1,1,1,1,6,0,0,,1
1012694,0,1,0,0,0,0,0,,0,0,0,0,0,0,0,0,0,,0
1011626,0,1,0,0,0,0,0,,0,0,0,0,0,0,0,0,0,,0
1009641,4,2,1,0,0,0,0,5.0,0,0,0,1,1,1,5,0,0,,1
1009469,0,1,0,0,0,0,0,,0,0,0,0,0,0,0,0,0,,0
1017220,0,1,0,0,0,0,0,,0,0,0,0,0,0,0,0,0,,0
1001177,0,1,0,0,0,0,0,,0,0,0,0,0,0,0,0,0,,0
1013926,4,1,0,0,0,0,0,,0,1,0,0,0,0,0,0,0,,1
1006491,4,2,1,1,0,0,0,2.0,0,1,0,0,0,0,0,0,0,,1
1013132,3,0,1,0,1,0,0,,0,0,0,0,0,0,0,1,1,,1
1015518,0,1,0,0,0,0,0,,0,0,0,0,0,0,0,0,0,,0
1007051,0,1,0,0,0,0,0,,0,0,0,0,0,0,0,0,0,,1
1007975,0,1,0,0,0,0,0,,0,0,0,0,0,0,0,0,0,,1
1016833,0,1,0,0,0,0,0,,0,0,0,0,0,0,0,0,0,,0
1001067,0,1,0,0,0,0,0,,0,0,0,0,0,0,0,0,0,,1
1000054,0,1,0,0,0,0,0,,0,0,0,0,0,0,0,0,0,,0
1000257,4,1,1,0,0,0,0,,0,0,1,1,1,1,6,0,0,,1
1002003,0,1,0,0,0,0,0,,0,0,0,0,0,0,0,0,0,,0
1003054,4,1,1,0,1,0,0,,0,0,0,1,0,0,2,0,0,,1
1006575,0,1,0,0,0,0,0,,0,0,0,0,0,0,0,0,0,,0
1004081,4,2,1,1,1,1,0,,0,0,0,0,0,0,0,0,0,,1
1004251,0,1,0,0,0,0,0,,0,0,0,0,0,0,0,0,0,,0
1013772,0,1,0,0,0,0,0,,0,0,0,0,0,0,0,0,0,,0
1012289,1,0,0,0,0,0,0,,0,0,0,0,0,0,0,1,1,,1
1014831,0,1,0,0,0,0,0,,0,0,0,0,0,0,0,0,0,,0
1014844,0,1,0,0,0,0,0,,0,0,0,0,0,0,0,0,0,,0
1010817,0,0,0,0,0,0,0,,0,0,0,0,0,0,0,0,0,,1
1017218,0,1,0,0,0,0,0,,0,0,0,0,0,0,0,0,0,,0
1014325,0,1,0,0,0,0,0,,0,0,0,0,0,0,0,0,0,,0
1000696,0,1,0,0,0,0,0,,0,0,0,0,0,0,0,0,0,,0
1017460,0,1,0,0,0,0,0,,0,0,0,0,0,0,0,0,0,,1
1005862,0,1,0,0,0,0,0,,0,0,0,0,0,0,0,0,0,,0
1007310,0,1,0,0,0,0,0,,0,0,0,0,0,0,0,0,0,,0
1005470,4,2,1,0,0,1,0,,0,0,0,0,0,0,5,0,0,,1
1010853,0,1,0,0,0,0,0,,0,0,0,0,0,0,0,0,0,,1
1001229,0,1,0,0,0,0,0,,0,0,0,0,0,0,0,0,0,,0
1009765,0,1,0,0,0,0,0,,0,0,0,0,0,0,0,0,0,,1
1004875,0,1,0,0,0,0,0,,0,0,0,0,0,0,0,0,0,,0
1015598,0,1,0,0,0,0,0,,0,0,0,0,0,0,0,0,0,,0
1016985,0,1,0,0,0,0,0,,0,0,0,0,0,0,0,0,0,,1
1017516,4,2,1,1,1,0,0,,0,0,0,1,0,0,8,0,0,,1
1014286,0,1,0,0,0,0,0,,0,0,0,0,0,0,0,0,0,,1
1006230,0,1,0,0,0,0,0,,0,0,0,0,0,0,0,0,0,,0
1009314,0,1,0,0,0,0,0,,0,0,0,0,0,0,0,0,0,,0
1006154,0,1,0,0,0,0,0,,0,0,0,0,0,0,0,0,0,,0
1004431,4,2,1,1,1,0,0,10.0,0,0,0,0,0,0,0,0,0,,1
1010636,0,1,0,0,0,0,0,,0,0,0,0,0,0,0,0,0,,1
1016305,4,2,1,1,1,1,1,,0,0,1,1,1,1,6,0,0,,1
1002443,0,1,0,0,0,0,0,,0,0,0,0,0,0,0,0,0,,0
1012514,4,1,1,1,0,0,0,1.0,0,0,1,1,1,1,6,0,0,,1
1007822,0,1,0,0,0,0,0,,0,0,0,0,0,0,0,0,0,,0
1005070,4,2,1,1,0,0,0,15.0,1,1,0,0,0,0,0,0,0,,1
1010247,0,1,0,0,0,0,0,,0,0,0,0,0,0,0,0,0,,1
1000805,0,1,0,0,0,0,0,,0,0,0,0,0,0,0,0,0,,0
1004802,0,1,0,0,0,0,0,,0,0,0,0,0,0,0,0,0,,0
1003279,4,1,1,1,0,0,0,,0,0,0,0,0,0,2,0,0,,1
1007058,4,2,1,1,0,0,0,14.0,0,0,0,1,0,0,2,0,0,,1
1000583,4,2,1,0,0,0,1,,0,0,0,0,0,0,0,0,0,,1
1004515,4,1,1,0,1,0,0,,0,0,0,0,0,0,0,1,1,,1
1005950,0,1,0,0,0,0,0,,0,0,0,0,0,0,0,0,0,,0
1011693,0,1,0,0,0,0,0,,0,0,0,0,0,0,0,0,0,,1
1010470,0,1,0,0,0,0,0,,0,0,0,0,0,0,0,0,0,,0
1002357,0,1,0,0,0,0,0,,0,0,0,0,0,0,0,0,0,,0
1006694,0,1,0,0,0,0,0,,0,0,0,0,0,0,0,0,0,,1
1002464,4,1,1,0,0,0,0,1.0,0,0,0,0,0,0,6,0,0,,1
1007649,0,1,0,0,0,0,0,,0,0,0,0,0,0,0,0,0,,0
1005291,0,1,0,0,0,0,0,,0,0,0,0,0,0,0,0,0,,0
1011139,4,2,1,1,1,1,0,,0,0,0,1,1,1,4,0,0,,1
1012799,4,2,1,1,1,1,0,,0,1,0,0,0,0,0,0,0,,1
1011800,0,1,0,0,0,0,0,,0,0,0,0,0,0,0,0,0,,0
1010641,0,1,0,0,0,0,0,,0,0,0,0,0,0,0,0,0,,0
1006833,0,1,0,0,0,0,0,,0,0,0,0,0,0,0,0,0,,0
1016216,2,0,0,0,0,0,0,,0,0,0,0,0,0,0,1,1,,1
1009541,4,1,1,1,0,0,0,,0,0,0,0,0,0,0,1,1,,1
1007415,4,0,1,0,0,0,0,2.0,0,0,0,1,0,0,2,0,0,,1
1000265,0,1,0,0,0,0,0,,0,0,0,0,0,0,0,0,0,,1
1001079,0,1,0,0,0,0,0,,0,0,0,0,0,0,0,0,0,,0
1003683,4,2,1,0,0,0,0,,0,0,0,0,0,0,1,0,0,,1
1010952,4,1,1,0,0,0,1,,0,0,0,1,0,0,2,0,0,,1
1012628,4,2,1,1,0,0,0,10.0,0,1,0,0,0,0,3,0,0,,1
1004483,0,1,0,0,0,0,0,,0,0,0,0,0,0,0,0,0,,0
1015680,4,1,1,0,0,0,0,1.0,0,0,0,0,0,0,2,0,0,,1
1014410,0,1,0,0,0,0,0,,0,0,0,0,0,0,0,0,0,,0
1007266,0,1,0,0,0,0,0,,0,0,0,0,0,0,0,0,0,,0
1003020,0,1,0,0,0,0,0,,0,0,0,0,0,0,0,0,0,,0
1005256,4,2,1,1,0,0,0,,0,0,0,0,0,0,0,1,1,,1
1009056,0,1,0,0,0,0,0,,0,0,0,0,0,0,0,0,0,,0
1006129,0,1,0,0,0,0,0,,0,0,0,0,0,0,0,0,0,,0
1003950,0,1,0,0,0,0,0,,0,0,0,0,0,0,0,0,0,,0
1006760,0,1,0,0,0,0,0,,0,0,0,0,0,0,0,0,0,,1
1008378,0,1,0,0,0,0,0,,0,0,0,0,0,0,0,0,0,,0
1006638,0,1,0,0,0,0,0,,0,0,0,0,0,0,0,0,0,,0
1001361,0,1,0,0,0,0,0,,0,0,0,0,0,0,0,0,0,,0
1014971,0,0,0,0,0,0,0,,0,0,0,0,0,0,0,1,1,,1
1003668,0,1,0,0,0,0,0,,0,0,0,0,0,0,0,0,0,,1
1014882,0,1,0,0,0,0,0,,0,0,0,0,0,0,0,0,0,,0
1001010,0,1,0,0,0,0,0,,0,0,0,0,0,0,0,0,0,,0
1005641,4,1,1,0,0,0,0,,0,0,0,1,0,0,2,0,0,,1
1012828,0,1,0,0,0,0,0,,0,0,0,0,0,0,0,0,0,,0
1009364,4,2,1,1,1,0,0,,0,0,1,1,1,1,6,0,0,,1
1007796,4,2,1,0,0,0,1,,0,0,0,1,0,0,2,0,0,,1
1017282,0,1,0,0,0,0,0,,0,0,0,0,0,0,0,0,0,,0
1005805,0,1,0,0,0,0,0,,0,0,0,0,0,0,0,0,0,,0
1002199,0,1,0,0,0,0,0,,0,0,0,0,0,0,0,0,0,,0
1017054,0,1,0,0,0,0,0,,0,0,0,0,0,0,0,0,0,,1
1008011,0,1,0,0,0,0,0,,0,0,0,0,0,0,0,0,0,,0
1008979,0,1,0,0,0,0,0,,0,0,0,0,0,0,0,0,0,,0
1004528,0,1,0,0,0,0,0,,0,0,0,0,0,0,0,0,0,,0
1002065,0,1,0,0,0,0,0,,0,0,0,0,0,0,0,0,0,,0
1011070,4,2,1,1,1,0,0,,0,0,0,0,0,0,0,0,0,,1
1006103,4,2,1,1,0,0,0,2100.0,0,0,0,1,0,1,3,0,0,,1
1000556,4,1,1,1,1,0,0,12.0,0,1,0,0,0,0,6,1,1,,1
1011425,0,1,0,0,0,0,0,,0,0,0,0,0,0,0,0,0,,0
1003339,4,2,1,1,0,0,0,10.0,0,0,0,0,0,0,0,0,0,,1
1002614,4,2,1,1,1,1,0,,0,0,0,0,0,0,0,0,0,,1
1005898,0,1,0,0,0,0,0,,0,0,0,0,0,0,0,0,0,,1
1015074,0,1,0,0,0,0,0,,0,0,0,0,0,0,0,0,0,,0
1001699,4,2,1,1,0,0,0,,0,0,0,1,0,0,2,0,0,,1
1012587,4,1,1,1,0,0,0,,0,0,0,0,0,0,0,1,1,,1
1016129,4,2,1,1,1,1,1,,0,0,0,0,0,0,0,0,0,,1
1004667,4,2,1,1,1,0,0,,0,0,0,0,0,0,0,0,0,,1
1001325,4,0,1,0,0,0,0,10.0,0,0,0,0,0,0,0,1,1,,1
1002213,0,1,0,0,0,0,0,,0,0,0,0,0,0,0,0,0,,1
1015834,0,1,0,0,0,0,0,,0,0,0,0,0,0,0,0,0,,0
1003496,0,1,0,0,0,0,0,,0,0,0,0,0,0,0,0,0,,0
1000865,0,1,0,0,0,0,0,,0,0,0,0,0,0,0,0,0,,0
1005405,4,1,1,1,0,0,0,,0,0,0,0,0,0,1,0,0,,1
1009397,4,1,1,0,1,0,0,,0,0,0,0,0,0,0,1,1,,1
1010042,0,1,0,0,0,0,0,,0,0,0,0,0,0,0,0,0,,0
1005273,4,2,1,0,1,0,0,,0,0,0,0,0,0,3,0,0,,1
1002056,0,1,0,0,0,0,0,,0,0,0,0,0,0,0,0,0,,0
1004210,0,1,0,0,0,0,0,,0,0,0,0,0,0,0,0,0,,0
1015520,0,1,0,0,0,0,0,,0,0,0,0,0,0,0,0,0,,0
1011888,0,1,0,0,0,0,0,,0,0,0,0,0,0,0,0,0,,0
1016151,4,2,1,0,0,0,1,,0,0,0,1,0,0,2,0,0,,1
1003396,0,1,0,0,0,0,0,,0,0,0,0,0,0,0,0,0,,1
1016869,0,1,0,0,0,0,0,,0,0,0,0,0,0,0,0,0,,1
1003584,0,1,0,0,0,0,0,,0,0,0,0,0,0,0,0,0,,0
1004705,0,1,0,0,0,0,0,,0,0,0,0,0,0,0,0,0,,1
1008619,4,2,1,0,0,0,0,12.0,0,0,1,1,1,1,6,0,0,,1
1011092,0,0,0,0,0,0,0,,0,0,0,1,0,0,3,0,1,,1
1003214,0,1,0,0,0,0,0,,0,0,0,0,0,0,0,0,0,,0
1001680,0,1,0,0,0,0,0,,0,0,0,0,0,0,0,0,0,,0
1004921,0,0,0,0,0,0,0,,0,0,0,0,0,0,0,0,0,,1
1011942,0,1,0,0,0,0,0,,0,0,0,0,0,0,0,0,0,,0
1015628,0,1,0,0,0,0,0,,0,0,0,0,0,0,0,0,0,,1
1000806,3,1,1,0,0,0,0,,0,0,0,0,0,0,0,1,1,,1
1012321,0,1,0,0,0,0,0,,0,0,0,0,0,0,0,0,0,,0
1003227,0,1,0,0,0,0,0,,0,0,0,0,0,0,0,0,0,,1
1015836,0,1,0,0,0,0,0,,0,0,0,0,0,0,0,0,0,,0
1004546,0,1,0,0,0,0,0,,0,0,0,0,0,0,0,0,0,,0
1013948,0,1,0,0,0,0,0,,0,0,0,0,0,0,0,0,0,,0
1008104,0,1,0,0,0,0,0,,0,0,0,0,0,0,0,0,0,,0
1003605,0,1,0,0,0,0,0,,0,0,0,0,0,0,0,0,0,,0
1001239,0,1,0,0,0,0,0,,0,0,0,0,0,0,0,0,0,,1
1012350,0,1,0,0,0,0,0,,0,0,0,0,0,0,0,0,0,,0
1004278,0,1,0,0,0,0,0,,0,0,0,0,0,0,0,0,0,,1
1000421,0,1,0,0,0,0,0,,0,0,0,0,0,0,0,0,0,,1
1003363,0,1,0,0,0,0,0,,0,0,0,0,0,0,0,0,0,,0
1004998,0,1,0,0,0,0,0,,0,0,0,0,0,0,0,0,0,,0
1013357,0,1,0,0,0,0,0,,0,0,0,0,0,0,0,0,0,,0
1000336,0,1,0,0,0,0,0,,0,0,0,0,0,0,0,0,0,,0
1013659,0,1,0,0,0,0,0,,0,0,0,0,0,0,0,0,0,,0
1014780,0,1,0,0,0,0,0,,0,0,0,0,0,0,0,0,0,,0
1014447,0,1,0,0,0,0,0,,0,0,0,0,0,0,0,0,0,,1
1002085,0,1,0,0,0,0,0,,0,0,0,0,0,0,0,0,0,,0
1015397,4,1,1,1,0,0,0,,0,0,0,0,0,0,0,1,1,,1
1016163,0,1,0,0,0,0,0,,0,0,0,0,0,0,0,0,0,,0
1006414,0,1,0,0,0,0,0,,0,0,0,0,0,0,0,0,0,,1
1003081,4,1,1,0,1,0,0,,0,0,0,0,0,0,0,1,1,,1
1012384,0,1,0,0,0,0,0,,0,0,0,0,0,0,0,0,0,,0
1011653,4,2,1,1,0,0,0,,0,0,0,0,0,0,2,0,0,,1
1014800,0,1,0,0,0,0,0,,0,0,0,0,0,0,0,0,0,,0
1007677,4,1,1,1,0,0,0,,0,0,0,0,0,0,0,1,1,,1
1010079,4,2,1,0,0,0,0,,0,0,0,1,0,1,3,0,0,,1
1006522,4,1,1,1,0,0,0,3.0,0,0,0,1,0,0,3,1,1,,1
1010913,0,1,0,0,0,0,0,,0,0,0,0,0,0,0,0,0,,0
1004744,4,2,1,1,0,0,0,3.0,0,0,0,0,0,0,3,0,0,,1
1015294,4,1,1,0,0,0,0,,0,0,0,1,0,0,4,0,0,,1
1008643,0,1,0,0,0,0,0,,0,0,0,0,0,0,0,0,0,,0
1003634,0,1,0,0,0,0,0,,0,0,0,0,0,0,0,0,0,,0
1000955,0,1,0,0,0,0,0,,0,0,0,0,0,0,0,0,0,,1
1014098,0,1,0,0,0,0,0,,0,0,0,0,0,0,0,0,0,,0
1001091,4,2,1,0,0,0,0,1.0,0,0,0,1,0,1,3,0,0,,1
1002843,0,1,0,0,0,0,0,,0,0,0,0,0,0,0,0,0,,1
1012149,4,1,1,0,1,0,0,,0,0,0,0,0,0,1,0,0,,1
1011394,4,1,1,1,0,0,0,5.0,0,0,1,1,1,1,6,0,0,,1
1009107,0,1,0,0,0,0,0,,0,0,0,0,0,0,0,0,0,,0
1014313,0,1,0,0,0,0,0,,0,0,0,0,0,0,0,0,0,,0
1000550,4,2,1,0,0,0,0,,0,1,0,1,1,1,4,0,0,,1
1017072,4,2,1,1,1,1,1,1.0,0,1,1,1,1,1,6,0,0,,1
1007791,4,2,1,1,1,0,0,,0,0,0,0,0,0,8,0,0,,1
1006877,0,1,0,0,0,0,0,,0,0,0,0,0,0,0,0,0,,0
1003751,0,1,0,0,0,0,0,,0,0,0,0,0,0,0,0,0,,0
1007249,0,1,0,0,0,0,0,,0,0,0,0,0,0,0,0,0,,0
1002576,4,2,1,1,1,0,0,,0,0,0,0,0,0,2,0,0,,1
1015715,4,2,1,1,0,0,0,12.0,0,0,0,0,0,0,0,1,1,,1
1009538,0,1,0,0,0,0,0,,0,0,0,0,0,0,0,0,0,,0
1001653,4,2,1,1,0,0,0,,0,0,0,0,0,0,0,0,0,,1
1010419,4,2,1,1,1,0,0,2.0,0,0,0,0,0,0,0,0,0,,1
1010696,0,1,0,0,0,0,0,,0,0,0,0,0,0,0,0,0,,0
1007746,4,2,1,1,1,1,1,,0,0,1,1,1,1,6,0,0,,1
1005101,0,1,0,0,0,0,0,,0,0,0,0,0,0,0,0,0,,0
1009924,0,1,0,0,0,0,0,,0,0,0,0,0,0,0,0,0,,0
1017042,0,1,0,0,0,0,0,,0,0,0,0,0,0,0,0,0,,1
1015040,4,1,1,1,0,0,0,,0,0,0,1,0,0,1,0,0,,1
1010165,4,2,1,0,0,0,0,,0,0,0,0,0,0,0,0,0,,1
1013955,0,1,0,0,0,0,0,,0,0,0,0,0,0,0,0,0,,0
1000989,0,1,0,0,0,0,0,,0,0,0,0,0,0,0,0,0,,0
1008648,0,1,0,0,0,0,0,,0,0,0,0,0,0,0,0,0,,0
1005185,0,1,0,0,0,0,0,,0,0,0,0,0,0,0,0,0,,1
1004103,4,2,1,1,0,0,0,9.0,0,0,0,0,0,0,0,0,0,,1
1000628,0,1,0,0,0,0,0,,0,0,0,0,0,0,0,0,0,,0
1006648,0,1,0,0,0,0,0,,0,0,0,0,0,0,0,0,0,,0
1015860,0,1,0,0,0,0,0,,0,0,0,0,0,0,0,0,0,,0
1005012,0,1,0,0,0,0,0,,0,0,0,0,0,0,0,0,0,,0
1011706,0,1,0,0,0,0,0,,0,0,0,0,0,0,0,0,0,,0
1012724,4,2,1,1,1,0,0,,0,0,0,0,0,0,0,0,0,,1
1010366,0,1,0,0,0,0,0,,0,0,0,0,0,0,0,0,0,,1
1000345,0,1,0,0,0,0,0,,0,0,0,0,0,0,0,0,0,,1
1003947,0,1,1,0,0,0,0,1.0,0,0,0,0,0,0,0,0,0,,1
1006027,4,0,1,1,0,0,0,,0,0,0,0,0,0,0,1,1,,1
1011633,4,1,1,0,1,0,0,2056.0,0,0,0,0,0,0,0,1,1,,1
1005857,0,0,0,0,0,0,0,,0,0,0,0,0,0,0,0,0,,1
1002830,0,1,0,0,0,0,0,,0,0,0,0,0,0,0,0,0,,0
1005951,4,2,1,1,1,0,0,3.0,0,0,0,1,0,0,2,0,0,,1
1010455,0,1,1,0,0,0,1,,0,0,0,1,0,0,2,0,0,,1
1006250,0,1,0,0,0,0,0,,0,0,0,0,0,0,0,0,0,,1
1002504,4,2,1,1,1,0,0,3.0,0,0,0,0,0,0,0,0,0,,1
1005316,0,1,0,0,0,0,0,,0,0,0,0,0,0,0,0,0,,0
1012858,4,2,1,0,0,0,0,,0,0,0,1,0,0,2,0,0,,1
1015865,4,0,1,0,0,0,0,,0,0,0,1,0,0,2,1,1,,1
1016530,0,1,0,0,0,0,0,,0,0,0,0,0,0,0,0,0,,0
1006562,0,1,0,0,0,0,0,,0,0,0,0,0,0,0,0,0,,0
1009961,0,0,0,0,0,0,0,,0,0,1,1,0,0,3,0,1,,1
1004641,0,1,0,0,0,0,0,,0,0,0,0,0,0,0,0,0,,0
1012786,4,2,1,1,0,0,0,12.0,0,0,1,1,0,0,3,0,0,,1
1008216,0,1,0,0,0,0,0,,0,0,0,0,0,0,0,0,0,,0
1006650,0,1,0,0,0,0,0,,0,0,0,0,0,0,0,0,0,,0
1010914,0,1,0,0,0,0,0,,0,0,0,0,0,0,0,0,0,,0
1009253,0,1,0,0,0,0,0,,0,0,0,0,0,0,0,0,0,,0
1011712,4,2,1,1,0,0,0,,0,0,1,1,0,0,3,0,0,,1
1015793,0,1,0,0,0,0,0,,0,0,0,0,0,0,0,0,0,,0
1006254,0,1,0,0,0,0,0,,0,0,0,0,0,0,0,0,0,,0
1000676,4,1,1,0,1,0,0,2.0,0,0,1,1,1,1,6,0,0,,1
1005776,0,1,0,0,0,0,0,,0,0,0,0,0,0,0,0,0,,0
1015858,0,1,0,0,0,0,0,,0,0,0,0,0,0,0,0,0,,0
1008885,0,1,0,0,0,0,0,,0,0,0,0,0,0,0,0,0,,0
1015229,0,1,0,0,0,0,0,,0,0,0,0,0,0,0,0,0,,0
1004558,0,1,0,0,0,0,0,,0,0,0,0,0,0,0,0,0,,0
1013052,0,1,0,0,0,0,0,,0,0,0,0,0,0,0,0,0,,1
1008290,4,2,1,1,1,0,0,,0,0,0,0,0,0,0,0,0,,1
1000519,0,1,0,0,0,0,0,,0,0,0,0,0,0,0,0,0,,0
1001627,4,2,1,1,0,0,0,14.0,0,0,0,0,0,0,0,0,0,,1
1011392,0,1,0,0,0,0,0,,0,0,0,0,0,0,0,0,0,,0
1015212,4,2,1,1,0,0,0,3.0,0,0,0,1,0,0,3,0,0,,1
1011960,4,0,1,1,0,0,0,10.0,0,0,1,1,1,1,6,1,1,,1
1004749,0,1,0,0,0,0,0,,0,0,0,0,0,0,0,0,0,,0
1000062,0,1,0,0,0,0,0,,0,0,0,0,0,0,0,0,0,,0
1007421,4,2,1,1,1,1,0,,0,0,1,1,1,1,6,0,0,,1
1003323,0,1,0,0,0,0,0,,0,0,0,0,0,0,0,0,0,,0
1004777,0,1,0,0,0,0,0,,0,0,0,0,0,0,0,0,0,,1
1007221,4,1,1,0,0,0,0,2.0,0,1,1,1,0,0,3,0,0,,1
1000047,0,1,0,0,0,0,0,,0,0,0,0,0,0,0,0,0,,0
1015929,4,2,1,1,1,0,0,1.0,0,0,0,0,0,0,0,0,0,,1
1006874,4,2,1,1,1,0,0,,0,0,0,1,1,1,4,0,0,,1
1012846,0,1,0,0,0,0,0,,0,0,0,0,0,0,0,0,0,,0
1004233,0,1,0,0,0,0,0,,0,0,0,0,0,0,0,0,0,,0
1012650,4,2,1,1,0,0,0,,0,0,0,1,0,0,2,0,0,,1
1014550,4,2,1,0,0,0,0,,0,0,0,0,0,0,0,0,0,,1
1010788,0,1,0,0,0,0,0,,0,0,0,0,0,0,0,0,0,,0
1000982,0,1,0,0,0,0,0,,0,0,0,0,0,0,0,0,0,,1
1001671,0,1,0,0,0,0,0,,0,0,0,0,0,0,0,0,0,,0
1013042,0,1,0,0,0,0,0,,0,0,0,0,0,0,0,0,0,,0
1000394,4,2,1,0,0,0,1,,0,0,0,1,0,0,2,0,0,,1
1005932,4,2,1,1,0,0,0,12.0,0,0,0,0,0,0,1,0,0,,1
1013905,0,1,0,0,0,0,0,,0,0,0,0,0,0,0,0,0,,0
1004590,4,1,1,1,0,0,0,,0,0,0,0,0,0,0,1,1,,1
1003733,4,2,1,1,1,1,1,,0,0,1,1,1,1,6,0,0,,1
1011354,0,1,0,0,0,0,0,,0,0,0,0,0,0,0,0,0,,0
1015240,0,1,0,0,0,0,0,,0,0,0,0,0,0,0,0,0,,0
1004451,0,1,0,0,0,0,0,,0,0,0,0,0,0,0,0,0,,1
1003636,4,2,1,0,1,0,0,2.0,0,0,0,0,0,0,0,0,0,,1
1007095,0,1,0,0,0,0,0,,0,0,0,0,0,0,0,0,0,,0
1014985,0,1,0,0,0,0,0,,0,0,0,0,0,0,0,0,0,,0
1012910,0,1,0,0,0,0,0,,0,0,0,0,0,0,0,0,0,,0
1004245,4,0,1,1,0,0,0,25.0,0,0,0,0,0,0,0,0,0,,1
1015307,0,0,0,0,0,0,0,,0,0,0,0,0,0,0,0,0,,1
1010691,0,1,0,0,0,0,0,,0,0,0,0,0,0,0,0,0,,0
1003324,0,1,0,0,0,0,0,,0,0,0,0,0,0,0,0,0,,1
1001749,0,1,0,0,0,0,0,,0,0,0,0,0,0,0,0,0,,0
1002566,4,0,1,0,0,0,0,,0,0,0,1,0,0,2,0,0,,1
1013950,0,1,0,0,0,0,0,,0,0,0,0,0,0,0,0,0,,1
1010891,4,2,1,1,1,0,0,,0,0,0,0,0,0,0,0,0,,1
1006736,0,1,0,0,0,0,0,,0,0,0,0,0,0,0,0,0,,0
1003136,0,1,0,0,0,0,0,,0,0,0,0,0,0,0,0,0,,0
1010959,0,0,0,0,0,0,0,,0,0,0,0,0,0,0,0,1,,1
1001493,4,2,1,1,0,0,0,12.0,0,0,0,1,0,0,2,0,0,,1
1000762,0,1,0,0,0,0,0,,0,0,0,0,0,0,0,0,0,,0
1007373,0,1,0,0,0,0,0,,0,0,0,0,0,0,0,0,0,,0
1013110,0,1,0,0,0,0,0,,0,0,0,0,0,0,0,0,0,,0
1009428,0,1,0,0,0,0,0,,0,0,0,0,0,0,0,0,0,,0
1013292,0,1,0,0,0,0,0,,0,0,0,0,0,0,0,0,0,,0
1005796,0,1,0,0,0,0,0,,0,0,0,0,0,0,0,0,0,,1
1007168,4,2,1,1,0,0,0,5.0,0,0,1,1,1,1,5,1,1,,1
1002320,0,1,0,0,0,0,0,,0,0,0,0,0,0,0,0,0,,0
1015167,0,1,0,0,0,0,0,,0,0,0,0,0,0,0,0,0,,0
1005180,0,1,0,0,0,0,0,,0,0,0,0,0,0,0,0,0,,0
1016810,0,1,0,0,0,0,0,,0,0,0,0,0,0,0,0,0,,0
1000147,4,0,1,1,1,1,0,,0,0,0,0,0,0,0,0,0,,1
1011141,0,1,0,0,0,0,0,,0,0,0,0,0,0,0,0,0,,0
1014664,0,1,0,0,0,0,0,,0,0,0,0,0,0,0,0,0,,0
1014009,0,1,0,0,0,0,0,,0,0,0,0,0,0,0,0,0,,0
1004633,0,1,0,0,0,0,0,,0,0,0,0,0,0,0,0,0,,0
1017096,4,1,1,1,1,0,0,2.0,0,0,0,1,1,1,7,0,0,,1
1008146,0,1,0,0,0,0,0,,0,0,0,0,0,0,0,0,0,,0
1001337,0,1,0,0,0,0,0,,0,0,0,0,0,0,0,0,0,,0
1017506,0,1,0,0,0,0,0,,0,0,0,0,0,0,0,0,0,,0
1010341,0,1,0,0,0,0,0,,0,0,0,0,0,0,0,0,0,,0
1014824,0,1,0,0,0,0,0,,0,0,0,0,0,0,0,0,0,,0
1005970,0,1,0,0,0,0,0,,0,0,0,0,0,0,0,0,0,,0
1003942,0,1,0,0,0,0,0,,0,0,0,0,0,0,0,0,0,,0
1001338,0,1,0,0,0,0,0,,0,0,0,0,0,0,0,0,0,,1
1007510,0,1,0,0,0,0,0,,0,0,0,0,0,0,0,0,0,,0
1003028,0,1,0,0,0,0,0,,0,0,0,0,0,0,0,0,0,,1
1010623,0,1,0,0,0,0,0,,0,0,0,0,0,0,0,0,0,,0
1000674,4,2,1,1,1,0,0,,0,0,0,0,0,0,3,0,0,,1
1009870,4,2,1,0,0,1,0,,0,0,1,1,1,1,6,0,0,,1
1002866,4,1,1,0,0,0,1,,0,0,0,1,0,0,2,1,1,,1
1012388,0,1,0,0,0,0,0,,0,0,0,0,0,0,0,0,0,,0
1005289,0,1,0,0,0,0,0,,0,0,0,0,0,0,0,0,0,,0
1010856,4,2,1,1,1,0,0,,0,0,1,1,1,1,6,1,1,,1
1006036,0,1,0,0,0,0,0,,0,0,0,0,0,0,0,0,0,,0
1017414,0,1,0,0,0,0,0,,0,0,0,0,0,0,0,0,0,,0
1006222,4,2,1,0,1,0,0,,0,0,0,0,0,0,0,0,0,,1
1003150,0,1,0,0,0,0,0,,0,0,0,0,0,0,0,0,0,,0
1014814,0,1,0,0,0,0,0,,0,0,0,0,0,0,0,0,0,,0
1007411,0,1,0,0,0,0,0,,0,0,0,0,0,0,0,0,0,,0
1014394,0,1,0,0,0,0,0,,0,0,0,0,0,0,0,0,0,,0
1003837,4,2,1,1,1,1,0,,0,0,1,1,1,1,6,0,0,,1
1002626,0,1,0,0,0,0,0,,0,0,0,0,0,0,0,0,0,,0
1009137,4,0,1,0,0,0,1,,0,0,0,1,0,0,2,0,0,,1
1006879,0,1,0,0,0,0,0,,0,0,0,0,0,0,0,0,0,,0
1012114,0,1,0,0,0,0,0,,0,0,0,0,0,0,0,0,0,,0
1006479,4,2,1,1,0,0,0,,0,0,1,1,1,1,6,1,1,,1
1009320,0,1,0,0,0,0,0,,0,0,0,0,0,0,0,0,0,,0
1015503,4,0,1,0,0,0,0,1.0,0,0,0,1,0,0,2,0,0,,1
1014580,0,1,0,0,0,0,0,,0,0,0,0,0,0,0,0,0,,0
1012718,4,2,1,1,0,0,0,10.0,0,0,0,0,0,0,4,0,0,,1
1015950,4,1,1,1,0,0,0,,0,0,0,0,0,0,0,1,1,,1
1007881,0,1,0,0,0,0,0,,0,0,0,0,0,0,0,0,0,,1
1013310,4,2,1,1,0,0,0,10.0,0,0,1,1,0,0,3,0,0,,1
1004420,4,2,1,1,0,0,0,1.0,0,0,0,0,0,0,0,0,0,,1
1016269,0,1,0,0,0,0,0,,0,0,0,0,0,0,0,0,0,,0
1002730,0,1,0,0,0,0,0,,0,0,0,0,0,0,0,0,0,,0
1016328,0,1,0,0,0,0,0,,0,0,0,0,0,0,0,0,0,,0
1006364,0,1,0,0,0,0,0,,0,0,0,0,0,0,0,0,0,,0
1007528,0,1,0,0,0,0,0,,0,0,0,0,0,0,0,0,0,,0
1004673,0,1,0,0,0,0,0,,0,0,0,0,0,0,0,0,0,,0
1009802,0,1,0,0,0,0,0,,0,0,0,0,0,0,0,0,0,,1
1004809,0,1,0,0,0,0,0,,0,0,0,0,0,0,0,0,0,,1
1001648,0,1,0,0,0,0,0,,0,0,0,0,0,0,0,0,0,,1
1013825,4,2,1,1,0,0,0,,0,0,0,0,0,0,0,0,0,,1
1004957,0,1,1,1,0,0,0,2.0,0,0,1,1,0,0,3,0,0,,1
1000978,4,1,1,1,0,0,0,,0,0,0,0,0,0,0,1,1,,1
1001130,4,1,1,1,0,0,0,2099.0,0,0,0,0,0,0,0,1,1,,1
1003642,0,1,0,0,0,0,0,,0,0,0,0,0,0,0,0,0,,0
1016292,0,1,0,0,0,0,0,,0,0,0,0,0,0,0,0,0,,0
1001184,0,1,0,0,0,0,0,,0,0,0,0,0,0,0,0,0,,0
1006910,4,0,1,0,0,0,1,,0,0,0,0,0,0,0,1,1,,1
1007176,4,1,1,1,0,0,0,,0,0,0,0,0,0,0,1,1,,1
1004768,4,2,1,0,0,0,0,,0,0,0,1,0,0,2,0,0,,1
1010102,0,1,0,0,0,0,0,,0,0,0,0,0,0,0,0,0,,0
1005351,0,1,0,0,0,0,0,,0,0,0,0,0,0,0,0,0,,0
1008440,4,1,1,1,0,0,0,2.0,0,0,0,0,0,0,0,1,1,,1
1012011,4,1,0,0,0,0,0,3.0,0,0,0,1,0,0,1,0,0,,1
1012455,4,1,1,1,0,0,0,,0,0,0,0,0,0,0,1,1,,1
1001253,4,0,1,0,0,0,1,,0,0,0,1,0,0,2,0,0,,1
1017499,0,1,0,0,0,0,0,,0,0,0,0,0,0,0,0,0,,0
1016900,4,2,1,1,0,0,0,,0,0,1,1,0,0,3,0,0,,1
1011447,0,1,0,0,0,0,0,,0,0,0,0,0,0,0,0,0,,1
1007832,4,2,1,1,1,1,0,,0,0,1,1,1,1,6,0,0,,1
1007463,0,1,0,0,0,0,0,,0,0,0,0,0,0,0,0,0,,0
1003161,0,1,0,0,0,0,0,,0,0,0,0,0,0,0,0,0,,0
1014308,0,1,0,0,0,0,0,,0,0,0,0,0,0,0,0,0,,0
1012206,0,1,0,0,0,0,0,,0,0,0,0,0,0,0,0,0,,0
1012578,0,1,0,0,0,0,0,,0,0,0,0,0,0,0,0,0,,0
1006079,0,1,0,0,0,0,0,,0,0,0,0,0,0,0,0,0,,0
1009077,0,1,0,0,0,0,0,,0,0,0,0,0,0,0,0,0,,0
1016681,0,1,0,0,0,0,0,,0,0,0,0,0,0,0,0,0,,0
1011001,0,1,0,0,0,0,0,,0,0,0,0,0,0,0,0,0,,0
1012648,3,1,1,1,0,0,0,2.0,0,0,0,0,0,0,1,0,0,,1
1009434,4,2,1,1,1,0,0,,0,0,0,1,0,1,5,0,0,,1
1003327,0,1,0,0,0,0,0,,0,0,0,0,0,0,0,0,0,,0
1001612,0,1,0,0,0,0,0,,0,0,0,0,0,0,0,0,0,,0
1003603,0,1,0,0,0,0,0,,0,0,0,0,0,0,0,0,0,,0
1015607,0,1,0,0,0,0,0,,0,0,0,0,0,0,0,0,0,,0
1005127,0,1,0,0,0,0,0,,0,0,0,0,0,0,0,0,0,,0
1015811,4,2,1,1,1,1,1,,0,0,1,1,1,1,6,0,0,,1
1013200,4,2,1,0,0,0,0,2.0,0,0,0,0,0,0,0,0,0,,1
1001835,4,2,1,0,0,0,0,,0,0,1,1,0,0,2,0,0,,1
1005242,0,1,0,0,0,0,0,,0,0,0,0,0,0,0,0,0,,0
1003071,0,1,0,0,0,0,0,,0,0,0,0,0,0,0,0,0,,0
1005243,0,1,0,0,0,0,0,,0,0,0,0,0,0,0,0,0,,0
1004374,0,0,0,0,0,0,0,,0,0,0,0,0,0,0,0,0,,1
1005285,0,1,0,0,0,0,0,,0,0,0,0,0,0,0,0,0,,0
1007876,4,0,1,0,0,0,0,,0,0,0,0,0,0,0,1,1,,1
1000922,0,1,0,0,0,0,0,,0,0,0,0,0,0,0,0,0,,0
1011685,0,1,0,0,0,0,0,,0,0,0,0,0,0,0,0,0,,0
1003330,0,1,0,0,0,0,0,,0,0,0,0,0,0,0,0,0,,0
1012488,0,1,0,0,0,0,0,,0,0,0,0,0,0,0,0,0,,0
1008797,0,1,0,0,0,0,0,,0,0,0,0,0,0,0,0,0,,0
1005477,0,1,0,0,0,0,0,,0,0,0,0,0,0,0,0,0,,1
1001165,4,1,1,1,0,0,0,,0,0,0,0,0,0,0,1,1,,1
1016450,4,1,1,0,0,0,0,,0,0,0,0,0,0,1,0,0,,1
1008284,0,1,0,0,0,0,0,,0,0,0,0,0,0,0,0,0,,0
1003840,0,1,0,0,0,0,0,,0,0,0,0,0,0,0,0,0,,0
1015886,0,1,0,0,0,0,0,,0,0,0,0,0,0,0,0,0,,0
1008776,0,1,0,0,0,0,0,,0,0,0,0,0,0,0,0,0,,0
1003843,0,1,0,0,0,0,0,,0,0,0,0,0,0,0,0,0,,0
1007418,4,2,1,1,1,0,0,,0,0,1,1,1,1,6,0,0,,1
1001878,0,1,0,0,0,0,0,,0,0,0,0,0,0,0,0,0,,0
1008538,0,0,1,0,0,0,0,,0,0,0,0,0,0,0,1,1,,1
1006711,4,0,1,0,0,0,0,,0,0,0,0,0,0,0,1,1,,1
1008405,4,2,1,1,1,0,0,,0,0,1,1,1,1,6,0,0,,1
1007637,0,1,0,0,0,0,0,,0,0,0,0,0,0,0,0,0,,1
1004424,0,1,0,0,0,0,0,,0,0,0,0,0,0,0,0,0,,0
1015568,0,1,0,0,0,0,0,,0,0,0,0,0,0,0,0,0,,0
1010147,4,2,1,0,1,1,0,,0,0,0,0,0,0,3,0,0,,1
1009273,4,1,1,0,0,0,0,780.0,0,0,0,0,0,0,0,1,1,,1
1013676,0,1,0,0,0,0,0,,0,0,0,0,0,0,0,0,0,,0
1006837,0,1,0,0,0,0,0,,0,0,0,0,0,0,0,0,0,,0
1002525,0,1,0,0,0,0,0,,0,0,0,0,0,0,0,0,0,,0
1006427,0,1,0,0,0,0,0,,0,0,0,0,0,0,0,0,0,,0
1009860,0,1,0,0,0,0,0,,0,0,0,0,0,0,0,0,0,,0
1000347,0,1,0,0,0,0,0,,0,0,0,0,0,0,0,0,0,,0
1008485,0,1,0,0,0,0,0,,0,0,0,0,0,0,0,0,0,,0
1015006,0,1,0,0,0,0,0,,0,0,0,0,0,0,0,0,0,,1
1011740,0,0,1,0,0,0,0,,0,0,0,0,0,0,4,0,0,,1
1007226,0,1,0,0,0,0,0,,0,0,0,0,0,0,0,0,0,,0
1009229,4,1,1,0,0,0,0,,0,0,0,0,0,0,2,1,1,,1
1001712,4,1,1,1,0,0,0,,0,0,0,0,0,0,0,1,1,,1
1010819,0,1,0,0,0,0,0,,0,0,0,0,0,0,0,0,0,,0
1016702,4,2,1,0,0,0,1,,0,0,0,1,0,0,2,0,0,,1
1000609,0,1,0,0,0,0,0,,0,0,0,0,0,0,0,0,0,,1
1006955,0,1,0,0,0,0,0,,0,0,0,0,0,0,0,0,0,,0
1012079,0,1,0,0,0,0,0,,0,0,0,0,0,0,0,0,0,,1
1010976,0,1,0,0,0,0,0,,0,0,0,0,0,0,0,0,0,,0
1008935,0,1,0,0,0,0,0,,0,0,0,0,0,0,0,0,0,,0
1005749,0,1,0,0,0,0,0,,0,0,0,0,0,0,0,0,0,,0
1015895,0,1,0,0,0,0,0,,0,0,0,0,0,0,0,0,0,,0
1013311,0,1,0,0,0,0,0,,0,0,0,0,0,0,0,0,0,,0
1002188,4,1,1,1,0,0,0,1.0,0,0,0,0,0,0,1,0,0,,1
1008586,0,1,0,0,0,0,0,,0,0,0,0,0,0,0,0,0,,0
1013181,0,1,0,0,0,0,0,,0,0,0,0,0,0,0,0,0,,0
1005133,0,1,0,0,0,0,0,,0,0,0,0,0,0,0,0,0,,0
1004756,0,1,0,0,0,0,0,,0,0,0,0,0,0,0,0,0,,0
1006753,0,1,0,0,0,0,0,,0,0,0,0,0,0,0,0,0,,0
1016480,0,1,0,0,0,0,0,,0,0,0,0,0,0,0,0,0,,0
1017256,4,2,1,0,0,0,0,,0,0,1,1,1,1,6,0,0,,1
1006673,0,1,0,0,0,0,0,,0,0,0,0,0,0,0,0,0,,0
1005250,4,2,1,1,0,0,0,9.0,0,1,1,1,1,1,6,0,0,,1
1003550,0,0,0,0,0,0,0,,0,0,0,0,0,0,0,0,1,,1
1007195,4,2,1,0,0,0,0,3.0,0,0,0,0,0,0,1,0,0,,1
1000009,0,1,0,0,0,0,0,,0,0,0,0,0,0,0,0,0,,0
1001284,0,1,0,0,0,0,0,,0,0,0,0,0,0,0,0,0,,1
1000218,0,1,0,0,0,0,0,,0,0,0,0,0,0,0,0,0,,0
1016451,4,2,1,1,1,0,0,2.0,0,0,0,0,0,0,1,0,0,,1
1015635,0,1,0,0,0,0,0,,0,0,0,0,0,0,0,0,0,,0
1016137,4,0,1,0,0,0,0,,0,0,1,1,0,0,3,0,0,,1
1008025,4,2,1,1,1,0,1,1.0,0,0,0,1,0,1,10,0,0,,1
1004454,4,1,1,1,0,0,0,747.0,0,0,0,0,0,0,0,1,1,,1
1002829,0,1,0,0,0,0,0,,0,0,0,0,0,0,0,0,0,,1
1015169,4,0,1,0,0,1,0,,0,0,0,0,0,0,0,1,1,,1
1010231,0,1,0,0,0,0,0,,0,0,0,0,0,0,0,0,0,,1
1004147,0,1,0,0,0,0,0,,0,0,0,0,0,0,0,0,0,,1
1001949,0,1,0,0,0,0,0,,0,0,0,0,0,0,0,0,0,,0
1001707,0,1,0,0,0,0,0,,0,0,0,0,0,0,0,0,0,,0
1002741,0,1,0,0,0,0,0,,0,0,0,0,0,0,0,0,0,,0
1013167,0,1,0,0,0,0,0,,0,0,0,0,0,0,0,0,0,,0
1002433,0,1,0,0,0,0,0,,0,0,0,0,0,0,0,0,0,,0
1003896,4,1,1,1,0,0,0,,0,0,0,0,0,0,0,1,1,,1
1013249,0,1,0,0,0,0,0,,0,0,0,0,0,0,0,0,0,,0
1007372,4,2,1,0,0,0,0,,0,0,0,0,0,0,0,0,0,,1
1010594,0,1,0,0,0,0,0,,0,0,0,0,0,0,0,0,0,,0
1011769,0,1,0,0,0,0,0,,0,0,0,0,0,0,0,0,0,,1
1009262,4,2,1,1,1,0,0,,0,0,1,1,1,1,6,0,0,,1
1007456,0,1,0,0,0,0,0,,0,0,0,0,0,0,0,0,0,,0
1009399,0,1,0,0,0,0,0,,0,0,0,0,0,0,0,0,0,,0
1006534,4,1,1,1,0,0,0,2.0,0,0,0,0,0,0,0,0,0,,1
1003577,4,2,1,1,1,1,1,12.0,0,0,1,1,1,1,6,0,0,,1
1004262,0,1,0,0,0,0,0,,0,0,0,0,0,0,0,0,0,,0
1003600,4,2,1,0,0,0,0,10.0,0,0,0,1,0,0,1,0,0,,1
1015923,4,0,1,1,0,0,0,10.0,0,0,0,0,0,0,0,0,1,,1
1010080,0,1,0,0,0,0,0,,0,0,0,0,0,0,0,0,0,,1
1014827,0,1,0,0,0,0,0,,0,0,0,0,0,0,0,0,0,,0
1001819,4,1,1,1,0,0,0,,0,0,0,0,0,0,5,0,0,,1
1016786,0,1,0,0,0,0,0,,0,0,0,0,0,0,0,0,0,,0
1014604,0,1,0,0,0,0,0,,0,0,0,0,0,0,0,0,0,,0
1017147,4,2,1,1,1,0,0,,0,0,0,0,0,0,0,0,0,,1
1011272,0,0,0,0,0,0,0,,0,0,0,0,0,0,0,1,1,,1
1014485,4,2,1,1,1,0,0,1.0,0,0,0,1,0,0,2,0,0,,1
1013708,4,2,1,1,1,1,0,,0,0,0,0,0,0,0,0,0,,1
1016743,4,1,1,0,0,0,0,1351.0,0,0,0,0,0,0,0,1,1,,1
1001770,0,1,0,0,0,0,0,,0,0,0,0,0,0,0,0,0,,0
1008165,0,1,0,0,0,0,0,,0,0,0,0,0,0,0,0,0,,0
1008045,4,0,1,0,0,0,0,,0,0,0,0,0,0,1,0,0,,1
1016617,0,1,0,0,0,0,0,,0,0,0,0,0,0,0,0,0,,1
1000797,0,1,0,0,0,0,0,,0,0,0,0,0,0,0,0,0,,0
1007908,0,1,0,0,0,0,0,,0,0,0,0,0,0,0,0,0,,0
1002431,0,1,0,0,0,0,0,,0,0,0,0,0,0,0,0,0,,0
1006919,4,2,1,1,0,0,0,,0,0,0,1,0,0,2,0,0,,1
1005877,4,1,1,0,0,0,1,,0,0,0,1,0,0,2,1,1,,1
1005010,0,1,0,0,0,0,0,,0,0,0,0,0,0,0,0,0,,0
1004627,4,0,1,1,0,0,0,,0,0,0,0,0,0,0,0,0,,1
1003998,0,1,0,0,0,0,0,,0,0,0,0,0,0,0,0,0,,0
1001166,0,1,0,0,0,0,0,,0,0,0,0,0,0,0,0,0,,0
1009121,0,1,0,0,0,0,0,,0,0,0,0,0,0,0,0,0,,0
1007588,0,1,0,0,0,0,0,,0,0,0,0,0,0,0,0,0,,0
1006239,0,1,0,0,0,0,0,,0,0,0,0,0,0,0,0,0,,0
1005665,4,1,1,1,0,0,0,,0,0,0,0,0,0,0,1,1,,1
1011908,4,1,1,0,1,1,0,,0,0,0,0,0,0,0,0,0,,1
1006819,0,1,0,0,0,0,0,,0,0,0,0,0,0,0,0,0,,0
1008196,0,1,0,0,0,0,0,,0,0,0,0,0,0,0,0,0,,0
1014683,4,2,1,1,0,0,0,,0,0,0,1,0,0,2,0,0,,1
1002588,4,1,1,1,0,0,0,,0,0,1,1,0,0,2,0,0,,1
1015187,4,1,1,0,1,0,0,795.0,0,0,0,0,0,0,0,1,1,,1
1006128,0,0,0,0,0,0,0,,0,0,0,0,0,0,0,0,1,,1
1010681,4,2,1,1,1,1,0,,0,0,0,0,0,0,0,0,0,,1
1002976,0,1,0,0,0,0,0,,0,0,0,0,0,0,0,0,0,,0
1000804,0,1,0,0,0,0,0,,0,0,0,0,0,0,0,0,0,,0
1001606,4,2,1,0,1,0,0,,0,0,1,1,0,0,3,0,0,,1
1009429,0,1,0,0,0,0,0,,0,0,0,0,0,0,0,0,0,,1
1014873,0,1,0,0,0,0,0,,0,0,0,0,0,0,0,0,0,,0
1002606,0,1,0,0,0,0,0,,0,0,0,0,0,0,0,0,0,,0
1013097,0,1,0,0,0,0,0,,0,0,0,0,0,0,0,0,0,,0
1003159,4,1,1,0,0,0,0,,0,0,0,1,0,0,2,0,0,,1
1004116,0,1,0,0,0,0,0,,0,0,0,0,0,0,0,0,0,,0
1015025,0,1,0,0,0,0,0,,0,0,0,0,0,0,0,0,0,,0
1003759,0,1,0,0,0,0,0,,0,0,0,0,0,0,0,0,0,,0
1008427,0,1,0,0,0,0,0,,0,0,0,0,0,0,0,0,0,,0
1016705,0,1,0,0,0,0,0,,0,0,0,0,0,0,0,0,0,,0
1006866,0,1,0,0,0,0,0,,0,0,0,0,0,0,0,0,0,,0
1013455,0,1,0,0,0,0,0,,0,0,0,0,0,0,0,0,0,,0
1003470,4,0,1,1,0,0,0,24.0,0,1,0,0,0,0,0,0,0,,1
1009652,0,1,0,0,0,0,0,,0,0,0,0,0,0,0,0,0,,0
1016616,0,1,0,0,0,0,0,,0,0,0,0,0,0,0,0,0,,0
1006625,0,1,0,0,0,0,0,,0,0,0,0,0,0,0,0,0,,1
1009152,0,1,0,0,0,0,0,,0,0,0,0,0,0,0,0,0,,0
1017263,0,1,0,0,0,0,0,,0,0,0,0,0,0,0,0,0,,0
1006118,0,1,0,0,0,0,0,,0,0,0,0,0,0,0,0,0,,0
1000733,0,1,0,0,0,0,0,,0,0,0,0,0,0,0,0,0,,0
1016051,0,1,0,0,0,0,0,,0,0,0,0,0,0,0,0,0,,0
1002994,4,2,1,1,1,1,0,2.0,0,1,0,1,0,1,3,0,0,,1
1003130,4,2,1,0,0,0,0,,0,0,0,1,0,0,2,0,0,,1
1005853,0,1,0,0,0,0,0,,0,0,0,0,0,0,0,0,0,,0
1006317,0,1,0,0,0,0,0,,0,0,0,0,0,0,0,0,0,,0
1012240,0,1,0,0,0,0,0,,0,0,0,0,0,0,0,0,0,,0
1010097,4,2,1,1,1,0,0,,0,0,1,1,1,1,6,1,1,,1
1006434,4,2,1,1,1,0,0,,0,0,1,1,1,1,8,0,0,,1
1014638,0,1,0,0,0,0,0,,0,0,0,0,0,0,0,0,0,,0
1010173,0,1,0,0,0,0,0,,0,0,0,0,0,0,0,0,0,,0
1017026,0,1,0,0,0,0,0,,0,0,0,0,0,0,0,0,0,,0
1014384,4,0,1,0,0,0,1,,0,0,0,1,0,0,2,1,1,,1
1010589,0,1,0,0,0,0,0,,0,0,0,0,0,0,0,0,0,,1
1001794,4,1,1,0,1,0,0,,0,0,0,0,0,0,0,1,1,,1
1015577,0,1,0,0,0,0,0,,0,0,0,0,0,0,0,0,0,,0
1014332,4,2,1,1,0,0,0,,0,0,0,0,0,0,0,0,0,,1
1016303,0,1,0,0,0,0,0,,0,0,0,0,0,0,0,0,0,,0
1000010,4,1,1,1,0,0,0,10.0,0,0,0,0,0,0,0,0,0,,1
1016861,0,1,0,0,0,0,0,,0,0,0,0,0,0,0,0,0,,0
1008633,4,1,1,0,1,0,0,,0,1,1,1,1,1,6,0,0,,1
1014787,0,1,0,0,0,0,0,,0,0,0,0,0,0,0,0,0,,0
1016435,0,1,0,0,0,0,0,,0,0,0,0,0,0,0,0,0,,0
1012214,0,1,0,0,0,0,0,,0,0,0,0,0,0,0,0,0,,1
1010692,0,1,0,0,0,0,0,,0,0,0,0,0,0,0,0,0,,0
1013933,0,1,0,0,0,0,0,,0,0,0,0,0,0,0,0,0,,0
1004049,0,1,0,0,0,0,0,,0,0,0,0,0,0,0,0,0,,0
1009457,4,2,1,0,0,0,0,,0,0,0,1,0,0,2,0,0,,1
1008452,0,0,0,0,0,0,0,,0,0,0,0,0,0,0,0,0,,1
1005033,0,1,0,0,0,0,0,,0,0,0,0,0,0,0,0,0,,0
1010792,4,1,1,0,0,0,0,,0,0,0,1,0,0,2,0,0,,1
1001462,0,1,0,0,0,0,0,,0,0,0,0,0,0,0,0,0,,0
1005607,4,2,1,1,1,1,0,,0,0,0,0,0,0,0,0,0,,1
1014696,4,2,1,1,1,1,0,,0,0,0,0,0,0,0,0,0,,1
1003274,0,1,0,0,0,0,0,,0,0,0,0,0,0,0,0,0,,1
1005029,4,0,1,1,1,0,0,2.0,0,0,1,1,1,1,6,0,0,,1
1002930,4,0,1,1,0,0,0,,0,0,0,0,0,0,0,1,1,,1
1005597,0,1,0,0,0,0,0,,0,0,0,0,0,0,0,0,0,,0
1006723,0,1,0,0,0,0,0,,0,0,0,0,0,0,0,0,0,,0
1011650,0,1,0,0,0,0,0,,0,0,0,0,0,0,0,0,0,,0
1000893,0,1,0,0,0,0,0,,0,0,0,0,0,0,0,0,0,,1
1015591,0,1,0,0,0,0,0,,0,0,0,0,0,0,0,0,0,,0
1005701,4,1,1,1,0,0,0,28.0,0,0,0,0,0,0,0,1,1,,1
1017417,4,1,1,0,1,0,0,10.0,0,0,0,1,0,0,2,0,0,,1
1001153,0,1,0,0,0,0,0,,0,0,0,0,0,0,0,0,0,,0
1012301,4,2,1,1,0,0,0,,0,0,0,0,0,0,0,0,0,,1
1013536,0,1,0,0,0,0,0,,0,0,0,0,0,0,0,0,0,,0
1014377,4,2,1,0,0,0,1,,0,1,0,0,0,0,7,0,0,,1
1001645,0,1,0,0,0,0,0,,0,0,0,0,0,0,0,0,0,,1
1015462,2,0,1,0,0,0,0,,0,0,0,0,0,0,0,1,1,,1
1004253,4,0,1,1,1,0,0,,0,0,0,0,0,0,8,0,0,,1
1016737,0,1,0,0,0,0,0,,0,0,0,0,0,0,0,0,0,,0
1004079,0,1,0,0,0,0,0,,0,0,0,0,0,0,0,0,0,,0
1005617,4,2,1,1,1,0,0,,0,0,0,1,1,1,5,0,0,,1
1001818,0,1,0,0,0,0,0,,0,0,0,0,0,0,0,0,0,,0
1003898,0,1,0,0,0,0,0,,0,0,0,0,0,0,0,0,0,,1
1005409,0,1,0,0,0,0,0,,0,0,0,0,0,0,0,0,0,,1
1016614,0,1,0,0,0,0,0,,0,0,0,0,0,0,0,0,0,,1
1011759,0,1,0,0,0,0,0,,0,0,0,0,0,0,0,0,0,,0
1012369,0,1,0,0,0,0,0,,0,0,0,0,0,0,0,0,0,,0
1003284,0,1,1,0,0,0,0,2.0,0,0,0,0,0,0,1,0,0,,1
1006206,4,2,1,1,1,1,1,,0,0,1,1,1,1,6,0,0,,1
1005793,0,1,0,0,0,0,0,,0,0,0,0,0,0,0,0,0,,0
1007498,4,2,1,0,0,0,0,2.0,0,0,0,1,0,0,4,0,0,,1
1013235,0,1,0,0,0,0,0,,0,0,0,0,0,0,0,0,0,,0
1012706,4,2,1,1,0,0,0,15.0,0,1,0,0,0,0,3,0,0,,1
1003213,0,1,0,0,0,0,0,,0,0,0,0,0,0,0,0,0,,0
1016025,0,1,0,0,0,0,0,,0,0,0,0,0,0,0,0,0,,0
1000586,4,2,1,1,0,0,0,,0,0,0,0,0,0,3,0,0,,1
1011162,0,1,0,0,0,0,0,,0,0,0,0,0,0,0,0,0,,0
1002180,0,1,0,0,0,0,0,,0,0,0,0,0,0,0,0,0,,0
1008682,4,2,1,1,1,0,0,,0,0,1,1,1,1,6,0,0,,1
1005188,0,1,0,0,0,0,0,,0,0,0,0,0,0,0,0,0,,0
1007471,0,1,0,0,0,0,0,,0,0,0,0,0,0,0,0,0,,0
1014128,4,1,1,0,0,0,1,,0,0,0,1,0,0,2,1,1,,1
1001074,0,1,0,0,0,0,0,,0,0,0,0,0,0,0,0,0,,1
1004580,4,1,1,1,0,0,0,,0,0,0,0,0,0,0,1,1,,1
1005098,0,1,0,0,0,0,0,,0,0,0,0,0,0,0,0,0,,0
1003115,0,1,0,0,0,0,0,,0,0,0,0,0,0,0,0,0,,1
1017485,4,2,1,0,0,0,0,,0,0,0,0,0,0,0,0,0,,1
1016885,4,2,1,1,0,0,0,,0,0,1,1,0,0,3,0,0,,1
1016228,0,1,0,0,0,0,0,,0,0,0,0,0,0,0,0,0,,0
1005450,4,2,1,0,0,0,0,2.0,0,0,0,1,0,0,2,0,0,,1
1006307,0,1,0,0,0,0,0,,0,0,0,0,0,0,0,0,0,,0
1006354,0,1,0,0,0,0,0,,0,0,0,0,0,0,0,0,0,,1
1011480,0,1,0,0,0,0,0,,0,0,0,0,0,0,0,0,0,,0
1004375,0,1,0,0,0,0,0,,0,0,0,0,0,0,0,0,0,,0
1006817,0,1,0,0,0,0,0,,0,0,0,0,0,0,0,0,0,,0
1003436,0,1,0,0,0,0,0,,0,0,0,0,0,0,0,0,0,,0
1014047,0,1,0,0,0,0,0,,0,0,0,0,0,0,0,0,0,,0
1012963,0,1,0,0,0,0,0,,0,0,0,0,0,0,0,0,0,,0
1004170,0,1,0,0,0,0,0,,0,0,0,0,0,0,0,0,0,,0
1014251,0,1,0,0,0,0,0,,0,0,0,0,0,0,0,0,0,,0
1011577,0,1,0,0,0,0,0,,0,0,0,0,0,0,0,0,0,,0
1015247,0,1,0,0,0,0,0,,0,0,0,0,0,0,0,0,0,,0
1012800,4,2,1,1,0,0,0,1.0,0,0,0,0,0,0,0,1,1,,1
1002749,0,1,0,0,0,0,0,,0,0,0,0,0,0,0,0,0,,0
1010539,0,1,0,0,0,0,0,,0,0,0,0,0,0,0,0,0,,0
1015651,0,1,0,0,0,0,0,,0,0,0,0,0,0,0,0,0,,0
1012774,0,1,0,0,0,0,0,,0,0,0,0,0,0,0,0,0,,0
1000511,4,2,1,1,1,0,0,,0,0,1,1,1,1,6,0,0,,1
1017014,4,1,1,0,0,0,0,,0,0,0,1,0,0,2,0,0,,1
1005778,0,1,0,0,0,0,0,,0,0,0,0,0,0,0,0,0,,1
1001171,0,1,1,0,1,0,0,,0,0,0,1,0,0,2,0,1,,1
1009215,4,0,1,0,0,0,1,,0,0,0,1,0,0,2,0,0,,1
1008140,0,1,0,0,0,0,0,,0,0,0,0,0,0,0,0,0,,0
1005962,4,2,1,1,1,0,0,,0,0,0,0,0,0,0,0,0,,1
1016619,0,1,0,0,0,0,0,,0,0,0,0,0,0,0,0,0,,0
1002018,4,2,1,0,0,0,0,,0,0,0,0,0,0,0,1,2,,1
1002527,0,1,0,0,0,0,0,,0,0,0,0,0,0,0,0,0,,0
1011950,4,2,1,1,1,1,0,,0,0,1,1,1,1,6,0,0,,1
1011590,0,1,0,0,0,0,0,,0,0,0,0,0,0,0,0,0,,0
1008359,0,1,0,0,0,0,0,,0,0,0,0,0,0,0,0,0,,1
1014132,0,1,0,0,0,0,0,,0,0,0,0,0,0,0,0,0,,0
1015492,4,2,1,0,0,0,1,,0,0,0,1,0,1,3,0,0,,1
1005926,4,2,1,0,1,0,0,,0,0,0,0,0,0,7,0,0,,1
1012581,0,1,0,0,0,0,0,,0,0,0,0,0,0,0,0,0,,0
1014409,0,1,0,0,0,0,0,,0,0,0,0,0,0,0,0,0,,0
1000097,4,0,1,1,1,1,0,,0,0,0,0,0,0,0,0,0,,1
1006139,0,1,0,0,0,0,0,,0,0,0,0,0,0,0,0,0,,0
1005762,0,1,0,0,0,0,0,,0,0,0,0,0,0,0,0,0,,0
1012658,4,2,1,0,0,0,0,2.0,0,0,0,1,1,0,3,0,0,,1
1009276,0,1,0,0,0,0,0,,0,0,0,0,0,0,0,0,0,,0
1008299,0,1,0,0,0,0,0,,0,0,0,0,0,0,0,0,0,,0
1008220,4,2,1,1,0,0,0,,0,0,1,1,1,1,6,0,0,,1
1012515,0,1,0,0,0,0,0,,0,0,0,0,0,0,0,0,0,,0
1008148,0,1,0,0,0,0,0,,0,0,0,0,0,0,0,0,0,,1
1006186,0,1,0,0,0,0,0,,0,0,0,0,0,0,0,0,0,,0
1005609,4,2,1,1,1,0,0,,0,0,0,0,0,0,0,0,0,,1
1001646,4,2,1,0,0,0,0,,0,0,1,1,1,1,6,0,0,,1
1011932,4,0,1,0,0,0,0,,0,0,0,0,0,0,1,0,0,,1
1010919,3,0,1,0,0,0,0,,0,0,0,0,0,0,0,1,1,,1
1000465,0,1,0,0,0,0,0,,0,0,0,0,0,0,0,0,0,,0
1006150,4,2,1,0,0,0,1,,0,0,0,1,0,0,2,0,0,,1
1000301,0,1,0,0,0,0,0,,0,0,0,0,0,0,0,0,0,,0
1008602,0,0,0,0,0,0,0,,0,0,0,0,0,0,0,1,1,,1
1014622,0,1,0,0,0,0,0,,0,0,0,0,0,0,0,0,0,,0
1015303,0,1,0,0,0,0,0,,0,0,0,0,0,0,0,0,0,,0
1013218,4,0,1,0,1,0,0,,0,0,0,0,0,0,0,0,0,,1
1000001,0,1,0,0,0,0,0,,0,0,0,0,0,0,0,0,0,,0
1006797,0,0,0,0,0,0,0,,0,0,0,0,0,0,0,1,1,,1
1013649,0,1,0,0,0,0,0,,0,0,0,0,0,0,0,0,0,,0
1008544,0,1,0,0,0,0,0,,0,0,0,0,0,0,0,0,0,,0
1009653,0,1,0,0,0,0,0,,0,0,0,0,0,0,0,0,0,,0
1008913,0,1,0,0,0,0,0,,0,0,0,0,0,0,0,0,0,,0
1009972,3,0,1,0,1,0,0,,0,0,0,0,0,0,0,1,1,,1
1010998,4,2,1,0,0,0,0,2.0,0,0,0,1,0,0,2,0,0,,1
1013782,4,0,1,0,1,0,0,,0,0,0,0,0,0,0,1,1,,1
1005594,0,0,0,0,0,0,0,,0,0,0,0,0,0,0,0,1,,1
1013140,4,2,1,1,1,0,0,,0,0,1,1,1,1,6,0,0,,1
1001881,0,1,0,0,0,0,0,,0,0,0,0,0,0,0,0,0,,1
1009485,0,1,0,0,0,0,0,,0,0,0,0,0,0,0,0,0,,0
1002475,4,2,1,1,0,0,0,,0,0,0,0,0,0,0,0,0,,1
1014533,4,2,1,1,0,0,0,2.0,0,0,1,1,1,1,6,0,0,,1
1004231,4,0,1,0,0,0,1,,0,0,0,0,0,0,1,0,0,,1
1001872,0,1,0,0,0,0,0,,0,0,0,0,0,0,0,0,0,,0
1011751,0,1,0,0,0,0,0,,0,0,0,0,0,0,0,0,0,,0
1002250,0,1,0,0,0,0,0,,0,0,0,0,0,0,0,0,0,,0
1000503,0,1,0,0,0,0,0,,0,0,0,0,0,0,0,0,0,,0
1002714,4,2,1,1,0,0,0,10.0,0,1,1,1,1,1,6,0,0,,1
1010400,4,2,1,1,1,1,0,2.0,0,0,0,0,0,0,0,0,0,,1
1008315,0,1,0,0,0,0,0,,0,0,0,0,0,0,0,0,0,,1
1015980,3,0,1,0,0,0,0,,0,0,0,0,0,0,0,1,1,,1
1003770,0,1,0,0,0,0,0,,0,0,0,0,0,0,0,0,0,,0
1014801,0,1,0,0,0,0,0,,0,0,0,0,0,0,0,0,0,,0
1009458,0,1,0,0,0,0,0,,0,0,0,0,0,0,0,0,0,,0
1004816,0,1,0,0,0,0,0,,0,0,0,0,0,0,0,0,0,,0
1002503,4,2,1,1,0,0,0,3.0,0,0,0,0,0,0,1,0,0,,1
1001767,0,1,0,0,0,0,0,,0,0,0,0,0,0,0,0,0,,0
1012871,4,1,1,1,0,0,0,,0,0,0,0,0,0,0,1,1,,1
1012080,0,1,0,0,0,0,0,,0,0,0,0,0,0,0,0,0,,0
1009192,4,1,1,0,1,0,0,,0,0,0,0,0,0,0,1,1,,1
1002913,0,1,0,0,0,0,0,,0,0,0,0,0,0,0,0,0,,0
1005835,0,1,0,0,0,0,0,,0,0,0,0,0,0,0,0,0,,0
1006127,0,1,0,0,0,0,0,,0,0,0,0,0,0,0,0,0,,1
1017037,0,1,0,0,0,0,0,,0,0,0,0,0,0,0,0,0,,0
1002905,0,1,0,0,0,0,0,,0,0,0,0,0,0,0,0,0,,0
1008333,0,1,0,0,0,0,0,,0,0,0,0,0,0,0,0,0,,0
1012228,0,1,0,0,0,0,0,,0,0,0,0,0,0,0,0,0,,0
1014943,4,1,1,0,1,0,0,,0,0,0,0,0,0,0,1,1,,1
1011419,0,1,0,0,0,0,0,,0,0,0,0,0,0,0,0,0,,0
1012773,0,1,0,0,0,0,0,,0,0,0,0,0,0,0,0,0,,1
1007192,0,1,0,0,0,0,0,,0,0,0,0,0,0,0,0,0,,0
1012107,0,1,0,0,0,0,0,,0,0,0,0,0,0,0,0,0,,0
1014369,0,1,0,0,0,0,0,,0,0,0,0,0,0,0,0,0,,0
1007113,0,1,0,0,0,0,0,,0,0,0,0,0,0,0,0,0,,1
1000251,4,2,1,0,0,0,0,12.0,0,0,0,1,0,1,3,0,0,,1
1012818,0,1,0,0,0,0,0,,0,0,0,0,0,0,0,0,0,,0
1005230,4,2,1,0,1,0,1,4.0,0,0,0,1,1,1,4,0,0,,1
1000547,4,2,1,1,1,0,0,,0,0,1,1,1,1,6,1,1,,1
1016911,0,1,0,0,0,0,0,,0,0,0,0,0,0,0,0,0,,0
1010174,4,2,1,0,0,0,0,,0,1,1,1,1,1,6,0,0,,1
1013408,0,1,0,0,0,0,0,,0,0,0,0,0,0,0,0,0,,1
1005647,0,1,0,0,0,0,0,,0,0,0,0,0,0,0,0,0,,0
1008072,0,1,0,0,0,0,0,,0,0,0,0,0,0,0,0,0,,0
1014149,0,1,0,0,0,0,0,,0,0,0,0,0,0,0,0,0,,0
1001957,0,1,0,0,0,0,0,,0,0,0,0,0,0,0,0,0,,0
1002101,0,1,0,0,0,0,0,,0,0,0,0,0,0,0,0,0,,0
1017308,4,1,1,0,1,0,0,771.0,0,0,0,0,0,0,0,1,1,,1
1013737,0,1,0,0,0,0,0,,0,0,0,0,0,0,0,0,0,,0
1000889,0,0,0,0,0,0,0,,0,0,0,0,0,0,0,1,1,,1
1007271,0,1,0,0,0,0,0,,0,0,0,0,0,0,0,0,0,,1
1017081,0,1,0,0,0,0,0,,0,0,0,0,0,0,0,0,0,,0
1003764,0,1,0,0,0,0,0,,0,0,0,0,0,0,0,0,0,,1
1011758,0,1,0,0,0,0,0,,0,0,0,0,0,0,0,0,0,,0
1002296,0,1,0,0,0,0,0,,0,0,0,0,0,0,0,0,0,,1
1015946,4,2,1,0,0,0,0,12.0,0,1,0,1,0,0,3,0,0,,1
1001280,4,0,1,0,1,0,0,,0,0,0,0,0,0,0,1,1,,1
1002550,0,1,0,0,0,0,0,,0,0,0,0,0,0,0,0,0,,0
1009927,0,1,0,0,0,0,0,,0,0,0,0,0,0,0,0,0,,0
1005512,4,1,1,1,0,0,0,890.0,0,0,0,0,0,0,0,1,1,,1
1009232,0,1,0,0,0,0,0,,0,0,0,0,0,0,0,0,0,,0
1014207,0,1,0,0,0,0,0,,0,0,0,0,0,0,0,0,0,,0
1008441,0,1,0,0,0,0,0,,0,0,0,0,0,0,0,0,0,,0
1009651,4,1,1,1,1,0,0,50.0,0,1,0,1,0,1,9,0,0,,1
1012976,0,1,0,0,0,0,0,,0,0,0,0,0,0,0,0,0,,0
1013615,0,0,0,0,0,0,0,,0,0,0,1,0,0,1,1,1,,1
1013133,0,1,0,0,0,0,0,,0,0,0,0,0,0,0,0,0,,0
1013044,0,1,0,0,0,0,0,,0,0,0,0,0,0,0,0,0,,0
1017538,0,1,0,0,0,0,0,,0,0,0,0,0,0,0,0,0,,0
1007268,0,1,0,0,0,0,0,,0,0,0,0,0,0,0,0,0,,0
1006551,0,1,0,0,0,0,0,,0,0,0,0,0,0,0,0,0,,0
1000703,3,0,1,0,0,0,0,,0,0,0,0,0,0,0,1,1,,1
1007177,4,1,1,1,0,0,0,1.0,0,0,0,1,0,0,1,0,0,,1
1011866,0,0,0,0,0,0,0,,0,0,0,1,0,0,1,1,1,,1
1004820,4,1,1,0,0,0,0,,0,0,0,0,0,0,0,1,1,,1
1014245,0,1,0,0,0,0,0,,0,0,0,0,0,0,0,0,0,,0
1012119,4,0,1,1,1,1,0,,0,0,0,0,0,0,0,1,1,,1
1012225,0,1,0,0,0,0,0,,0,0,0,0,0,0,0,0,0,,0
1006172,0,1,0,0,0,0,0,,0,0,0,0,0,0,0,0,0,,1
1004301,0,1,0,0,0,0,0,,0,0,0,0,0,0,0,0,0,,0
1017100,0,0,0,0,0,0,0,,0,0,0,0,0,0,0,0,0,,1
1012397,4,1,1,0,0,0,0,1.0,0,1,0,1,0,1,3,0,0,,1
1010452,0,1,0,0,0,0,0,,0,0,0,0,0,0,0,0,0,,0
1001908,4,0,1,0,0,0,0,,0,0,0,1,0,0,2,0,0,,1
1009936,4,2,1,1,1,0,0,1.0,0,0,0,1,1,0,3,0,0,,1
1012184,0,1,0,0,0,0,0,,0,0,0,0,0,0,0,0,0,,0
1012309,0,1,0,0,0,0,0,,0,0,0,0,0,0,0,0,0,,0
1014786,4,2,1,0,0,0,0,,0,1,0,1,0,0,6,0,0,,1
1003178,0,1,0,0,0,0,0,,0,0,0,0,0,0,0,0,0,,0
1006778,0,1,0,0,0,0,0,,0,0,0,0,0,0,0,0,0,,0
1006864,0,1,0,0,0,0,0,,0,0,0,0,0,0,0,0,0,,0
1003591,0,1,0,0,0,0,0,,0,0,0,0,0,0,0,0,0,,1
1013541,4,1,1,0,0,0,0,,0,0,1,1,0,0,3,0,0,,1
1012672,4,1,1,0,0,0,0,10.0,0,0,0,0,0,0,1,0,0,,1
1006719,4,2,1,1,1,0,1,,0,0,1,1,1,1,6,0,0,,1
1006169,0,1,0,0,0,0,0,,0,0,0,0,0,0,0,0,0,,0
1015482,0,1,0,0,0,0,0,,0,0,0,0,0,0,0,0,0,,0
1003934,4,2,1,0,0,1,1,,0,0,0,1,0,0,2,0,0,,1
1014941,0,1,0,0,0,0,0,,0,0,0,0,0,0,0,0,0,,0
1012771,4,1,1,0,0,0,0,,0,0,0,0,0,0,1,0,0,,1
1000538,4,0,1,1,0,0,0,,0,0,0,0,0,0,0,1,1,,1
1000908,0,1,0,0,0,0,0,,0,0,0,0,0,0,0,0,0,,0
1000483,0,1,0,0,0,0,0,,0,0,0,0,0,0,0,0,0,,0
1002833,0,1,0,0,0,0,0,,0,0,0,0,0,0,0,0,0,,0
1007558,0,1,0,0,0,0,0,,0,0,0,0,0,0,0,0,0,,0
1005290,0,1,0,0,0,0,0,,0,0,0,0,0,0,0,0,0,,0
1012400,4,2,1,1,1,1,1,,0,0,0,0,0,0,0,0,0,,1
1006271,0,1,0,0,0,0,0,,0,0,0,0,0,0,0,0,0,,0
1013811,4,2,1,1,1,1,0,,0,0,1,1,1,1,6,0,0,,1
1006691,0,1,0,0,0,0,0,,0,0,0,0,0,0,0,0,0,,0
1014690,4,2,1,1,0,0,0,10.0,0,1,0,1,1,1,4,0,0,,1
1016802,4,1,1,1,0,0,0,,0,0,0,0,0,0,0,1,1,,1
1012737,4,2,1,0,0,0,1,,0,1,0,0,0,0,6,0,0,,1
1017137,4,1,1,1,0,0,0,,0,0,0,0,0,0,2,0,0,,1
1013290,0,1,0,0,0,0,0,,0,0,0,0,0,0,0,0,0,,0
1003454,0,1,0,0,0,0,0,,0,0,0,0,0,0,0,0,0,,0
1006488,0,0,0,0,0,0,0,,0,0,0,0,0,0,0,0,0,,1
1009194,0,1,0,0,0,0,0,,0,0,0,0,0,0,0,0,0,,0
1006261,0,1,0,0,0,0,0,,0,0,0,0,0,0,0,0,0,,1
1004050,4,2,1,0,0,0,0,2.0,0,0,0,0,0,0,1,0,0,,1
1005965,0,1,0,0,0,0,0,,0,0,0,0,0,0,0,0,0,,0
1002931,4,0,1,0,0,0,1,,0,0,0,0,0,0,0,1,1,,1
1002850,0,1,0,0,0,0,0,,0,0,0,0,0,0,0,0,0,,1
1004812,0,1,0,0,0,0,0,,0,0,0,0,0,0,0,0,0,,0
1001224,0,1,0,0,0,0,0,,0,0,0,0,0,0,0,0,0,,1
1013303,0,1,0,0,0,0,0,,0,0,0,0,0,0,0,0,0,,1
1015960,0,1,0,0,0,0,0,,0,0,0,0,0,0,0,0,0,,0
1015809,0,1,0,0,0,0,0,,0,0,0,0,0,0,0,0,0,,1
1011639,4,1,1,1,1,0,0,3.0,0,0,0,0,0,0,0,0,0,,1
1002795,0,1,0,0,0,0,0,,0,0,0,0,0,0,0,0,0,,1
1009896,4,2,1,1,1,0,0,,1,0,0,0,0,0,0,0,0,,1
1009483,0,1,0,0,0,0,0,,0,0,0,0,0,0,0,0,0,,0
1008581,0,1,0,0,0,0,0,,0,0,0,0,0,0,0,0,0,,0
1010942,0,1,0,0,0,0,0,,0,0,0,0,0,0,0,0,0,,0
1016107,4,2,1,0,1,0,0,23.0,0,0,0,0,0,0,2,0,0,,1
1005636,4,1,1,1,0,0,0,,0,0,0,0,0,0,0,1,1,,1
1013098,0,1,0,0,0,0,0,,0,0,0,0,0,0,0,0,0,,0
1009066,0,1,0,0,0,0,0,,0,0,0,0,0,0,0,0,0,,0
1007964,0,1,0,0,0,0,0,,0,0,0,0,0,0,0,0,0,,1
1008324,0,1,0,0,0,0,0,,0,0,0,0,0,0,0,0,0,,0
1015720,4,0,1,1,0,0,0,,0,0,0,0,0,0,0,1,1,,1
1007512,0,1,0,0,0,0,0,,0,0,0,0,0,0,0,0,0,,0
1004945,4,1,1,1,0,0,0,,0,0,0,0,0,0,0,1,1,,1
1007852,0,1,0,0,0,0,0,,0,0,0,0,0,0,0,0,0,,0
1000236,0,1,0,0,0,0,0,,0,0,0,0,0,0,0,0,0,,1
1016109,0,1,0,0,0,0,0,,0,0,0,0,0,0,0,0,0,,0
1015733,4,1,1,0,0,0,0,2.0,0,0,0,0,0,0,0,0,0,,1
1014043,0,1,0,0,0,0,0,,0,0,0,0,0,0,0,0,0,,0
1007768,4,2,1,1,0,0,0,1.0,1,0,1,1,1,1,6,0,0,,1
1015747,4,1,1,1,1,0,0,,0,0,0,0,0,0,0,0,0,,1
1008835,0,1,0,0,0,0,0,,0,0,0,0,0,0,0,0,0,,0
1008031,0,1,0,0,0,0,0,,0,0,0,0,0,0,0,0,0,,0
1006472,0,0,0,0,0,0,0,,0,0,0,0,0,0,0,0,0,,1
1001596,0,1,0,0,0,0,0,,0,0,0,0,0,0,0,0,0,,0
1000307,0,1,0,0,0,0,0,,0,0,0,0,0,0,0,0,0,,0
1007258,0,1,0,0,0,0,0,,0,0,0,0,0,0,0,0,0,,0
1008919,4,2,1,1,1,1,0,2.0,0,0,0,0,0,0,0,0,0,,1
1001854,0,1,0,0,0,0,0,,0,0,0,0,0,0,0,0,0,,0
1003406,4,2,1,1,1,1,0,2.0,0,0,1,1,1,1,6,0,0,,1
1002473,4,2,1,1,0,0,0,,0,0,0,0,0,0,0,1,1,,1
1003865,4,0,1,0,0,0,0,14.0,0,0,0,0,0,0,0,1,1,,1
1004344,0,1,0,0,0,0,0,,0,0,0,0,0,0,0,0,0,,0
1001765,0,0,0,0,0,0,0,,0,0,0,0,0,0,0,0,0,,1
1011273,0,1,0,0,0,0,0,,0,0,0,0,0,0,0,0,0,,1
1009683,0,1,0,0,0,0,0,,0,0,0,0,0,0,0,0,0,,0
1014894,4,2,1,1,0,0,0,12.0,0,0,0,1,0,1,3,0,0,,1
1006677,0,1,0,0,0,0,0,,0,0,0,0,0,0,0,0,0,,0
1014804,0,1,0,0,0,0,0,,0,0,0,0,0,0,0,0,0,,0
1006722,0,1,0,0,0,0,0,,0,0,0,0,0,0,0,0,0,,1
1013596,0,1,0,0,0,0,0,,0,0,0,0,0,0,0,0,0,,0
1006003,4,1,1,1,0,0,0,,0,0,1,1,0,0,3,0,0,,1
1006442,4,2,1,1,0,0,0,12.0,0,0,0,1,0,0,2,0,0,,1
1011875,4,2,1,1,1,1,0,,0,0,0,0,0,0,0,0,0,,1
1002951,0,1,0,0,0,0,0,,0,0,0,0,0,0,0,0,0,,0
1003304,0,1,0,0,0,0,0,,0,0,0,0,0,0,0,0,0,,0
1016078,0,1,0,0,0,0,0,,0,0,0,0,0,0,0,0,0,,0
1005523,0,1,0,0,0,0,0,,0,0,0,0,0,0,0,0,0,,0
1008597,4,2,1,1,1,0,0,,0,0,1,1,1,1,6,0,0,,1
1013559,4,1,1,1,0,0,0,1.0,0,0,0,0,0,0,0,0,0,,1
1008519,0,1,0,0,0,0,0,,0,0,0,0,0,0,0,0,0,,0
1016675,0,1,0,0,0,0,0,,0,0,0,0,0,0,0,0,0,,0
1015498,4,1,1,1,0,0,0,,0,0,0,0,0,0,0,1,1,,1
1002620,4,1,1,0,1,0,0,7.0,0,1,1,1,0,1,4,0,0,,1
1017354,0,1,0,0,0,0,0,,0,0,0,0,0,0,0,0,0,,0
1001959,4,2,1,1,0,0,0,,0,0,1,1,1,1,6,0,0,,1
1015438,0,1,0,0,0,0,0,,0,0,0,0,0,0,0,0,0,,1
1004796,0,0,0,0,0,0,0,,0,0,0,0,0,0,0,0,0,,1
1003521,0,1,0,0,0,0,0,,0,0,0,0,0,0,0,0,0,,0
1015331,0,1,0,0,0,0,0,,0,0,0,0,0,0,0,0,0,,0
1007225,0,1,0,0,0,0,0,,0,0,0,0,0,0,0,0,0,,0
1009677,0,1,0,0,0,0,0,,0,0,0,0,0,0,0,0,0,,0
1005995,0,1,0,0,0,0,0,,0,0,0,0,0,0,0,0,0,,1
1005494,0,1,0,0,0,0,0,,0,0,0,0,0,0,0,0,0,,0
1014713,0,1,0,0,0,0,0,,0,0,0,0,0,0,0,0,0,,0
1014656,0,1,1,0,0,0,0,,0,0,0,0,0,0,1,0,0,,1
1007340,4,2,1,1,0,0,0,,0,0,0,1,0,0,3,0,0,,1
1002970,0,1,0,0,0,0,0,,0,0,0,0,0,0,0,0,0,,0
1005171,0,1,0,0,0,0,0,,0,0,0,0,0,0,0,0,0,,1
1001665,0,1,0,0,0,0,0,,0,0,0,0,0,0,0,0,0,,0
1007515,4,2,1,1,0,0,0,1.0,0,0,0,0,0,0,0,0,0,,1
1003644,0,1,0,0,0,0,0,,0,0,0,0,0,0,0,0,0,,0
1009626,0,1,0,0,0,0,0,,0,0,0,0,0,0,0,0,0,,0
1013005,0,1,0,0,0,0,0,,0,0,0,0,0,0,0,0,0,,0
1012028,0,1,0,0,0,0,0,,0,0,0,0,0,0,0,0,0,,1
1012171,0,1,0,0,0,0,0,,0,0,0,0,0,0,0,0,0,,0
1000686,4,2,1,1,0,0,0,,0,0,1,1,1,1,6,0,0,,1
1003194,0,1,0,0,0,0,0,,0,0,0,0,0,0,0,0,0,,0
1015037,0,1,0,0,0,0,0,,0,0,0,0,0,0,0,0,0,,0
1005519,4,2,1,0,1,0,0,2.0,0,0,0,0,0,0,0,0,0,,1
1000003,0,0,0,0,0,0,0,,0,0,0,0,0,0,3,0,0,,1
1005003,0,1,0,0,0,0,0,,0,0,0,0,0,0,0,0,0,,0
1010161,0,1,0,0,0,0,0,,0,0,0,0,0,0,0,0,0,,0
1014682,4,0,1,0,0,0,0,2.0,0,0,0,0,0,0,0,1,1,,1
1013849,4,1,1,0,0,0,0,2.0,0,0,0,1,0,0,1,0,0,,1
1003308,4,2,1,0,0,0,0,12.0,0,0,0,1,1,0,4,0,0,,1
1010866,0,1,0,0,0,0,0,,0,0,0,0,0,0,0,0,0,,0
1014044,0,1,0,0,0,0,0,,0,0,0,0,0,0,0,0,0,,0
1010669,4,1,1,1,0,0,0,1834.0,0,0,0,0,0,0,0,1,1,,1
1007108,0,1,0,0,0,0,0,,0,0,0,0,0,0,0,0,0,,0
1003935,0,1,0,0,0,0,0,,0,0,0,0,0,0,0,0,0,,1
1016594,0,1,0,0,0,0,0,,0,0,0,0,0,0,0,0,0,,0
1002726,0,1,0,0,0,0,0,,0,0,0,0,0,0,0,0,0,,0
1011788,0,1,0,0,0,0,0,,0,0,0,0,0,0,0,0,0,,0
1007540,0,1,0,0,0,0,0,,0,0,0,0,0,0,0,0,0,,0
1009270,0,1,0,0,0,0,0,,0,0,0,0,0,0,0,0,0,,0
1011821,4,2,1,1,1,0,0,1.0,0,0,1,1,0,0,3,0,0,,1
1008868,0,1,0,0,0,0,0,,0,0,0,0,0,0,0,0,0,,0
1013406,0,1,0,0,0,0,0,,0,0,0,0,0,0,0,0,0,,1
1001577,0,1,0,0,0,0,0,,0,0,0,0,0,0,0,0,0,,0
1009205,0,1,0,0,0,0,0,,0,0,0,0,0,0,0,0,0,,0
1015765,0,1,0,0,0,0,0,,0,0,0,0,0,0,0,0,0,,0
1001075,0,1,0,0,0,0,0,,0,0,0,0,0,0,0,0,0,,0
1015829,0,1,0,0,0,0,0,,0,0,0,0,0,0,0,0,0,,0
1014103,0,1,0,0,0,0,0,,0,0,0,0,0,0,0,0,0,,1
1009003,0,1,0,0,0,0,0,,0,0,0,0,0,0,0,0,0,,0
1005864,0,1,0,0,0,0,0,,0,0,0,0,0,0,0,0,0,,0
1002309,0,1,0,0,0,0,0,,0,0,0,0,0,0,0,0,0,,0
1009640,0,1,0,0,0,0,0,,0,0,0,0,0,0,0,0,0,,1
1001419,4,2,1,0,1,0,1,,0,0,0,0,0,0,0,1,1,,1
1008265,4,1,1,1,1,1,1,,0,0,1,1,1,1,6,0,0,,1
1002265,0,1,0,0,0,0,0,,0,0,0,0,0,0,0,0,0,,0
1012822,0,1,0,0,0,0,0,,0,0,0,0,0,0,0,0,0,,1
1017552,0,1,0,0,0,0,0,,0,0,0,0,0,0,0,0,0,,0
1012682,0,1,0,0,0,0,0,,0,0,0,0,0,0,0,0,0,,0
1001336,0,1,0,0,0,0,0,,0,0,0,0,0,0,0,0,0,,1
1000642,4,1,1,0,0,0,0,,0,0,0,0,0,0,1,0,0,,1
1001737,0,1,0,0,0,0,0,,0,0,0,0,0,0,0,0,0,,1
1017346,0,1,0,0,0,0,0,,0,0,0,0,0,0,0,0,0,,0
1007895,1,0,0,0,0,0,0,,0,0,0,0,0,0,0,1,1,,1
1011043,0,1,0,0,0,0,0,,0,0,0,0,0,0,0,0,0,,0
1012793,4,0,1,0,0,0,0,2.0,0,0,0,0,0,0,1,0,0,,1
1016730,0,1,0,0,0,0,0,,0,0,0,0,0,0,0,0,0,,0
1010314,0,1,0,0,0,0,0,,0,0,0,0,0,0,0,0,0,,0
1015450,0,1,0,0,0,0,0,,0,0,0,0,0,0,0,0,0,,0
1009492,4,0,1,1,0,0,0,1.0,0,0,1,1,0,0,3,0,0,,1
1007092,4,2,1,0,0,0,1,,0,0,0,1,0,0,2,0,0,,1
1013677,0,1,0,0,0,0,0,,0,0,0,0,0,0,0,0,0,,0
1004904,0,1,0,0,0,0,0,,0,0,0,0,0,0,0,0,0,,0
1004679,0,1,0,0,0,0,0,,0,0,0,0,0,0,0,0,0,,1
1013516,0,1,0,0,0,0,0,,0,0,0,0,0,0,0,0,0,,1
1012328,0,1,0,0,0,0,0,,0,0,0,0,0,0,0,0,0,,1
1006448,0,1,0,0,0,0,0,,0,0,0,0,0,0,0,0,0,,0
1010902,4,2,1,0,0,0,1,,0,0,0,1,0,0,5,0,0,,1
1007933,4,2,1,0,0,0,0,,0,0,0,1,0,0,2,0,0,,1
1002134,0,1,0,0,0,0,0,,0,0,0,0,0,0,0,0,0,,1
1010384,0,1,0,0,0,0,0,,0,0,0,0,0,0,0,0,0,,0
1011618,0,1,0,0,0,0,0,,0,0,0,0,0,0,0,0,0,,0
1014427,4,2,1,0,0,0,1,,0,0,0,1,0,0,2,0,0,,1
1017540,4,1,1,0,0,0,0,,0,0,0,1,0,0,2,0,0,,1
1003500,0,1,0,0,0,0,0,,0,0,0,0,0,0,0,0,0,,0
1000253,0,1,0,0,0,0,0,,0,0,0,0,0,0,0,0,0,,0
1013471,0,1,0,0,0,0,0,,0,0,0,0,0,0,0,0,0,,0
1013522,0,1,0,0,0,0,0,,0,0,0,0,0,0,0,0,0,,0
1014832,0,1,0,0,0,0,0,,0,0,0,0,0,0,0,0,0,,0
1001632,4,2,1,0,0,0,0,1.0,0,0,0,0,0,0,1,0,0,,1
1006158,4,2,1,1,0,0,0,,0,0,1,1,0,0,3,0,0,,1
1008705,0,1,0,0,0,0,0,,0,0,0,0,0,0,0,0,0,,1
1016056,0,1,0,0,0,0,0,,0,0,0,0,0,0,0,0,0,,0
1003562,0,1,0,0,0,0,0,,0,0,0,0,0,0,0,0,0,,1
1005095,0,1,0,0,0,0,0,,0,0,0,0,0,0,0,0,0,,0
1006016,0,1,0,0,0,0,0,,0,0,0,0,0,0,0,0,0,,0
1015387,0,1,0,0,0,0,0,,0,0,0,0,0,0,0,0,0,,0
1007326,0,1,0,0,0,0,0,,0,0,0,0,0,0,0,0,0,,0
1012987,0,1,0,0,0,0,0,,0,0,0,0,0,0,0,0,0,,1
1003607,0,1,0,0,0,0,0,,0,0,0,0,0,0,0,0,0,,0
1007441,0,1,1,1,1,0,1,10.0,0,0,0,1,0,0,1,0,0,,1
1010748,0,1,0,0,0,0,0,,0,0,0,0,0,0,0,0,0,,0
1004432,0,1,0,0,0,0,0,,0,0,0,0,0,0,0,0,0,,0
1006739,0,1,0,0,0,0,0,,0,0,0,0,0,0,0,0,0,,0
1002331,0,1,0,0,0,0,0,,0,0,0,0,0,0,0,0,0,,0
1004745,0,1,0,0,0,0,0,,0,0,0,0,0,0,0,0,0,,1
1011592,0,1,0,0,0,0,0,,0,0,0,0,0,0,0,0,0,,0
1010249,4,2,1,0,0,0,0,1.0,0,1,0,1,0,0,2,0,0,,1
1006934,0,1,0,0,0,0,0,,0,0,0,0,0,0,0,0,0,,1
1012170,0,1,0,0,0,0,0,,0,0,0,0,0,0,0,0,0,,0
1008556,4,2,1,0,0,1,0,14.0,0,1,0,1,0,0,2,0,0,,1
1012720,0,1,0,0,0,0,0,,0,0,0,0,0,0,0,0,0,,0
1006724,0,1,0,0,0,0,0,,0,0,0,0,0,0,0,0,0,,0
1014867,4,1,1,1,0,0,0,4.0,0,0,0,1,0,0,2,0,0,,1
1017112,4,1,1,1,0,0,0,,0,0,0,0,0,0,0,1,1,,1
1002539,4,2,1,0,1,1,0,,0,0,0,1,0,0,3,0,0,,1
1008309,0,1,0,0,0,0,0,,0,0,0,0,0,0,0,0,0,,0
1000260,4,1,1,1,0,0,0,,0,0,0,0,0,0,0,1,1,,1
1008455,4,2,1,1,1,1,0,12.0,0,0,0,0,0,0,0,0,0,,1
1002465,0,1,0,0,0,0,0,,0,0,0,0,0,0,0,0,0,,0
1011731,4,2,1,1,1,1,0,,0,0,0,0,0,0,0,0,0,,1
1014440,4,1,1,1,0,0,0,1769.0,0,0,0,0,0,0,0,1,1,,1
1011594,0,1,0,0,0,0,0,,0,0,0,0,0,0,0,0,0,,0
1014135,0,1,0,0,0,0,0,,0,0,0,0,0,0,0,0,0,,0
1003366,0,1,0,0,0,0,0,,0,0,0,0,0,0,0,0,0,,0
1005802,4,0,1,1,0,0,0,1.0,0,0,0,0,0,0,0,0,0,,1
1013084,0,1,0,0,0,0,0,,0,0,0,0,0,0,0,0,0,,0
1011783,0,1,0,0,0,0,0,,0,0,0,0,0,0,0,0,0,,0
1007862,0,1,0,0,0,0,0,,0,0,0,0,0,0,0,0,0,,0
1013570,4,2,1,0,0,0,0,,0,0,0,1,0,0,1,0,0,,1
1006792,3,0,1,0,1,0,0,,0,0,0,0,0,0,0,1,1,,1
1015024,0,1,0,0,0,0,0,,0,0,0,0,0,0,0,0,0,,1
1011916,0,1,0,0,0,0,0,,0,0,0,0,0,0,0,0,0,,1
1013045,0,1,0,0,0,0,0,,0,0,0,0,0,0,0,0,0,,0
1001469,0,0,0,0,0,0,0,,0,1,0,0,0,0,0,1,1,,1
1002123,0,0,0,0,0,0,0,,0,0,0,0,0,0,0,0,0,,1
1013558,0,1,0,0,0,0,0,,0,0,0,0,0,0,0,0,0,,0
1011331,0,1,0,0,0,0,0,,0,0,0,0,0,0,0,0,0,,0
1011112,0,1,0,0,0,0,0,,0,0,0,0,0,0,0,0,0,,1
1016335,0,1,0,0,0,0,0,,0,0,0,0,0,0,0,0,0,,0
1010293,0,1,0,0,0,0,0,,0,0,0,0,0,0,0,0,0,,1
1011143,4,2,1,0,0,0,0,,0,0,0,1,0,0,1,0,0,,1
1007708,0,1,0,0,0,0,0,,0,0,0,0,0,0,0,0,0,,0
1014561,4,1,1,1,0,0,0,2.0,0,0,0,1,0,0,1,0,0,,1
1013036,4,2,1,1,1,1,1,,0,0,1,1,1,1,6,0,0,,1
1002365,0,1,0,0,0,0,0,,0,0,0,0,0,0,0,0,0,,0
1014986,4,2,1,1,0,0,0,2.0,0,0,0,0,0,0,0,1,1,,1
1002621,0,1,0,0,0,0,0,,0,0,0,0,0,0,0,0,0,,1
1011336,0,1,0,0,0,0,0,,0,0,0,0,0,0,0,0,0,,0
1011559,4,0,1,0,0,0,0,,0,0,0,0,0,0,0,1,1,,1
1012275,0,1,0,0,0,0,0,,0,0,0,0,0,0,0,0,0,,0
1007531,4,2,1,0,0,0,0,,0,0,0,0,0,0,1,0,0,,1
1004665,0,1,0,0,0,0,0,,0,0,0,0,0,0,0,0,0,,0
1007623,0,1,0,0,0,0,0,,0,0,0,0,0,0,0,0,0,,1
1002894,4,2,1,1,1,1,0,,0,0,0,0,0,0,6,0,0,,1
1009887,0,1,0,0,0,0,0,,0,0,0,0,0,0,0,0,0,,0
1002932,4,1,1,0,0,0,0,,0,0,0,1,0,0,2,0,0,,1
1004109,0,1,0,0,0,0,0,,0,0,0,0,0,0,0,0,0,,0
1000747,0,1,0,0,0,0,0,,0,0,0,0,0,0,0,0,0,,0
1004648,0,1,0,0,0,0,0,,0,0,0,0,0,0,0,0,0,,0
1003252,4,2,1,1,0,0,0,,0,0,0,0,0,0,0,1,1,,1
1007206,4,2,1,0,0,0,0,12.0,0,0,0,0,0,0,2,0,0,,1
1008907,4,0,1,0,0,0,0,,0,0,0,0,0,0,0,1,1,,1
1002160,0,1,0,0,0,0,0,,0,0,0,0,0,0,0,0,0,,1
1004463,4,2,1,1,1,1,0,,0,0,0,0,0,0,0,0,0,,1
1015584,0,1,0,0,0,0,0,,0,0,0,0,0,0,0,0,0,,0
1002168,0,1,0,0,0,0,0,,0,0,0,0,0,0,0,0,0,,1
1008077,4,2,1,1,1,0,0,,0,0,1,1,1,1,6,0,0,,1
1000458,0,1,0,0,0,0,0,,0,0,0,0,0,0,0,0,0,,0
1000707,0,1,0,0,0,0,0,,0,0,0,0,0,0,0,0,0,,0
1001509,0,1,0,0,0,0,0,,0,0,0,0,0,0,0,0,0,,1
1008765,0,1,0,0,0,0,0,,0,0,0,0,0,0,0,0,0,,0
1010354,0,1,0,0,0,0,0,,0,0,0,0,0,0,0,0,0,,0
1002817,0,1,0,0,0,0,0,,0,0,0,0,0,0,0,0,0,,0
1014217,0,0,0,0,0,0,0,,0,0,0,0,0,0,0,0,1,,1
1003531,0,1,0,0,0,0,0,,0,0,0,0,0,0,0,0,0,,0
1007079,0,1,0,0,0,0,0,,0,0,0,0,0,0,0,0,0,,0
1003484,0,1,0,0,0,0,0,,0,0,0,0,0,0,0,0,0,,0
1012425,0,1,0,0,0,0,0,,0,0,0,0,0,0,0,0,0,,0
1009104,0,1,0,0,0,0,0,,0,0,0,0,0,0,0,0,0,,0
1009894,0,1,0,0,0,0,0,,0,0,0,0,0,0,0,0,0,,0
1006835,0,1,0,0,0,0,0,,0,0,0,0,0,0,0,0,0,,0
1015534,4,1,1,0,0,0,0,1.0,0,0,0,0,0,0,2,0,0,,1
1011500,0,1,0,0,0,0,0,,0,0,0,0,0,0,0,0,0,,1
1008652,0,1,0,0,0,0,0,,0,0,0,0,0,0,0,0,0,,0
1015228,4,2,1,1,1,1,0,,0,0,0,0,0,0,0,0,0,,1
1009717,0,1,0,0,0,0,0,,0,0,0,0,0,0,0,0,0,,0
1016244,0,1,0,0,0,0,0,,0,0,0,0,0,0,0,0,0,,0
1007022,4,2,1,0,0,0,0,,0,0,0,0,0,0,0,0,0,,1
1014522,0,1,0,0,0,0,0,,0,0,0,0,0,0,0,0,0,,0
1011297,4,2,1,1,0,0,0,9.0,1,0,0,0,0,0,4,0,0,,1
1003360,0,1,0,0,0,0,0,,0,0,0,0,0,0,0,0,0,,0
1012041,4,2,1,1,1,1,0,,0,0,1,1,1,1,6,0,0,,1
1014397,0,1,0,0,0,0,0,,0,0,0,0,0,0,0,0,0,,0
1017177,4,2,1,0,1,0,0,,0,1,0,0,1,0,4,0,0,,1
1014778,0,1,0,0,0,0,0,,0,0,0,0,0,0,0,0,0,,0
1008343,0,1,0,0,0,0,0,,0,0,0,0,0,0,0,0,0,,0
1012415,0,1,0,0,0,0,0,,0,0,0,0,0,0,0,0,0,,0
1002442,0,1,0,0,0,0,0,,0,0,0,0,0,0,0,0,0,,0
1011202,0,1,0,0,0,0,0,,0,0,0,0,0,0,0,0,0,,0
1015363,0,1,0,0,0,0,0,,0,0,0,0,0,0,0,0,0,,0
1002735,0,1,0,0,0,0,0,,0,0,0,0,0,0,0,0,0,,0
1001044,0,1,0,0,0,0,0,,0,0,0,0,0,0,0,0,0,,1
1005211,0,1,0,0,0,0,0,,0,0,0,0,0,0,0,0,0,,0
1005369,0,1,0,0,0,0,0,,0,0,0,0,0,0,0,0,0,,0
1000090,4,1,1,0,0,0,0,2.0,0,0,0,0,1,0,1,0,0,,1
1001417,0,1,0,0,0,0,0,,0,0,0,0,0,0,0,0,0,,1
1012958,0,1,0,0,0,0,0,,0,0,0,0,0,0,0,0,0,,1
1016088,0,1,0,0,0,0,0,,0,0,0,0,0,0,0,0,0,,0
1000084,4,2,1,0,0,1,0,12.0,0,1,0,1,0,0,3,0,0,,1
1007821,0,1,0,0,0,0,0,,0,0,0,0,0,0,0,0,0,,0
1007374,0,1,0,0,0,0,0,,0,0,0,0,0,0,0,0,0,,0
1006185,4,0,1,0,0,0,0,,0,0,0,1,0,0,2,0,0,,1
1001951,0,1,0,0,0,0,0,,0,0,0,0,0,0,0,0,0,,1
1006068,0,1,0,0,0,0,0,,0,0,0,0,0,0,0,0,0,,0
1001575,0,1,0,0,0,0,0,,0,0,0,0,0,0,0,0,0,,0
1013501,0,1,0,0,0,0,0,,0,0,0,0,0,0,0,0,0,,1
1017062,0,1,0,0,0,0,0,,0,0,0,0,0,0,0,0,0,,0
1014365,0,0,0,0,0,0,0,,0,0,0,0,0,0,0,1,1,,1
1004527,0,1,0,0,0,0,0,,0,0,0,0,0,0,0,0,0,,0
1010707,0,1,0,0,0,0,0,,0,0,0,0,0,0,0,0,0,,1
1005952,4,2,1,0,1,1,0,2.0,0,0,0,0,0,0,0,0,0,,1
1004586,4,2,1,1,1,1,0,1.0,0,0,1,1,1,1,6,0,0,,1
1005330,4,2,1,1,1,0,0,4.0,0,0,0,0,0,0,0,0,0,,1
1010615,4,0,1,0,0,0,0,,0,0,0,0,0,0,0,1,1,,1
1016054,0,1,0,0,0,0,0,,0,0,0,0,0,0,0,0,0,,0
1003964,0,1,0,0,0,0,0,,0,0,0,0,0,0,0,0,0,,0
1016022,0,1,0,0,0,0,0,,0,0,0,0,0,0,0,0,0,,1
1009884,0,1,0,0,0,0,0,,0,0,0,0,0,0,0,0,0,,0
1003769,4,2,1,1,1,1,0,,0,0,0,0,0,0,0,1,1,,1
1003276,4,1,1,1,0,0,0,2.0,0,0,1,1,1,1,6,0,0,,1
1013986,4,2,1,0,0,1,1,,0,0,0,1,0,1,3,0,0,,1
1002164,4,0,1,0,0,0,1,,0,0,0,1,0,0,2,0,0,,1
1014328,4,2,1,1,0,0,0,,0,0,0,1,0,0,2,0,0,,1
1015248,0,1,0,0,0,0,0,,0,0,0,0,0,0,0,0,0,,0
1013495,0,1,0,0,0,0,0,,0,0,0,0,0,0,0,0,0,,0
1013562,0,1,0,0,0,0,0,,0,0,0,0,0,0,0,0,0,,0
1000615,4,2,1,1,0,0,0,,0,0,0,0,0,0,0,0,0,,1
1008554,0,1,0,0,0,0,0,,0,0,0,0,0,0,0,0,0,,0
1009487,4,0,1,0,0,0,0,,0,0,0,0,0,0,0,1,1,,1
1013258,4,2,1,1,1,0,0,,0,1,0,0,0,0,0,0,0,,1
1012034,0,1,0,0,0,0,0,,0,0,0,0,0,0,0,0,0,,0
1012580,4,1,1,0,1,0,0,,0,0,0,0,0,0,0,1,1,,1
1006272,4,2,1,0,0,0,0,,0,0,0,0,0,0,1,0,0,,1
1007533,0,1,0,0,0,0,0,,0,0,0,0,0,0,0,0,0,,1
1017003,4,2,1,0,0,0,1,,0,0,0,1,0,0,2,0,0,,1
1006266,0,1,0,0,0,0,0,,0,0,0,0,0,0,0,0,0,,1
1005733,0,1,0,0,0,0,0,,0,0,0,0,0,0,0,0,0,,0
1003038,0,1,0,0,0,0,0,,0,0,0,0,0,0,0,0,0,,0
1015007,0,0,0,0,0,0,0,,0,0,0,0,0,0,0,0,1,,1
1001875,4,2,1,1,1,0,0,3.0,0,1,0,1,0,0,2,0,0,,1
1014030,0,1,0,0,0,0,0,,0,0,0,0,0,0,0,0,0,,1
1015265,4,1,1,0,1,0,0,,0,0,1,1,1,1,6,0,0,,1
1015135,0,0,0,0,0,0,0,,0,0,0,0,0,0,0,0,0,,1
1017341,0,1,0,0,0,0,0,,0,0,0,0,0,0,0,0,0,,0
1000992,4,0,1,0,0,0,0,,0,0,0,1,0,0,2,0,0,,1
1007250,0,1,0,0,0,0,0,,0,0,0,0,0,0,0,0,0,,0
1007404,0,1,0,0,0,0,0,,0,0,0,0,0,0,0,0,0,,1
1010753,4,2,1,1,0,0,0,,0,0,1,1,1,1,6,0,0,,1
1015440,0,1,0,0,0,0,0,,0,0,0,0,0,0,0,0,0,,0
1009528,0,1,0,0,0,0,0,,0,0,0,0,0,0,0,0,0,,1
1008360,4,1,1,1,0,0,0,2.0,0,0,0,1,0,0,2,0,0,,1
1005990,0,1,0,0,0,0,0,,0,0,0,0,0,0,0,0,0,,0
1000439,0,1,0,0,0,0,0,,0,0,0,0,0,0,0,0,0,,0
1010307,4,1,1,1,0,0,0,1.0,0,0,0,0,0,0,0,1,1,,1
1010295,0,1,0,0,0,0,0,,0,0,0,0,0,0,0,0,0,,0
1001482,0,1,0,0,0,0,0,,0,0,0,0,0,0,0,0,0,,1
1001037,4,0,1,1,0,0,0,2.0,0,0,0,0,0,0,0,1,1,,1
1015413,4,2,1,1,1,1,1,,0,0,0,0,0,0,0,1,1,,1
1012283,0,1,0,0,0,0,0,,0,0,0,0,0,0,0,0,0,,1
1010093,4,0,1,1,0,0,0,,0,0,1,1,1,1,6,1,1,,1
1006440,0,1,0,0,0,0,0,,0,0,0,0,0,0,0,0,0,,1
1007304,0,1,0,0,0,0,0,,0,0,0,0,0,0,0,0,0,,0
1013199,4,2,1,0,0,0,0,,0,1,0,1,0,1,3,0,0,,1
1016878,0,1,0,0,0,0,0,,0,0,0,0,0,0,0,0,0,,0
1012062,4,2,1,1,0,0,0,2.0,0,0,0,1,0,0,3,0,0,,1
1005196,0,1,0,0,0,0,0,,0,0,0,0,0,0,0,0,0,,0
1009907,4,2,1,0,1,0,0,,0,0,0,0,0,0,0,0,0,,1
1003283,4,2,1,1,1,0,0,,0,0,1,1,1,1,6,1,1,,1
1015987,0,1,0,0,0,0,0,,0,0,0,0,0,0,0,0,0,,0
1003153,0,1,0,0,0,0,0,,0,0,0,0,0,0,0,0,0,,1
1015179,0,1,0,0,0,0,0,,0,0,0,0,0,0,0,0,0,,0
1016950,0,1,0,0,0,0,0,,0,0,0,0,0,0,0,0,0,,0
1002482,0,1,0,0,0,0,0,,0,0,0,0,0,0,0,0,0,,0
1014823,0,1,0,0,0,0,0,,0,0,0,0,0,0,0,0,0,,0
1015132,0,1,0,0,0,0,0,,0,0,0,0,0,0,0,0,0,,1
1006004,0,1,0,0,0,0,0,,0,0,0,0,0,0,0,0,0,,1
1007529,0,1,0,0,0,0,0,,0,0,0,0,0,0,0,0,0,,0
1017582,4,2,1,1,0,0,0,3.0,0,0,0,1,0,0,3,0,0,,1
1001152,4,1,1,1,1,1,0,2.0,0,0,0,1,0,1,3,0,0,,1
1008938,0,1,0,0,0,0,0,,0,0,0,0,0,0,0,0,0,,0
1012764,0,1,0,0,0,0,0,,0,0,0,0,0,0,0,0,0,,0
1013851,4,0,1,0,0,0,0,,0,0,0,0,0,0,0,0,1,,1
1011149,4,2,1,0,0,0,0,,0,0,0,0,0,0,3,0,0,,1
1016146,4,2,1,1,1,0,0,,0,0,0,1,0,0,2,0,0,,1
1016207,0,0,0,0,0,0,0,,0,0,0,0,0,0,0,0,0,,1
1013365,0,0,0,0,0,0,0,,0,0,0,0,0,0,0,0,0,,1
1015762,0,1,0,0,0,0,0,,0,0,0,0,0,0,0,0,0,,0
1007412,0,1,0,0,0,0,0,,0,0,0,0,0,0,0,0,0,,0
1012547,0,1,0,0,0,0,0,,0,0,0,0,0,0,0,0,0,,1
1005735,4,2,1,0,0,0,1,,0,0,0,1,0,0,2,0,0,,1
1000859,0,1,0,0,0,0,0,,0,0,0,0,0,0,0,0,0,,0
1002956,4,2,1,1,1,1,1,,0,0,1,1,1,1,6,0,0,,1
1002887,4,2,1,0,0,0,0,,0,0,0,1,0,0,2,0,0,,1
1000812,0,1,0,0,0,0,0,,0,0,0,0,0,0,0,0,0,,0
1010874,0,1,0,0,0,0,0,,0,0,0,0,0,0,0,0,0,,0
1003992,0,1,0,0,0,0,0,,0,0,0,0,0,0,0,0,0,,0
1014610,0,1,0,0,0,0,0,,0,0,0,0,0,0,0,0,0,,0
1016302,0,1,0,0,0,0,0,,0,0,0,0,0,0,0,0,0,,0
1007805,0,1,0,0,0,0,0,,0,0,0,0,0,0,0,0,0,,0
1014396,0,1,0,0,0,0,0,,0,0,0,0,0,0,0,0,0,,0
1013698,0,1,0,0,0,0,0,,0,0,0,0,0,0,0,0,0,,0
1015367,4,2,1,0,0,1,0,,0,0,1,1,0,0,2,0,0,,1
1010442,0,1,0,0,0,0,0,,0,0,0,0,0,0,0,0,0,,0
1003030,0,1,0,0,0,0,0,,0,0,0,0,0,0,0,0,0,,0
1009259,0,1,0,0,0,0,0,,0,0,0,0,0,0,0,0,0,,0
1014371,0,1,0,0,0,0,0,,0,0,0,0,0,0,0,0,0,,0
1006602,0,1,0,0,0,0,0,,0,0,0,0,0,0,0,0,0,,1
1009814,4,2,1,1,0,0,0,,0,0,0,0,0,0,0,1,1,,1
1002211,4,0,1,1,0,0,0,,0,0,0,0,0,0,0,1,1,,1
1001989,0,1,0,0,0,0,0,,0,0,0,0,0,0,0,0,0,,1
1012991,0,1,0,0,0,0,0,,0,0,0,0,0,0,0,0,0,,0
1013000,4,2,1,1,1,0,0,,0,0,0,0,0,0,0,0,0,,1
1015403,4,1,1,0,0,0,0,2.0,0,0,0,0,0,0,0,1,1,,1
1015818,0,1,0,0,0,0,0,,0,0,0,0,0,0,0,0,0,,0
1008217,0,1,0,0,0,0,0,,0,0,0,0,0,0,0,0,0,,0
1010987,0,1,0,0,0,0,0,,0,0,0,0,0,0,0,0,0,,0
1007615,0,1,0,0,0,0,0,,0,0,0,0,0,0,0,0,0,,0
1007701,0,1,0,0,0,0,0,,0,0,0,0,0,0,0,0,0,,0
1004068,0,1,0,0,0,0,0,,0,0,0,0,0,0,0,0,0,,1
1003996,0,1,0,0,0,0,0,,0,0,0,0,0,0,0,0,0,,0
1007695,4,2,1,1,1,1,0,,0,1,1,1,1,1,6,0,0,,1
1016622,0,1,0,0,0,0,0,,0,0,0,0,0,0,0,0,0,,0
1008846,0,1,0,0,0,0,0,,0,0,0,0,0,0,0,0,0,,0
1014892,0,1,0,0,0,0,0,,0,0,0,0,0,0,0,0,0,,0
1001183,4,2,1,0,0,0,0,,0,0,1,1,1,1,6,0,0,,1
1005865,0,1,0,0,0,0,0,,0,0,0,0,0,0,0,0,0,,0
1004891,0,1,0,0,0,0,0,,0,0,0,0,0,0,0,0,0,,0
1003305,0,1,0,0,0,0,0,,0,0,0,0,0,0,0,0,0,,1
1011606,0,1,0,0,0,0,0,,0,0,0,0,0,0,0,0,0,,0
1011211,0,1,0,0,0,0,0,,0,0,0,0,0,0,0,0,0,,0
1016763,0,1,0,0,0,0,0,,0,0,0,0,0,0,0,0,0,,0
1003848,4,2,1,1,1,1,0,,0,0,0,0,0,0,0,0,0,,1
1010658,0,1,0,0,0,0,0,,0,0,0,0,0,0,0,0,0,,0
1003771,0,1,0,0,0,0,0,,0,0,0,0,0,0,0,0,0,,0
1011781,0,1,0,0,0,0,0,,0,0,0,0,0,0,0,0,0,,1
1017265,4,2,1,0,0,0,0,,0,0,0,0,0,0,0,0,0,,1
1008489,4,2,1,0,0,0,0,,0,0,0,1,0,0,2,0,0,,1
1011467,0,1,0,0,0,0,0,,0,0,0,0,0,0,0,0,0,,0
1001269,0,1,0,0,0,0,0,,0,0,0,0,0,0,0,0,0,,0
1016659,0,1,0,0,0,0,0,,0,0,0,0,0,0,0,0,0,,0
1004603,0,1,0,0,0,0,0,,0,0,0,0,0,0,0,0,0,,1
1003147,0,1,0,0,0,0,0,,0,0,0,0,0,0,0,0,0,,0
1015145,0,1,0,0,0,0,0,,0,0,0,0,0,0,0,0,0,,1
1014562,4,2,1,1,1,1,0,,0,0,0,0,0,0,0,0,0,,1
1000776,0,1,0,0,0,0,0,,0,0,0,0,0,0,0,0,0,,1
1011320,0,1,0,0,0,0,0,,0,0,0,0,0,0,0,0,0,,0
1017009,4,1,1,1,0,0,0,2.0,0,0,1,1,0,0,3,0,0,,1
1000768,0,1,0,0,0,0,0,,0,0,0,0,0,0,0,0,0,,1
1014256,0,0,0,0,0,0,0,,0,0,0,0,0,0,0,0,0,,1
1009516,0,1,0,0,0,0,0,,0,0,0,0,0,0,0,0,0,,1
1005627,4,2,1,1,1,0,0,,0,0,0,1,0,0,6,0,0,,1
1014267,0,1,0,0,0,0,0,,0,0,0,0,0,0,0,0,0,,0
1015941,0,1,0,0,0,0,0,,0,0,0,0,0,0,0,0,0,,0
1002858,0,1,0,0,0,0,0,,0,0,0,0,0,0,0,0,0,,0
1009520,0,1,0,0,0,0,0,,0,0,0,0,0,0,0,0,0,,0
1006504,0,1,0,0,0,0,0,,0,0,0,0,0,0,0,0,0,,0
1013773,4,1,1,1,0,0,0,,0,0,0,0,0,0,2,0,0,,1
1005895,0,1,0,0,0,0,0,,0,0,0,0,0,0,0,0,0,,0
1004417,0,1,0,0,0,0,0,,0,0,0,0,0,0,0,0,0,,0
1004110,0,1,0,0,0,0,0,,0,0,0,0,0,0,0,0,0,,0
1008948,0,1,0,0,0,0,0,,0,0,0,0,0,0,0,0,0,,0
1006635,0,1,0,0,0,0,0,,0,0,0,0,0,0,0,0,0,,0
1005021,0,1,0,0,0,0,0,,0,0,0,0,0,0,0,0,0,,0
1002002,0,1,0,0,0,0,0,,0,0,0,0,0,0,0,0,0,,0
1012402,0,1,0,0,0,0,0,,0,0,0,0,0,0,0,0,0,,0
1004118,0,1,0,0,0,0,0,,0,0,0,0,0,0,0,0,0,,0
1012950,0,1,0,0,0,0,0,,0,0,0,0,0,0,0,0,0,,0
1004001,0,1,0,0,0,0,0,,0,0,0,0,0,0,0,0,0,,0
1001973,4,1,1,1,0,0,0,12.0,0,0,0,0,0,0,0,1,1,,1
1016454,0,1,0,0,0,0,0,,0,0,0,0,0,0,0,0,0,,0
1005481,0,1,0,0,0,0,0,,0,0,0,0,0,0,0,0,0,,0
1009989,0,1,0,0,0,0,0,,0,0,0,0,0,0,0,0,0,,0
1009858,0,1,0,0,0,0,0,,0,0,0,0,0,0,0,0,0,,1
1007680,0,1,0,0,0,0,0,,0,0,0,0,0,0,0,0,0,,0
1002807,4,1,1,0,0,0,0,,0,0,0,1,0,0,2,0,0,,1
1002796,4,1,1,0,1,0,1,,0,0,1,1,1,1,5,0,0,,1
1010823,0,1,0,0,0,0,0,,0,0,0,0,0,0,0,0,0,,0
1014474,0,1,0,0,0,0,0,,0,0,0,0,0,0,0,0,0,,0
1006495,0,1,0,0,0,0,0,,0,0,0,0,0,0,0,0,0,,1
1011933,0,1,0,0,0,0,0,,0,0,0,0,0,0,0,0,0,,0
1009623,0,1,0,0,0,0,0,,0,0,0,0,0,0,0,0,0,,0
1015890,0,1,0,0,0,0,0,,0,0,0,0,0,0,0,0,0,,0
1005265,0,1,0,0,0,0,0,,0,0,0,0,0,0,0,0,0,,0
1003731,0,1,0,0,0,0,0,,0,0,0,0,0,0,0,0,0,,0
1014670,0,1,0,0,0,0,0,,0,0,0,0,0,0,0,0,0,,1
1000051,0,1,0,0,0,0,0,,0,0,0,0,0,0,0,0,0,,0
1012548,4,1,1,1,1,0,0,,0,0,1,1,1,1,6,0,0,,1
1016168,4,1,1,0,0,0,0,,0,0,0,0,0,0,0,1,1,,1
1005425,4,2,1,0,0,0,0,,0,0,1,1,1,1,6,0,0,,1
1016493,0,1,0,0,0,0,0,,0,0,0,0,0,0,0,0,0,,0
1016637,0,1,0,0,0,0,0,,0,0,0,0,0,0,0,0,0,,0
1017323,4,2,1,0,0,0,1,,0,0,0,1,0,0,2,0,0,,1
1012922,0,1,0,0,0,0,0,,0,0,0,0,0,0,0,0,0,,0
1014686,0,0,1,0,0,0,0,,0,0,0,0,0,0,0,0,1,,1
1011165,0,1,0,0,0,0,0,,0,0,0,0,0,0,0,0,0,,1
1011795,0,1,0,0,0,0,0,,0,0,0,0,0,0,0,0,0,,1
1016220,0,1,0,0,0,0,0,,0,0,0,0,0,0,0,0,0,,0
1005859,4,1,1,1,0,0,0,,0,0,1,1,0,0,3,0,0,,1
1003313,0,1,0,0,0,0,0,,0,0,0,0,0,0,0,0,0,,0
1004817,0,1,0,0,0,0,0,,0,0,0,0,0,0,0,0,0,,1
1004505,4,2,1,1,1,0,0,,0,1,1,1,1,1,6,0,0,,1
1005969,0,0,1,1,0,0,0,2.0,0,0,0,0,0,0,3,0,0,,1
1015926,4,2,1,0,0,0,0,,0,0,1,1,1,1,6,0,0,,1
1010517,4,2,1,0,1,0,0,,0,1,0,0,0,0,8,0,0,,1
1008855,4,0,1,0,0,0,1,,0,0,0,0,0,0,0,1,1,,1
1011913,4,2,1,0,0,0,1,,0,0,0,1,0,0,2,0,0,,1
1012642,0,1,0,0,0,0,0,,0,0,0,0,0,0,0,0,0,,0
1005801,0,1,0,0,0,0,0,,0,0,0,0,0,0,0,0,0,,0
1010904,0,1,0,0,0,0,0,,0,0,0,0,0,0,0,0,0,,0
1012607,0,1,0,0,0,0,0,,0,0,0,0,0,0,0,0,0,,0
1014523,4,2,1,0,0,1,1,,0,0,1,1,1,1,6,0,0,,1
1010718,0,1,0,0,0,0,0,,0,0,0,0,0,0,0,0,0,,0
1006248,4,2,1,0,0,0,0,,0,0,0,0,0,0,3,0,0,,1
1010134,0,1,0,0,0,0,0,,0,0,0,0,0,0,0,0,0,,0
1006530,4,1,1,1,0,0,0,2.0,0,0,0,0,0,0,0,1,1,,1
1000282,0,1,0,0,0,0,0,,0,0,0,0,0,0,0,0,0,,0
1011539,4,2,1,1,0,0,0,12.0,0,0,0,0,0,0,0,0,0,,1
1017604,0,1,0,0,0,0,0,,0,0,0,0,0,0,0,0,0,,1
1016379,0,1,0,0,0,0,0,,0,0,0,0,0,0,0,0,0,,0
1008851,0,1,0,0,0,0,0,,0,0,0,0,0,0,0,0,0,,1
1008001,0,1,0,0,0,0,0,,0,0,0,0,0,0,0,0,0,,0
1000374,4,1,1,1,1,1,0,,0,0,0,0,0,0,0,0,0,,1
1011997,0,1,0,0,0,0,0,,0,0,0,0,0,0,0,0,0,,0
1000841,0,0,0,0,0,0,0,,0,0,0,0,0,0,0,0,0,,1
1014748,4,1,1,1,0,0,0,10.0,0,0,0,0,0,0,0,0,0,,1
1002797,4,0,1,0,1,0,1,,0,0,0,1,0,0,2,1,1,,1
1000430,0,1,0,0,0,0,0,,0,0,0,0,0,0,0,0,0,,0
1001341,0,1,0,0,0,0,0,,0,0,0,0,0,0,0,0,0,,0
1003814,0,1,0,0,0,0,0,,0,0,0,0,0,0,0,0,0,,0
1005023,0,1,0,0,0,0,0,,0,0,0,0,0,0,0,0,0,,1
1013922,0,1,0,0,0,0,0,,0,0,0,0,0,0,0,0,0,,1
1012619,4,2,1,0,0,0,1,,0,0,0,1,0,0,2,0,0,,1
1009083,4,2,1,1,1,0,0,,0,0,0,0,0,0,0,0,0,,1
1005841,4,2,1,0,0,0,0,,0,0,1,1,0,0,3,0,0,,1
1005117,0,1,0,0,0,0,0,,0,0,0,0,0,0,0,0,0,,0
1014227,4,2,1,1,0,0,0,,0,1,0,1,0,0,5,0,0,,1
1011851,4,0,1,0,0,0,0,2.0,0,0,1,1,0,0,2,0,1,,1
1013786,0,1,0,0,0,0,0,,0,0,0,0,0,0,0,0,0,,0
1002468,0,1,0,0,0,0,0,,0,0,0,0,0,0,0,0,0,,1
1016898,0,1,0,0,0,0,0,,0,0,0,0,0,0,0,0,0,,0
1014721,0,1,0,0,0,0,0,,0,0,0,0,0,0,0,0,0,,0
1002050,0,1,0,0,0,0,0,,0,0,0,0,0,0,0,0,0,,0
1013537,0,1,0,0,0,0,0,,0,0,0,0,0,0,0,0,0,,0
1017086,4,2,1,1,0,0,0,2.0,0,0,0,0,0,0,0,0,0,,1
1008899,0,1,0,0,0,0,0,,0,0,0,0,0,0,0,0,0,,1
1015949,4,0,1,1,0,0,0,,0,0,0,0,0,0,0,0,1,,1
1014835,0,1,0,0,0,0,0,,0,0,0,0,0,0,0,0,0,,0
1011629,0,1,0,0,0,0,0,,0,0,0,0,0,0,0,0,0,,0
1001946,0,1,0,0,0,0,0,,0,0,0,0,0,0,0,0,0,,0
1005315,4,2,1,1,0,0,0,20.0,0,0,0,0,0,0,0,1,1,,1
1006811,0,1,0,0,0,0,0,,0,0,0,0,0,0,0,0,0,,0
1012534,0,1,0,0,0,0,0,,0,0,0,0,0,0,0,0,0,,0
1009409,0,1,0,0,0,0,0,,0,0,0,0,0,0,0,0,0,,0
1001782,0,1,0,0,0,0,0,,0,0,0,0,0,0,0,0,0,,0
1013361,0,1,0,0,0,0,0,,0,0,0,0,0,0,0,0,0,,0
1000558,0,1,0,0,0,0,0,,0,0,0,0,0,0,0,0,0,,0
1002926,0,1,0,0,0,0,0,,0,0,0,0,0,0,0,0,0,,0
1016792,4,2,1,1,1,0,0,,0,0,1,1,1,1,6,0,0,,1
1012867,0,1,0,0,0,0,0,,0,0,0,0,0,0,0,0,0,,0
1010022,0,1,0,0,0,0,0,,0,0,0,0,0,0,0,0,0,,0
1006931,4,1,1,0,0,0,0,2.0,0,0,0,0,0,0,1,0,0,,1
1015079,4,1,1,0,0,0,0,,0,0,0,0,0,0,0,0,0,,1
1007317,0,1,0,0,0,0,0,,0,0,0,0,0,0,0,0,0,,0
1006296,4,1,1,1,0,0,0,4.0,0,0,0,1,0,0,2,0,0,,1
1003549,4,2,1,1,0,1,0,,0,0,1,1,0,0,3,0,0,,1
1014541,4,2,1,1,1,1,0,,0,0,1,1,1,1,6,0,0,,1
1002667,4,2,1,1,1,1,1,,0,0,0,0,0,0,0,0,0,,1
1014577,0,1,0,0,0,0,0,,0,0,0,0,0,0,0,0,0,,0
1006680,0,1,0,0,0,0,0,,0,0,0,0,0,0,0,0,0,,0
1012058,4,0,1,0,1,0,0,,0,0,0,1,0,0,2,0,0,,1
1010549,0,0,0,0,0,0,0,,0,0,0,0,0,0,0,1,1,,1
1006467,0,1,0,0,0,0,0,,0,0,0,0,0,0,0,0,0,,0
1010296,0,1,0,0,0,0,0,,0,0,0,0,0,0,0,0,0,,1
1010650,0,1,0,0,0,0,0,,0,0,0,0,0,0,0,0,0,,0
1017007,0,1,0,0,0,0,0,,0,0,0,0,0,0,0,0,0,,1
1006952,4,2,1,1,1,0,0,3.0,0,0,1,1,1,1,6,0,0,,1
1010456,4,2,1,0,0,0,0,,0,0,0,1,1,1,4,0,0,,1
1003693,0,1,0,0,0,0,0,,0,0,0,0,0,0,0,0,0,,0
1016855,0,0,0,0,0,0,0,,0,0,0,0,0,0,0,0,0,,1
1015107,4,1,1,0,0,0,1,,0,0,0,1,0,0,2,0,0,,1
1012401,0,1,0,0,0,0,0,,0,0,0,0,0,0,0,0,0,,0
1016225,0,1,0,0,0,0,0,,0,0,0,0,0,0,0,0,0,,0
1014041,0,1,0,0,0,0,0,,0,0,0,0,0,0,0,0,0,,0
1016736,0,1,0,0,0,0,0,,0,0,0,0,0,0,0,0,0,,1
1010260,0,1,0,0,0,0,0,,0,0,0,0,0,0,0,0,0,,0
1012110,4,2,1,1,0,0,0,2.0,0,1,1,1,0,0,3,0,0,,1
1006980,0,1,0,0,0,0,0,,0,0,0,0,0,0,0,0,0,,0
1012144,0,1,0,0,0,0,0,,0,0,0,0,0,0,0,0,0,,0
1004644,4,2,1,1,0,0,0,,0,0,0,0,0,0,0,0,0,,1
1004751,0,1,0,0,0,0,0,,0,0,0,0,0,0,0,0,0,,0
1010186,0,1,0,0,0,0,0,,0,0,0,0,0,0,0,0,0,,0
1006733,4,2,1,1,0,0,0,,0,0,0,1,0,0,2,0,0,,1
1009993,0,1,0,0,0,0,0,,0,0,0,0,0,0,0,0,0,,0
1000263,0,1,0,0,0,0,0,,0,0,0,0,0,0,0,0,0,,0
1006542,0,0,0,0,0,0,0,,0,0,0,0,0,0,0,0,1,,1
1004277,4,2,1,1,1,0,0,,0,0,1,1,1,1,6,1,1,,1
1008138,0,1,0,0,0,0,0,,0,0,0,0,0,0,0,0,0,,0
1011672,0,1,0,0,0,0,0,,0,0,0,0,0,0,0,0,0,,1
1012664,0,1,0,0,0,0,0,,0,0,0,0,0,0,0,0,0,,1
1016427,0,1,0,0,0,0,0,,0,0,0,0,0,0,0,0,0,,0
1011579,0,1,0,0,0,0,0,,0,0,0,0,0,0,0,0,0,,0
1012303,0,1,0,0,0,0,0,,0,0,0,0,0,0,0,0,0,,0
1009167,4,1,1,1,0,0,0,,0,0,0,0,0,0,0,1,1,,1
1004494,0,1,0,0,0,0,0,,0,0,0,0,0,0,0,0,0,,0
1009631,0,1,0,0,0,0,0,,0,0,0,0,0,0,0,0,0,,1
1006818,0,1,0,0,0,0,0,,0,0,0,0,0,0,0,0,0,,1
1014689,0,1,0,0,0,0,0,,0,0,0,0,0,0,0,0,0,,0
1011826,0,1,0,0,0,0,0,,0,0,0,0,0,0,0,0,0,,0
1005338,0,1,0,0,0,0,0,,0,0,0,0,0,0,0,0,0,,0
1017203,0,1,0,0,0,0,0,,0,0,0,0,0,0,0,0,0,,0
1001917,0,1,0,0,0,0,0,,0,0,0,0,0,0,0,0,0,,0
1000699,0,1,0,0,0,0,0,,0,0,0,0,0,0,0,0,0,,0
1017462,4,2,1,0,0,0,0,,0,0,0,1,0,0,2,0,0,,1
1014152,0,1,0,0,0,0,0,,0,0,0,0,0,0,0,0,0,,0
1008616,0,1,0,0,0,0,0,,0,0,0,0,0,0,0,0,0,,0
1006714,0,1,0,0,0,0,0,,0,0,0,0,0,0,0,0,0,,0
1014806,0,1,0,0,0,0,0,,0,0,0,0,0,0,0,0,0,,0
1010582,4,2,1,0,1,0,0,,1,0,0,1,0,0,4,0,0,,1
1012326,4,0,1,0,0,0,0,894.0,0,0,0,0,0,0,1,0,0,,1
1001725,0,1,0,0,0,0,0,,0,0,0,0,0,0,0,0,0,,0
1003165,4,2,1,1,0,0,0,,0,0,0,1,0,0,2,0,0,,1
1000858,0,1,0,0,0,0,0,,0,0,0,0,0,0,0,0,0,,0
1004115,0,1,0,0,0,0,0,,0,0,0,0,0,0,0,0,0,,0
1007537,4,0,1,1,0,0,0,,0,0,0,0,0,0,0,1,1,,1
1002414,0,1,0,0,0,0,0,,0,0,0,0,0,0,0,0,0,,0
1007648,4,2,1,1,0,0,0,1.0,0,0,0,1,0,0,2,0,0,,1
1012875,0,1,0,0,0,0,0,,0,0,0,0,0,0,0,0,0,,0
1006667,4,0,1,0,0,0,0,,0,0,0,0,0,0,3,0,0,,1
1003849,0,1,0,0,0,0,0,,0,0,0,0,0,0,0,0,0,,0
1001288,0,1,0,0,0,0,0,,0,0,0,0,0,0,0,0,0,,0
1004031,0,1,0,0,0,0,0,,0,0,0,0,0,0,0,0,0,,0
1017469,0,1,0,0,0,0,0,,0,0,0,0,0,0,0,0,0,,0
1008303,0,1,0,0,0,0,0,,0,0,0,0,0,0,0,0,0,,0
1012230,0,1,0,0,0,0,0,,0,0,0,0,0,0,0,0,0,,0
1001977,0,1,0,0,0,0,0,,0,0,0,0,0,0,0,0,0,,0
1009369,0,1,0,0,0,0,0,,0,0,0,0,0,0,0,0,0,,1
1003588,0,1,0,0,0,0,0,,0,0,0,0,0,0,0,0,0,,1
1016077,0,1,0,0,0,0,0,,0,0,0,0,0,0,0,0,0,,0
1005605,0,0,0,0,0,0,0,,0,1,0,0,0,0,0,1,1,,1
1008894,4,0,1,0,0,0,0,,0,0,0,0,0,0,0,1,1,,1
1002962,0,1,0,0,0,0,0,,0,0,0,0,0,0,0,0,0,,0
1002458,4,2,1,1,0,0,0,,0,0,0,1,0,0,2,0,0,,1
1001323,0,1,0,0,0,0,0,,0,0,0,0,0,0,0,0,0,,0
1006105,0,1,0,0,0,0,0,,0,0,0,0,0,0,0,0,0,,1
1001008,0,1,0,0,0,0,0,,0,0,0,0,0,0,0,0,0,,0
1012262,4,1,1,1,0,0,0,1.0,0,1,0,0,0,0,6,0,0,,1
1008536,0,1,0,0,0,0,0,,0,0,0,0,0,0,0,0,0,,1
1012841,0,1,0,0,0,0,0,,0,0,0,0,0,0,0,0,0,,0
1010806,0,0,0,0,0,0,0,,0,0,0,0,0,0,0,0,0,,1
1017365,0,1,0,0,0,0,0,,0,0,0,0,0,0,0,0,0,,0
1006009,0,1,0,0,0,0,0,,0,0,0,0,0,0,0,0,0,,0
1009371,4,1,1,0,1,0,0,,0,0,0,0,0,0,0,1,1,,1
1010984,4,2,1,0,0,0,0,,0,0,0,1,0,0,2,0,0,,1
1000593,0,1,0,0,0,0,0,,0,0,0,0,0,0,0,0,0,,0
1008095,0,1,0,0,0,0,0,,0,0,0,0,0,0,0,0,0,,1
1011039,0,1,0,0,0,0,0,,0,0,0,0,0,0,0,0,0,,0
1009294,0,1,0,0,0,0,0,,0,0,0,0,0,0,0,0,0,,0
1013049,4,0,1,0,0,0,1,,0,0,0,1,0,0,2,0,0,,1
1006305,0,1,0,0,0,0,0,,0,0,0,0,0,0,0,0,0,,0
1007735,0,1,0,0,0,0,0,,0,0,0,0,0,0,0,0,0,,0
1002937,0,1,0,0,0,0,0,,0,0,0,0,0,0,0,0,0,,0
1010576,0,1,0,0,0,0,0,,0,0,0,0,0,0,0,0,0,,0
1006126,4,2,1,1,0,0,0,,0,0,0,0,0,0,3,0,0,,1
1015804,0,1,0,0,0,0,0,,0,0,0,0,0,0,0,0,0,,0
1015296,0,1,0,0,0,0,0,,0,0,0,0,0,0,0,0,0,,0
1003913,0,1,0,0,0,0,0,,0,0,0,0,0,0,0,0,0,,0
1009880,4,2,1,0,0,0,0,,0,0,0,0,0,0,6,0,0,,1
1005395,0,1,0,0,0,0,0,,0,0,0,0,0,0,0,0,0,,0
1008634,0,0,0,0,0,0,0,,0,0,0,0,0,0,0,0,0,,1
1000156,0,1,0,0,0,0,0,,0,0,0,0,0,0,0,0,0,,0
1013587,0,1,0,0,0,0,0,,0,0,0,0,0,0,0,0,0,,0
1010227,4,2,1,1,1,0,0,,0,0,0,0,0,0,0,0,0,,1
1009821,0,1,0,0,0,0,0,,0,0,0,0,0,0,0,0,0,,1
1000702,0,1,0,0,0,0,0,,0,0,0,0,0,0,0,0,0,,0
1001451,4,2,1,0,1,0,0,10.0,0,0,0,0,0,0,1,0,0,,1
1011441,0,1,0,0,0,0,0,,0,0,0,0,0,0,0,0,0,,0
1007829,0,1,0,0,0,0,0,,0,0,0,0,0,0,0,0,0,,1
1002378,0,1,0,0,0,0,0,,0,0,0,0,0,0,0,0,0,,0
1013293,0,1,0,0,0,0,0,,0,0,0,0,0,0,0,0,0,,0
1017530,0,1,0,0,0,0,0,,0,0,0,0,0,0,0,0,0,,0
1006410,4,2,1,0,0,0,0,,0,0,0,1,0,0,2,0,0,,1
1017029,4,2,1,1,0,0,0,1485.0,0,0,0,0,0,0,3,0,0,,1
1007709,0,1,0,0,0,0,0,,0,0,0,0,0,0,0,0,0,,0
1003828,0,1,0,0,0,0,0,,0,0,0,0,0,0,0,0,0,,0
1011147,0,1,0,0,0,0,0,,0,0,0,0,0,0,0,0,0,,0
1003342,4,1,1,1,0,0,0,,0,0,0,0,0,0,0,1,1,,1
1012264,0,1,0,0,0,0,0,,0,0,0,0,0,0,0,0,0,,1
1007362,0,1,0,0,0,0,0,,0,0,0,0,0,0,0,0,0,,0
1006086,0,1,0,0,0,0,0,,0,0,0,0,0,0,0,0,0,,0
1012463,4,2,1,1,1,0,0,,0,0,0,1,1,1,4,0,0,,1
1006573,0,1,0,0,0,0,0,,0,0,0,0,0,0,0,0,0,,0
1015239,4,2,1,1,1,0,0,,0,0,0,0,0,0,0,0,0,,1
1015778,0,1,0,0,0,0,0,,0,0,0,0,0,0,0,0,0,,0
1010983,0,1,0,0,0,0,0,,0,0,0,0,0,0,0,0,0,,0
1011184,0,0,0,0,0,0,0,,0,0,0,0,0,0,0,0,0,,1
1000192,4,0,1,0,0,0,0,,0,0,0,0,0,0,7,0,0,,1
1014209,0,1,0,0,0,0,0,,0,0,0,0,0,0,0,0,0,,0
1000381,0,1,0,0,0,0,0,,0,0,0,0,0,0,0,0,0,,0
1008984,0,1,0,0,0,0,0,,0,0,0,0,0,0,0,0,0,,1
1004257,0,1,0,0,0,0,0,,0,0,0,0,0,0,0,0,0,,0
1005015,0,1,0,0,0,0,0,,0,0,0,0,0,0,0,0,0,,0
1007506,0,1,0,0,0,0,0,,0,0,0,0,0,0,0,0,0,,0
1013489,0,1,0,0,0,0,0,,0,0,0,0,0,0,0,0,0,,0
1006727,0,1,0,0,0,0,0,,0,0,0,0,0,0,0,0,0,,0
1011765,0,1,0,0,0,0,0,,0,0,0,0,0,0,0,0,0,,1
1010121,0,1,0,0,0,0,0,,0,0,0,0,0,0,0,0,0,,0
1011955,0,1,0,0,0,0,0,,0,0,0,0,0,0,0,0,0,,0
1005434,0,1,0,0,0,0,0,,0,0,0,0,0,0,0,0,0,,0
1007809,4,2,1,0,0,0,0,1.0,0,0,1,1,0,1,4,0,0,,1
1002568,0,1,0,0,0,0,0,,0,0,0,0,0,0,0,0,0,,0
1017585,0,1,0,0,0,0,0,,0,0,0,0,0,0,0,0,0,,0
1005282,0,1,0,0,0,0,0,,0,0,0,0,0,0,0,0,0,,0
1016778,4,1,1,0,0,0,0,,0,0,0,1,0,0,2,0,0,,1
1007672,0,1,0,0,0,0,0,,0,0,0,0,0,0,0,0,0,,0
1006318,0,1,0,0,0,0,0,,0,0,0,0,0,0,0,0,0,,0
1008136,0,1,0,0,0,0,0,,0,0,0,0,0,0,0,0,0,,0
1015915,4,1,1,1,0,0,0,1.0,0,0,0,1,0,0,2,0,0,,1
1013529,0,1,0,0,0,0,0,,0,0,0,0,0,0,0,0,0,,1
1011735,0,1,0,0,0,0,0,,0,0,0,0,0,0,0,0,0,,0
1009715,0,1,0,0,0,0,0,,0,0,0,0,0,0,0,0,0,,0
1014471,0,1,0,0,0,0,0,,0,0,0,0,0,0,0,0,0,,0
1012217,4,2,1,1,0,0,0,10.0,0,0,0,1,0,0,2,0,0,,1
1002038,4,2,1,1,1,0,0,2.0,0,0,1,1,1,1,6,0,0,,1
1014350,4,2,1,0,0,0,0,,0,0,0,1,0,0,2,0,0,,1
1002287,0,1,0,0,0,0,0,,0,0,0,0,0,0,0,0,0,,0
1000611,0,1,1,0,0,0,0,,0,0,1,1,0,0,4,0,0,,1
1005983,4,2,1,1,1,1,0,,0,0,0,0,0,0,0,0,0,,1
1011286,4,2,1,1,0,0,0,3.0,0,0,1,1,1,1,6,0,0,,1
1005633,0,1,0,0,0,0,0,,0,0,0,0,0,0,0,0,0,,0
1011299,0,1,0,0,0,0,0,,0,0,0,0,0,0,0,0,0,,0
1015221,0,1,0,0,0,0,0,,0,0,0,0,0,0,0,0,0,,0
1001826,0,1,0,0,0,0,0,,0,0,0,0,0,0,0,0,0,,0
1003202,0,1,0,0,0,0,0,,0,0,0,0,0,0,0,0,0,,0
1006752,0,1,0,0,0,0,0,,0,0,0,0,0,0,0,0,0,,0
1017312,0,1,0,0,0,0,0,,0,0,0,0,0,0,0,0,0,,1
1008513,0,1,0,0,0,0,0,,0,0,0,0,0,0,0,0,0,,0
1005097,0,1,0,0,0,0,0,,0,0,0,0,0,0,0,0,0,,0
1005057,4,1,1,0,1,0,0,,0,0,0,0,0,0,0,1,1,,1
1015736,4,0,1,1,0,0,0,,0,0,0,0,0,0,0,1,1,,1
1016746,0,1,0,0,0,0,0,,0,0,0,0,0,0,0,0,0,,0
1012518,0,1,0,0,0,0,0,,0,0,0,0,0,0,0,0,0,,0
1007239,0,1,0,0,0,0,0,,0,0,0,0,0,0,0,0,0,,0
1006607,0,1,0,0,0,0,0,,0,0,0,0,0,0,0,0,0,,0
1003611,0,1,0,0,0,0,0,,0,0,0,0,0,0,0,0,0,,0
1001198,4,2,1,0,0,0,1,,0,0,0,1,0,0,2,0,0,,1
1013815,0,1,0,0,0,0,0,,0,0,0,0,0,0,0,0,0,,0
1012807,4,2,1,1,0,0,0,2.0,0,0,0,0,0,0,0,0,0,,1
1014483,0,1,0,0,0,0,0,,0,0,0,0,0,0,0,0,0,,0
1015706,0,1,0,0,0,0,0,,0,0,0,0,0,0,0,0,0,,0
1016372,0,1,0,0,0,0,0,,0,0,0,0,0,0,0,0,0,,0
1001829,0,1,0,0,0,0,0,,0,0,0,0,0,0,0,0,0,,0
1007014,0,1,0,0,0,0,0,,0,0,0,0,0,0,0,0,0,,0
1002343,0,1,0,0,0,0,0,,0,0,0,0,0,0,0,0,0,,0
1015102,0,1,0,0,0,0,0,,0,0,0,0,0,0,0,0,0,,0
1015611,0,1,0,0,0,0,0,,0,0,0,0,0,0,0,0,0,,1
1004021,0,1,0,0,0,0,0,,0,0,0,0,0,0,0,0,0,,1
1003301,0,1,0,0,0,0,0,,0,0,0,0,0,0,0,0,0,,0
1012789,0,0,0,0,0,0,0,,0,0,0,0,0,0,0,0,0,,1
1014896,0,0,0,0,0,0,0,,0,0,0,0,0,0,0,0,0,,1
1009052,0,1,0,0,0,0,0,,0,0,0,0,0,0,0,0,0,,0
1005918,4,2,1,1,0,0,0,,0,0,0,0,0,0,0,1,1,,1
1001216,0,1,0,0,0,0,0,,0,0,0,0,0,0,0,0,0,,0
1014400,0,0,0,0,0,0,0,,0,0,0,0,0,0,0,0,0,,1
1006015,0,1,0,0,0,0,0,,0,0,0,0,0,0,0,0,0,,0
1006903,0,0,0,0,0,0,0,,0,0,0,0,0,0,0,0,1,,1
1006147,4,1,1,0,1,0,0,3.0,0,0,0,0,0,0,0,0,0,,1
1007923,0,1,0,0,0,0,0,,0,0,0,0,0,0,0,0,0,,0
1014155,4,1,1,1,0,0,0,644.0,0,0,0,0,0,0,0,1,1,,1
1010033,0,1,0,0,0,0,0,,0,0,0,0,0,0,0,0,0,,0
1001279,0,1,0,0,0,0,0,,0,0,0,0,0,0,0,0,0,,0
1000267,0,1,0,0,0,0,0,,0,0,0,0,0,0,0,0,0,,0
1003215,4,2,1,1,0,0,0,,0,1,1,1,1,1,6,0,0,,1
1005849,0,1,0,0,0,0,0,,0,0,0,0,0,0,0,0,0,,0
1010911,4,2,1,1,1,0,0,,0,0,1,1,1,1,6,0,0,,1
1015305,0,1,0,0,0,0,0,,0,0,0,0,0,0,0,0,0,,0
1006024,0,1,0,0,0,0,0,,0,0,0,0,0,0,0,0,0,,0
1003560,4,2,1,1,1,0,0,,1,0,1,1,1,1,6,0,0,,1
1002965,0,1,0,0,0,0,0,,0,0,0,0,0,0,0,0,0,,0
1000688,0,1,0,0,0,0,0,,0,0,0,0,0,0,0,0,0,,0
1016994,0,1,0,0,0,0,0,,0,0,0,0,0,0,0,0,0,,0
1012353,4,2,1,1,0,0,0,10.0,0,1,1,1,1,1,6,0,0,,1
1015782,0,1,0,0,0,0,0,,0,0,0,0,0,0,0,0,0,,0
1009559,4,1,1,0,0,0,0,2.0,0,0,0,1,1,0,3,0,0,,1
1005472,0,1,0,0,0,0,0,,0,0,0,0,0,0,0,0,0,,0
1010541,0,1,0,0,0,0,0,,0,0,0,0,0,0,0,0,0,,0
1012566,0,1,0,0,0,0,0,,0,0,0,0,0,0,0,0,0,,0
1000040,0,1,0,0,0,0,0,,0,0,0,0,0,0,0,0,0,,0
1014202,4,2,1,0,0,0,0,2.0,0,0,0,1,0,1,3,0,0,,1
1002975,0,1,0,0,0,0,0,,0,0,0,0,0,0,0,0,0,,0
1001963,0,1,0,0,0,0,0,,0,0,0,0,0,0,0,0,0,,0
1014700,4,2,1,1,0,0,0,,0,0,0,0,0,0,0,0,0,,1
1009497,0,1,0,0,0,0,0,,0,0,0,0,0,0,0,0,0,,0
1017297,0,1,0,0,0,0,0,,0,0,0,0,0,0,0,0,0,,0
1015055,0,1,0,0,0,0,0,,0,0,0,0,0,0,0,0,0,,0
1004041,0,1,0,0,0,0,0,,0,0,0,0,0,0,0,0,0,,0
1007743,4,2,1,1,1,1,0,,0,0,0,0,0,0,0,0,0,,1
1012035,0,1,0,0,0,0,0,,0,0,0,0,0,0,0,0,0,,0
1004567,0,1,0,0,0,0,0,,0,0,0,0,0,0,0,0,0,,0
1010955,4,1,1,1,0,0,0,,0,0,0,0,0,0,0,1,1,,1
1010081,0,1,0,0,0,0,0,,0,0,0,0,0,0,0,0,0,,0
1005858,0,1,0,0,0,0,0,,0,0,0,0,0,0,0,0,0,,0
1005266,4,2,1,1,0,0,0,,0,0,0,0,0,0,9,0,0,,1
1010072,4,0,1,0,0,0,0,,0,0,0,1,0,0,2,0,0,,1
1002945,0,1,0,0,0,0,0,,0,0,0,0,0,0,0,0,0,,1
1004953,4,2,1,1,1,1,0,2.0,0,0,1,1,1,1,10,0,0,,1
1002773,4,2,1,0,0,0,0,,0,0,0,0,0,0,1,0,0,,1
1011236,0,1,0,0,0,0,0,,0,0,0,0,0,0,0,0,0,,0
1000527,0,1,0,0,0,0,0,,0,0,0,0,0,0,0,0,0,,0
1004708,0,0,0,0,0,0,0,,0,0,0,0,0,0,0,0,0,,1
1001995,0,1,0,0,0,0,0,,0,0,0,0,0,0,0,0,0,,0
1008610,4,2,1,1,1,0,0,,0,0,0,1,1,1,4,0,0,,1
1013752,0,0,0,0,0,0,0,,0,0,0,0,0,0,0,0,1,,1
1003704,4,2,1,1,0,0,0,3.0,0,0,1,1,0,1,4,0,0,,1
1002268,0,1,0,0,0,0,0,,0,0,0,0,0,0,0,0,0,,0
1013081,4,2,1,1,1,0,0,,0,0,0,0,0,0,7,0,0,,1
1003487,3,1,1,0,1,0,0,,0,0,0,1,0,0,2,0,0,,1
1004575,4,2,1,1,0,0,0,10.0,0,0,0,0,0,0,4,0,0,,1
1013027,0,1,0,0,0,0,0,,0,0,0,0,0,0,0,0,0,,0
1000485,0,1,0,0,0,0,0,,0,0,0,0,0,0,0,0,0,,0
1001847,0,1,0,0,0,0,0,,0,0,0,0,0,0,0,0,0,,0
1011880,4,2,1,1,1,1,0,,0,0,1,1,1,1,6,0,0,,1
1007439,0,1,0,0,0,0,0,,0,0,0,0,0,0,0,0,0,,1
1002125,0,1,0,0,0,0,0,,0,0,0,0,0,0,0,0,0,,1
1009523,0,1,0,0,0,0,0,,0,0,0,0,0,0,0,0,0,,0
1016529,0,1,0,0,0,0,0,,0,0,0,0,0,0,0,0,0,,0
1001231,0,1,0,0,0,0,0,,0,0,0,0,0,0,0,0,0,,0
1003041,0,1,0,0,0,0,0,,0,0,0,0,0,0,0,0,0,,0
1001591,0,0,0,0,0,0,0,,0,0,0,0,0,0,0,0,0,,1
1001868,4,2,1,1,0,0,0,,0,0,0,1,1,0,3,0,0,,1
1000401,0,1,0,0,0,0,0,,0,0,0,0,0,0,0,0,0,,1
1011435,0,1,0,0,0,0,0,,0,0,0,0,0,0,0,0,0,,0
1002672,0,1,0,0,0,0,0,,0,0,0,0,0,0,0,0,0,,0
1013477,4,2,1,0,0,0,0,6.0,0,1,1,1,1,1,6,0,0,,1
1000535,4,2,1,1,0,0,0,2.0,0,0,0,0,0,0,0,0,0,,1
1014557,4,2,1,1,1,0,0,,0,0,1,1,1,1,6,1,1,,1
1011117,0,1,0,0,0,0,0,,0,0,0,0,0,0,0,0,0,,0
1002862,0,1,0,0,0,0,0,,0,0,0,0,0,0,0,0,0,,0
1008377,0,1,0,0,0,0,0,,0,0,0,0,0,0,0,0,0,,1
1008622,0,1,0,0,0,0,0,,0,0,0,0,0,0,0,0,0,,0
1016903,0,1,0,0,0,0,0,,0,0,0,0,0,0,0,0,0,,1
1003509,0,1,0,0,0,0,0,,0,0,0,0,0,0,0,0,0,,0
1004523,4,2,1,0,0,1,0,12.0,0,0,0,0,0,0,0,0,0,,1
1014918,0,1,0,0,0,0,0,,0,0,0,0,0,0,0,0,0,,0
1009835,4,2,1,1,1,0,0,2.0,0,0,1,1,1,1,6,0,0,,1
1014063,4,2,1,1,1,0,0,,0,0,0,0,0,0,0,0,0,,1
1017058,0,1,0,0,0,0,0,,0,0,0,0,0,0,0,0,0,,0
1007416,0,1,0,0,0,0,0,,0,0,0,0,0,0,0,0,0,,0
1008056,4,0,1,0,0,0,0,1.0,0,1,0,0,0,0,0,0,0,,1
1012808,0,1,0,0,0,0,0,,0,0,0,0,0,0,0,0,0,,0
1003811,4,2,1,1,1,1,0,,0,0,0,0,0,0,0,0,0,,1
1005295,0,1,0,0,0,0,0,,0,0,0,0,0,0,0,0,0,,1
1001452,4,2,1,1,1,0,0,,0,1,0,1,0,0,2,0,0,,1
1012845,4,1,1,0,0,0,0,,0,0,0,1,0,0,2,0,0,,1
1014879,0,1,0,0,0,0,0,,0,0,0,0,0,0,0,0,0,,1
1000121,0,1,0,0,0,0,0,,0,0,0,0,0,0,0,0,0,,0
1013438,0,1,0,0,0,0,0,,0,0,0,0,0,0,0,0,0,,0
1012038,0,1,0,0,0,0,0,,0,0,0,0,0,0,0,0,0,,0
1004758,0,1,0,0,0,0,0,,0,0,0,0,0,0,0,0,0,,0
1014133,0,0,0,0,0,0,0,,0,0,0,0,0,0,0,0,0,,1
1004861,0,1,0,0,0,0,0,,0,0,0,0,0,0,0,0,0,,0
1007866,0,0,0,0,0,0,0,,0,0,0,0,0,0,0,0,1,,1
1004061,0,1,0,0,0,0,0,,0,0,0,0,0,0,0,0,0,,1
1010116,0,1,0,0,0,0,0,,0,0,0,0,0,0,0,0,0,,0
1010077,4,2,1,1,1,0,0,,0,0,0,1,0,0,10,0,0,,1
1005122,4,2,1,1,1,0,0,,0,1,0,1,1,1,4,0,0,,1
1016916,0,1,0,0,0,0,0,,0,0,0,0,0,0,0,0,0,,0
1005742,0,1,0,0,0,0,0,,0,0,0,0,0,0,0,0,0,,0
1015491,0,1,0,0,0,0,0,,0,0,0,0,0,0,0,0,0,,0
1017111,4,2,1,1,0,0,0,3.0,0,0,1,1,0,0,3,0,0,,1
1011645,4,1,1,1,0,0,0,10.0,0,0,0,0,0,0,0,0,0,,1
1008529,0,1,0,0,0,0,0,,0,0,0,0,0,0,0,0,0,,0
1013350,4,2,1,0,0,0,0,,0,0,0,1,0,0,2,0,0,,1
1006715,0,1,0,0,0,0,0,,0,0,0,0,0,0,0,0,0,,1
1004095,4,2,1,1,1,0,0,,0,0,1,1,1,1,6,0,0,,1
1000706,0,1,0,0,0,0,0,,0,0,0,0,0,0,0,0,0,,1
1015453,0,1,0,0,0,0,0,,0,0,0,0,0,0,0,0,0,,1
1000015,0,1,0,0,0,0,0,,0,0,0,0,0,0,0,0,0,,0
1013364,0,1,0,0,0,0,0,,0,0,0,0,0,0,0,0,0,,0
1014285,0,1,0,0,0,0,0,,0,0,0,0,0,0,0,0,0,,1
1012007,0,1,0,0,0,0,0,,0,0,0,0,0,0,0,0,0,,0
1014168,0,1,0,0,0,0,0,,0,0,0,0,0,0,0,0,0,,0
1007462,0,1,0,0,0,0,0,,0,0,0,0,0,0,0,0,0,,0
1014546,4,0,1,0,0,0,1,,0,0,0,0,0,0,0,0,0,,1
1001538,0,1,0,0,0,0,0,,0,0,0,0,0,0,0,0,0,,1
1007604,0,1,0,0,0,0,0,,0,0,0,0,0,0,0,0,0,,1
1000940,0,1,0,0,0,0,0,,0,0,0,0,0,0,0,0,0,,0
1016820,0,1,0,0,0,0,0,,0,0,0,0,0,0,0,0,0,,0
1005869,0,1,0,0,0,0,0,,0,0,0,0,0,0,0,0,0,,0
1004714,4,2,1,1,1,1,0,,0,0,1,1,1,1,6,0,0,,1
1011556,0,1,0,0,0,0,0,,0,0,0,0,0,0,0,0,0,,0
1015323,4,1,1,0,1,0,0,,0,0,0,0,0,0,0,1,1,,1
1014006,0,1,0,0,0,0,0,,0,0,0,0,0,0,0,0,0,,1
1005358,0,1,0,0,0,0,0,,0,0,0,0,0,0,0,0,0,,1
1011333,0,1,0,0,0,0,0,,0,0,0,0,0,0,0,0,0,,0
1007759,0,1,0,0,0,0,0,,0,0,0,0,0,0,0,0,0,,0
1006509,0,1,0,0,0,0,0,,0,0,0,0,0,0,0,0,0,,0
1004899,0,1,0,0,0,0,0,,0,0,0,0,0,0,0,0,0,,0
1012819,4,2,1,0,1,0,0,2.0,0,0,0,0,0,0,0,0,0,,1
1000019,0,1,0,0,0,0,0,,0,0,0,0,0,0,0,0,0,,0
1017088,4,1,1,1,0,0,0,2.0,0,0,0,0,0,0,0,1,1,,1
1005707,0,1,0,0,0,0,0,,0,0,0,0,0,0,0,0,0,,0
1010499,0,1,0,0,0,0,0,,0,0,0,0,0,0,0,0,0,,0
1000995,0,1,0,0,0,0,0,,0,0,0,0,0,0,0,0,0,,0
1010340,0,1,0,0,0,0,0,,0,0,0,0,0,0,0,0,0,,0
1002315,0,1,0,0,0,0,0,,0,0,0,0,0,0,0,0,0,,0
1016738,4,1,1,0,0,0,0,,0,0,0,1,0,0,2,0,0,,1
1007834,4,2,1,1,1,0,0,,0,0,1,1,1,1,6,0,0,,1
1010145,4,2,1,0,1,0,0,,0,0,0,0,0,0,3,0,0,,1
1015431,0,1,0,0,0,0,0,,0,0,0,0,0,0,0,0,0,,1
1001701,0,1,0,0,0,0,0,,0,0,0,0,0,0,0,0,0,,0
1008411,0,1,0,0,0,0,0,,0,0,0,0,0,0,0,0,0,,0
1011967,0,1,0,0,0,0,0,,0,0,0,0,0,0,0,0,0,,0
1017189,0,1,1,1,0,0,0,,0,0,0,0,0,0,0,1,1,,1
1007667,4,2,1,0,0,0,0,,0,0,0,1,0,0,3,0,0,,1
1008423,4,0,1,1,0,0,0,,0,0,0,0,0,0,0,1,1,,1
1011734,4,2,1,1,1,1,1,,0,0,0,0,0,0,0,0,0,,1
1000830,0,1,0,0,0,0,0,,0,0,0,0,0,0,0,0,0,,0
1011830,0,1,0,0,0,0,0,,0,0,0,0,0,0,0,0,0,,0
1008432,0,1,0,0,0,0,0,,0,0,0,0,0,0,0,0,0,,0
1015976,4,2,1,1,0,0,0,,0,0,1,1,0,0,3,0,0,,1
1007996,4,2,1,1,0,0,0,1.0,0,0,0,1,0,0,3,0,0,,1
1008108,4,1,1,0,0,0,0,1.0,0,1,1,1,0,0,3,0,0,,1
1009879,4,0,1,1,0,0,0,,0,0,0,0,0,0,0,1,1,,1
1001674,0,1,0,0,0,0,0,,0,0,0,0,0,0,0,0,0,,0
1013161,0,1,0,0,0,0,0,,0,0,0,0,0,0,0,0,0,,0
1003268,0,1,0,0,0,0,0,,0,0,0,0,0,0,0,0,0,,1
1014966,4,0,1,1,0,0,0,,0,0,0,0,0,0,0,1,1,,1
1007725,4,2,1,1,1,1,0,,0,0,0,0,0,0,0,0,0,,1
1013076,0,1,0,0,0,0,0,,0,0,0,0,0,0,0,0,0,,1
1009175,4,2,1,1,0,0,0,12.0,0,1,1,1,0,0,3,0,0,,1
1015707,0,1,0,0,0,0,0,,0,0,0,0,0,0,0,0,0,,1
1006706,0,1,0,0,0,0,0,,0,0,0,0,0,0,0,0,0,,0
1011892,4,1,1,0,0,0,0,2.0,0,0,0,1,0,0,2,0,0,,1
1004360,0,0,1,0,0,0,0,,0,0,0,1,0,0,2,1,1,,1
1001851,4,1,1,0,0,0,1,,0,0,0,1,0,0,2,1,1,,1
1007530,4,1,1,0,1,0,0,,0,0,0,0,0,0,0,1,1,,1
1016184,4,2,1,0,0,0,0,,0,0,0,0,0,0,1,0,0,,1
1003208,4,2,1,1,1,0,0,,0,0,1,1,1,1,6,1,1,,1
1012164,0,1,0,0,0,0,0,,0,0,0,0,0,0,0,0,0,,0
1011077,0,1,0,0,0,0,0,,0,0,0,0,0,0,0,0,0,,1
1008594,4,1,1,1,0,0,0,,0,0,0,0,0,0,1,0,0,,1
1017352,0,1,0,0,0,0,0,,0,0,0,0,0,0,0,0,0,,0
1000517,4,1,1,1,0,0,0,,0,0,0,0,0,0,0,1,1,,1
1000061,4,2,1,1,1,0,0,,0,0,1,1,0,0,3,0,0,,1
1001192,0,1,0,0,0,0,0,,0,0,0,0,0,0,0,0,0,,0
1003526,4,0,1,0,0,0,1,,0,0,0,1,0,0,2,0,0,,1
1014212,0,1,0,0,0,0,0,,0,0,0,0,0,0,0,0,0,,0
1009846,0,1,0,0,0,0,0,,0,0,0,0,0,0,0,0,0,,0
1011067,0,0,0,0,0,0,0,,0,0,0,0,0,0,0,0,0,,1
1008555,0,0,0,0,0,0,0,,0,0,0,0,0,0,0,1,1,,1
1014854,0,0,0,0,0,0,0,,0,0,0,0,0,0,0,0,0,,1
1003352,4,2,1,1,1,1,1,,0,0,1,1,1,1,6,0,0,,1
1010547,0,1,0,0,0,0,0,,0,0,0,0,0,0,0,0,0,,0
1001691,0,1,0,0,0,0,0,,0,0,0,0,0,0,0,0,0,,0
1002592,0,1,0,0,0,0,0,,0,0,0,0,0,0,0,0,0,,0
1008949,0,1,0,0,0,0,0,,0,0,0,0,0,0,0,0,0,,0
1005847,4,1,1,1,1,1,1,18.0,0,1,1,1,1,1,6,0,0,,1
1003633,0,1,0,0,0,0,0,,0,0,0,0,0,0,0,0,0,,0
1003320,4,2,1,0,0,0,0,10.0,0,0,0,1,0,0,2,0,0,,1
1002655,0,1,0,0,0,0,0,,0,0,0,0,0,0,0,0,0,,0
1014590,0,1,0,0,0,0,0,,0,0,0,0,0,0,0,0,0,,0
1003698,0,1,0,0,0,0,0,,0,0,0,0,0,0,0,0,0,,0
1000743,0,1,0,0,0,0,0,,0,0,0,0,0,0,0,0,0,,0
1004472,0,1,0,0,0,0,0,,0,0,0,0,0,0,0,0,0,,1
1011073,4,2,1,0,1,0,0,,0,0,1,1,0,0,3,0,0,,1
1002001,4,0,1,0,0,0,0,,0,0,0,0,0,0,0,0,0,,1
1001344,4,0,1,0,0,1,0,,0,0,0,0,0,0,0,1,1,,1
1011046,0,1,0,0,0,0,0,,0,0,0,0,0,0,0,0,0,,1
1008436,0,1,0,0,0,0,0,,0,0,0,0,0,0,0,0,0,,0
1009173,0,1,0,0,0,0,0,,0,0,0,0,0,0,0,0,0,,0
1002346,0,1,0,0,0,0,0,,0,0,0,0,0,0,0,0,0,,0
1011455,0,1,0,0,0,0,0,,0,0,0,0,0,0,0,0,0,,0
1016500,4,2,1,0,1,0,0,,0,0,1,1,0,0,3,0,0,,1
1014586,4,2,1,1,1,1,0,2.0,0,1,0,1,1,1,10,0,0,,1
1001771,4,1,1,1,0,0,0,,0,0,1,1,0,0,3,0,0,,1
1000965,0,1,0,0,0,0,0,,0,0,0,0,0,0,0,0,0,,0
1008732,4,2,1,1,1,0,0,,0,0,1,1,1,1,6,1,1,,1
1007420,0,1,0,0,0,0,0,,0,0,0,0,0,0,0,0,0,,0
1004533,0,0,1,0,0,0,0,,0,0,0,0,0,0,0,1,1,,1
1014520,4,2,1,0,0,0,0,,0,0,0,0,0,0,0,0,0,,1
1016398,4,2,1,1,0,0,0,,0,0,0,0,0,0,0,1,1,,1
1004713,0,1,0,0,0,0,0,,0,0,0,0,0,0,0,0,0,,0
1015623,4,2,1,1,1,1,1,5.0,0,0,1,1,1,1,6,0,0,,1
1000796,0,1,0,0,0,0,0,,0,0,0,0,0,0,0,0,0,,0
1016628,0,1,0,0,0,0,0,,0,0,0,0,0,0,0,0,0,,0
1003450,4,2,1,1,0,0,0,21.0,0,0,0,0,0,0,5,0,0,,1
1016827,4,2,1,0,0,0,0,,0,0,0,0,0,0,1,0,0,,1
1000970,4,2,1,1,1,1,0,,0,0,1,1,1,1,6,0,0,,1
1002737,0,1,0,0,0,0,0,,0,0,0,0,0,0,0,0,0,,0
1010765,0,1,0,0,0,0,0,,0,0,0,0,0,0,0,0,0,,0
1016293,4,0,1,1,0,0,0,1.0,0,0,0,1,0,0,3,0,0,,1
1008015,4,2,1,1,1,0,0,,0,0,1,1,1,1,6,0,0,,1
1011035,0,1,0,0,0,0,0,,0,0,0,0,0,0,0,0,0,,0
1004197,4,2,1,1,1,1,0,,0,0,0,0,0,0,0,0,0,,1
1013604,4,0,1,0,1,0,0,,0,0,0,1,0,0,2,0,0,,1
1009108,0,1,0,0,0,0,0,,0,0,0,0,0,0,0,0,0,,0
1013561,0,1,0,0,0,0,0,,0,0,0,0,0,0,0,0,0,,1
1006543,0,1,0,0,0,0,0,,0,0,0,0,0,0,0,0,0,,1
1010195,4,0,1,0,0,0,0,,0,0,0,0,0,0,0,1,1,,1
1014608,0,1,0,0,0,0,0,,0,0,0,0,0,0,0,0,0,,0
1008019,4,0,1,1,1,0,0,,0,0,1,1,1,1,6,0,0,,1
1017471,0,1,0,0,0,0,0,,0,0,0,0,0,0,0,0,0,,0
1015953,0,1,0,0,0,0,0,,0,0,0,0,0,0,0,0,0,,1
1013820,0,1,0,0,0,0,0,,0,0,0,0,0,0,0,0,0,,0
1010277,0,1,0,0,0,0,0,,0,0,0,0,0,0,0,0,0,,0
1015939,0,1,0,0,0,0,0,,0,0,0,0,0,0,0,0,0,,1
1011869,0,1,0,0,0,0,0,,0,0,0,0,0,0,0,0,0,,0
1011212,0,0,0,0,0,0,0,,0,0,0,0,0,0,0,0,0,,1
1007792,0,1,0,0,0,0,0,,0,0,0,0,0,0,0,0,0,,0
1000094,0,1,0,0,0,0,0,,0,0,0,0,0,0,0,0,0,,0
1015519,0,1,0,0,0,0,0,,0,0,0,0,0,0,0,0,0,,0
1003461,4,1,1,1,0,0,0,,0,0,1,1,1,1,6,0,0,,1
1014071,0,1,0,0,0,0,0,,0,0,0,0,0,0,0,0,0,,0
1012452,4,1,1,1,1,1,0,,0,1,0,1,1,1,4,0,0,,1
1008053,4,2,1,1,1,0,0,1.0,0,1,0,1,1,1,4,0,0,,1
1015020,0,1,0,0,0,0,0,,0,0,0,0,0,0,0,0,0,,0
1000801,4,0,1,0,0,0,1,,0,0,0,1,0,0,2,0,0,,1
1008658,0,1,0,0,0,0,0,,0,0,0,0,0,0,0,0,0,,0
1017025,0,1,0,0,0,0,0,,0,0,0,0,0,0,0,0,0,,1
1009308,4,0,1,0,0,0,0,2400.0,0,0,0,1,0,0,2,0,0,,1
1000754,0,1,0,0,0,0,0,,0,0,0,0,0,0,0,0,0,,0
1009977,4,2,1,1,1,0,0,,0,0,1,1,1,1,6,0,0,,1
1014933,0,1,0,0,0,0,0,,0,0,0,0,0,0,0,0,0,,0
1006889,4,2,1,1,0,0,0,,0,0,0,1,0,0,2,0,0,,1
1012153,4,2,1,0,0,0,0,,0,0,0,1,0,0,2,0,0,,1
1006061,0,1,0,0,0,0,0,,0,0,0,0,0,0,0,0,0,,0
1008211,0,1,0,0,0,0,0,,0,0,0,0,0,0,0,0,0,,0
1005116,0,1,0,0,0,0,0,,0,0,0,0,0,0,0,0,0,,0
1013106,0,1,0,0,0,0,0,,0,0,0,0,0,0,0,0,0,,0
1006340,4,2,1,0,0,0,0,,0,0,0,0,0,0,0,1,1,,1
1007053,0,1,0,0,0,0,0,,0,0,0,0,0,0,0,0,0,,0
1006996,4,1,1,1,1,1,0,15.0,0,1,1,1,1,1,11,0,0,,1
1017201,0,1,0,0,0,0,0,,0,0,0,0,0,0,0,0,0,,0
1009168,0,1,0,0,0,0,0,,0,0,0,0,0,0,0,0,0,,0
1014524,0,1,0,0,0,0,0,,0,0,0,0,0,0,0,0,0,,0
1013109,0,1,0,0,0,0,0,,0,0,0,0,0,0,0,0,0,,0
1016175,0,1,0,0,0,0,0,,0,0,0,0,0,0,0,0,0,,0
1000057,4,2,1,1,1,1,1,8.0,0,0,0,1,1,1,4,0,0,,1
1007049,0,1,0,0,0,0,0,,0,0,0,0,0,0,0,0,0,,0
1007181,0,1,0,0,0,0,0,,0,0,0,0,0,0,0,0,0,,0
1012480,0,1,0,0,0,0,0,,0,0,0,0,0,0,0,0,0,,0
1015097,4,2,1,1,1,0,1,,0,0,1,1,1,1,6,1,1,,1
1016959,0,1,0,0,0,0,0,,0,0,0,0,0,0,0,0,0,,0
1003499,0,1,0,0,0,0,0,,0,0,0,0,0,0,0,0,0,,0
1005424,4,0,1,0,1,0,0,,0,0,0,0,0,0,0,1,1,,1
1000656,4,2,1,1,0,0,0,,0,0,1,1,1,0,5,0,0,,1
1015488,0,1,0,0,0,0,0,,0,0,0,0,0,0,0,0,0,,0
1010903,4,0,1,0,0,0,0,,0,0,0,1,0,0,2,0,0,,1
1016656,0,1,0,0,0,0,0,,0,0,0,0,0,0,0,0,0,,0
1009771,0,1,0,0,0,0,0,,0,0,0,0,0,0,0,0,0,,0
1004271,4,1,1,0,0,0,0,,0,0,0,0,0,0,1,0,0,,1
1006639,0,1,0,0,0,0,0,,0,0,0,0,0,0,0,0,0,,0
1015732,4,2,1,0,0,0,0,,0,0,0,0,0,0,0,0,0,,1
1003925,0,1,0,0,0,0,0,,0,0,0,0,0,0,0,0,0,,0
1002088,0,1,0,0,0,0,0,,0,0,0,0,0,0,0,0,0,,0
1003920,0,1,0,0,0,0,0,,0,0,0,0,0,0,0,0,0,,0
1013725,4,2,1,0,0,1,0,,0,0,1,1,1,1,6,0,0,,1
1013248,0,1,0,0,0,0,0,,0,0,0,0,0,0,0,0,0,,0
1014739,0,1,0,0,0,0,0,,0,0,0,0,0,0,0,0,0,,1
1003883,4,2,1,0,0,0,0,,0,1,1,1,1,1,6,0,0,,1
1005506,4,1,1,1,1,0,0,2.0,0,0,0,0,0,0,0,0,0,,1
1016670,4,1,1,0,0,0,0,,0,0,0,0,0,0,1,0,0,,1
1007102,0,1,0,0,0,0,0,,0,0,0,0,0,0,0,0,0,,0
1005457,0,1,0,0,0,0,0,,0,0,0,0,0,0,0,0,0,,1
1004770,4,0,1,0,0,0,0,12.0,0,0,0,0,0,0,1,0,0,,1
1001182,4,1,1,1,0,0,0,2.0,0,0,1,1,1,1,6,0,0,,1
1004117,0,1,0,0,0,0,0,,0,0,0,0,0,0,0,0,0,,0
1002684,4,2,1,1,0,1,0,,1,0,0,0,0,0,4,1,1,,1
1002243,4,2,1,1,1,0,0,,0,0,1,1,1,1,6,0,0,,1
1015682,0,1,0,0,0,0,0,,0,0,0,0,0,0,0,0,0,,0
1012124,4,2,1,1,0,0,0,3.0,0,0,1,1,1,1,6,0,0,,1
1003983,0,1,0,0,0,0,0,,0,0,0,0,0,0,0,0,0,,0
1007956,0,1,0,0,0,0,0,,0,0,0,0,0,0,0,0,0,,0
1006861,0,1,0,0,0,0,0,,0,0,0,0,0,0,0,0,0,,0
1004916,0,1,0,0,0,0,0,,0,0,0,0,0,0,0,0,0,,0
1014074,0,1,0,0,0,0,0,,0,0,0,0,0,0,0,0,0,,0
1016047,0,1,0,0,0,0,0,,0,0,0,0,0,0,0,0,0,,0
1009632,4,2,1,1,0,1,0,,0,0,1,1,0,1,4,0,0,,1
1000850,0,1,0,0,0,0,0,,0,0,0,0,0,0,0,0,0,,0
1017423,4,2,1,1,1,0,0,,0,0,0,0,0,0,0,0,0,,1
1000064,0,1,0,0,0,0,0,,0,0,0,0,0,0,0,0,0,,0
1010284,0,0,1,1,0,0,0,,0,0,0,0,0,0,0,1,1,,1
1009161,4,1,1,1,0,0,0,1244.0,0,0,0,0,0,0,0,1,1,,1
1010587,0,1,0,0,0,0,0,,0,0,0,0,0,0,0,0,0,,1
1009729,0,1,0,0,0,0,0,,0,0,0,0,0,0,0,0,0,,0
1007906,0,1,0,0,0,0,0,,0,0,0,0,0,0,0,0,0,,0
1015547,0,1,0,0,0,0,0,,0,0,0,0,0,0,0,0,0,,0
1014797,0,1,0,0,0,0,0,,0,0,0,0,0,0,0,0,0,,0
1010640,0,1,0,0,0,0,0,,0,0,0,0,0,0,0,0,0,,1
1012760,4,0,1,1,0,0,0,2.0,0,0,0,0,0,0,1,0,0,,1
1007098,0,1,0,0,0,0,0,,0,0,0,0,0,0,0,0,0,,0
1012129,0,1,0,0,0,0,0,,0,0,0,0,0,0,0,0,0,,1
1005661,0,1,0,0,0,0,0,,0,0,0,0,0,0,0,0,0,,0
1003518,0,1,0,0,0,0,0,,0,0,0,0,0,0,0,0,0,,0
1010218,4,1,1,1,0,0,0,3.0,0,0,1,1,0,1,4,0,0,,1
1008429,4,0,1,1,1,1,0,,0,0,0,0,0,0,0,1,1,,1
1006374,0,1,0,0,0,0,0,,0,0,0,0,0,0,0,0,0,,0
1015322,0,1,0,0,0,0,0,,0,0,0,0,0,0,0,0,0,,0
1004088,4,0,1,1,0,0,0,5.0,0,1,0,0,0,0,0,0,0,,1
1006539,4,2,1,1,1,1,1,2.0,0,0,1,1,1,1,6,0,0,,1
1006735,0,1,0,0,0,0,0,,0,0,0,0,0,0,0,0,0,,0
1007425,0,1,0,0,0,0,0,,0,0,0,0,0,0,0,0,0,,0
1015433,0,1,0,0,0,0,0,,0,0,0,0,0,0,0,0,0,,1
1009911,0,1,0,0,0,0,0,,0,0,0,0,0,0,0,0,0,,0
1013999,0,1,0,0,0,0,0,,0,0,0,0,0,0,0,0,0,,0
1006151,4,2,1,1,0,0,0,,0,0,1,1,1,0,5,0,0,,1
1007715,0,1,0,0,0,0,0,,0,0,0,0,0,0,0,0,0,,0
1000540,0,1,0,0,0,0,0,,0,0,0,0,0,0,0,0,0,,1
1009548,4,0,1,1,0,0,0,14.0,0,0,0,0,0,0,0,1,1,,1
1000773,0,0,0,0,0,0,0,,0,0,0,0,0,0,0,0,0,,1
1005558,0,1,0,0,0,0,0,,0,0,0,0,0,0,0,0,0,,0
1001120,0,1,0,0,0,0,0,,0,0,0,0,0,0,0,0,0,,0
1001838,4,2,1,1,0,0,0,3.0,0,0,0,0,0,0,0,0,0,,1
1005994,0,1,0,0,0,0,0,,0,0,0,0,0,0,0,0,0,,0
1011521,0,1,0,0,0,0,0,,0,0,0,0,0,0,0,0,0,,0
1008909,0,1,0,0,0,0,0,,0,0,0,0,0,0,0,0,0,,0
1000194,0,1,0,0,0,0,0,,0,0,0,0,0,0,0,0,0,,1
1005936,4,2,1,0,1,1,0,12.0,0,1,0,0,0,0,7,0,0,,1
1003065,0,1,0,0,0,0,0,,0,0,0,0,0,0,0,0,0,,0
1001492,0,1,0,0,0,0,0,,0,0,0,0,0,0,0,0,0,,0
1000323,0,1,0,0,0,0,0,,0,0,0,0,0,0,0,0,0,,0
1012981,0,1,0,0,0,0,0,,0,0,0,0,0,0,0,0,0,,0
1015684,0,1,0,0,0,0,0,,0,0,0,0,0,0,0,0,0,,0
1017290,0,1,0,0,0,0,0,,0,0,0,0,0,0,0,0,0,,0
1016893,4,1,1,1,0,0,0,1.0,0,0,0,1,0,0,2,0,0,,1
1010364,4,1,1,0,0,0,0,1.0,0,0,0,0,0,0,2,0,0,,1
1004638,0,1,0,0,0,0,0,,0,0,0,0,0,0,0,0,0,,1
1009921,0,1,0,0,0,0,0,,0,0,0,0,0,0,0,0,0,,0
1013273,4,2,1,0,0,0,0,,0,0,1,1,1,0,4,0,0,,1
1007111,0,1,0,0,0,0,0,,0,0,0,0,0,0,0,0,0,,1
1004872,0,1,0,0,0,0,0,,0,0,0,0,0,0,0,0,0,,0
1014213,0,1,0,0,0,0,0,,0,0,0,0,0,0,0,0,0,,0
1009298,0,1,0,0,0,0,0,,0,0,0,0,0,0,0,0,0,,0
1015234,4,2,1,1,1,0,0,,0,0,0,0,0,0,0,0,0,,1
1011871,0,1,0,0,0,0,0,,0,0,0,0,0,0,0,0,0,,0
1000280,0,1,0,0,0,0,0,,0,0,0,0,0,0,0,0,0,,1
1013051,0,1,0,0,0,0,0,,0,0,0,0,0,0,0,0,0,,1
1010564,0,1,0,0,0,0,0,,0,0,0,0,0,0,0,0,0,,0
1013613,0,1,0,0,0,0,0,,0,0,0,0,0,0,0,0,0,,0
1015473,0,1,0,0,0,0,0,,0,0,0,0,0,0,0,0,0,,1
1010197,4,2,1,0,0,1,1,,0,0,0,1,0,0,2,0,0,,1
1000745,0,1,0,0,0,0,0,,0,0,0,0,0,0,0,0,0,,1
1016645,4,2,1,1,1,0,0,,0,0,0,0,0,0,0,0,0,,1
1002239,0,1,0,0,0,0,0,,0,0,0,0,0,0,0,0,0,,0
1007585,0,1,0,0,0,0,0,,0,0,0,0,0,0,0,0,0,,0
1012743,0,1,0,0,0,0,0,,0,0,0,0,0,0,0,0,0,,0
1012496,0,1,0,0,0,0,0,,0,0,0,0,0,0,0,0,0,,0
1000780,0,1,0,0,0,0,0,,0,0,0,0,0,0,0,0,0,,0
1011812,4,1,1,0,0,1,0,2.0,0,0,0,1,0,0,2,0,0,,1
1011439,0,1,0,0,0,0,0,,0,0,0,0,0,0,0,0,0,,1
1006445,0,1,0,0,0,0,0,,0,0,0,0,0,0,0,0,0,,0
1013829,4,2,1,1,1,0,0,2.0,0,0,0,1,0,1,5,0,0,,1
1008599,0,1,0,0,0,0,0,,0,0,0,0,0,0,0,0,0,,1
1007716,4,1,1,0,0,0,1,,0,0,0,1,0,0,1,1,1,,1
1010761,4,2,1,0,1,0,1,,0,0,0,1,1,1,4,0,0,,1
1011292,0,1,0,0,0,0,0,,0,0,0,0,0,0,0,0,0,,0
1000636,4,2,1,0,1,0,0,,0,0,0,1,0,0,2,0,0,,1
1012689,0,1,0,0,0,0,0,,0,0,0,0,0,0,0,0,0,,0
1003679,0,1,0,0,0,0,0,,0,0,0,0,0,0,0,0,0,,0
1013135,4,2,1,1,0,0,0,,0,0,0,1,0,0,2,0,0,,1
1006976,0,1,0,0,0,0,0,,0,0,0,0,0,0,0,0,0,,0
1014118,4,2,1,1,1,1,0,2.0,0,0,1,1,1,1,6,0,0,,1
1016121,0,1,0,0,0,0,0,,0,0,0,0,0,0,0,0,0,,0
1004984,0,1,0,0,0,0,0,,0,0,0,0,0,0,0,0,0,,1
1013722,4,1,1,1,0,0,0,,0,0,0,0,0,0,0,1,1,,1
1000234,0,1,0,0,0,0,0,,0,0,0,0,0,0,0,0,0,,0
1004723,0,1,0,0,0,0,0,,0,0,0,0,0,0,0,0,0,,0
1006469,0,1,0,0,0,0,0,,0,0,0,0,0,0,0,0,0,,0
1009916,0,1,0,0,0,0,0,,0,0,0,0,0,0,0,0,0,,0
1013137,0,1,0,0,0,0,0,,0,0,0,0,0,0,0,0,0,,0
1000375,4,1,1,1,0,0,0,12.0,0,0,0,1,0,0,2,0,0,,1
1003659,0,1,0,0,0,0,0,,0,0,0,0,0,0,0,0,0,,1
1016100,0,1,0,0,0,0,0,,0,0,0,0,0,0,0,0,0,,0
1003164,4,0,1,0,0,0,0,2.0,0,0,0,0,0,0,1,1,1,,1
1008649,0,0,1,0,1,0,1,,0,0,0,0,0,0,5,1,1,,1
1009109,0,1,0,0,0,0,0,,0,0,0,0,0,0,0,0,0,,0
1003008,0,1,0,0,0,0,0,,0,0,0,0,0,0,0,0,0,,0
1016365,0,1,0,0,0,0,0,,0,0,0,0,0,0,0,0,0,,0
1009730,4,1,1,1,0,0,0,,0,0,0,0,0,0,0,1,1,,1
1014674,4,2,1,0,0,0,0,,0,0,0,0,0,0,1,0,0,,1
1009932,0,1,0,0,0,0,0,,0,0,0,0,0,0,0,0,0,,0
1001672,0,1,0,0,0,0,0,,0,0,0,0,0,0,0,0,0,,0
1009861,4,1,1,1,0,0,0,,0,0,0,0,0,0,0,1,1,,1
1000060,4,2,1,1,0,0,0,,0,0,0,0,0,0,0,0,0,,1
1003822,4,1,1,1,0,0,0,936.0,0,0,0,0,0,0,0,1,1,,1
1014746,0,1,0,0,0,0,0,,0,0,0,0,0,0,0,0,0,,0
1012242,0,1,0,0,0,0,0,,0,0,0,0,0,0,0,0,0,,0
1013054,0,0,0,0,0,0,0,,0,0,0,0,0,0,0,0,0,,1
1008708,4,1,1,0,0,0,0,,0,0,1,1,1,1,6,1,1,,1
1017235,0,1,0,0,0,0,0,,0,0,0,0,0,0,0,0,0,,0
1016229,4,0,1,0,0,0,0,2.0,0,0,0,0,0,0,0,1,1,,1
1011431,0,1,0,0,0,0,0,,0,0,0,0,0,0,0,0,0,,1
1006257,0,1,0,0,0,0,0,,0,0,0,0,0,0,0,0,0,,1
1000139,0,1,0,0,0,0,0,,0,0,0,0,0,0,0,0,0,,0
1001842,0,1,0,0,0,0,0,,0,0,0,0,0,0,0,0,0,,1
1009214,4,1,1,1,0,0,0,,0,0,0,0,0,0,0,1,1,,1
1011878,0,1,0,0,0,0,0,,0,0,0,0,0,0,0,0,0,,0
1011009,0,1,0,0,0,0,0,,0,0,0,0,0,0,0,0,0,,0
1007562,4,2,1,1,1,1,1,,0,0,1,1,1,1,6,0,0,,1
1005134,0,1,0,0,0,0,0,,0,0,0,0,0,0,0,0,0,,0
1002071,0,1,0,0,0,0,0,,0,0,0,0,0,0,0,0,0,,0
1007429,0,1,0,0,0,0,0,,0,0,0,0,0,0,0,0,0,,0
1011368,0,1,0,0,0,0,0,,0,0,0,0,0,0,0,0,0,,0
1004027,4,1,1,1,0,0,0,3.0,0,0,0,0,0,0,0,0,0,,1
1006396,4,1,1,0,0,0,1,,0,0,0,1,0,0,2,1,1,,1
1016441,4,2,1,0,1,0,0,,0,0,0,0,0,0,0,0,0,,1
1014672,0,1,0,0,0,0,0,,0,0,0,0,0,0,0,0,0,,0
1004217,0,1,0,0,0,0,0,,0,0,0,0,0,0,0,0,0,,1
1008800,0,1,0,0,0,0,0,,0,0,0,0,0,0,0,0,0,,0
1011027,4,1,1,1,0,0,0,3.0,0,0,0,1,0,0,2,0,0,,1
1013974,0,1,0,0,0,0,0,,0,0,0,0,0,0,0,0,0,,1
1010561,0,1,0,0,0,0,0,,0,0,0,0,0,0,0,0,0,,1
1000311,0,1,0,0,0,0,0,,0,0,0,0,0,0,0,0,0,,0
1001542,0,1,0,0,0,0,0,,0,0,0,0,0,0,0,0,0,,0
1006941,0,1,0,0,0,0,0,,0,0,0,0,0,0,0,0,0,,0
1003658,0,1,0,0,0,0,0,,0,0,0,0,0,0,0,0,0,,1
1005611,4,1,1,0,1,0,0,,0,0,0,0,0,0,0,1,1,,1
1000052,0,1,0,0,0,0,0,,0,0,0,0,0,0,0,0,0,,1
1004913,4,2,1,0,1,0,0,,0,0,0,1,0,0,2,0,0,,1
1001760,0,1,0,0,0,0,0,,0,0,0,0,0,0,0,0,0,,1
1004025,0,1,0,0,0,0,0,,0,0,0,0,0,0,0,0,0,,0
1003739,4,2,1,1,1,1,0,4.0,0,0,1,1,1,1,6,0,0,,1
1010450,4,2,1,0,0,0,0,,0,0,0,0,0,0,1,0,0,,1
1008924,0,1,0,0,0,0,0,,0,0,0,0,0,0,0,0,0,,0
1015588,4,0,1,1,0,0,1,,0,0,0,0,0,0,0,0,0,,1
1014542,0,1,0,0,0,0,0,,0,0,0,0,0,0,0,0,0,,0
1006802,4,2,1,1,1,1,0,4.0,0,0,1,1,1,1,6,0,0,,1
1016850,0,1,0,0,0,0,0,,0,0,0,0,0,0,0,0,0,,0
1002154,0,1,0,0,0,0,0,,0,0,0,0,0,0,0,0,0,,0
1007811,0,1,0,0,0,0,0,,0,0,0,0,0,0,0,0,0,,0
1000986,0,1,0,0,0,0,0,,0,0,0,0,0,0,0,0,0,,0
1013648,4,2,1,0,0,0,1,870.0,0,0,0,1,0,0,2,0,0,,1
1006213,0,1,0,0,0,0,0,,0,0,0,0,0,0,0,0,0,,0
1011674,4,0,1,0,0,0,0,,0,0,0,0,0,0,0,0,0,,1
1014287,0,1,0,0,0,0,0,,0,0,0,0,0,0,0,0,0,,1
1011691,4,0,1,0,0,0,1,,0,0,0,0,0,0,0,1,1,,1
1013387,4,1,1,0,1,0,0,,0,0,0,0,0,0,0,1,2,,1
1009357,0,1,1,0,0,0,0,12.0,0,0,0,1,0,0,2,0,0,,1
1012027,4,2,1,0,0,0,0,,0,0,1,1,0,1,4,0,0,,1
1006985,0,1,0,0,0,0,0,,0,0,0,0,0,0,0,0,0,,0
1012847,0,1,0,0,0,0,0,,0,0,0,0,0,0,0,0,0,,0
1003878,0,1,0,0,0,0,0,,0,0,0,0,0,0,0,0,0,,0
1004914,0,1,0,0,0,0,0,,0,0,0,0,0,0,0,0,0,,0
1000668,0,1,0,0,0,0,0,,0,0,0,0,0,0,0,0,0,,0
1009422,0,1,0,0,0,0,0,,0,0,0,0,0,0,0,0,0,,0
1001519,0,1,0,0,0,0,0,,0,0,0,0,0,0,0,0,0,,0
1009356,4,2,1,1,0,0,0,2.0,0,0,0,0,0,0,4,0,0,,1
1011822,0,1,0,0,0,0,0,,0,0,0,0,0,0,0,0,0,,0
1009674,0,1,0,0,0,0,0,,0,0,0,0,0,0,0,0,0,,0
1016554,0,1,0,0,0,0,0,,0,0,0,0,0,0,0,0,0,,1
1010847,0,1,0,0,0,0,0,,0,0,0,0,0,0,0,0,0,,0
1014687,0,1,0,0,0,0,0,,0,0,0,0,0,0,0,0,0,,0
1017405,0,1,0,0,0,0,0,,0,0,0,0,0,0,0,0,0,,0
1012380,4,2,1,1,1,0,0,,0,0,0,0,0,0,0,0,0,,1
1009930,0,1,0,0,0,0,0,,0,0,0,0,0,0,0,0,0,,0
1011710,0,1,0,0,0,0,0,,0,0,0,0,0,0,0,0,0,,0
1011022,0,1,0,0,0,0,0,,0,0,0,0,0,0,0,0,0,,0
1002824,0,1,0,0,0,0,0,,0,0,0,0,0,0,0,0,0,,1
1017477,0,1,0,0,0,0,0,,0,0,0,0,0,0,0,0,0,,1
1001078,0,1,0,0,0,0,0,,0,0,0,0,0,0,0,0,0,,0
1010369,0,1,0,0,0,0,0,,0,0,0,0,0,0,0,0,0,,0
1004931,4,1,1,1,0,0,0,,0,0,0,0,0,0,0,1,1,,1
1008869,0,1,1,1,1,1,0,,0,0,0,0,0,0,0,0,0,,1
1016636,4,2,1,1,0,0,0,,0,0,0,0,0,0,0,1,1,,1
1014929,0,1,0,0,0,0,0,,0,0,0,0,0,0,0,0,0,,0
1014817,0,1,0,0,0,0,0,,0,0,0,0,0,0,0,0,0,,0
1006961,0,1,0,0,0,0,0,,0,0,0,0,0,0,0,0,0,,0
1016099,0,1,0,0,0,0,0,,0,0,0,0,0,0,0,0,0,,1
1014119,0,1,0,0,0,0,0,,0,0,0,0,0,0,0,0,0,,1
1000456,0,1,0,0,0,0,0,,0,0,0,0,0,0,0,0,0,,0
1012336,0,1,0,0,0,0,0,,0,0,0,0,0,0,0,0,0,,0
1007228,0,1,0,0,0,0,0,,0,0,0,0,0,0,0,0,0,,0
1011390,0,1,0,0,0,0,0,,0,0,0,0,0,0,0,0,0,,0
1005486,0,1,0,0,0,0,0,,0,0,0,0,0,0,0,0,0,,0
1007107,0,1,0,0,0,0,0,,0,0,0,0,0,0,0,0,0,,0
1013426,0,1,0,0,0,0,0,,0,0,0,0,0,0,0,0,0,,0
1017184,0,1,0,0,0,0,0,,0,0,0,0,0,0,0,0,0,,0
1012821,0,1,0,0,0,0,0,,0,0,0,0,0,0,0,0,0,,0
1009543,0,1,0,0,0,0,0,,0,0,0,0,0,0,0,0,0,,0
1004618,4,2,1,1,1,0,0,,0,0,1,1,1,1,6,0,0,,1
1007678,0,1,0,0,0,0,0,,0,0,0,0,0,0,0,0,0,,0
1006275,0,1,0,0,0,0,0,,0,0,0,0,0,0,0,0,0,,0
1009235,4,2,1,0,0,0,0,,0,0,0,0,0,0,1,0,0,,1
1012347,0,1,0,0,0,0,0,,0,0,0,0,0,0,0,0,0,,0
1016287,0,1,0,0,0,0,0,,0,0,0,0,0,0,0,0,0,,0
1007618,0,1,0,0,0,0,0,,0,0,0,0,0,0,0,0,0,,1
1000417,4,2,1,1,1,1,0,3.0,0,0,1,1,1,1,5,0,0,,1
1006813,4,2,1,1,1,1,0,2.0,0,0,0,0,0,0,4,0,0,,1
1006468,0,1,0,0,0,0,0,,0,0,0,0,0,0,0,0,0,,0
1002148,0,1,0,0,0,0,0,,0,0,0,0,0,0,0,0,0,,0
1015043,4,2,1,0,0,0,0,16.0,0,0,1,1,0,1,5,0,0,,1
1005873,4,2,1,0,0,0,0,,0,0,0,1,0,0,3,0,0,,1
1004348,0,1,0,0,0,0,0,,0,0,0,0,0,0,0,0,0,,0
1002339,4,2,1,1,1,1,0,1.0,0,0,0,0,0,0,4,0,0,,1
1011116,0,1,0,0,0,0,0,,0,0,0,0,0,0,0,0,0,,0
1016735,0,1,0,0,0,0,0,,0,0,0,0,0,0,0,0,0,,0
1017212,0,1,0,0,0,0,0,,0,0,0,0,0,0,0,0,0,,0
1003790,0,1,0,0,0,0,0,,0,0,0,0,0,0,0,0,0,,0
1006672,0,1,0,0,0,0,0,,0,0,0,0,0,0,0,0,0,,0
1008990,4,1,1,0,0,0,0,3.0,0,0,0,0,0,0,0,1,1,,1
1005030,4,2,1,1,1,1,1,20.0,0,1,1,1,1,1,6,0,0,,1
1002600,0,1,0,0,0,0,0,,0,0,0,0,0,0,0,0,0,,0
1002387,0,1,0,0,0,0,0,,0,0,0,0,0,0,0,0,0,,0
1013594,0,0,0,0,0,0,0,,0,0,0,0,0,0,0,0,0,,1
1001040,0,1,0,0,0,0,0,,0,0,0,0,0,0,0,0,0,,0
1004896,0,1,0,0,0,0,0,,0,0,0,0,0,0,0,0,0,,0
1013035,0,1,0,0,0,0,0,,0,0,0,0,0,0,0,0,0,,0
1016845,0,1,0,0,0,0,0,,0,0,0,0,0,0,0,0,0,,0
1016613,0,1,0,0,0,0,0,,0,0,0,0,0,0,0,0,0,,0
1008819,0,1,0,0,0,0,0,,0,0,0,0,0,0,0,0,0,,0
1007798,4,2,1,0,0,0,0,,0,0,0,1,0,0,2,0,0,,1
1015986,4,0,1,1,0,0,1,,0,0,0,0,0,0,4,1,1,,1
1008781,0,1,0,0,0,0,0,,0,0,0,0,0,0,0,0,0,,0
1010113,0,1,0,0,0,0,0,,0,0,0,0,0,0,0,0,0,,0
1006157,0,1,0,0,0,0,0,,0,0,0,0,0,0,0,0,0,,0
1002109,4,1,1,1,0,0,0,,0,0,0,0,0,0,0,1,1,,1
1007093,4,2,1,0,0,0,1,,0,0,0,1,0,0,2,0,0,,1
1015771,4,2,1,1,0,0,0,2.0,0,1,0,0,0,0,0,1,1,,1
1004717,4,0,1,1,1,0,0,,0,0,0,0,0,0,0,0,0,,1
1004155,0,1,0,0,0,0,0,,0,0,0,0,0,0,0,0,0,,1
1006224,4,0,1,0,0,0,1,,0,0,0,1,0,0,2,0,0,,1
1013401,0,1,0,0,0,0,0,,0,0,0,0,0,0,0,0,0,,0
1003489,0,1,0,0,0,0,0,,0,0,0,0,0,0,0,0,0,,0
1016970,0,1,0,0,0,0,0,,0,0,0,0,0,0,0,0,0,,0
1006171,4,0,1,1,1,0,0,,0,0,0,0,0,0,0,1,1,,1
1017047,0,1,0,0,0,0,0,,0,0,0,0,0,0,0,0,0,,0
1008318,0,1,0,0,0,0,0,,0,0,0,0,0,0,0,0,0,,1
1006370,0,1,0,0,0,0,0,,0,0,0,0,0,0,0,0,0,,0
1009661,0,1,0,0,0,0,0,,0,0,0,0,0,0,0,0,0,,0
1008018,4,2,1,1,0,0,0,5.0,0,1,1,1,1,1,6,0,0,,1
1000752,0,1,0,0,0,0,0,,0,0,0,0,0,0,0,0,0,,1
1017318,4,1,1,1,1,0,0,1.0,0,0,0,0,0,0,4,0,0,,1
1001403,0,1,0,0,0,0,0,,0,0,0,0,0,0,0,0,0,,0
1004107,0,1,0,0,0,0,0,,0,0,0,0,0,0,0,0,0,,0
1000008,0,1,0,0,0,0,0,,0,0,0,0,0,0,0,0,0,,0
1001027,0,0,0,0,0,0,0,,0,0,0,0,0,0,0,1,1,,1
1005226,0,1,0,0,0,0,0,,0,0,0,0,0,0,0,0,0,,0
1012719,0,1,0,0,0,0,0,,0,0,0,0,0,0,0,0,0,,1
1014865,0,1,0,0,0,0,0,,0,0,0,0,0,0,0,0,0,,0
1012247,0,1,0,0,0,0,0,,0,0,0,0,0,0,0,0,0,,0
1000404,0,1,0,0,0,0,0,,0,0,0,0,0,0,0,0,0,,0
1002723,0,0,1,0,0,1,1,,0,0,0,0,0,0,0,1,2,,1
1005255,4,2,1,1,1,0,0,,0,0,1,1,1,1,5,0,0,,1
1017156,0,1,0,0,0,0,0,,0,0,0,0,0,0,0,0,0,,0
1007270,0,1,0,0,0,0,0,,0,0,0,0,0,0,0,0,0,,0
1007888,0,1,0,0,0,0,0,,0,0,0,0,0,0,0,0,0,,0
1015819,0,1,0,0,0,0,0,,0,0,0,0,0,0,0,0,0,,0
1012113,4,2,1,1,0,0,0,,0,0,0,0,0,0,2,0,0,,1
1016414,0,1,0,0,0,0,0,,0,0,0,0,0,0,0,0,0,,0
1004243,4,2,1,1,0,0,0,2.0,0,0,0,1,0,0,2,0,0,,1
1004060,4,2,1,1,1,1,0,,0,0,1,1,1,1,6,0,0,,1
1012591,0,1,0,0,0,0,0,,0,0,0,0,0,0,0,0,0,,0
1012190,0,1,0,0,0,0,0,,0,0,0,0,0,0,0,0,0,,0
1015483,4,1,1,1,1,1,0,5.0,0,0,1,1,1,1,6,0,0,,1
1016852,0,1,0,0,0,0,0,,0,0,0,0,0,0,0,0,0,,1
1001971,0,1,0,0,0,0,0,,0,0,0,0,0,0,0,0,0,,0
1002880,4,2,1,1,1,1,1,,0,0,0,0,0,0,0,0,0,,1
1004600,0,1,0,0,0,0,0,,0,0,0,0,0,0,0,0,0,,0
1006881,0,1,0,0,0,0,0,,0,0,0,0,0,0,0,0,0,,0
1003372,0,1,0,0,0,0,0,,0,0,0,0,0,0,0,0,0,,1
1013848,0,1,0,0,0,0,0,,0,0,0,0,0,0,0,0,0,,0
1015869,0,1,0,0,0,0,0,,0,0,0,0,0,0,0,0,0,,0
1013142,0,1,0,0,0,0,0,,0,0,0,0,0,0,0,0,0,,1
1008635,0,1,0,0,0,0,0,,0,0,0,0,0,0,0,0,0,,1
1007007,4,2,1,1,0,0,0,5.0,0,0,1,1,1,1,6,0,0,,1
1006361,0,1,0,0,0,0,0,,0,0,0,0,0,0,0,0,0,,0
1002960,0,1,0,0,0,0,0,,0,0,0,0,0,0,0,0,0,,0
1001990,0,1,0,0,0,0,0,,0,0,0,0,0,0,0,0,0,,0
1005326,4,0,1,0,0,0,0,7.0,0,0,0,0,0,0,0,1,1,,1
1006870,0,1,0,0,0,0,0,,0,0,0,0,0,0,0,0,0,,0
1015511,0,1,0,0,0,0,0,,0,0,0,0,0,0,0,0,0,,1
1004486,4,2,1,1,1,1,0,,0,0,0,0,0,0,0,1,1,,1
1007140,0,1,0,0,0,0,0,,0,0,0,0,0,0,0,0,0,,0
1005006,4,2,1,1,0,0,0,,0,0,0,0,0,0,0,0,0,,1
1000101,0,1,0,0,0,0,0,,0,0,0,0,0,0,0,0,0,,0
1003563,4,0,1,1,0,0,0,5.0,0,0,0,1,0,0,2,0,0,,1
1008054,4,1,1,0,1,0,0,,0,0,0,0,0,0,0,1,1,,1
1007399,0,1,0,0,0,0,0,,0,0,0,0,0,0,0,0,0,,0
1001625,4,2,1,0,0,0,0,,0,0,1,0,0,0,2,0,0,,1
1007626,0,0,1,0,0,0,1,,0,0,0,0,0,0,0,0,1,,1
1004647,0,1,0,0,0,0,0,,0,0,0,0,0,0,0,0,0,,0
1011381,0,1,0,0,0,0,0,,0,0,0,0,0,0,0,0,0,,1
1010532,0,1,0,0,0,0,0,,0,0,0,0,0,0,0,0,0,,0
1000689,4,1,1,1,0,0,0,,0,0,0,0,0,0,0,1,1,,1
1009093,4,2,1,1,1,1,0,,0,0,0,0,0,0,0,0,0,,1
1012049,4,2,1,1,1,0,0,,0,0,1,1,1,1,6,0,0,,1
1015604,4,2,1,1,1,0,0,10.0,1,0,1,1,1,1,6,0,0,,1
1009335,4,1,1,0,0,0,0,,0,0,0,0,0,0,0,0,0,,1
1014619,4,0,1,0,0,0,0,,0,0,0,0,0,0,0,1,1,,1
1004080,0,1,0,0,0,0,0,,0,0,0,0,0,0,0,0,0,,0
1002638,0,1,0,0,0,0,0,,0,0,0,0,0,0,0,0,0,,1
1010158,0,1,0,0,0,0,0,,0,0,0,0,0,0,0,0,0,,0
1009662,0,1,0,0,0,0,0,,0,0,0,0,0,0,0,0,0,,0
1012974,0,1,0,0,0,0,0,,0,0,0,0,0,0,0,0,0,,0
1002777,4,2,1,1,0,0,0,12.0,0,0,1,1,0,0,3,0,0,,1
1015071,4,0,1,0,1,0,0,,0,0,0,0,0,0,0,1,1,,1
1002128,0,1,0,0,0,0,0,,0,0,0,0,0,0,0,0,0,,0
1013209,0,1,0,0,0,0,0,,0,0,0,0,0,0,0,0,0,,0
1010471,4,2,1,0,0,0,1,,0,0,0,1,0,0,2,0,0,,1
1011631,0,0,0,0,0,0,0,,0,0,0,0,0,0,0,0,1,,1
1011811,0,1,0,0,0,0,0,,0,0,0,0,0,0,0,0,0,,0
1012389,0,1,0,0,0,0,0,,0,0,0,0,0,0,0,0,0,,0
1005900,4,2,1,1,1,0,1,10.0,0,1,1,1,1,1,6,0,0,,1
1001125,4,1,1,1,0,0,0,,0,0,0,0,0,0,1,0,0,,1
1007188,4,2,1,0,0,0,0,,0,0,0,1,0,0,2,0,0,,1
1008263,4,1,1,1,1,0,0,2.0,0,0,0,0,0,0,2,0,0,,1
1000529,0,1,0,0,0,0,0,,0,0,0,0,0,0,0,0,0,,1
1016033,0,1,0,0,0,0,0,,0,0,0,0,0,0,0,0,0,,1
1001780,4,0,1,0,1,0,0,,0,0,0,0,0,0,0,1,2,,1
1009032,0,1,0,0,0,0,0,,0,0,0,0,0,0,0,0,0,,0
1007150,0,1,0,0,0,0,0,,0,0,0,0,0,0,0,0,0,,0
1002120,0,1,0,0,0,0,0,,0,0,0,0,0,0,0,0,0,,0
1014084,0,1,0,0,0,0,0,,0,0,0,0,0,0,0,0,0,,1
1000114,0,1,0,0,0,0,0,,0,0,0,0,0,0,0,0,0,,0
1003114,0,1,0,0,0,0,0,,0,0,0,0,0,0,0,0,0,,0
1013259,4,2,1,1,0,0,0,,0,0,0,0,0,0,6,0,0,,1
1007571,4,2,1,1,1,1,0,,0,0,0,0,0,0,0,0,0,,1
1016773,0,1,0,0,0,0,0,,0,0,0,0,0,0,0,0,0,,0
1011903,0,1,0,0,0,0,0,,0,0,0,0,0,0,0,0,0,,1
1004002,0,1,0,0,0,0,0,,0,0,0,0,0,0,0,0,0,,1
1003557,0,1,0,0,0,0,0,,0,0,0,0,0,0,0,0,0,,0
1008154,0,1,0,0,0,0,0,,0,0,0,0,0,0,0,0,0,,0
1003251,4,2,1,1,1,1,1,220.0,0,0,0,0,0,0,0,0,0,,1
1001727,0,1,0,0,0,0,0,,0,0,0,0,0,0,0,0,0,,0
1008233,4,1,1,0,0,0,0,445.0,0,0,0,0,0,0,0,1,1,,1
1012422,4,1,1,0,0,0,0,4.0,0,0,0,0,0,0,1,0,1,,1
1014717,4,2,1,1,0,0,0,1.0,0,0,1,1,1,1,6,0,0,,1
1016396,0,0,0,0,0,0,0,,0,0,0,0,0,0,0,0,1,,1
1001084,4,1,1,0,0,0,0,5.0,0,0,0,0,0,0,1,0,0,,1
1014858,0,0,0,0,0,0,0,,0,0,0,0,0,0,0,0,0,,1
1005587,0,1,0,0,0,0,0,,0,0,0,0,0,0,0,0,0,,1
1016895,0,1,0,0,0,0,0,,0,0,0,0,0,0,0,0,0,,0
1016413,4,2,1,0,0,1,1,,0,0,0,1,0,0,2,0,0,,1
1009946,0,1,0,0,0,0,0,,0,0,0,0,0,0,0,0,0,,0
1010342,4,0,1,0,0,0,0,,0,0,0,0,0,0,0,1,1,,1
1008259,0,1,0,0,0,0,0,,0,0,0,0,0,0,0,0,0,,0
1004910,4,2,1,0,1,0,0,21.0,0,0,1,1,1,1,6,0,0,,1
1015277,0,1,0,0,0,0,0,,0,0,0,0,0,0,0,0,0,,0
1008810,4,2,1,1,0,0,0,,0,1,1,1,1,1,6,0,0,,1
1008158,0,1,0,0,0,0,0,,0,0,0,0,0,0,0,0,0,,1
1013528,0,1,0,0,0,0,0,,0,0,0,0,0,0,0,0,0,,0
1013585,0,1,0,0,0,0,0,,0,0,0,0,0,0,0,0,0,,0
1001212,0,1,0,0,0,0,0,,0,0,0,0,0,0,0,0,0,,1
1017606,4,2,1,1,1,1,0,,0,0,1,1,1,1,5,0,0,,1
1008410,0,1,0,0,0,0,0,,0,0,0,0,0,0,0,0,0,,0
1001900,0,1,0,0,0,0,0,,0,0,0,0,0,0,0,0,0,,0
1011915,4,2,1,1,0,0,0,4.0,0,0,1,1,1,1,6,0,0,,1
1001932,0,1,0,0,0,0,0,,0,0,0,0,0,0,0,0,0,,0
1008467,4,1,1,0,0,0,1,1.0,0,0,0,0,0,0,0,1,1,,1
1003548,0,1,0,0,0,0,0,,0,0,0,0,0,0,0,0,0,,0
1010504,0,1,0,0,0,0,0,,0,0,0,0,0,0,0,0,0,,0
1017424,4,0,1,1,1,0,0,,0,0,0,0,0,0,0,1,1,,1
1011188,0,1,0,0,0,0,0,,0,0,0,0,0,0,0,0,0,,0
1004279,4,2,1,0,1,0,1,,0,0,0,0,0,0,0,0,0,,1
1013159,0,1,0,0,0,0,0,,0,0,0,0,0,0,0,0,0,,0
1014755,0,1,0,0,0,0,0,,0,0,0,0,0,0,0,0,0,,0
1014965,0,0,0,0,0,0,0,,0,0,0,0,0,0,0,1,1,,1
1002352,0,1,0,0,0,0,0,,0,0,0,0,0,0,0,0,0,,1
1009912,4,2,1,1,1,0,0,,0,0,1,1,1,1,6,0,0,,1
1006489,4,2,1,1,0,0,0,3.0,0,0,0,0,0,0,0,1,1,,1
1006486,0,1,0,0,0,0,0,,0,0,0,0,0,0,0,0,0,,0
1015969,4,2,1,1,1,1,0,2.0,0,0,0,0,0,0,0,0,0,,1
1003230,4,2,1,1,0,0,0,1.0,0,1,1,1,1,1,6,0,0,,1
1015402,0,1,0,0,0,0,0,,0,0,0,0,0,0,0,0,0,,0
1017011,0,1,0,0,0,0,0,,0,0,0,0,0,0,0,0,0,,0
1014840,4,0,1,1,1,0,0,,0,0,0,0,0,0,0,0,0,,1
1010562,0,1,0,0,0,0,0,,0,0,0,0,0,0,0,0,0,,0
1016482,0,1,0,0,0,0,0,,0,0,0,0,0,0,0,0,0,,0
1007354,0,1,0,0,0,0,0,,0,0,0,0,0,0,0,0,0,,1
1012012,4,2,1,1,1,1,0,,0,0,0,0,0,0,0,0,0,,1
1002743,4,1,1,0,0,0,0,,0,0,0,0,0,0,0,0,0,,1
1011021,0,1,0,0,0,0,0,,0,0,0,0,0,0,0,0,0,,0
1010011,0,1,0,0,0,0,0,,0,0,0,0,0,0,0,0,0,,1
1014796,4,2,1,1,1,0,0,,0,0,1,1,1,1,6,0,0,,1
1009596,4,0,1,0,0,0,0,,0,0,0,0,0,0,0,0,0,,1
1002405,4,2,1,1,0,0,0,,0,0,1,1,0,0,3,0,0,,1
1010908,4,1,1,0,0,0,1,,0,0,0,1,0,0,2,1,1,,1
1002238,4,1,1,0,0,0,1,,0,0,0,1,0,0,2,1,1,,1
1003007,0,1,0,0,0,0,0,,0,0,0,0,0,0,0,0,0,,0
1007926,0,1,0,0,0,0,0,,0,0,0,0,0,0,0,0,0,,1
1013435,0,1,0,0,0,0,0,,0,0,0,0,0,0,0,0,0,,0
1016548,0,1,0,0,0,0,0,,0,0,0,0,0,0,0,0,0,,0
1012259,0,1,0,0,0,0,0,,0,0,0,0,0,0,0,0,0,,0
1005500,0,1,0,0,0,0,0,,0,0,0,0,0,0,0,0,0,,0
1012419,0,1,0,0,0,0,0,,0,0,0,0,0,0,0,0,0,,1
1005417,0,1,0,0,0,0,0,,0,0,0,0,0,0,0,0,0,,1
1004587,0,1,0,0,0,0,0,,0,0,0,0,0,0,0,0,0,,0
1009692,0,1,0,0,0,0,0,,0,0,0,0,0,0,0,0,0,,0
1017208,4,2,1,0,0,0,0,10.0,0,0,0,0,0,0,1,0,0,,1
1015031,4,1,1,0,0,0,1,,0,0,0,1,0,0,2,1,1,,1
1010838,0,0,0,0,0,0,0,,0,0,0,0,0,0,0,0,1,,1
1013088,0,1,0,0,0,0,0,,0,0,0,0,0,0,0,0,0,,1
1001503,0,1,0,0,0,0,0,,0,0,0,0,0,0,0,0,0,,1
1010830,0,1,0,0,0,0,0,,0,0,0,0,0,0,0,0,0,,0
1010755,0,1,0,0,0,0,0,,0,0,0,0,0,0,0,0,0,,0
1013262,0,1,0,0,0,0,0,,0,0,0,0,0,0,0,0,0,,0
1011864,0,1,0,0,0,0,0,,0,0,0,0,0,0,0,0,0,,0
1003402,0,1,0,0,0,0,0,,0,0,0,0,0,0,0,0,0,,0
1008842,0,1,0,0,0,0,0,,0,0,0,0,0,0,0,0,0,,0
1014356,0,1,0,0,0,0,0,,0,0,0,0,0,0,0,0,0,,0
1016756,4,2,1,1,0,0,0,10.0,0,0,0,1,0,1,3,0,0,,1
1015420,0,1,0,0,0,0,0,,0,0,0,0,0,0,0,0,0,,0
1014136,0,1,0,0,0,0,0,,0,0,0,0,0,0,0,0,0,,0
1014552,0,0,0,0,0,0,0,,0,0,0,0,0,0,0,0,1,,1
1015749,0,1,0,0,0,0,0,,0,0,0,0,0,0,0,0,0,,0
1006882,0,1,0,0,0,0,0,,0,0,0,0,0,0,0,0,0,,1
1001201,4,1,1,1,0,0,0,,0,0,0,1,0,0,2,0,0,,1
1001486,4,0,1,0,0,0,1,,0,0,1,1,0,0,3,0,0,,1
1002885,4,1,1,1,0,0,0,250.0,0,0,0,0,0,0,0,1,1,,1
1013491,4,1,1,0,0,0,0,2.0,0,0,0,1,0,0,2,0,0,,1
1009315,4,1,1,1,1,1,0,,0,0,0,0,0,0,5,0,0,,1
1012421,0,1,0,0,0,0,0,,0,0,0,0,0,0,0,0,0,,1
1014457,4,2,1,1,1,1,0,,0,0,0,0,0,0,0,0,0,,1
1007407,0,1,0,0,0,0,0,,0,0,0,0,0,0,0,0,0,,1
1016917,4,1,1,1,1,0,0,,0,0,0,0,0,0,4,0,0,,1
1006089,0,1,0,0,0,0,0,,0,0,0,0,0,0,0,0,0,,0
1002409,0,1,0,0,0,0,0,,0,0,0,0,0,0,0,0,0,,0
1010909,0,1,0,0,0,0,0,,0,0,0,0,0,0,0,0,0,,1
1013157,0,1,0,0,0,0,0,,0,0,0,0,0,0,0,0,0,,0
1000296,0,1,0,0,0,0,0,,0,0,0,0,0,0,0,0,0,,0
1011966,0,1,0,0,0,0,0,,0,0,0,0,0,0,0,0,0,,0
1016403,0,1,0,0,0,0,0,,0,0,0,0,0,0,0,0,0,,0
1009290,4,1,1,0,0,0,0,1.0,0,0,0,1,0,0,2,0,0,,1
1000795,0,1,0,0,0,0,0,,0,0,0,0,0,0,0,0,0,,0
1011396,4,2,1,0,0,0,0,,0,0,0,1,0,0,2,0,0,,1
1011016,0,1,0,0,0,0,0,,0,0,0,0,0,0,0,0,0,,0
1009732,0,1,0,0,0,0,0,,0,0,0,0,0,0,0,0,0,,0
1012504,0,1,0,0,0,0,0,,0,0,0,0,0,0,0,0,0,,0
1012010,0,1,0,0,0,0,0,,0,0,0,0,0,0,0,0,0,,0
1001876,0,1,0,0,0,0,0,,0,0,0,0,0,0,0,0,0,,0
1012351,4,1,1,1,0,0,0,,0,0,0,0,0,0,0,1,1,,1
1013511,0,1,0,0,0,0,0,,0,0,0,0,0,0,0,0,0,,0
1016066,4,2,1,1,0,0,0,,0,0,0,0,0,0,0,0,0,,1
1016227,0,1,0,0,0,0,0,,0,0,0,0,0,0,0,0,0,,0
1016764,0,1,0,0,0,0,0,,0,0,0,0,0,0,0,0,0,,0
1007002,0,1,0,0,0,0,0,,0,0,0,0,0,0,0,0,0,,1
1007871,0,1,0,0,0,0,0,,0,0,0,0,0,0,0,0,0,,1
1008901,0,1,0,0,0,0,0,,0,0,0,0,0,0,0,0,0,,0
1002135,4,1,1,0,0,0,0,,0,0,0,0,0,0,1,0,0,,1
1016502,0,1,0,0,0,0,0,,0,0,0,0,0,0,0,0,0,,0
1001586,0,1,0,0,0,0,0,,0,0,0,0,0,0,0,0,0,,1
1002916,0,1,0,0,0,0,0,,0,0,0,0,0,0,0,0,0,,0
1016629,0,1,0,0,0,0,0,,0,0,0,0,0,0,0,0,0,,0
1015464,4,1,1,1,0,0,0,,0,0,0,0,0,0,0,1,1,,1
1001405,0,1,0,0,0,0,0,,0,0,0,0,0,0,0,0,0,,1
1013975,0,1,0,0,0,0,0,,0,0,0,0,0,0,0,0,0,,0
1004124,0,1,0,0,0,0,0,,0,0,0,0,0,0,0,0,0,,0
1017064,0,1,0,0,0,0,0,,0,0,0,0,0,0,0,0,0,,1
1014034,0,1,0,0,0,0,0,,0,0,0,0,0,0,0,0,0,,1
1013907,0,1,0,0,0,0,0,,0,0,0,0,0,0,0,0,0,,0
1014857,0,1,0,0,0,0,0,,0,0,0,0,0,0,0,0,0,,0
1012025,0,1,0,0,0,0,0,,0,0,0,0,0,0,0,0,0,,0
1013023,0,1,0,0,0,0,0,,0,0,0,0,0,0,0,0,0,,0
1003086,0,1,0,0,0,0,0,,0,0,0,0,0,0,0,0,0,,0
1015003,0,1,0,0,0,0,0,,0,0,0,0,0,0,0,0,0,,0
1012972,0,1,0,0,0,0,0,,0,0,0,0,0,0,0,0,0,,0
1007278,4,2,1,1,0,0,0,2.0,0,1,1,1,1,1,6,0,0,,1
1017157,4,1,1,0,1,0,0,,0,0,0,0,0,0,3,0,0,,1
1006315,4,2,1,1,0,0,0,1.0,0,0,0,1,0,0,2,0,0,,1
1004859,0,1,0,0,0,0,0,,0,0,0,0,0,0,0,0,0,,1
1009581,0,1,0,0,0,0,0,,0,0,0,0,0,0,0,0,0,,1
1004045,0,1,0,0,0,0,0,,0,0,0,0,0,0,0,0,0,,0
1017544,0,1,0,0,0,0,0,,0,0,0,0,0,0,0,0,0,,0
1012210,4,1,1,1,0,0,0,,0,0,0,0,0,0,0,1,1,,1
1000606,0,1,0,0,0,0,0,,0,0,0,0,0,0,0,0,0,,0
1005502,0,1,0,0,0,0,0,,0,0,0,0,0,0,0,0,0,,0
1015581,0,1,0,0,0,0,0,,0,0,0,0,0,0,0,0,0,,1
1003629,0,1,0,0,0,0,0,,0,0,0,0,0,0,0,0,0,,0
1011921,0,1,0,0,0,0,0,,0,0,0,0,0,0,0,0,0,,0
1012292,4,2,1,1,0,0,0,10.0,0,0,0,0,0,0,0,1,1,,1
1006416,4,1,1,1,1,1,0,,0,0,0,0,0,0,0,0,0,,1
1016747,0,1,0,0,0,0,0,,0,0,0,0,0,0,0,0,0,,0
1007325,4,2,1,0,1,0,0,39.0,1,1,1,1,0,0,3,0,0,,1
1011206,0,1,0,0,0,0,0,,0,0,0,0,0,0,0,0,0,,0
1013492,0,1,0,0,0,0,0,,0,0,0,0,0,0,0,0,0,,0
1008247,0,1,0,0,0,0,0,,0,0,0,0,0,0,0,0,0,,0
1006717,0,1,0,0,0,0,0,,0,0,0,0,0,0,0,0,0,,0
1006273,0,1,0,0,0,0,0,,0,0,0,0,0,0,0,0,0,,0
1016804,0,1,0,0,0,0,0,,0,0,0,0,0,0,0,0,0,,0
1005181,4,1,1,1,0,0,0,10.0,0,0,0,0,0,0,0,0,0,,1
1005465,4,2,1,0,0,0,0,,0,0,0,0,0,0,1,0,0,,1
1017408,0,1,0,0,0,0,0,,0,0,0,0,0,0,0,0,0,,0
1017258,0,1,0,0,0,0,0,,0,0,0,0,0,0,0,0,0,,1
1015677,0,1,0,0,0,0,0,,0,0,0,0,0,0,0,0,0,,0
1011052,4,1,1,1,0,0,0,,0,0,0,0,0,0,0,1,1,,1
1002300,4,2,1,1,0,0,0,,0,0,0,1,0,0,2,0,0,,1
1005655,0,1,0,0,0,0,0,,0,0,0,0,0,0,0,0,0,,0
1015882,0,1,0,0,0,0,0,,0,0,0,0,0,0,0,0,0,,0
1009129,0,1,0,0,0,0,0,,0,0,0,0,0,0,0,0,0,,0
1001968,0,1,0,0,0,0,0,,0,0,0,0,0,0,0,0,0,,0
1016014,4,2,1,1,1,1,0,,0,0,0,0,0,0,3,0,0,,1
1015914,0,1,0,0,0,0,0,,0,0,0,0,0,0,0,0,0,,0
1008109,4,0,1,0,0,0,1,,0,0,0,1,0,0,2,0,0,,1
1017285,0,1,0,0,0,0,0,,0,0,0,0,0,0,0,0,0,,0
1015548,4,2,1,0,0,0,0,2.0,0,0,0,0,0,0,1,0,0,,1
1004612,0,1,0,0,0,0,0,,0,0,0,0,0,0,0,0,0,,0
1001356,0,1,0,0,0,0,0,,0,0,0,0,0,0,0,0,0,,0
1010515,4,0,1,0,1,0,0,,0,0,0,0,0,0,0,1,1,,1
1017590,4,1,1,1,0,0,0,,0,0,0,0,0,0,0,1,1,,1
1001529,0,1,0,0,0,0,0,,0,0,0,0,0,0,0,0,0,,0
1013190,0,1,0,0,0,0,0,,0,0,0,0,0,0,0,0,0,,1
1009474,0,1,0,0,0,0,0,,0,0,0,0,0,0,0,0,0,,0
1013931,4,2,1,0,1,0,0,,0,0,1,1,1,1,6,0,0,,1
1013446,0,1,0,0,0,0,0,,0,0,0,0,0,0,0,0,0,,0
1005555,0,1,0,0,0,0,0,,0,0,0,0,0,0,0,0,0,,0
1011478,4,0,1,0,0,0,0,,0,0,0,0,0,0,0,0,0,,1
1015124,0,1,0,0,0,0,0,,0,0,0,0,0,0,0,0,0,,0
1013034,0,1,0,0,0,0,0,,0,0,0,0,0,0,0,0,0,,0
1010484,0,1,0,0,0,0,0,,0,0,0,0,0,0,0,0,0,,0
1012969,0,1,0,0,0,0,0,,0,0,0,0,0,0,0,0,0,,1
1011266,0,1,0,0,0,0,0,,0,0,0,0,0,0,0,0,0,,0
1010430,0,1,0,0,0,0,0,,0,0,0,0,0,0,0,0,0,,0
1004193,0,1,0,0,0,0,0,,0,0,0,0,0,0,0,0,0,,1
1016084,0,1,0,0,0,0,0,,0,0,0,0,0,0,0,0,0,,0
1006520,0,1,0,0,0,0,0,,0,0,0,0,0,0,0,0,0,,0
1011861,4,1,1,0,1,0,0,,0,0,0,0,0,0,0,1,1,,1
1007610,0,1,0,0,0,0,0,,0,0,0,0,0,0,0,0,0,,0
1000560,0,1,0,0,0,0,0,,0,0,0,0,0,0,0,0,0,,0
1007860,0,1,0,0,0,0,0,,0,0,0,0,0,0,0,0,0,,0
1001783,4,2,1,0,0,0,0,,0,0,1,1,1,1,6,0,0,,1
1009984,0,0,0,0,0,0,0,,0,0,0,0,0,0,0,0,0,,1
1009840,0,1,0,0,0,0,0,,0,0,0,0,0,0,0,0,0,,0
1012624,0,1,0,0,0,0,0,,0,0,0,0,0,0,0,0,0,,1
1007660,0,1,0,0,0,0,0,,0,0,0,0,0,0,0,0,0,,0
1008881,0,1,0,0,0,0,0,,0,0,0,0,0,0,0,0,0,,0
1015558,0,1,0,0,0,0,0,,0,0,0,0,0,0,0,0,0,,0
1004759,4,1,1,1,0,0,0,,0,0,0,0,0,0,4,0,0,,1
1013509,0,1,0,0,0,0,0,,0,0,0,0,0,0,0,0,0,,0
1010772,0,1,0,0,0,0,0,,0,0,0,0,0,0,0,0,0,,0
1013532,0,1,0,0,0,0,0,,0,0,0,0,0,0,0,0,0,,0
1015312,0,1,0,0,0,0,0,,0,0,0,0,0,0,0,0,0,,0
1010280,4,1,1,0,0,0,0,825.0,0,0,0,0,0,0,0,1,1,,1
1010282,3,1,1,1,1,0,0,,0,0,0,0,0,0,0,0,0,,1
1009615,0,1,0,0,0,0,0,,0,0,0,0,0,0,0,0,0,,0
1003451,0,1,0,0,0,0,0,,0,0,0,0,0,0,0,0,0,,0
1015859,4,2,1,1,1,0,0,,0,0,0,0,0,0,0,0,0,,1
1003275,0,0,0,0,0,0,0,,0,0,0,0,0,0,0,1,1,,1
1010901,4,2,1,1,0,0,0,,0,0,1,1,1,1,6,0,0,,1
1002853,3,0,1,0,0,0,0,,0,0,0,0,0,0,0,1,1,,1
1015300,0,1,0,0,0,0,0,,0,0,0,0,0,0,0,0,0,,0
1008669,0,1,0,0,0,0,0,,0,0,0,0,0,0,0,0,0,,0
1015731,4,2,1,1,1,0,0,2.0,0,0,1,1,1,1,6,1,1,,1
1000579,4,1,1,0,0,1,0,10.0,0,0,0,0,0,0,1,0,0,,1
1010169,4,0,1,0,0,0,0,,0,0,0,0,0,0,0,1,1,,1
1000343,0,1,0,0,0,0,0,,0,0,0,0,0,0,0,0,0,,0
1009809,0,1,0,0,0,0,0,,0,0,0,0,0,0,0,0,0,,0
1009967,0,1,0,0,0,0,0,,0,0,0,0,0,0,0,0,0,,0
1006738,4,0,1,0,0,0,0,,0,0,0,0,0,0,0,0,0,,1
1017046,0,1,0,0,0,0,0,,0,0,0,0,0,0,0,0,0,,1
1004716,0,1,0,0,0,0,0,,0,0,0,0,0,0,0,0,0,,0
1003523,0,1,0,0,0,0,0,,0,0,0,0,0,0,0,0,0,,0
1006091,4,2,1,1,1,1,1,,0,0,1,1,1,1,6,0,0,,1
1001667,0,1,0,0,0,0,0,,0,0,0,0,0,0,0,0,0,,0
1013493,4,1,1,0,0,0,0,,0,0,0,0,0,0,4,0,0,,1
1005488,4,2,1,0,0,0,0,,0,0,0,1,0,0,2,0,0,,1
1002138,0,1,0,0,0,0,0,,0,0,0,0,0,0,0,0,0,,0
1006277,4,2,1,0,1,0,0,12.0,1,1,0,1,0,0,3,0,0,,1
1005387,0,1,0,0,0,0,0,,0,0,0,0,0,0,0,0,0,,0
1014290,0,1,0,0,0,0,0,,0,0,0,0,0,0,0,0,0,,1
1003448,0,1,0,0,0,0,0,,0,0,0,0,0,0,0,0,0,,0
1015620,0,1,0,0,0,0,0,,0,0,0,0,0,0,0,0,0,,0
1007454,4,1,1,0,1,0,0,,0,0,0,0,0,0,0,1,1,,1
1016336,0,1,0,0,0,0,0,,0,0,0,0,0,0,0,0,0,,0
1013643,0,1,0,0,0,0,0,,0,0,0,0,0,0,0,0,0,,0
1009837,4,2,1,1,1,1,1,,0,0,0,0,0,0,0,0,0,,1
1008043,4,2,1,1,1,1,0,,0,0,0,0,0,0,0,0,0,,1
1008329,0,1,0,0,0,0,0,,0,0,0,0,0,0,0,0,0,,0
1011625,0,1,0,0,0,0,0,,0,0,0,0,0,0,0,0,0,,0
1003539,0,1,0,0,0,0,0,,0,0,0,0,0,0,0,0,0,,0
1012835,0,1,0,0,0,0,0,,0,0,0,0,0,0,0,0,0,,0
1001636,0,1,0,0,0,0,0,,0,0,0,0,0,0,0,0,0,,0
1002897,0,1,0,0,0,0,0,,0,0,0,0,0,0,0,0,0,,0
1016265,0,1,0,0,0,0,0,,0,0,0,0,0,0,0,0,0,,0
1014076,0,1,0,0,0,0,0,,0,0,0,0,0,0,0,0,0,,0
1002319,4,1,1,1,0,0,0,,0,0,0,0,0,0,0,1,1,,1
1016772,4,0,1,1,0,0,0,2.0,0,0,0,0,0,0,0,1,1,,1
1015392,4,2,1,1,1,1,0,,0,0,1,1,1,1,6,0,0,,1
1002447,0,1,0,0,0,0,0,,0,0,0,0,0,0,0,0,0,,0
1011488,0,1,0,0,0,0,0,,0,0,0,0,0,0,0,0,0,,0
1010259,4,2,1,1,0,0,0,1.0,0,0,0,0,0,0,5,0,0,,1
1013459,0,1,0,0,0,0,0,,0,0,0,0,0,0,0,0,0,,0
1009177,0,1,0,0,0,0,0,,0,0,0,0,0,0,0,0,0,,0
1008232,0,1,0,0,0,0,0,,0,0,0,0,0,0,0,0,0,,0
1001435,4,2,1,1,0,0,0,1.0,0,0,0,0,0,0,3,0,0,,1
1005608,0,1,0,0,0,0,0,,0,0,0,0,0,0,0,0,0,,0
1001349,0,1,0,0,0,0,0,,0,0,0,0,0,0,0,0,0,,1
1014218,4,1,1,1,0,0,0,,0,0,0,0,0,0,0,1,1,,1
1005035,0,1,0,0,0,0,0,,0,0,0,0,0,0,0,0,0,,0
1003553,0,1,0,0,0,0,0,,0,0,0,0,0,0,0,0,0,,1
1005754,0,1,0,0,0,0,0,,0,0,0,0,0,0,0,0,0,,0
1010071,4,2,1,1,1,1,0,,0,0,1,1,1,1,6,0,0,,1
1009534,0,1,0,0,0,0,0,,0,0,0,0,0,0,0,0,0,,0
1004500,0,1,0,0,0,0,0,,0,0,0,0,0,0,0,0,0,,0
1000821,0,1,0,0,0,0,0,,0,0,0,0,0,0,0,0,0,,0
1002686,4,1,1,0,1,0,0,10.0,0,0,0,0,0,0,0,0,0,,1
1011647,0,1,0,0,0,0,0,,0,0,0,0,0,0,0,0,0,,0
1002321,4,0,1,0,0,0,0,,0,0,0,0,0,0,0,1,1,,1
1007788,0,1,0,0,0,0,0,,0,0,0,0,0,0,0,0,0,,0
1011334,4,1,1,1,0,0,0,,0,0,0,0,0,0,0,1,1,,1
1006316,0,1,0,0,0,0,0,,0,0,0,0,0,0,0,0,0,,0
1012873,0,1,0,0,0,0,0,,0,0,0,0,0,0,0,0,0,,0
1011271,4,2,1,1,1,0,0,,0,0,0,0,0,0,0,0,0,,1
1013203,4,2,1,1,0,0,0,,0,0,0,0,0,0,0,0,0,,1
1004324,3,0,1,1,0,0,0,2.0,0,0,0,0,0,0,0,1,1,,1
1002825,0,1,0,0,0,0,0,,0,0,0,0,0,0,0,0,0,,0
1014407,0,1,0,0,0,0,0,,0,0,0,0,0,0,0,0,0,,0
1006284,4,1,1,1,0,0,0,,0,0,0,0,0,0,4,0,0,,1
1011176,0,0,0,0,0,0,0,,0,0,0,0,0,0,0,0,0,,1
1012029,0,1,0,0,0,0,0,,0,0,0,0,0,0,0,0,0,,0
1000206,0,1,0,0,0,0,0,,0,0,0,0,0,0,0,0,0,,0
1006657,0,1,0,0,0,0,0,,0,0,0,0,0,0,0,0,0,,1
1000981,0,1,0,0,0,0,0,,0,0,0,0,0,0,0,0,0,,0
1011729,0,1,0,0,0,0,0,,0,0,0,0,0,0,0,0,0,,0
1012874,0,1,0,0,0,0,0,,0,0,0,0,0,0,0,0,0,,0
1002176,0,1,0,0,0,0,0,,0,0,0,0,0,0,0,0,0,,1
1015667,0,1,0,0,0,0,0,,0,0,0,0,0,0,0,0,0,,0
1003209,0,1,0,0,0,0,0,,0,0,0,0,0,0,0,0,0,,0
1014362,0,1,0,0,0,0,0,,0,0,0,0,0,0,0,0,0,,0
1000723,0,1,0,0,0,0,0,,0,0,0,0,0,0,0,0,0,,0
1004413,0,0,0,0,0,0,0,,0,0,0,0,0,0,0,0,0,,1
1007200,0,1,0,0,0,0,0,,0,0,0,0,0,0,0,0,0,,0
1000818,4,2,1,1,0,0,0,1.0,0,0,0,0,0,0,3,0,0,,1
1014183,3,1,0,0,0,0,0,,0,0,0,1,0,0,1,0,0,,1
1015761,0,1,0,0,0,0,0,,0,0,0,0,0,0,0,0,0,,1
1015175,0,1,0,0,0,0,0,,0,0,0,0,0,0,0,0,0,,0
1003222,0,1,0,0,0,0,0,,0,0,0,0,0,0,0,0,0,,0
1000971,4,0,1,0,1,0,0,3.0,0,1,0,0,0,0,0,1,1,,1
1012203,0,1,0,0,0,0,0,,0,0,0,0,0,0,0,0,0,,0
1001595,0,1,0,0,0,0,0,,0,0,0,0,0,0,0,0,0,,0
1011110,0,1,0,0,0,0,0,,0,0,0,0,0,0,0,0,0,,0
1002668,0,1,0,0,0,0,0,,0,0,0,0,0,0,0,0,0,,0
1002828,0,1,0,0,0,0,0,,0,0,0,0,0,0,0,0,0,,0
1009305,4,2,1,1,0,0,0,6.0,0,0,1,1,1,1,6,0,0,,1
1002575,4,1,1,1,1,1,0,3.0,0,1,1,1,1,1,6,0,0,,1
1006474,4,2,1,0,0,0,1,,0,0,0,1,0,0,2,0,0,,1
1015021,0,1,0,0,0,0,0,,0,0,0,0,0,0,0,0,0,,0
1002007,0,1,0,0,0,0,0,,0,0,0,0,0,0,0,0,0,,0
1016557,4,2,1,1,0,0,0,20.0,0,0,0,0,0,0,0,0,0,,1
1011504,4,2,1,0,0,0,0,,0,0,0,1,0,0,2,0,0,,1
1006300,4,2,1,1,0,0,0,30.0,0,0,0,0,0,0,0,1,1,,1
1002509,0,1,0,0,0,0,0,,0,0,0,0,0,0,0,0,0,,1
1017033,4,2,1,1,1,1,0,,0,0,0,0,0,0,0,0,0,,1
1011227,4,2,1,1,1,1,0,,0,0,0,0,0,0,0,0,0,,1
1000433,4,2,1,1,1,0,0,,0,0,1,1,1,1,6,0,0,,1
1014521,0,1,0,0,0,0,0,,0,0,0,0,0,0,0,0,0,,0
1014789,4,2,1,0,1,0,0,,0,0,0,1,0,0,3,0,0,,1
1015881,0,1,0,0,0,0,0,,0,0,0,0,0,0,0,0,0,,1
1017055,0,1,0,0,0,0,0,,0,0,0,0,0,0,0,0,0,,0
1013055,0,1,0,0,0,0,0,,0,0,0,0,0,0,0,0,0,,0
1014714,0,1,0,0,0,0,0,,0,0,0,0,0,0,0,0,0,,0
1012866,4,2,1,1,1,0,0,,0,0,1,1,1,1,6,0,0,,1
1003912,0,1,0,0,0,0,0,,0,0,0,0,0,0,0,0,0,,0
1001910,0,1,0,0,0,0,0,,0,0,0,0,0,0,0,0,0,,0
1010573,4,2,1,1,1,0,0,9.0,0,0,0,0,0,0,4,0,0,,1
1009040,0,1,0,0,0,0,0,,0,0,0,0,0,0,0,0,0,,0
1006050,0,1,0,0,0,0,0,,0,0,0,0,0,0,0,0,0,,0
1012937,0,1,0,0,0,0,0,,0,0,0,0,0,0,0,0,0,,1
1004176,0,1,0,0,0,0,0,,0,0,0,0,0,0,0,0,0,,0
1004312,0,1,0,0,0,0,0,,0,0,0,0,0,0,0,0,0,,1
1016714,0,1,0,0,0,0,0,,0,0,0,0,0,0,0,0,0,,1
1000252,0,1,0,0,0,0,0,,0,0,0,0,0,0,0,0,0,,0
1006454,0,1,0,0,0,0,0,,0,0,0,0,0,0,0,0,0,,0
1006838,0,1,0,0,0,0,0,,0,0,0,0,0,0,0,0,0,,1
1001643,4,2,1,1,0,0,0,3.0,0,0,0,1,0,0,2,0,0,,1
1009043,0,1,0,0,0,0,0,,0,0,0,0,0,0,0,0,0,,0
1017040,4,1,1,0,0,0,0,3.0,0,0,0,1,0,0,2,0,0,,1
1014064,0,1,0,0,0,0,0,,0,0,0,0,0,0,0,0,0,,1
1002281,0,1,0,0,0,0,0,,0,0,0,0,0,0,0,0,0,,0
1005366,0,1,0,0,0,0,0,,0,0,0,0,0,0,0,0,0,,0
1001467,0,1,0,0,0,0,0,,0,0,0,0,0,0,0,0,0,,0
1002068,4,2,1,1,0,0,0,12.0,0,0,0,0,0,0,2,0,0,,1
1011186,4,2,1,1,1,1,0,,0,0,0,1,0,0,5,0,0,,1
1007282,0,1,0,0,0,0,0,,0,0,0,0,0,0,0,0,0,,0
1008488,4,2,1,1,0,0,0,,0,0,1,1,1,1,6,0,0,,1
1008969,0,1,0,0,0,0,0,,0,0,0,0,0,0,0,0,0,,0
1016075,0,1,0,0,0,0,0,,0,0,0,0,0,0,0,0,0,,1
1001986,0,1,0,0,0,0,0,,0,0,0,0,0,0,0,0,0,,0
1015211,0,1,0,0,0,0,0,,0,0,0,0,0,0,0,0,0,,0
1010323,0,1,0,0,0,0,0,,0,0,0,0,0,0,0,0,0,,1
1010191,4,2,1,1,1,1,0,,0,0,0,1,1,1,4,0,0,,1
1004890,0,1,0,0,0,0,0,,0,0,0,0,0,0,0,0,0,,1
1001036,0,1,0,0,0,0,0,,0,0,0,0,0,0,0,0,0,,0
1008168,0,1,0,0,0,0,0,,0,0,0,0,0,0,0,0,0,,0
1003713,0,1,0,0,0,0,0,,0,0,0,0,0,0,0,0,0,,1
1010581,4,2,1,1,1,0,0,,0,0,0,1,0,0,2,0,0,,1
1013436,0,1,0,0,0,0,0,,0,0,0,0,0,0,0,0,0,,0
1001922,0,1,0,0,0,0,0,,0,0,0,0,0,0,0,0,0,,0
1010119,0,1,0,0,0,0,0,,0,0,0,0,0,0,0,0,0,,0
1012609,4,2,1,1,0,0,0,2.0,0,0,0,0,0,0,0,0,0,,1
1001087,4,2,1,0,0,0,0,,0,1,0,0,0,0,0,0,0,,1
1012596,0,1,0,0,0,0,0,,0,0,0,0,0,0,0,0,0,,0
1005634,0,1,0,0,0,0,0,,0,0,0,0,0,0,0,0,0,,0
1002938,0,1,0,0,0,0,0,,0,0,0,0,0,0,0,0,0,,0
1017461,4,2,1,1,1,0,0,,0,0,0,0,0,0,0,0,0,,1
1015894,4,0,1,0,1,0,0,,0,0,0,0,0,0,0,1,1,,1
1006166,0,1,0,0,0,0,0,,0,0,0,0,0,0,0,0,0,,0
1001494,4,1,1,0,1,0,0,,0,0,0,0,0,0,0,1,1,,1
1012168,0,0,0,0,0,0,0,,0,0,0,0,0,0,1,1,5,,1
1013921,0,1,0,0,0,0,0,,0,0,0,0,0,0,0,0,0,,1
1014747,0,1,0,0,0,0,0,,0,0,0,0,0,0,0,0,0,,1
1017504,0,1,0,0,0,0,0,,0,0,0,0,0,0,0,0,0,,0
1000766,0,1,0,0,0,0,0,,0,0,0,0,0,0,0,0,0,,0
1015603,0,1,0,0,0,0,0,,0,0,0,0,0,0,0,0,0,,0
1001089,0,0,0,0,0,0,0,,0,0,0,1,0,0,2,0,0,,1
1005838,0,1,0,0,0,0,0,,0,0,0,0,0,0,0,0,0,,1
1004334,0,1,0,0,0,0,0,,0,0,0,0,0,0,0,0,0,,0
1014810,4,2,1,1,1,0,0,,0,0,0,1,1,1,4,0,0,,1
1003211,0,1,0,0,0,0,0,,0,0,0,0,0,0,0,0,0,,0
1008173,0,1,0,0,0,0,0,,0,0,0,0,0,0,0,0,0,,0
1010439,0,1,0,0,0,0,0,,0,0,0,0,0,0,0,0,0,,0
1002064,0,1,0,0,0,0,0,,0,0,0,0,0,0,0,0,0,,0
1003325,4,0,1,0,0,0,0,,0,0,0,0,0,0,1,0,0,,1
1011213,0,1,0,0,0,0,0,,0,0,0,0,0,0,0,0,0,,0
1015291,4,2,1,1,1,1,0,3.0,0,0,0,0,0,0,0,0,0,,1
1010974,0,1,0,0,0,0,0,,0,0,0,0,0,0,0,0,0,,0
1014955,4,2,1,1,1,1,0,3.0,0,0,1,1,1,1,5,0,0,,1
1000312,4,2,1,1,0,0,0,728.0,0,0,1,1,1,1,6,0,0,,1
1005219,0,1,0,0,0,0,0,,0,0,0,0,0,0,0,0,0,,0
1007217,0,1,0,0,0,0,0,,0,0,0,0,0,0,0,0,0,,0
1015542,0,1,0,0,0,0,0,,0,0,0,0,0,0,0,0,0,,0
1005274,0,1,0,0,0,0,0,,0,0,0,0,0,0,0,0,0,,0
1008316,0,1,0,0,0,0,0,,0,0,0,0,0,0,0,0,0,,0
1006180,4,1,1,1,0,0,0,,0,0,0,0,0,0,0,1,1,,1
1015463,0,1,0,0,0,0,0,,0,0,0,0,0,0,0,0,0,,0
1003905,4,1,1,0,0,0,0,1.0,0,1,1,1,0,0,3,0,0,,1
1008760,4,2,1,0,0,0,0,,0,0,0,1,0,0,2,0,0,,1
1013170,0,1,0,0,0,0,0,,0,0,0,0,0,0,0,0,0,,0
1006156,0,1,0,0,0,0,0,,0,0,0,0,0,0,0,0,0,,0
1008422,0,1,0,0,0,0,0,,0,0,0,0,0,0,0,0,0,,0
1006142,0,1,0,0,0,0,0,,0,0,0,0,0,0,0,0,0,,0
1010287,0,1,0,0,0,0,0,,0,0,0,0,0,0,0,0,0,,0
1009461,4,2,1,1,0,0,0,10.0,0,1,1,1,1,1,6,0,0,,1
1013748,0,1,0,0,0,0,0,,0,0,0,0,0,0,0,0,0,,1
1017570,4,2,1,1,0,0,0,6.0,0,0,0,1,0,0,2,0,0,,1
1008286,0,1,0,0,0,0,0,,0,0,0,0,0,0,0,0,0,,0
1012453,4,2,1,1,0,0,0,1.0,0,0,0,0,0,0,3,0,0,,1
1015999,0,1,0,0,0,0,0,,0,0,0,0,0,0,0,0,0,,0
1014266,4,2,1,0,0,0,0,10.0,0,0,0,0,0,0,1,0,0,,1
1016891,0,1,0,0,0,0,0,,0,0,0,0,0,0,0,0,0,,1
1000155,0,1,0,0,0,0,0,,0,0,0,0,0,0,0,0,0,,0
1006567,0,1,0,0,0,0,0,,0,0,0,0,0,0,0,0,0,,1
1017367,4,2,1,1,1,0,0,,0,1,1,1,1,1,6,0,0,,1
1002136,4,2,1,0,0,0,0,,0,0,1,1,1,1,6,0,0,,1
1012558,0,1,0,0,0,0,0,,0,0,0,0,0,0,0,0,0,,0
1013498,4,2,1,0,0,0,0,,0,0,1,1,0,0,3,0,0,,1
1008268,0,1,0,0,0,0,0,,0,0,0,0,0,0,0,0,0,,0
1005389,4,1,1,0,0,0,1,,0,0,0,1,0,0,2,0,0,,1
1004908,0,1,0,0,0,0,0,,0,0,0,0,0,0,0,0,0,,1
1002657,0,1,0,0,0,0,0,,0,0,0,0,0,0,0,0,0,,0
1015708,0,1,0,0,0,0,0,,0,0,0,0,0,0,0,0,0,,0
1016176,0,0,0,0,0,0,0,,0,0,0,0,0,0,0,0,0,,1
1008912,0,1,0,0,0,0,0,,0,0,0,0,0,0,0,0,0,,1
1009974,0,1,0,0,0,0,0,,0,0,0,0,0,0,0,0,0,,0
1002021,0,1,0,0,0,0,0,,0,0,0,0,0,0,0,0,0,,0
1011376,0,1,0,0,0,0,0,,0,0,0,0,0,0,0,0,0,,1
1005050,0,1,0,0,0,0,0,,0,0,0,0,0,0,0,0,0,,0
1010170,0,1,0,0,0,0,0,,0,0,0,0,0,0,0,0,0,,0
1000016,0,1,0,0,0,0,0,,0,0,0,0,0,0,0,0,0,,1
1007824,0,0,0,0,0,0,0,,0,0,0,0,0,0,0,0,0,,1
1008850,0,1,0,0,0,0,0,,0,0,0,0,0,0,0,0,0,,0
1013415,0,1,0,0,0,0,0,,0,0,0,0,0,0,0,0,0,,0
1006757,0,1,0,0,0,0,0,,0,0,0,0,0,0,0,0,0,,0
1010356,0,0,0,0,0,0,0,,0,0,0,0,0,0,0,1,1,,1
1008163,4,2,1,0,1,1,0,,0,0,0,1,1,1,5,0,0,,1
1009330,0,1,0,0,0,0,0,,0,0,0,0,0,0,0,0,0,,0
1000118,0,1,0,0,0,0,0,,0,0,0,0,0,0,0,0,0,,1
1009690,4,2,1,1,1,0,0,1.0,0,0,0,0,0,0,0,0,0,,1
1015099,0,1,0,0,0,0,0,,0,0,0,0,0,0,0,0,0,,0
1005980,4,2,1,1,0,0,1,,0,0,0,1,1,1,4,0,0,,1
1004418,0,1,0,0,0,0,0,,0,0,0,0,0,0,0,0,0,,0
1013112,0,1,0,0,0,0,0,,0,0,0,0,0,0,0,0,0,,0
1011518,0,1,0,0,0,0,0,,0,0,0,0,0,0,0,0,0,,0
1002338,4,2,1,1,1,0,0,,0,1,1,1,1,1,6,0,0,,1
1008013,4,1,1,0,0,0,0,10.0,0,0,0,0,0,0,6,0,0,,1
1012082,0,1,0,0,0,0,0,,0,0,0,0,0,0,0,0,0,,0
1012320,0,1,0,0,0,0,0,,0,0,0,0,0,0,0,0,0,,0
1017322,0,1,0,0,0,0,0,,0,0,0,0,0,0,0,0,0,,0
1012859,0,1,0,0,0,0,0,,0,0,0,0,0,0,0,0,0,,0
1003095,0,1,0,0,0,0,0,,0,0,0,0,0,0,0,0,0,,0
1001750,0,1,0,0,0,0,0,,0,0,0,0,0,0,0,0,0,,0
1016037,0,1,0,0,0,0,0,,0,0,0,0,0,0,0,0,0,,1
1010055,0,1,0,0,0,0,0,,0,0,0,0,0,0,0,0,0,,0
1011145,4,1,1,0,0,0,0,,0,0,0,1,0,0,2,0,0,,1
1006497,4,2,1,1,0,0,0,2.0,0,0,1,1,0,0,3,0,0,,1
1002233,0,1,0,0,0,0,0,,0,0,0,0,0,0,0,0,0,,0
1002674,4,0,1,0,0,0,0,2.0,0,0,0,0,0,0,0,0,0,,1
1013478,4,1,1,1,1,0,0,3.0,0,0,0,0,0,0,0,1,1,,1
1009853,0,1,0,0,0,0,0,,0,0,0,0,0,0,0,0,0,,0
1016376,0,1,0,0,0,0,0,,0,0,0,0,0,0,0,0,0,,0
1000037,0,1,0,0,0,0,0,,0,0,0,0,0,0,0,0,0,,0
1001913,0,1,0,0,0,0,0,,0,0,0,0,0,0,0,0,0,,0
1015050,4,2,1,1,1,1,0,3.0,0,1,0,0,0,0,0,0,0,,1
1004249,0,1,0,0,0,0,0,,0,0,0,0,0,0,0,0,0,,0
1013866,4,2,1,1,0,0,0,1293.0,0,0,1,1,1,1,5,0,0,,1
1000869,0,1,0,0,0,0,0,,0,0,0,0,0,0,0,0,0,,0
1004125,0,1,0,0,0,0,0,,0,0,0,0,0,0,0,0,0,,1
1007320,4,1,1,0,0,0,0,1.0,0,0,0,0,0,0,2,0,0,,1
1014928,0,1,0,0,0,0,0,,0,0,0,0,0,0,0,0,0,,0
1014567,0,1,0,0,0,0,0,,0,0,0,0,0,0,0,0,0,,0
1006892,4,2,1,1,1,0,0,,0,0,1,1,1,1,6,0,0,,1
1014716,0,1,0,0,0,0,0,,0,0,0,0,0,0,0,0,0,,0
1017181,4,2,1,1,0,0,0,,0,0,0,0,0,0,0,0,0,,1
1016684,4,2,1,1,1,1,0,4.0,0,0,1,1,1,1,6,0,0,,1
1005741,4,2,1,1,0,0,0,2080.0,0,0,0,0,0,0,0,0,0,,1
1014460,4,2,1,1,1,1,0,,0,0,0,0,0,0,0,0,0,,1
1000721,4,2,1,1,1,0,0,,0,0,0,0,0,0,3,0,0,,1
1010814,0,1,0,0,0,0,0,,0,0,0,0,0,0,0,0,0,,0
1010225,4,0,1,0,0,0,0,,0,0,1,1,0,1,7,0,0,,1
1003241,0,1,0,0,0,0,0,,0,0,0,0,0,0,0,0,0,,0
1015041,0,1,0,0,0,0,0,,0,0,0,0,0,0,0,0,0,,0
1013129,0,1,0,0,0,0,0,,0,0,0,0,0,0,0,0,0,,0
1011555,0,1,0,0,0,0,0,,0,0,0,0,0,0,0,0,0,,0
1016250,0,1,0,0,0,0,0,,0,0,0,0,0,0,0,0,0,,0
1017038,0,1,0,0,0,0,0,,0,0,0,0,0,0,0,0,0,,0
1013374,0,1,0,0,0,0,0,,0,0,0,0,0,0,0,0,0,,0
1010770,0,1,0,0,0,0,0,,0,0,0,0,0,0,0,0,0,,0
1012588,0,1,0,0,0,0,0,,0,0,0,0,0,0,0,0,0,,1
1012106,0,1,0,0,0,0,0,,0,0,0,0,0,0,0,0,0,,0
1006909,4,2,1,1,1,0,1,2.0,0,0,0,0,0,0,4,0,0,,1
1012597,0,1,0,0,0,0,0,,0,0,0,0,0,0,0,0,0,,0
1013763,0,1,0,0,0,0,0,,0,0,0,0,0,0,0,0,0,,0
1014967,4,1,1,0,0,0,0,,0,0,0,1,0,0,2,0,0,,1
1009166,0,1,0,0,0,0,0,,0,0,0,0,0,0,0,0,0,,0
1014428,4,2,1,1,1,1,0,,0,0,0,1,0,1,3,0,0,,1
1016498,0,1,0,0,0,0,0,,0,0,0,0,0,0,0,0,0,,0
1016745,4,2,1,0,0,0,0,,0,0,0,0,0,0,0,0,0,,1
1007431,0,1,0,0,0,0,0,,0,0,0,0,0,0,0,0,0,,0
1012575,0,1,0,0,0,0,0,,0,0,0,0,0,0,0,0,0,,0
1016159,0,1,0,0,0,0,0,,0,0,0,0,0,0,0,0,0,,0
1014122,0,1,0,0,0,0,0,,0,0,0,0,0,0,0,0,0,,1
1007995,0,1,0,0,0,0,0,,0,0,0,0,0,0,0,0,0,,1
1012892,0,1,0,0,0,0,0,,0,0,0,0,0,0,0,0,0,,1
1008334,4,2,1,1,0,0,0,,0,0,0,1,0,0,3,0,0,,1
1001071,4,1,1,0,0,0,1,,0,0,0,1,0,0,2,0,0,,1
1015141,4,2,1,0,0,0,0,1.0,0,0,0,1,0,0,2,0,0,,1
1005245,0,1,0,0,0,0,0,,0,0,0,0,0,0,0,0,0,,0
1010713,4,1,1,1,0,0,0,1.0,0,0,0,0,0,0,0,1,1,,1
1017191,0,1,0,0,0,0,0,,0,0,0,0,0,0,0,0,0,,0
1013250,0,1,0,0,0,0,0,,0,0,0,0,0,0,0,0,0,,0
1001820,0,1,0,0,0,0,0,,0,0,0,0,0,0,0,0,0,,0
1007817,0,1,0,0,0,0,0,,0,0,0,0,0,0,0,0,0,,1
1008999,0,1,0,0,0,0,0,,0,0,0,0,0,0,0,0,0,,1
1009352,4,0,1,0,0,0,0,,0,0,0,0,0,0,0,1,1,,1
1000362,0,1,0,0,0,0,0,,0,0,0,0,0,0,0,0,0,,0
1016277,0,1,0,0,0,0,0,,0,0,0,0,0,0,0,0,0,,0
1011879,0,1,0,0,0,0,0,,0,0,0,0,0,0,0,0,0,,0
1013629,4,2,1,1,1,0,0,,0,0,0,0,0,0,0,0,0,,1
1000657,0,1,0,0,0,0,0,,0,0,0,0,0,0,0,0,0,,0
1010412,0,1,0,0,0,0,0,,0,0,0,0,0,0,0,0,0,,0
1013717,0,1,0,0,0,0,0,,0,0,0,0,0,0,0,0,0,,0
1017374,0,1,0,0,0,0,0,,0,0,0,0,0,0,0,0,0,,0
1003340,4,1,1,0,0,0,0,12.0,0,0,0,1,0,0,1,0,0,,1
1011031,0,1,0,0,0,0,0,,0,0,0,0,0,0,0,0,0,,1
1007484,0,1,0,0,0,0,0,,0,0,0,0,0,0,0,0,0,,0
1017390,0,1,0,0,0,0,0,,0,0,0,0,0,0,0,0,0,,0
1016715,0,1,0,0,0,0,0,,0,0,0,0,0,0,0,0,0,,0
1016509,0,1,0,0,0,0,0,,0,0,0,0,0,0,0,0,0,,1
1011708,4,2,1,0,0,0,1,,0,0,0,1,0,0,2,0,0,,1
1015643,0,1,0,0,0,0,0,,0,0,0,0,0,0,0,0,0,,0
1013996,4,2,1,1,1,1,0,,0,1,0,0,0,0,0,0,0,,1
1016120,0,1,0,0,0,0,0,,0,0,0,0,0,0,0,0,0,,0
1016753,0,1,0,0,0,0,0,,0,0,0,0,0,0,0,0,0,,0
1013805,0,1,0,0,0,0,0,,0,0,0,0,0,0,0,0,0,,0
1016677,4,2,1,0,0,0,0,,0,0,0,1,0,0,2,0,0,,1
1007180,4,2,1,1,1,0,0,12.0,0,0,0,0,0,0,0,0,0,,1
1001816,0,1,0,0,0,0,0,,0,0,0,0,0,0,0,0,0,,0
1007855,0,1,0,0,0,0,0,,0,0,0,0,0,0,0,0,0,,0
1000335,0,1,1,0,0,1,0,2.0,0,1,1,1,1,1,6,0,0,,1
1001852,0,1,0,0,0,0,0,,0,0,0,0,0,0,0,0,0,,0
1011910,4,0,1,1,0,0,0,12.0,0,0,0,1,0,0,1,0,0,,1
1003106,0,1,0,0,0,0,0,,0,0,0,0,0,0,0,0,0,,0
1006842,0,1,0,0,0,0,0,,0,0,0,0,0,0,0,0,0,,0
1016853,0,1,0,0,0,0,0,,0,0,0,0,0,0,0,0,0,,0
1001882,0,1,0,0,0,0,0,,0,0,0,0,0,0,0,0,0,,0
1011338,4,2,1,0,0,1,0,,0,1,0,1,0,0,2,0,0,,1
1007656,0,1,0,0,0,0,0,,0,0,0,0,0,0,0,0,0,,1
1016975,0,1,0,0,0,0,0,,0,0,0,0,0,0,0,0,0,,0
1004429,0,1,0,0,0,0,0,,0,0,0,0,0,0,0,0,0,,1
1006121,0,1,0,0,0,0,0,,0,0,0,0,0,0,0,0,0,,1
1005751,0,1,0,0,0,0,0,,0,0,0,0,0,0,0,0,0,,0
1008344,4,2,1,0,0,0,0,,0,0,1,1,1,0,4,0,0,,1
1009322,0,1,0,0,0,0,0,,0,0,0,0,0,0,0,0,0,,0
1003886,0,1,0,0,0,0,0,,0,0,0,0,0,0,0,0,0,,0
1013043,0,1,0,0,0,0,0,,0,0,0,0,0,0,0,0,0,,1
1004255,0,1,0,0,0,0,0,,0,0,0,0,0,0,0,0,0,,0
1010200,0,1,0,0,0,0,0,,0,0,0,0,0,0,0,0,0,,1
1005507,0,1,0,0,0,0,0,,0,0,0,0,0,0,0,0,0,,0
1015280,4,2,1,1,1,0,0,,0,0,0,1,0,0,2,0,0,,1
1007551,0,1,0,0,0,0,0,,0,0,0,0,0,0,0,0,0,,0
1010184,0,1,0,0,0,0,0,,0,0,0,0,0,0,0,0,0,,0
1012501,0,1,0,0,0,0,0,,0,0,0,0,0,0,0,0,0,,0
1002356,0,1,0,0,0,0,0,,0,0,0,0,0,0,0,0,0,,0
1015018,0,1,0,0,0,0,0,,0,0,0,0,0,0,0,0,0,,0
1012002,4,1,1,0,0,0,0,,0,0,0,0,0,0,1,0,0,,1
1002165,0,0,0,0,0,0,0,,0,0,0,0,0,0,0,0,0,,1
1004946,0,1,0,0,0,0,0,,0,0,0,0,0,0,0,0,0,,0
1012174,4,2,1,0,0,0,1,,0,0,1,1,0,0,3,0,0,,1
1005937,4,2,1,1,0,0,0,,0,1,1,1,1,1,6,0,0,,1
1016564,0,1,0,0,0,0,0,,0,0,0,0,0,0,0,0,0,,0
1016644,4,2,1,0,0,0,1,,0,0,0,1,0,0,2,0,0,,1
1004268,0,1,0,0,0,0,0,,0,0,0,0,0,0,0,0,0,,1
1003928,0,1,0,0,0,0,0,,0,0,0,0,0,0,0,0,0,,1
1002045,4,1,1,1,1,1,1,2.0,0,1,1,1,1,1,5,0,0,,1
1006490,0,1,0,0,0,0,0,,0,0,0,0,0,0,0,0,0,,1
1004690,0,0,0,0,0,0,0,,0,0,0,0,0,0,0,0,0,,1
1000293,0,1,0,0,0,0,0,,0,0,0,0,0,0,0,0,0,,0
1001255,0,1,0,0,0,0,0,,0,0,0,0,0,0,0,0,0,,0
1010864,4,2,1,0,0,0,0,,0,0,0,0,0,0,1,0,0,,1
1004409,4,0,1,0,1,0,0,763.0,0,0,0,0,0,0,0,1,1,,1
1015155,4,2,1,0,0,0,0,,0,0,0,0,0,0,6,0,0,,1
1000411,0,1,0,0,0,0,0,,0,0,0,0,0,0,0,0,0,,0
1006037,0,1,0,0,0,0,0,,0,0,0,0,0,0,0,0,0,,0
1005769,0,1,0,0,0,0,0,,0,0,0,0,0,0,0,0,0,,1
1012577,4,0,1,0,0,0,0,,0,0,0,0,0,0,0,1,1,,1
1016096,4,2,1,0,0,0,0,,0,0,0,0,0,0,3,0,0,,1
1006332,0,1,0,0,0,0,0,,0,0,0,0,0,0,0,0,0,,0
1004611,0,1,0,0,0,0,0,,0,0,0,0,0,0,0,0,0,,0
1004388,4,2,1,1,0,0,0,,0,0,1,1,0,0,3,0,0,,1
1002119,4,2,1,1,1,0,0,2.0,0,0,0,1,0,0,2,0,0,,1
1016205,0,1,0,0,0,0,0,,0,0,0,0,0,0,0,0,0,,0
1004729,0,1,0,0,0,0,0,,0,0,0,0,0,0,0,0,0,,0
1004164,0,1,0,0,0,0,0,,0,0,0,0,0,0,0,0,0,,0
1007980,0,1,0,0,0,0,0,,0,0,0,0,0,0,0,0,0,,0
1011449,0,1,0,0,0,0,0,,0,0,0,0,0,0,0,0,0,,0
1002750,0,1,0,0,0,0,0,,0,0,0,0,0,0,0,0,0,,0
1000718,4,2,1,1,1,1,0,,0,0,0,0,0,0,0,0,0,,1
1004252,4,1,1,0,1,0,0,2.0,0,0,0,0,0,0,0,0,0,,1
1010759,0,1,0,0,0,0,0,,0,0,0,0,0,0,0,0,0,,0
1002460,0,1,0,0,0,0,0,,0,0,0,0,0,0,0,0,0,,0
1009542,0,1,0,0,0,0,0,,0,0,0,0,0,0,0,0,0,,0
1010622,0,1,0,0,0,0,0,,0,0,0,0,0,0,0,0,0,,0
1011842,4,1,1,0,0,0,0,2.0,0,0,0,1,0,0,2,0,0,,1
1002362,0,1,0,0,0,0,0,,0,0,0,0,0,0,0,0,0,,1
1003286,0,1,1,0,0,1,0,1.0,0,0,0,0,0,0,4,0,0,,1
1004104,0,1,0,0,0,0,0,,0,0,0,0,0,0,0,0,0,,1
1007568,0,1,0,0,0,0,0,,0,0,0,0,0,0,0,0,0,,1
1003125,0,1,0,0,0,0,0,,0,0,0,0,0,0,0,0,0,,1
1013058,4,2,1,1,0,0,0,,0,0,1,1,1,1,6,0,0,,1
1006122,4,2,1,1,1,0,0,,0,0,0,0,0,0,0,0,0,,1
1004699,0,0,1,0,0,0,1,,0,0,0,0,0,0,0,1,1,,1
1004481,0,1,0,0,0,0,0,,0,0,0,0,0,0,0,0,0,,0
1014024,0,1,0,0,0,0,0,,0,0,0,0,0,0,0,0,0,,1
1001334,0,1,0,0,0,0,0,,0,0,0,0,0,0,0,0,0,,0
1010996,4,2,1,1,1,0,0,3.0,0,0,1,1,1,1,6,0,0,,1
1001132,0,1,0,0,0,0,0,,0,0,0,0,0,0,0,0,0,,0
1009445,4,2,1,1,0,0,0,,0,0,0,0,0,0,5,0,0,,1
1009798,0,1,0,0,0,0,0,,0,0,0,0,0,0,0,0,0,,0
1015803,0,0,0,0,0,0,0,,0,0,0,0,0,0,0,0,1,,1
1008677,0,1,0,0,0,0,0,,0,0,0,0,0,0,0,0,0,,0
1000608,0,1,0,0,0,0,0,,0,0,0,0,0,0,0,0,0,,0
1009500,0,1,0,0,0,0,0,,0,0,0,0,0,0,0,0,0,,0
1004710,0,1,0,0,0,0,0,,0,0,0,0,0,0,0,0,0,,1
1006406,4,2,1,1,1,0,0,,0,0,1,1,1,1,5,0,0,,1
1014496,0,1,0,0,0,0,0,,0,0,0,0,0,0,0,0,0,,1
1015567,0,1,0,0,0,0,0,,0,0,0,0,0,0,0,0,0,,0
1012220,4,2,1,1,1,0,0,,0,0,0,0,0,0,0,0,0,,1
1011256,4,1,1,1,1,1,0,14.0,0,0,1,1,1,1,5,0,0,,1
1008256,4,2,1,1,1,0,0,,0,0,0,0,0,0,0,0,0,,1
1012571,4,2,1,1,0,0,0,10.0,0,1,0,1,1,0,3,0,0,,1
1015978,0,1,0,0,0,0,0,,0,0,0,0,0,0,0,0,0,,0
1016173,0,1,0,0,0,0,0,,0,0,0,0,0,0,0,0,0,,0
1008779,0,1,0,0,0,0,0,,0,0,0,0,0,0,0,0,0,,0
1000461,0,1,0,0,0,0,0,,0,0,0,0,0,0,0,0,0,,0
1017094,0,1,0,0,0,0,0,,0,0,0,0,0,0,0,0,0,,0
1015010,0,1,0,0,0,0,0,,0,0,0,0,0,0,0,0,0,,0
1013454,4,0,1,1,1,1,0,,0,0,0,0,0,0,0,1,1,,1
1016578,0,1,0,0,0,0,0,,0,0,0,0,0,0,0,0,0,,0
1008206,0,0,0,0,0,0,0,,0,0,0,0,0,0,0,0,0,,1
1015868,4,2,1,1,1,0,0,2.0,0,0,1,1,0,0,3,0,0,,1
1004893,4,2,1,1,1,0,0,,0,0,0,0,0,0,3,0,0,,1
1009404,0,1,0,0,0,0,0,,0,0,0,0,0,0,0,0,0,,1
1000154,0,1,0,0,0,0,0,,0,0,0,0,0,0,0,0,0,,0
1007252,0,1,0,0,0,0,0,,0,0,0,0,0,0,0,0,0,,0
1002008,4,2,1,0,0,0,0,,0,0,0,1,0,0,2,0,0,,1
1007586,0,1,0,0,0,0,0,,0,0,0,0,0,0,0,0,0,,0
1013660,0,1,0,0,0,0,0,,0,0,0,0,0,0,0,0,0,,0
1004239,0,1,0,0,0,0,0,,0,0,0,0,0,0,0,0,0,,1
1004635,0,1,0,0,0,0,0,,0,0,0,0,0,0,0,0,0,,0
1011380,0,1,0,0,0,0,0,,0,0,0,0,0,0,0,0,0,,1
1016771,4,1,1,1,0,0,0,,0,0,0,0,0,0,0,1,1,,1
1012313,0,0,1,0,0,0,1,,0,0,0,0,0,0,0,0,1,,1
1014182,0,1,0,0,0,0,0,,0,0,0,0,0,0,0,0,0,,0
1002348,4,1,1,1,0,0,0,,0,1,1,1,1,1,6,1,1,,1
1012519,4,2,1,0,0,0,0,,0,0,0,0,0,0,0,0,0,,1
1006480,4,2,1,0,1,0,0,12.0,0,0,0,1,0,0,2,0,0,,1
1000143,0,1,0,0,0,0,0,,0,0,0,0,0,0,0,0,0,,1
1008576,4,2,1,1,0,0,0,2.0,0,1,1,1,1,1,5,0,0,,1
1014949,0,1,0,0,0,0,0,,0,0,0,0,0,0,0,0,0,,0
1011611,0,1,0,0,0,0,0,,0,0,0,0,0,0,0,0,0,,0
1007607,4,2,1,0,0,0,1,,0,0,0,1,0,0,2,0,0,,1
1003887,0,1,0,0,0,0,0,,0,0,0,0,0,0,0,0,0,,0
1010811,0,1,0,0,0,0,0,,0,0,0,0,0,0,0,0,0,,0
1007539,4,2,1,1,1,0,0,,0,0,1,1,1,1,6,1,1,,1
1003103,0,1,0,0,0,0,0,,0,0,0,0,0,0,0,0,0,,0
1007890,0,1,0,0,0,0,0,,0,0,0,0,0,0,0,0,0,,0
1004158,0,1,0,0,0,0,0,,0,0,0,0,0,0,0,0,0,,0
1004746,4,2,1,0,0,0,0,,0,0,0,0,0,0,0,0,0,,1
1005881,0,1,0,0,0,0,0,,0,0,0,0,0,0,0,0,0,,0
1002307,4,2,1,1,1,0,0,,0,0,1,1,1,1,6,0,0,,1
1007126,0,1,0,0,0,0,0,,0,0,0,0,0,0,0,0,0,,0
1014620,0,1,0,0,0,0,0,,0,0,0,0,0,0,0,0,0,,0
1001896,4,2,1,0,1,0,1,,0,0,0,1,0,1,3,1,1,,1
1015494,0,1,0,0,0,0,0,,0,0,0,0,0,0,0,0,0,,0
1003852,4,2,1,1,1,1,1,,0,0,0,0,0,0,9,0,0,,1
1004709,0,1,0,0,0,0,0,,0,0,0,0,0,0,0,0,0,,0
1001126,0,1,0,0,0,0,0,,0,0,0,0,0,0,0,0,0,,0
1009114,0,1,0,0,0,0,0,,0,0,0,0,0,0,0,0,0,,0
1017193,4,1,1,0,0,0,0,12.0,0,1,0,0,0,0,2,0,0,,1
1013707,0,1,0,0,0,0,0,,0,0,0,0,0,0,0,0,0,,0
1016777,0,1,0,0,0,0,0,,0,0,0,0,0,0,0,0,0,,0
1000450,0,1,0,0,0,0,0,,0,0,0,0,0,0,0,0,0,,1
1009498,0,1,0,0,0,0,0,,0,0,0,0,0,0,0,0,0,,0
1016544,0,1,0,0,0,0,0,,0,0,0,0,0,0,0,0,0,,1
1012196,4,2,1,0,0,0,0,,0,0,0,1,0,1,3,0,0,,1
1003899,0,1,0,0,0,0,0,,0,0,0,0,0,0,0,0,0,,1
1014741,0,1,0,0,0,0,0,,0,0,0,0,0,0,0,0,0,,1
1005878,0,1,0,0,0,0,0,,0,0,0,0,0,0,0,0,0,,0
1005263,0,1,0,0,0,0,0,,0,0,0,0,0,0,0,0,0,,1
1003861,0,1,0,0,0,0,0,,0,0,0,0,0,0,0,0,0,,1
1006074,0,0,0,0,0,0,0,,0,0,0,0,0,0,0,0,0,,1
1001359,0,1,0,0,0,0,0,,0,0,0,0,0,0,0,0,0,,0
1014807,4,2,1,1,1,1,0,,0,1,1,1,1,1,6,0,0,,1
1008595,0,1,0,0,0,0,0,,0,0,0,0,0,0,0,0,0,,1
1011978,0,1,0,0,0,0,0,,0,0,0,0,0,0,0,0,0,,0
1002214,0,1,0,0,0,0,0,,0,0,0,0,0,0,0,0,0,,0
1009000,0,1,0,0,0,0,0,,0,0,0,0,0,0,0,0,0,,0
1014379,0,1,0,0,0,0,0,,0,0,0,0,0,0,0,0,0,,0
1009602,0,1,0,0,0,0,0,,0,0,0,0,0,0,0,0,0,,0
1010832,0,1,0,0,0,0,0,,0,0,0,0,0,0,0,0,0,,0
1012180,0,1,0,0,0,0,0,,0,0,0,0,0,0,0,0,0,,0
1006548,0,1,0,0,0,0,0,,0,0,0,0,0,0,0,0,0,,0
1009126,0,1,0,0,0,0,0,,0,0,0,0,0,0,0,0,0,,0
1015592,0,1,0,0,0,0,0,,0,0,0,0,0,0,0,0,0,,0
1016989,0,1,0,0,0,0,0,,0,0,0,0,0,0,0,0,0,,0
1013853,4,2,1,1,1,0,0,,0,0,1,1,1,1,6,0,0,,1
1017224,0,1,0,0,0,0,0,,0,0,0,0,0,0,0,0,0,,0
1001616,0,1,0,0,0,0,0,,0,0,0,0,0,0,0,0,0,,0
1006319,0,1,0,0,0,0,0,,0,0,0,0,0,0,0,0,0,,0
1001034,3,0,1,1,1,0,0,,0,0,0,0,0,0,0,0,0,,1
1004092,0,1,1,1,0,0,0,2.0,0,0,1,1,1,1,6,0,0,,1
1004578,4,0,1,0,1,0,0,,0,0,0,0,0,0,0,1,1,,1
1016246,0,1,0,0,0,0,0,,0,0,0,0,0,0,0,0,0,,0
1016136,4,2,1,1,0,0,0,,0,0,1,0,0,0,2,0,0,,1
1007536,0,1,0,0,0,0,0,,0,0,0,0,0,0,0,0,0,,1
1016281,0,1,0,0,0,0,0,,0,0,0,0,0,0,0,0,0,,0
1011109,4,0,1,1,1,0,0,2.0,0,0,0,1,1,1,4,0,0,,1
1017006,4,2,1,1,1,1,0,,0,0,0,0,0,0,0,0,0,,1
1014995,0,1,0,0,0,0,0,,0,0,0,0,0,0,0,0,0,,0
1001651,4,2,1,1,0,0,0,1.0,0,0,0,0,0,0,0,0,0,,1
1013555,0,1,0,0,0,0,0,,0,0,0,0,0,0,0,0,0,,0
1007948,0,1,0,0,0,0,0,,0,0,0,0,0,0,0,0,0,,1
1009833,0,1,0,0,0,0,0,,0,0,0,0,0,0,0,0,0,,0
1005737,0,1,0,0,0,0,0,,0,0,0,0,0,0,0,0,0,,0
1008803,0,1,0,0,0,0,0,,0,0,0,0,0,0,0,0,0,,0
1013704,0,1,0,0,0,0,0,,0,0,0,0,0,0,0,0,0,,0
1008511,0,1,0,0,0,0,0,,0,0,0,0,0,0,0,0,0,,0
1013375,4,1,1,1,1,1,0,2.0,0,0,1,1,1,1,6,0,0,,1
1016732,4,2,1,1,1,1,0,1.0,0,0,0,0,0,0,6,0,0,,1
1003580,4,2,1,1,1,0,0,,0,0,1,1,1,1,6,0,0,,1
1000397,4,1,1,0,0,0,1,,0,0,0,1,0,0,1,1,1,,1
1003787,0,1,0,0,0,0,0,,0,0,0,0,0,0,0,0,0,,0
1008524,0,1,0,0,0,0,0,,0,0,0,0,0,0,0,0,0,,0
1012377,4,2,1,1,1,0,1,,0,0,1,1,0,0,3,0,0,,1
1013442,0,1,0,0,0,0,0,,0,0,0,0,0,0,0,0,0,,0
1003280,0,1,0,0,0,0,0,,0,0,0,0,0,0,0,0,0,,1
1010498,0,1,0,0,0,0,0,,0,0,0,0,0,0,0,0,0,,0
1003405,0,1,0,0,0,0,0,,0,0,0,0,0,0,0,0,0,,1
1017546,0,1,0,0,0,0,0,,0,0,0,0,0,0,0,0,0,,0
1007841,4,1,1,1,0,0,0,,0,0,0,0,0,0,0,1,1,,1
1015522,0,1,0,0,0,0,0,,0,0,0,0,0,0,0,0,0,,0
1004254,0,1,0,0,0,0,0,,0,0,0,0,0,0,0,0,0,,0
1006584,0,1,0,0,0,0,0,,0,0,0,0,0,0,0,0,0,,1
1000808,0,1,0,0,0,0,0,,0,0,0,0,0,0,0,0,0,,0
1004966,4,1,1,0,0,0,0,10.0,0,0,0,0,0,0,0,0,0,,1
1009997,0,1,0,0,0,0,0,,0,0,0,0,0,0,0,0,0,,0
1013526,0,1,0,0,0,0,0,,0,0,0,0,0,0,0,0,0,,0
1016653,0,1,0,0,0,0,0,,0,0,0,0,0,0,0,0,0,,0
1011659,0,1,0,0,0,0,0,,0,0,0,0,0,0,0,0,0,,0
1002511,0,1,0,0,0,0,0,,0,0,0,0,0,0,0,0,0,,1
1015711,0,1,0,0,0,0,0,,0,0,0,0,0,0,0,0,0,,0
1004307,4,2,1,1,1,0,0,,0,1,0,0,0,0,3,0,0,,1
1006707,0,1,0,0,0,0,0,,0,0,0,0,0,0,0,0,0,,1
1012751,0,0,0,0,0,0,0,,0,0,0,0,0,0,0,0,0,,1
1010960,4,1,1,1,0,0,0,,0,0,0,0,0,0,0,1,1,,1
1009026,0,1,0,0,0,0,0,,0,0,0,0,0,0,0,0,0,,0
1013603,0,1,0,0,0,0,0,,0,0,0,0,0,0,0,0,0,,0
1013732,4,2,1,1,0,0,0,12.0,0,0,0,0,0,0,0,0,0,,1
1000109,0,0,1,0,0,0,0,,0,0,0,0,0,0,0,1,1,,1
1012638,0,1,0,0,0,0,0,,0,0,0,0,0,0,0,0,0,,0
1012069,4,0,1,0,0,0,0,1.0,0,0,0,1,0,0,1,0,0,,1
1006883,0,1,0,0,0,0,0,,0,0,0,0,0,0,0,0,0,,1
1013340,0,1,0,0,0,0,0,,0,0,0,0,0,0,0,0,0,,0
1003386,0,1,0,0,0,0,0,,0,0,0,0,0,0,0,0,0,,0
1014957,0,1,1,1,0,0,0,1.0,0,0,1,0,0,0,5,0,0,,1
1002337,0,1,0,0,0,0,0,,0,0,0,0,0,0,0,0,0,,0
1014997,4,2,1,1,1,0,0,,0,0,1,1,1,1,6,0,0,,1
1003710,4,2,1,1,0,0,0,,0,0,1,0,0,0,2,0,0,,1
1014528,0,1,0,0,0,0,0,,0,0,0,0,0,0,0,0,0,,0
1013180,4,2,1,0,0,0,0,,0,0,1,1,1,1,6,0,0,,1
1000728,0,1,0,0,0,0,0,,0,0,0,0,0,0,0,0,0,,0
1000691,1,0,0,0,0,0,0,,0,0,0,0,0,0,0,1,1,,1
1012472,0,1,0,0,0,0,0,,0,0,0,0,0,0,0,0,0,,0
1009532,4,1,1,0,0,0,0,4.0,0,0,0,1,0,0,2,0,0,,1
1008543,0,1,0,0,0,0,0,,0,0,0,0,0,0,0,0,0,,0
1016199,0,1,0,0,0,0,0,,0,0,0,0,0,0,0,0,0,,0
1014665,0,1,0,0,0,0,0,,0,0,0,0,0,0,0,0,0,,0
1010258,0,1,0,0,0,0,0,,0,0,0,0,0,0,0,0,0,,0
1009628,4,2,1,1,1,0,0,,0,0,1,1,1,1,6,1,1,,1
1003686,4,2,1,1,0,0,0,2.0,0,0,1,1,1,1,6,0,0,,1
1013269,0,1,0,0,0,0,0,,0,0,0,0,0,0,0,0,0,,0
1012869,4,2,1,1,1,1,0,,0,1,0,0,0,0,0,0,0,,1
1008459,0,1,0,0,0,0,0,,0,0,0,0,0,0,0,0,0,,0
1005919,0,1,0,0,0,0,0,,0,0,0,0,0,0,0,0,0,,0
1004376,0,1,0,0,0,0,0,,0,0,0,0,0,0,0,0,0,,0
1000328,4,2,1,0,1,1,0,23.0,0,0,1,1,1,1,6,1,1,,1
1000157,4,2,1,1,1,1,1,,0,0,0,1,1,1,4,0,0,,1
1014660,4,2,1,1,1,1,0,,0,0,0,0,0,0,0,0,0,,1
1000772,4,2,1,0,0,0,0,,0,0,1,1,1,1,5,0,0,,1
1012288,0,1,0,0,0,0,0,,0,0,0,0,0,0,0,0,0,,0
1014021,0,1,0,0,0,0,0,,0,0,0,0,0,0,0,0,0,,0
1005214,0,1,0,0,0,0,0,,0,0,0,0,0,0,0,0,0,,1
1013713,0,1,0,0,0,0,0,,0,0,0,0,0,0,0,0,0,,0
1011234,4,0,1,1,0,0,0,12.0,1,0,0,1,0,0,2,0,0,,1
1007584,0,1,0,0,0,0,0,,0,0,0,0,0,0,0,0,0,,0
1012769,0,1,0,0,0,0,0,,0,0,0,0,0,0,0,0,0,,0
1001179,4,2,1,1,0,0,0,10.0,0,0,0,1,0,0,2,0,0,,1
1007020,0,1,0,0,0,0,0,,0,0,0,0,0,0,0,0,0,,1
1014738,4,2,1,0,0,0,1,,0,0,0,1,0,0,2,0,0,,1
1000044,0,1,0,0,0,0,0,,0,0,0,0,0,0,0,0,0,,1
1000767,0,1,0,0,0,0,0,,0,0,0,0,0,0,0,0,0,,1
1013916,4,2,1,1,1,1,0,,0,0,1,1,1,1,5,0,0,,1
1008994,4,2,1,1,0,0,0,,0,0,1,1,1,1,6,0,0,,1
1010880,4,2,1,1,0,0,1,,0,0,0,1,0,1,3,0,0,,1
1006066,4,2,1,1,0,0,0,12.0,0,0,0,0,0,0,0,0,0,,1
1000582,0,1,0,0,0,0,0,,0,0,0,0,0,0,0,0,0,,1
1006388,4,2,1,1,1,0,0,,0,0,1,1,1,1,6,0,0,,1
1014066,0,1,0,0,0,0,0,,0,0,0,0,0,0,0,0,0,,0
1003975,0,1,0,0,0,0,0,,0,0,0,0,0,0,0,0,0,,0
1001861,4,2,1,1,0,0,0,3.0,0,0,1,1,1,1,6,0,0,,1
1007207,0,1,0,0,0,0,0,,0,0,0,0,0,0,0,0,0,,0
1012652,0,1,0,0,0,0,0,,0,0,0,0,0,0,0,0,0,,0
1010938,0,1,0,0,0,0,0,,0,0,0,0,0,0,0,0,0,,0
1011566,0,1,0,0,0,0,0,,0,0,0,0,0,0,0,0,0,,0
1015802,4,1,1,0,0,0,1,,0,0,0,1,0,0,2,1,1,,1
1015012,0,1,0,0,0,0,0,,0,0,0,0,0,0,0,0,0,,0
1016823,4,2,1,0,0,0,0,,0,0,0,0,0,0,3,0,0,,1
1004242,0,1,0,0,0,0,0,,0,0,0,0,0,0,0,0,0,,0
1004205,4,2,1,1,0,0,0,10.0,0,0,1,1,1,1,6,0,0,,1
1015362,0,1,0,0,0,0,0,,0,0,0,0,0,0,0,0,0,,0
1000932,0,1,0,0,0,0,0,,0,0,0,0,0,0,0,0,0,,1
1005967,0,1,0,0,0,0,0,,0,0,0,0,0,0,0,0,0,,0
1016774,0,1,0,0,0,0,0,,0,0,0,0,0,0,0,0,0,,0
1013579,4,2,1,1,1,1,0,,0,0,0,0,0,0,0,0,0,,1
1009784,4,2,1,0,0,0,0,,0,0,0,1,0,0,2,0,0,,1
1009862,0,1,0,0,0,0,0,,0,0,0,0,0,0,0,0,0,,0
1011407,0,1,0,0,0,0,0,,0,0,0,0,0,0,0,0,0,,0
1010376,4,2,1,1,0,0,0,4.0,0,0,0,0,0,0,0,0,0,,1
1017306,0,1,0,0,0,0,0,,0,0,0,0,0,0,0,0,0,,0
1013131,0,1,0,0,0,0,0,,0,0,0,0,0,0,0,0,0,,0
1005806,0,1,0,0,0,0,0,,0,0,0,0,0,0,0,0,0,,0
1002646,0,1,0,0,0,0,0,,0,0,0,0,0,0,0,0,0,,0
1005393,4,0,1,1,0,0,0,10.0,0,0,0,1,0,0,2,0,0,,1
1005416,0,1,0,0,0,0,0,,0,0,0,0,0,0,0,0,0,,0
1007664,0,0,1,1,1,0,0,,0,0,0,0,0,0,0,1,1,,1
1004365,0,1,1,1,0,0,0,2.0,0,0,1,1,1,1,6,0,0,,1
1013619,4,2,1,1,0,0,0,2.0,0,0,1,1,1,1,6,0,0,,1
1015139,4,1,1,1,0,0,0,952.0,0,0,0,0,0,0,0,1,1,,1
1011805,0,1,0,0,0,0,0,,0,0,0,0,0,0,0,0,0,,0
1004097,0,0,1,1,0,0,0,,0,0,0,0,0,0,0,1,1,,1
1013225,0,1,0,0,0,0,0,,0,0,0,0,0,0,0,0,0,,1
1016149,0,1,0,0,0,0,0,,0,0,0,0,0,0,0,0,0,,0
1010796,0,1,0,0,0,0,0,,0,0,0,0,0,0,0,0,0,,0
1007734,0,1,0,0,0,0,0,,0,0,0,0,0,0,0,0,0,,0
1007119,0,1,0,0,0,0,0,,0,0,0,0,0,0,0,0,0,,0
1005207,4,2,1,0,0,0,1,,0,0,0,1,0,0,2,0,0,,1
1000948,0,1,0,0,0,0,0,,0,0,0,0,0,0,0,0,0,,0
1006754,0,1,0,0,0,0,0,,0,0,0,0,0,0,0,0,0,,1
1004019,0,1,0,0,0,0,0,,0,0,0,0,0,0,0,0,0,,0
1011774,0,1,0,0,0,0,0,,0,0,0,0,0,0,0,0,0,,0
1007274,0,1,0,0,0,0,0,,0,0,0,0,0,0,0,0,0,,1
1002084,4,0,1,0,0,0,0,10.0,0,0,0,1,0,0,2,0,0,,1
1006341,4,2,1,1,1,0,0,,0,0,0,1,0,1,3,0,0,,1
1013469,0,1,0,0,0,0,0,,0,0,0,0,0,0,0,0,0,,0
1005828,0,1,0,0,0,0,0,,0,0,0,0,0,0,0,0,0,,1
1014220,0,1,0,0,0,0,0,,0,0,0,0,0,0,0,0,0,,1
1006814,0,1,0,0,0,0,0,,0,0,0,0,0,0,0,0,0,,0
1013061,0,1,0,0,0,0,0,,0,0,0,0,0,0,0,0,0,,0
1005498,4,0,1,0,0,0,0,2.0,0,0,0,0,0,0,0,1,1,,1
1011983,0,0,1,0,0,0,0,,0,0,0,0,0,0,3,0,0,,1
1005100,0,1,0,0,0,0,0,,0,0,0,0,0,0,0,0,0,,0
1015526,0,1,0,0,0,0,0,,0,0,0,0,0,0,0,0,0,,1
1011053,4,1,1,0,0,0,0,30.0,0,1,0,0,0,0,0,0,0,,1
1001410,4,2,1,1,1,0,0,,0,0,1,1,1,1,6,0,0,,1
1009023,0,1,0,0,0,0,0,,0,0,0,0,0,0,0,0,0,,0
1005620,0,1,0,0,0,0,0,,0,0,0,0,0,0,0,0,0,,0
1013266,0,1,0,0,0,0,0,,0,0,0,0,0,0,0,0,0,,0
1010395,0,1,0,0,0,0,0,,0,0,0,0,0,0,0,0,0,,0
1005786,4,2,1,1,1,1,0,,0,1,0,0,0,0,0,0,0,,1
1009621,0,1,0,0,0,0,0,,0,0,0,0,0,0,0,0,0,,1
1013267,0,1,0,0,0,0,0,,0,0,0,0,0,0,0,0,0,,1
1014763,0,1,0,0,0,0,0,,0,0,0,0,0,0,0,0,0,,0
1001953,4,2,1,1,0,0,0,1024.0,0,0,0,0,0,0,0,0,0,,1
1007359,0,1,0,0,0,0,0,,0,0,0,0,0,0,0,0,0,,1
1015830,0,1,0,0,0,0,0,,0,0,0,0,0,0,0,0,0,,1
1003717,0,1,0,0,0,0,0,,0,0,0,0,0,0,0,0,0,,0
1001629,0,1,0,0,0,0,0,,0,0,0,0,0,0,0,0,0,,0
1000100,0,1,0,0,0,0,0,,0,0,0,0,0,0,0,0,0,,0
1009197,0,1,0,0,0,0,0,,0,0,0,0,0,0,0,0,0,,0
1007627,0,1,0,0,0,0,0,,0,0,0,0,0,0,0,0,0,,0
1010724,4,2,1,1,1,0,0,10.0,0,0,1,1,1,1,9,0,0,,1
1004958,0,1,0,0,0,0,0,,0,0,0,0,0,0,0,0,0,,0
1005514,0,1,0,0,0,0,0,,0,0,0,0,0,0,0,0,0,,0
1013256,0,1,0,0,0,0,0,,0,0,0,0,0,0,0,0,0,,1
1011945,0,1,0,0,0,0,0,,0,0,0,0,0,0,0,0,0,,0
1015340,0,1,0,0,0,0,0,,0,0,0,0,0,0,0,0,0,,1
1007501,0,1,0,0,0,0,0,,0,0,0,0,0,0,0,0,0,,1
1007288,4,2,1,0,0,0,0,2.0,0,0,0,1,0,0,2,0,0,,1
1007024,4,2,1,1,1,0,1,,0,0,1,1,1,1,6,0,0,,1
1017162,4,2,1,1,0,0,0,2.0,0,0,0,0,0,0,0,0,0,,1
1004925,4,2,1,1,1,1,0,,0,0,1,1,1,1,6,0,0,,1
1010262,0,1,0,0,0,0,0,,0,0,0,0,0,0,0,0,0,,0
1017082,0,0,0,0,0,0,0,,0,0,0,0,0,0,0,0,0,,1
1005091,0,0,0,0,0,0,0,,0,0,0,0,0,0,0,1,1,,1
1008764,0,1,0,0,0,0,0,,0,0,0,0,0,0,0,0,0,,0
1001085,4,2,1,0,1,0,0,14.0,0,0,0,0,0,0,0,0,0,,1
1013431,0,1,0,0,0,0,0,,0,0,0,0,0,0,0,0,0,,0
1001970,4,0,1,0,1,0,0,,0,0,0,0,0,0,0,1,1,,1
1014837,0,1,0,0,0,0,0,,0,0,0,0,0,0,0,0,0,,1
1010725,0,1,0,0,0,0,0,,0,0,0,0,0,0,0,0,0,,0
1008762,4,1,1,0,1,0,0,,0,0,0,0,0,0,0,1,1,,1
1002304,0,1,0,0,0,0,0,,0,0,0,0,0,0,0,0,0,,0
1005708,0,1,0,0,0,0,0,,0,0,0,0,0,0,0,0,0,,0
1016978,4,1,1,1,1,1,1,1.0,0,0,1,1,1,1,5,0,0,,1
1003457,4,2,1,1,0,0,0,,0,0,1,1,0,0,3,0,0,,1
1001151,4,0,1,1,0,0,0,1.0,0,0,1,1,1,1,6,0,0,,1
1009750,0,1,0,0,0,0,0,,0,0,0,0,0,0,0,0,0,,1
1002100,0,1,0,0,0,0,0,,0,0,0,0,0,0,0,0,0,,0
1007803,4,0,1,1,0,0,0,50.0,0,1,0,0,0,0,0,0,0,,1
1008568,0,1,0,0,0,0,0,,0,0,0,0,0,0,0,0,0,,0
1009478,0,1,0,0,0,0,0,,0,0,0,0,0,0,0,0,0,,0
1016671,4,2,1,1,1,0,0,,0,0,0,0,0,0,0,0,0,,1
1009610,4,2,1,1,1,0,0,,0,1,0,1,0,1,5,0,0,,1
1005599,0,0,0,0,0,0,0,,0,0,0,0,0,0,0,0,0,,1
1006658,0,1,0,0,0,0,0,,0,0,0,0,0,0,0,0,0,,0
1010414,0,1,0,0,0,0,0,,0,0,0,0,0,0,0,0,0,,1
1013481,4,2,1,1,0,0,0,2.0,0,0,0,0,0,0,2,0,0,,1
1002005,0,1,0,0,0,0,0,,0,0,0,0,0,0,0,0,0,,1
1012386,0,1,0,0,0,0,0,,0,0,0,0,0,0,0,0,0,,0
1016215,0,1,0,0,0,0,0,,0,0,0,0,0,0,0,0,0,,0
1008566,0,1,0,0,0,0,0,,0,0,0,0,0,0,0,0,0,,0
1012932,0,1,0,0,0,0,0,,0,0,0,0,0,0,0,0,0,,0
1010140,4,2,1,0,1,0,0,1.0,0,0,0,0,0,0,2,0,0,,1
1017139,0,0,0,0,0,0,0,,0,0,0,0,0,0,0,0,0,,1
1013488,4,2,1,0,1,0,0,22.0,1,0,0,0,0,0,0,0,0,,1
1005727,0,1,0,0,0,0,0,,0,0,0,0,0,0,0,0,0,,1
1012316,0,0,0,0,0,0,0,,0,0,0,0,0,0,0,1,1,,1
1011976,4,2,1,0,0,0,0,,0,0,0,1,0,0,3,0,0,,1
1003768,0,1,0,0,0,0,0,,0,0,0,0,0,0,0,0,0,,0
1008016,4,2,1,1,1,0,0,3.0,0,0,0,0,0,0,0,0,0,,1
1006062,4,1,1,0,0,0,0,,0,1,0,1,0,1,3,0,0,,1
1014503,0,1,0,0,0,0,0,,0,0,0,0,0,0,0,0,0,,0
1008956,0,1,0,0,0,0,0,,0,0,0,0,0,0,0,0,0,,0
1001642,0,0,0,0,0,0,0,,0,0,0,0,0,0,0,0,0,,1
1003645,4,1,1,0,0,0,1,2.0,0,0,0,1,0,0,1,0,0,,1
1011920,0,1,0,0,0,0,0,,0,0,0,0,0,0,0,0,0,,0
1007992,0,0,0,0,0,0,0,,0,0,0,0,0,0,0,0,0,,1
1001468,4,0,1,0,0,0,0,3.0,0,0,0,0,0,0,0,1,1,,1
1016939,0,1,0,0,0,0,0,,0,0,0,0,0,0,0,0,0,,0
1015029,0,1,0,0,0,0,0,,0,0,0,0,0,0,0,0,0,,0
1010040,4,2,1,1,1,1,0,,0,0,0,0,0,0,0,0,0,,1
1009348,0,1,0,0,0,0,0,,0,0,0,0,0,0,0,0,0,,0
1003503,0,1,0,0,0,0,0,,0,0,0,0,0,0,0,0,0,,0
1013642,4,1,1,0,0,0,0,1.0,0,0,0,1,0,1,3,0,0,,1
1015038,0,1,0,0,0,0,0,,0,0,0,0,0,0,0,0,0,,0
1010162,4,2,1,0,1,0,0,,0,0,0,1,1,0,3,0,0,,1
1004263,0,1,0,0,0,0,0,,0,0,0,0,0,0,0,0,0,,0
1006229,0,1,0,0,0,0,0,,0,0,0,0,0,0,0,0,0,,0
1001773,0,1,0,0,0,0,0,,0,0,0,0,0,0,0,0,0,,0
1007929,4,2,1,1,0,0,0,1.0,0,0,0,0,0,0,0,0,0,,1
1016887,4,1,1,1,0,0,0,,0,0,0,0,0,0,0,1,1,,1
1001299,0,1,0,0,0,0,0,,0,0,0,0,0,0,0,0,0,,0
1012535,0,1,0,0,0,0,0,,0,0,0,0,0,0,0,0,0,,1
1000874,4,2,1,1,0,0,0,2.0,0,0,1,1,1,1,6,0,0,,1
1000245,4,0,1,1,0,0,0,,0,0,0,1,0,0,2,0,0,,1
1008532,0,1,0,0,0,0,0,,0,0,0,0,0,0,0,0,0,,0
1011437,0,1,0,0,0,0,0,,0,0,0,0,0,0,0,0,0,,0
1000763,4,2,1,1,1,1,1,,0,0,0,1,1,1,4,0,0,,1
1003703,0,1,0,0,0,0,0,,0,0,0,0,0,0,0,0,0,,1
1005401,0,1,0,0,0,0,0,,0,0,0,0,0,0,0,0,0,,1
1009296,4,1,1,0,0,0,0,,0,0,0,0,0,0,1,0,0,,1
1014820,0,1,0,0,0,0,0,,0,0,0,0,0,0,0,0,0,,0
1012797,4,2,1,1,1,0,0,,0,0,1,1,1,1,6,0,0,,1
1006207,0,1,0,0,0,0,0,,0,0,0,0,0,0,0,0,0,,0
1013094,0,1,0,0,0,0,0,,0,0,0,0,0,0,0,0,0,,0
1005768,0,1,0,0,0,0,0,,0,0,0,0,0,0,0,0,0,,0
1015570,4,2,1,0,0,0,0,,0,1,0,0,0,0,0,0,0,,1
1013136,4,2,1,1,0,0,0,12.0,0,0,0,0,0,0,0,1,1,,1
1004250,0,1,0,0,0,0,0,,0,0,0,0,0,0,0,0,0,,0
1015039,4,2,1,0,0,0,0,,0,0,0,1,0,0,2,0,0,,1
1005974,0,1,0,0,0,0,0,,0,0,0,0,0,0,0,0,0,,0
1006287,0,1,0,0,0,0,0,,0,0,0,0,0,0,0,0,0,,0
1003431,4,1,1,1,0,0,0,2.0,0,0,0,1,0,0,2,0,0,,1
1016397,0,1,0,0,0,0,0,,0,0,0,0,0,0,0,0,0,,1
1005940,4,1,1,1,0,0,0,,0,0,0,0,0,0,0,0,0,,1
1011503,0,1,0,0,0,0,0,,0,0,0,0,0,0,0,0,0,,0
1008515,0,1,0,0,0,0,0,,0,0,0,0,0,0,0,0,0,,0
1004056,0,1,0,0,0,0,0,,0,0,0,0,0,0,0,0,0,,0
1013807,4,2,1,0,0,0,0,14.0,0,0,0,1,0,0,2,0,0,,1
1013886,4,1,1,0,0,0,0,4.0,0,1,0,0,0,0,1,0,0,,1
1009900,0,1,0,0,0,0,0,,0,0,0,0,0,0,0,0,0,,0
1007638,4,0,1,1,1,1,0,,0,1,0,0,0,0,0,0,0,,1
1006689,4,2,1,1,1,0,0,12.0,0,0,0,0,0,0,0,0,0,,1
1017084,4,1,1,0,0,0,0,2.0,0,0,0,1,0,0,3,0,0,,1
1013257,4,2,1,1,1,1,0,2.0,0,0,0,0,0,0,0,0,0,,1
1009256,4,2,1,1,0,0,0,,0,0,0,1,1,0,3,0,0,,1
1004609,0,1,0,0,0,0,0,,0,0,0,0,0,0,0,0,0,,0
1012302,4,2,1,1,0,0,0,2.0,0,1,1,1,0,0,3,0,0,,1
1001952,0,1,0,0,0,0,0,,0,0,0,0,0,0,0,0,0,,0
1000984,0,1,0,0,0,0,0,,0,0,0,0,0,0,0,0,0,,0
1013847,4,2,1,0,0,0,0,,0,0,0,1,0,0,2,0,0,,1
1011062,0,1,0,0,0,0,0,,0,0,0,0,0,0,0,0,0,,0
1001398,4,2,1,0,0,0,1,,0,0,0,1,0,0,2,0,0,,1
1001700,4,2,1,1,1,1,0,,0,0,0,0,0,0,0,0,0,,1
1005677,4,0,1,1,1,0,0,,0,0,0,0,0,0,0,0,0,,1
1003471,4,2,1,0,0,0,0,1.0,0,1,0,1,0,1,4,0,0,,1
1006031,0,1,0,0,0,0,0,,0,0,0,0,0,0,0,0,0,,0
1016531,0,1,0,0,0,0,0,,0,0,0,0,0,0,0,0,0,,0
1011742,4,0,1,0,0,0,0,,0,0,0,1,0,0,4,0,0,,1
1005055,0,1,0,0,0,0,0,,0,0,0,0,0,0,0,0,0,,0
1007398,0,1,0,0,0,0,0,,0,0,0,0,0,0,0,0,0,,0
1015182,0,1,0,0,0,0,0,,0,0,0,0,0,0,0,0,0,,0
1007849,0,1,0,0,0,0,0,,0,0,0,0,0,0,0,0,0,,0
1002349,0,1,0,0,0,0,0,,0,0,0,0,0,0,0,0,0,,0
1016101,0,1,0,0,0,0,0,,0,0,0,0,0,0,0,0,0,,0
1012562,0,1,0,0,0,0,0,,0,0,0,0,0,0,0,0,0,,0
1004985,4,2,1,1,1,1,1,3.0,0,0,1,1,1,1,6,0,0,,1
1000416,0,1,0,0,0,0,0,,0,0,0,0,0,0,0,0,0,,0
1015783,4,0,1,0,0,0,1,,0,0,0,1,0,0,2,0,0,,1
1017403,0,1,0,0,0,0,0,,0,0,0,0,0,0,0,0,0,,0
1001228,0,1,0,0,0,0,0,,0,0,0,0,0,0,0,0,0,,0
1014878,0,1,0,0,0,0,0,,0,0,0,0,0,0,0,0,0,,0
1001061,0,1,0,0,0,0,0,,0,0,0,0,0,0,0,0,0,,0
1001904,4,1,1,0,1,0,0,,0,0,0,1,0,0,4,0,0,,1
1017073,0,1,0,0,0,0,0,,0,0,0,0,0,0,0,0,0,,0
1016729,0,1,0,0,0,0,0,,0,0,0,0,0,0,0,0,0,,0
1014977,0,1,0,0,0,0,0,,0,0,0,0,0,0,0,0,0,,0
1015632,0,1,0,0,0,0,0,,0,0,0,0,0,0,0,0,0,,0
1003089,4,2,1,1,1,0,0,,0,0,1,1,1,1,6,0,0,,1
1006170,0,1,0,0,0,0,0,,0,0,0,0,0,0,0,0,0,,0
1017119,0,1,0,0,0,0,0,,0,0,0,0,0,0,0,0,0,,0
1012623,0,1,0,0,0,0,0,,0,0,0,0,0,0,0,0,0,,0
1001163,0,1,0,0,0,0,0,,0,0,0,0,0,0,0,0,0,,0
1005525,0,1,0,0,0,0,0,,0,0,0,0,0,0,0,0,0,,0
1012552,0,1,0,0,0,0,0,,0,0,0,0,0,0,0,0,0,,0
1004674,0,1,0,0,0,0,0,,0,0,0,0,0,0,0,0,0,,1
1017410,0,1,0,0,0,0,0,,0,0,0,0,0,0,0,0,0,,1
1000694,4,0,1,0,0,0,0,1.0,0,1,0,0,0,0,0,0,0,,1
1000526,0,1,0,0,0,0,0,,0,0,0,0,0,0,0,0,0,,0
1014431,4,1,1,1,0,0,0,,0,0,0,0,0,0,0,1,1,,1
1003218,4,2,1,1,1,1,1,,0,0,0,1,0,0,5,0,0,,1
1004146,4,1,1,1,0,0,0,10.0,0,0,0,0,0,0,0,1,1,,1
1012229,4,2,1,0,1,1,0,,0,1,0,0,0,0,8,0,0,,1
1014134,0,1,0,0,0,0,0,,0,0,0,0,0,0,0,0,0,,0
1009163,0,1,0,0,0,0,0,,0,0,0,0,0,0,0,0,0,,1
1003435,0,1,0,0,0,0,0,,0,0,0,0,0,0,0,0,0,,0
1012096,0,1,0,0,0,0,0,,0,0,0,0,0,0,0,0,0,,0
1001943,0,1,0,0,0,0,0,,0,0,0,0,0,0,0,0,0,,1
1014195,0,1,0,0,0,0,0,,0,0,0,0,0,0,0,0,0,,0
1003314,0,1,0,0,0,0,0,,0,0,0,0,0,0,0,0,0,,1
1014646,0,1,0,0,0,0,0,,0,0,0,0,0,0,0,0,0,,0
1011561,0,1,0,0,0,0,0,,0,0,0,0,0,0,0,0,0,,0
1011584,0,1,0,0,0,0,0,,0,0,0,0,0,0,0,0,0,,1
1011897,0,1,0,0,0,0,0,,0,0,0,0,0,0,0,0,0,,0
1004345,4,1,1,1,1,0,0,5.0,1,1,0,0,0,0,0,0,0,,1
1017292,0,1,0,0,0,0,0,,0,0,0,0,0,0,0,0,0,,1
1016323,4,2,1,1,1,0,0,3.0,0,0,1,1,1,0,5,0,0,,1
1012373,4,0,1,1,0,0,0,,0,0,0,0,0,0,0,0,1,,1
1012697,4,1,1,1,1,1,0,4.0,0,0,1,1,1,1,6,0,0,,1
1006342,4,2,1,1,1,0,0,,0,0,1,1,1,1,6,0,0,,1
1016405,4,2,1,0,0,0,0,2.0,0,0,0,1,0,0,2,0,0,,1
1008710,0,1,0,0,0,0,0,,0,0,0,0,0,0,0,0,0,,0
1005280,0,1,0,0,0,0,0,,0,0,0,0,0,0,0,0,0,,0
1007930,4,2,1,0,0,0,0,4.0,0,1,0,1,0,0,5,0,0,,1
1012826,4,2,1,1,1,0,0,,0,0,0,0,0,0,0,0,0,,1
1005729,0,1,0,0,0,0,0,,0,0,0,0,0,0,0,0,0,,0
1010438,0,1,0,0,0,0,0,,0,0,0,0,0,0,0,0,0,,0
1011995,0,1,0,0,0,0,0,,0,0,0,0,0,0,0,0,0,,0
1007905,0,1,0,0,0,0,0,,0,0,0,0,0,0,0,0,0,,1
1003881,0,1,0,0,0,0,0,,0,0,0,0,0,0,0,0,0,,1
1008720,0,1,0,0,0,0,0,,0,0,0,0,0,0,0,0,0,,0
1009450,4,2,1,0,0,0,0,,0,0,0,0,0,0,0,0,0,,1
1002520,0,1,0,0,0,0,0,,0,0,0,0,0,0,0,0,0,,1
1003309,0,1,0,0,0,0,0,,0,0,0,0,0,0,0,0,0,,1
1004306,0,1,0,0,0,0,0,,0,0,0,0,0,0,0,0,0,,0
1014125,4,2,1,0,0,0,0,,0,0,0,0,0,0,2,0,0,,1
1014347,4,1,1,1,1,1,0,,0,0,0,0,0,0,0,0,0,,1
1008119,0,1,0,0,0,0,0,,0,0,0,0,0,0,0,0,0,,0
1012654,4,1,1,0,0,0,0,,0,0,0,0,0,0,1,0,0,,1
1011240,0,1,0,0,0,0,0,,0,0,0,0,0,0,0,0,0,,0
1002278,4,2,1,0,0,0,0,,0,0,1,1,1,1,6,0,0,,1
1007595,0,1,0,0,0,0,0,,0,0,0,0,0,0,0,0,0,,0
1009691,0,1,0,0,0,0,0,,0,0,0,0,0,0,0,0,0,,0
1012122,0,1,0,0,0,0,0,,0,0,0,0,0,0,0,0,0,,0
1011451,0,1,0,0,0,0,0,,0,0,0,0,0,0,0,0,0,,0
1016018,0,1,0,0,0,0,0,,0,0,0,0,0,0,0,0,0,,0
1004990,4,2,1,1,0,0,0,,0,0,0,0,0,0,0,0,0,,1
1016069,0,1,0,0,0,0,0,,0,0,0,0,0,0,0,0,0,,0
1002204,0,1,0,0,0,0,0,,0,0,0,0,0,0,0,0,0,,0
1010375,0,1,0,0,0,0,0,,0,0,0,0,0,0,0,0,0,,0
1008638,0,1,0,0,0,0,0,,0,0,0,0,0,0,0,0,0,,0
1014953,4,2,1,1,1,0,0,3.0,0,1,0,0,0,0,0,0,0,,1
1003112,0,1,0,0,0,0,0,,0,0,0,0,0,0,0,0,0,,0
1016596,0,0,0,0,0,0,0,,0,0,0,0,0,0,0,0,0,,1
1014942,0,1,0,0,0,0,0,,0,0,0,0,0,0,0,0,0,,0
1013957,4,2,1,1,1,0,0,,0,0,1,1,1,1,6,1,1,,1
1007861,0,1,0,0,0,0,0,,0,0,0,0,0,0,0,0,0,,0
1012159,4,2,1,1,0,0,0,,0,1,1,1,1,1,6,0,0,,1
1004350,0,1,0,0,0,0,0,,0,0,0,0,0,0,0,0,0,,1
1001248,0,1,0,0,0,0,0,,0,0,0,0,0,0,0,0,0,,1
1000043,4,2,1,0,1,0,0,,0,0,0,1,0,0,2,0,0,,1
1005731,0,1,0,0,0,0,0,,0,0,0,0,0,0,0,0,0,,0
1009031,0,1,0,0,0,0,0,,0,0,0,0,0,0,0,0,0,,1
1010486,0,1,0,0,0,0,0,,0,0,0,0,0,0,0,0,0,,0
1005977,4,2,1,1,1,0,1,,0,0,1,1,1,1,6,0,0,,1
1014593,4,2,1,1,1,0,0,,0,0,1,1,1,1,6,0,0,,1
1015164,0,1,0,0,0,0,0,,0,0,0,0,0,0,0,0,0,,0
1002728,0,1,0,0,0,0,0,,0,0,0,0,0,0,0,0,0,,0
1014963,0,1,0,0,0,0,0,,0,0,0,0,0,0,0,0,0,,1
1008624,0,1,0,0,0,0,0,,0,0,0,0,0,0,0,0,0,,0
1004416,3,1,1,1,0,0,0,,0,0,0,0,0,0,0,1,1,,1
1006605,0,1,0,0,0,0,0,,0,0,0,0,0,0,0,0,0,,0
1008391,0,1,0,0,0,0,0,,0,0,0,0,0,0,0,0,0,,1
1003699,0,1,0,0,0,0,0,,0,0,0,0,0,0,0,0,0,,0
1006167,4,2,1,1,1,0,0,2.0,0,0,1,1,1,1,6,0,0,,1
1009694,0,1,0,0,0,0,0,,0,0,0,0,0,0,0,0,0,,0
1009793,0,1,0,0,0,0,0,,0,0,0,0,0,0,0,0,0,,0
1002097,4,2,1,1,0,0,1,,0,0,0,1,1,1,4,0,0,,1
1012000,4,0,1,1,0,0,0,9.0,0,0,0,0,0,0,0,1,1,,1
1008506,0,1,0,0,0,0,0,,0,0,0,0,0,0,0,0,0,,0
1008777,0,1,0,0,0,0,0,,0,0,0,0,0,0,0,0,0,,0
1017404,0,1,0,0,0,0,0,,0,0,0,0,0,0,0,0,0,,0
1016603,0,1,0,0,0,0,0,,0,0,0,0,0,0,0,0,0,,0
1006383,0,1,0,0,0,0,0,,0,0,0,0,0,0,0,0,0,,0
1014688,0,1,0,0,0,0,0,,0,0,0,0,0,0,0,0,0,,0
1011777,4,2,1,1,1,0,0,2.0,0,0,1,1,1,1,5,0,0,,1
1014775,0,1,0,0,0,0,0,,0,0,0,0,0,0,0,0,0,,1
1006301,4,2,1,1,1,0,0,,0,0,1,1,1,1,6,0,0,,1
1014022,4,2,1,1,1,1,1,,0,0,0,0,0,0,0,0,0,,1
1014925,0,1,0,0,0,0,0,,0,0,0,0,0,0,0,0,0,,0
1004509,0,0,0,0,0,0,0,,0,0,0,0,0,0,0,0,0,,1
1014572,4,2,1,1,0,0,0,1.0,0,1,1,1,0,0,3,0,0,,1
1010719,0,1,0,0,0,0,0,,0,0,0,0,0,0,0,0,0,,0
1009660,4,2,1,1,1,1,0,,0,0,1,1,1,1,6,0,0,,1
1014273,4,1,1,0,0,0,0,2.0,0,0,0,0,0,0,2,0,0,,1
1015938,0,1,0,0,0,0,0,,0,0,0,0,0,0,0,0,0,,0
1017000,4,2,1,0,0,0,0,,0,0,0,0,0,0,4,0,0,,1
1012202,0,1,0,0,0,0,0,,0,0,0,0,0,0,0,0,0,,0
1010068,0,1,0,0,0,0,0,,0,0,0,0,0,0,0,0,0,,0
1017204,4,1,1,0,0,0,1,,0,0,0,1,0,0,2,0,0,,1
1007747,4,2,1,0,0,0,0,,0,0,0,1,0,0,3,0,0,,1
1016685,0,1,0,0,0,0,0,,0,0,0,0,0,0,0,0,0,,0
1015177,4,1,1,0,0,0,0,,0,0,0,1,0,0,2,0,0,,1
1000447,0,1,0,0,0,0,0,,0,0,0,0,0,0,0,0,0,,0
1006310,4,1,1,1,0,0,0,18.0,0,0,0,1,0,0,2,0,0,,1
1015235,4,2,1,1,1,1,0,,0,0,0,0,0,0,0,0,0,,1
1001430,4,2,1,1,1,0,0,,0,0,0,0,0,0,0,0,0,,1
1008102,4,2,1,1,1,0,0,,0,0,1,1,1,1,6,0,0,,1
1011690,0,1,0,0,0,0,0,,0,0,0,0,0,0,0,0,0,,1
1003024,0,1,0,0,0,0,0,,0,0,0,0,0,0,0,0,0,,1
1017566,0,1,0,0,0,0,0,,0,0,0,0,0,0,0,0,0,,0
1014306,4,1,1,0,0,0,0,3.0,0,0,0,0,0,0,1,0,0,,1
1002498,0,1,0,0,0,0,0,,0,0,0,0,0,0,0,0,0,,0
1003991,0,1,0,0,0,0,0,,0,0,0,0,0,0,0,0,0,,1
1009064,0,1,0,0,0,0,0,,0,0,0,0,0,0,0,0,0,,0
1004572,0,1,0,0,0,0,0,,0,0,0,0,0,0,0,0,0,,1
1015005,0,1,0,0,0,0,0,,0,0,0,0,0,0,0,0,0,,1
1012589,0,1,0,0,0,0,0,,0,0,0,0,0,0,0,0,0,,0
1013443,4,1,1,0,0,0,0,,0,0,0,0,0,0,0,1,1,,1
1008891,0,1,0,0,0,0,0,,0,0,0,0,0,0,0,0,0,,0
1011829,0,1,0,0,0,0,0,,0,0,0,0,0,0,0,0,0,,0
1006621,4,2,1,1,1,1,0,1.0,0,1,1,1,1,1,6,0,0,,1
1010575,0,1,0,0,0,0,0,,0,0,0,0,0,0,0,0,0,,0
1016787,4,2,1,1,1,0,0,,0,0,0,0,0,0,0,0,0,,1
1012940,0,1,0,0,0,0,0,,0,0,0,0,0,0,0,0,0,,1
1014176,0,1,0,0,0,0,0,,0,0,0,0,0,0,0,0,0,,1
1005746,0,1,0,0,0,0,0,,0,0,0,0,0,0,0,0,0,,0
1013531,0,1,0,0,0,0,0,,0,0,0,0,0,0,0,0,0,,0
1005753,0,1,0,0,0,0,0,,0,0,0,0,0,0,0,0,0,,1
1000391,0,1,0,0,0,0,0,,0,0,0,0,0,0,0,0,0,,0
1001147,4,2,1,1,1,1,0,,0,0,0,0,0,0,0,0,1,,1
1014498,0,1,0,0,0,0,0,,0,0,0,0,0,0,0,0,0,,1
1017027,0,1,0,0,0,0,0,,0,0,0,0,0,0,0,0,0,,1
1012440,4,2,1,1,1,1,0,,0,0,0,1,0,1,3,0,0,,1
1017335,0,1,0,0,0,0,0,,0,0,0,0,0,0,0,0,0,,0
1016218,0,1,0,0,0,0,0,,0,0,0,0,0,0,0,0,0,,0
1009978,4,2,1,0,0,0,0,12.0,0,0,0,0,0,0,1,0,0,,1
1011120,0,1,0,0,0,0,0,,0,0,0,0,0,0,0,0,0,,0
1013162,0,1,0,0,0,0,0,,0,0,0,0,0,0,0,0,0,,0
1005580,4,1,1,1,0,0,0,,0,0,1,1,0,0,2,0,0,,1
1000590,0,1,0,0,0,0,0,,0,0,0,0,0,0,0,0,0,,0
1008032,4,2,1,1,1,0,0,,0,0,0,0,0,0,0,0,0,,1
1017316,0,1,0,0,0,0,0,,0,0,0,0,0,0,0,0,0,,0
1002424,0,1,0,0,0,0,0,,0,0,0,0,0,0,0,0,0,,1
1003157,0,1,0,0,0,0,0,,0,0,0,0,0,0,0,0,0,,0
1008801,0,0,1,0,0,0,0,,0,0,0,0,0,0,0,1,1,,1
1008683,0,1,0,0,0,0,0,,0,0,0,0,0,0,0,0,0,,1
1003813,0,1,0,0,0,0,0,,0,0,0,0,0,0,0,0,0,,1
1003614,0,1,0,0,0,0,0,,0,0,0,0,0,0,0,0,0,,0
1000855,0,1,0,0,0,0,0,,0,0,0,0,0,0,0,0,0,,0
1000809,0,1,0,0,0,0,0,,0,0,0,0,0,0,0,0,0,,1
1008844,4,0,1,0,0,0,0,,0,0,0,1,0,0,2,0,0,,1
1013540,0,1,0,0,0,0,0,,0,0,0,0,0,0,0,0,0,,1
1002430,0,1,0,0,0,0,0,,0,0,0,0,0,0,0,0,0,,0
1001613,0,1,0,0,0,0,0,,0,0,0,0,0,0,0,0,0,,1
1006867,0,1,0,0,0,0,0,,0,0,0,0,0,0,0,0,0,,1
1002702,0,1,0,0,0,0,0,,0,0,0,0,0,0,0,0,0,,1
1009193,4,2,1,1,1,1,0,,0,0,0,0,0,0,0,0,0,,1
1002306,0,1,0,0,0,0,0,,0,0,0,0,0,0,0,0,0,,0
1001425,4,0,1,0,0,0,0,,0,0,0,0,0,0,1,0,0,,1
1000966,0,1,0,0,0,0,0,,0,0,0,0,0,0,0,0,0,,0
1011356,0,1,0,0,0,0,0,,0,0,0,0,0,0,0,0,0,,0
1003163,0,1,0,0,0,0,0,,0,0,0,0,0,0,0,0,0,,0
1016835,4,1,1,0,0,0,0,1.0,0,0,1,1,0,0,3,0,0,,1
1004645,0,1,0,0,0,0,0,,0,0,0,0,0,0,0,0,0,,0
1000294,0,1,0,0,0,0,0,,0,0,0,0,0,0,0,0,0,,1
1011686,0,1,0,0,0,0,0,,0,0,0,0,0,0,0,0,0,,0
1001115,0,1,0,0,0,0,0,,0,0,0,0,0,0,0,0,0,,0
1016260,0,1,0,0,0,0,0,,0,0,0,0,0,0,0,0,0,,0
1009613,0,1,0,0,0,0,0,,0,0,0,0,0,0,0,0,0,,1
1017287,0,1,0,0,0,0,0,,0,0,0,0,0,0,0,0,0,,0
1016089,0,1,0,0,0,0,0,,0,0,0,0,0,0,0,0,0,,0
1016353,0,1,0,0,0,0,0,,0,0,0,0,0,0,0,0,0,,0
1011317,0,1,0,0,0,0,0,,0,0,0,0,0,0,0,0,0,,0
1004444,0,1,0,0,0,0,0,,0,0,0,0,0,0,0,0,0,,0
1009740,4,0,1,0,1,0,0,,0,0,0,0,0,0,0,1,1,,1
1015958,0,1,0,0,0,0,0,,0,0,0,0,0,0,0,0,0,,0
1003511,0,1,0,0,0,0,0,,0,0,0,0,0,0,0,0,0,,0
1013497,4,2,1,1,0,0,0,35.0,0,0,1,0,0,0,2,0,0,,1
1007729,0,1,0,0,0,0,0,,0,0,0,0,0,0,0,0,0,,0
1004266,0,1,0,0,0,0,0,,0,0,0,0,0,0,0,0,0,,0
1014353,0,1,1,0,0,0,0,,0,0,0,1,0,1,3,0,0,,1
1004598,0,1,0,0,0,0,0,,0,0,0,0,0,0,0,0,0,,0
1000644,4,1,1,0,0,0,1,,0,0,0,1,0,0,2,1,1,,1
1015885,4,2,1,1,1,0,0,,0,0,0,1,0,0,3,0,0,,1
1006991,0,1,0,0,0,0,0,,0,0,0,0,0,0,0,0,0,,1
1010202,0,1,0,0,0,0,0,,0,0,0,0,0,0,0,0,0,,0
1014479,0,1,0,0,0,0,0,,0,0,0,0,0,0,0,0,0,,0
1007419,0,1,0,0,0,0,0,,0,0,0,0,0,0,0,0,0,,0
1013155,0,1,0,0,0,0,0,,0,0,0,0,0,0,0,0,0,,1
1005210,0,1,0,0,0,0,0,,0,0,0,0,0,0,0,0,0,,0
1009042,4,2,1,1,1,1,1,,0,0,0,0,0,0,0,0,0,,1
1007719,4,1,1,1,0,0,0,,0,0,0,0,0,0,0,1,1,,1
1006182,0,1,0,0,0,0,0,,0,0,0,0,0,0,0,0,0,,0
1017152,4,0,1,0,1,0,0,1.0,0,0,0,0,0,0,0,1,1,,1
1011797,0,1,0,0,0,0,0,,0,0,0,0,0,0,0,0,0,,0
1016678,0,1,0,0,0,0,0,,0,0,0,0,0,0,0,0,0,,0
1009828,0,1,0,0,0,0,0,,0,0,0,0,0,0,0,0,0,,0
1002042,0,1,0,0,0,0,0,,0,0,0,0,0,0,0,0,0,,0
1008667,0,1,0,0,0,0,0,,0,0,0,0,0,0,0,0,0,,0
1009224,0,0,1,1,1,1,0,,0,0,0,0,0,0,6,0,0,,1
1014487,0,1,0,0,0,0,0,,0,0,0,0,0,0,0,0,0,,0
1015359,0,1,0,0,0,0,0,,0,0,0,0,0,0,0,0,0,,0
1009153,0,1,0,0,0,0,0,,0,0,0,0,0,0,0,0,0,,0
1012098,0,1,0,0,0,0,0,,0,0,0,0,0,0,0,0,0,,1
1011953,0,1,0,0,0,0,0,,0,0,0,0,0,0,0,0,0,,0
1008494,0,1,0,0,0,0,0,,0,0,0,0,0,0,0,0,0,,1
1003040,0,1,0,0,0,0,0,,0,0,0,0,0,0,0,0,0,,0
1009016,0,1,0,0,0,0,0,,0,0,0,0,0,0,0,0,0,,0
1006655,4,1,1,0,0,0,1,,0,0,0,1,0,0,2,1,1,,1
1005638,4,1,1,1,0,0,0,,0,0,1,1,0,0,2,0,0,,1
1000123,4,2,1,1,1,0,0,,0,0,1,1,1,1,6,0,0,,1
1013860,0,1,0,0,0,0,0,,0,0,0,0,0,0,0,0,0,,1
1004553,0,1,0,0,0,0,0,,0,0,0,0,0,0,0,0,0,,1
1000673,0,1,0,0,0,0,0,,0,0,0,0,0,0,0,0,0,,0
1003932,4,2,1,1,0,0,0,,0,0,1,1,1,1,6,0,0,,1
1005821,4,2,1,1,1,0,0,,0,0,1,1,1,1,6,0,0,,1
1014829,0,1,0,0,0,0,0,,0,0,0,0,0,0,0,0,0,,0
1017159,0,1,0,0,0,0,0,,0,0,0,0,0,0,0,0,0,,0
1011673,4,2,1,1,0,0,0,3.0,0,1,0,0,0,0,0,0,0,,1
1009511,4,2,1,0,0,0,0,,0,0,0,1,0,0,2,0,0,,1
1009280,4,2,1,1,1,0,0,,0,0,0,1,0,0,2,0,0,,1
1011007,0,1,0,0,0,0,0,,0,0,0,0,0,0,0,0,0,,0
1007974,0,1,0,0,0,0,0,,0,0,0,0,0,0,0,0,0,,0
1008725,4,0,1,1,0,0,0,1.0,0,0,0,0,0,0,0,0,0,,1
1000426,4,2,1,0,1,0,0,,0,0,0,0,0,0,0,0,0,,1
1003335,0,1,0,0,0,0,0,,0,0,0,0,0,0,0,0,0,,0
1006131,4,2,1,1,0,0,0,,0,0,0,0,0,0,0,0,0,,1
1007485,0,1,0,0,0,0,0,,0,0,0,0,0,0,0,0,0,,1
1006557,0,1,0,0,0,0,0,,0,0,0,0,0,0,0,0,0,,0
1007570,0,1,0,0,0,0,0,,0,0,0,0,0,0,0,0,0,,0
1011656,0,1,0,0,0,0,0,,0,0,0,0,0,0,0,0,0,,0
1011750,0,1,0,0,0,0,0,,0,0,0,0,0,0,0,0,0,,0
1017043,0,0,0,0,0,0,0,,0,0,0,0,0,0,0,0,0,,1
1008397,0,1,0,0,0,0,0,,0,0,0,0,0,0,0,0,0,,1
1005744,0,1,0,0,0,0,0,,0,0,0,0,0,0,0,0,0,,0
1013966,0,0,0,0,0,0,0,,0,0,0,0,0,0,0,0,0,,1
1016350,4,2,1,0,1,0,0,,0,1,1,1,1,1,6,0,0,,1
1015718,4,1,1,0,0,0,0,,0,0,0,0,0,0,2,0,0,,1
1004446,0,1,0,0,0,0,0,,0,0,0,0,0,0,0,0,0,,0
1017429,0,1,0,0,0,0,0,,0,0,0,0,0,0,0,0,0,,0
1017216,4,1,1,1,0,0,0,,0,0,0,0,0,0,0,1,1,,1
1010917,0,1,0,0,0,0,0,,0,0,0,0,0,0,0,0,0,,0
1004574,4,1,1,0,1,0,0,,0,0,0,0,0,0,0,1,1,,1
1000849,0,1,0,0,0,0,0,,0,0,0,0,0,0,0,0,0,,0
1013270,3,0,1,0,1,0,0,,0,0,0,0,0,0,1,0,0,,1
1009962,0,1,0,0,0,0,0,,0,0,0,0,0,0,0,0,0,,0
1001580,0,1,0,0,0,0,0,,0,0,0,0,0,0,0,0,0,,0
1013823,4,1,1,1,1,1,0,,0,0,0,1,0,1,5,0,0,,1
1003565,0,0,0,0,0,0,0,,0,0,0,0,0,0,0,0,1,,1
1005239,0,1,0,0,0,0,0,,0,0,0,0,0,0,0,0,0,,0
1007296,4,2,1,1,1,1,1,3.0,0,0,0,0,0,0,0,0,0,,1
1012582,0,1,0,0,0,0,0,,0,0,0,0,0,0,0,0,0,,0
1010397,4,2,1,0,0,1,0,3.0,0,0,0,1,0,1,4,0,0,,1
1000591,0,1,0,0,0,0,0,,0,0,0,0,0,0,0,0,0,,1
1005490,0,1,0,0,0,0,0,,0,0,0,0,0,0,0,0,0,,0
1005624,0,1,0,0,0,0,0,,0,0,0,0,0,0,0,0,0,,0
1005022,4,2,1,1,0,0,0,,0,0,0,1,0,0,2,0,0,,1
1012290,0,1,0,0,0,0,0,,0,0,0,0,0,0,0,0,0,,0
1008921,0,1,0,0,0,0,0,,0,0,0,0,0,0,0,0,0,,0
1014475,4,2,1,0,0,1,0,1.0,0,1,1,1,0,0,3,0,0,,1
1010644,0,1,0,0,0,0,0,,0,0,0,0,0,0,0,0,0,,1
1007738,4,2,1,0,0,0,0,,0,0,0,0,0,0,0,0,0,,1
1011961,0,0,0,0,0,0,0,,0,0,0,0,0,0,0,0,1,,1
1016646,0,0,0,0,0,0,0,,0,0,0,0,0,0,0,0,0,,1
1003407,4,0,1,0,0,0,0,,0,0,0,1,0,0,2,0,0,,1
1013723,4,2,1,0,0,0,0,3.0,0,0,0,1,0,0,2,0,0,,1
1013977,0,1,0,0,0,0,0,,0,0,0,0,0,0,0,0,0,,0
1008337,4,1,1,0,0,0,1,,0,0,0,0,0,0,5,0,0,,1
1008105,0,1,0,0,0,0,0,,0,0,0,0,0,0,0,0,0,,0
1009760,0,0,1,0,0,0,0,,0,0,0,0,0,0,0,0,0,,1
1009560,4,2,1,1,0,0,0,10.0,0,0,0,0,0,0,0,0,0,,1
1004461,0,1,0,0,0,0,0,,0,0,0,0,0,0,0,0,0,,0
1015036,0,1,0,0,0,0,0,,0,0,0,0,0,0,0,0,0,,0
1010778,0,1,0,0,0,0,0,,0,0,0,0,0,0,0,0,0,,0
1012399,0,1,0,0,0,0,0,,0,0,0,0,0,0,0,0,0,,0
1015754,4,1,1,0,0,0,1,,0,0,0,1,0,0,2,0,0,,1
1015599,4,1,1,1,0,0,0,,0,0,0,0,0,0,0,1,1,,1
1008737,4,2,1,1,0,0,0,,0,0,1,1,1,1,5,0,0,,1
1002774,4,1,1,1,0,0,0,,0,0,0,0,0,0,0,1,1,,1
1009954,0,1,0,0,0,0,0,,0,0,0,0,0,0,0,0,0,,0
1003993,4,2,1,1,1,0,0,,0,0,0,0,0,0,0,0,0,,1
1014280,4,2,1,0,0,0,0,2.0,0,0,0,1,0,0,2,0,0,,1
1013286,0,1,0,0,0,0,0,,0,0,0,0,0,0,0,0,0,,0
1014768,0,1,0,0,0,0,0,,0,0,0,0,0,0,0,0,0,,0
1004212,0,1,0,0,0,0,0,,0,0,0,0,0,0,0,0,0,,0
1011096,0,1,0,0,0,0,0,,0,0,0,0,0,0,0,0,0,,1
1000750,0,1,0,0,0,0,0,,0,0,0,0,0,0,0,0,0,,0
1006614,4,2,1,1,0,0,0,2.0,0,0,0,0,0,0,2,0,0,,1
1004570,0,1,0,0,0,0,0,,0,0,0,0,0,0,0,0,0,,1
1013504,4,1,1,1,0,0,0,2100.0,0,1,0,1,0,0,2,0,0,,1
1000846,0,1,0,0,0,0,0,,0,0,0,0,0,0,0,0,0,,1
1014569,0,1,0,0,0,0,0,,0,0,0,0,0,0,0,0,0,,0
1015874,4,2,1,1,1,0,1,,0,0,1,1,1,1,6,0,0,,1
1001978,0,1,0,0,0,0,0,,0,0,0,0,0,0,0,0,0,,0
1014968,0,1,0,0,0,0,0,,0,0,0,0,0,0,0,0,0,,0
1012458,4,2,1,1,1,1,1,,0,0,0,0,0,0,6,0,0,,1
1012218,0,1,0,0,0,0,0,,0,0,0,0,0,0,0,0,0,,0
1013368,0,1,0,0,0,0,0,,0,0,0,0,0,0,0,0,0,,0
1008357,0,1,0,0,0,0,0,,0,0,0,0,0,0,0,0,0,,0
1014737,4,2,1,0,0,0,0,,0,0,0,1,0,0,2,0,0,,1
1007067,4,2,1,1,0,0,0,,0,1,0,1,1,0,3,0,0,,1
1013631,4,1,1,1,0,0,0,,0,0,0,0,0,0,0,1,1,,1
1002842,0,1,0,0,0,0,0,,0,0,0,0,0,0,0,0,0,,1
1008060,4,2,1,1,1,1,0,,0,0,1,1,1,1,6,0,0,,1
1015452,4,2,1,0,1,0,0,7.0,0,0,0,0,0,0,0,0,0,,1
1009889,4,1,1,0,0,0,0,2.0,0,0,0,0,0,0,2,0,0,,1
1016902,0,1,0,0,0,0,0,,0,0,0,0,0,0,0,0,0,,0
1014344,0,1,0,0,0,0,0,,0,0,0,0,0,0,0,0,0,,1
1016527,0,1,0,0,0,0,0,,0,0,0,0,0,0,0,0,0,,0
1000851,0,1,0,0,0,0,0,,0,0,0,0,0,0,0,0,0,,0
1007295,0,1,0,0,0,0,0,,0,0,0,0,0,0,0,0,0,,0
1009363,0,1,0,0,0,0,0,,0,0,0,0,0,0,0,0,0,,0
1014092,0,1,0,0,0,0,0,,0,0,0,0,0,0,0,0,0,,0
1004471,0,1,0,0,0,0,0,,0,0,0,0,0,0,0,0,0,,0
1008826,0,1,0,0,0,0,0,,0,0,0,0,0,0,0,0,0,,0
1014116,0,1,0,0,0,0,0,,0,0,0,0,0,0,0,0,0,,0
1013842,0,1,0,0,0,0,0,,0,0,0,0,0,0,0,0,0,,0
1015455,0,1,0,0,0,0,0,,0,0,0,0,0,0,0,0,0,,0
1004443,0,1,0,0,0,0,0,,0,0,0,0,0,0,0,0,0,,0
1009165,4,2,1,1,0,0,0,,0,0,0,1,0,0,2,0,0,,1
1003910,4,2,1,1,0,0,0,,0,0,0,0,0,0,0,0,0,,1
1000837,4,1,1,0,0,1,0,,0,1,1,1,1,1,6,0,0,,1
1012908,0,1,0,0,0,0,0,,0,0,0,0,0,0,0,0,0,,0
1003481,0,1,0,0,0,0,0,,0,0,0,0,0,0,0,0,0,,0
1017232,0,1,0,0,0,0,0,,0,0,0,0,0,0,0,0,0,,0
1010886,0,1,0,0,0,0,0,,0,0,0,0,0,0,0,0,0,,0
1015320,1,0,0,0,0,0,0,,0,0,0,0,0,0,0,1,1,,1
1008503,0,1,0,0,0,0,0,,0,0,0,0,0,0,0,0,0,,0
1006114,0,1,0,0,0,0,0,,0,0,0,0,0,0,0,0,0,,0
1010009,0,1,0,0,0,0,0,,0,0,0,0,0,0,0,0,0,,1
1012669,0,1,0,0,0,0,0,,0,0,0,0,0,0,0,0,0,,0
1012296,0,1,0,0,0,0,0,,0,0,0,0,0,0,0,0,0,,1
1000048,4,2,1,1,0,0,0,12.0,0,0,0,1,0,0,2,0,0,,1
1003665,0,1,0,0,0,0,0,,0,0,0,0,0,0,0,0,0,,0
1011762,4,2,1,0,0,0,0,,0,0,0,1,0,0,2,0,0,,1
1003864,0,1,0,0,0,0,0,,0,0,0,0,0,0,0,0,0,,1
1013172,0,1,0,0,0,0,0,,0,0,0,0,0,0,0,0,0,,1
1006885,0,1,0,0,0,0,0,,0,0,0,0,0,0,0,0,0,,0
1001388,0,1,0,0,0,0,0,,0,0,0,0,0,0,0,0,0,,0
1001991,0,1,0,0,0,0,0,,0,0,0,0,0,0,0,0,0,,0
1017549,0,1,0,0,0,0,0,,0,0,0,0,0,0,0,0,0,,0
1001961,0,1,0,0,0,0,0,,0,0,0,0,0,0,0,0,0,,0
1015507,0,1,0,0,0,0,0,,0,0,0,0,0,0,0,0,0,,0
1006309,0,1,0,0,0,0,0,,0,0,0,0,0,0,0,0,0,,0
1004308,4,0,1,1,0,0,0,1.0,0,0,0,0,0,0,0,1,1,,1
1015073,4,2,1,1,1,0,0,12.0,0,1,1,1,0,0,3,0,0,,1
1010729,4,2,1,0,0,0,0,1.0,0,0,0,0,0,0,1,0,0,,1
1012308,4,2,1,1,1,0,1,,0,0,1,1,1,1,6,0,0,,1
1012166,4,2,1,1,1,0,0,,0,1,1,1,1,1,6,0,0,,1
1003631,4,2,1,1,0,0,0,,0,0,1,1,1,1,6,0,0,,1
1004020,0,1,0,0,0,0,0,,0,0,0,0,0,0,0,0,0,,0
1002610,4,2,1,0,1,0,0,,0,0,1,1,0,1,4,0,0,,1
1004381,4,2,1,1,0,0,0,,0,0,0,0,0,0,0,0,0,,1
1009736,4,2,1,0,0,0,0,,0,0,1,1,1,1,6,0,0,,1
1002839,4,2,1,1,1,1,0,,0,0,0,0,0,0,8,0,0,,1
1002701,0,1,0,0,0,0,0,,0,0,0,0,0,0,0,0,0,,0
1005949,0,1,0,0,0,0,0,,0,0,0,0,0,0,0,0,0,,0
1001052,0,1,0,0,0,0,0,,0,0,0,0,0,0,0,0,0,,1
1004614,0,1,0,0,0,0,0,,0,0,0,0,0,0,0,0,0,,0
1003189,0,1,0,0,0,0,0,,0,0,0,0,0,0,0,0,0,,1
1001621,0,1,0,0,0,0,0,,0,0,0,0,0,0,0,0,0,,0
1015602,0,1,0,0,0,0,0,,0,0,0,0,0,0,0,0,0,,0
1004807,0,1,0,0,0,0,0,,0,0,0,0,0,0,0,0,0,,0
1005871,0,1,0,0,0,0,0,,0,0,0,0,0,0,0,0,0,,0
1011850,0,1,0,0,0,0,0,,0,0,0,0,0,0,0,0,0,,0
1012554,0,0,0,0,0,0,0,,0,0,0,0,0,0,0,0,0,,1
1002810,0,1,0,0,0,0,0,,0,0,0,0,0,0,0,0,0,,0
1011833,0,1,0,0,0,0,0,,0,0,0,0,0,0,0,0,0,,0
1000178,0,1,0,0,0,0,0,,0,0,0,0,0,0,0,0,0,,0
1000119,4,1,1,1,0,0,0,,0,0,0,0,0,0,1,0,1,,1
1014042,4,2,1,1,1,1,0,,0,0,0,0,0,0,0,0,0,,1
1005464,4,1,1,0,0,0,1,,0,0,0,0,0,0,1,0,0,,1
1005662,0,0,0,0,0,0,0,,0,0,0,0,0,0,0,0,1,,1
1007954,0,1,0,0,0,0,0,,0,0,0,0,0,0,0,0,0,,0
1003722,0,1,0,0,0,0,0,,0,0,0,0,0,0,0,0,0,,0
1011418,0,1,0,0,0,0,0,,0,0,0,0,0,0,0,0,0,,0
1006298,0,1,0,0,0,0,0,,0,0,0,0,0,0,0,0,0,,0
1003868,4,1,1,0,0,0,0,2.0,0,0,0,1,0,0,2,0,0,,1
1003338,0,1,0,0,0,0,0,,0,0,0,0,0,0,0,0,0,,1
1001362,4,2,1,1,1,0,1,,0,0,1,1,1,1,6,0,0,,1
1010878,0,1,0,0,0,0,0,,0,0,0,0,0,0,0,0,0,,0
1010781,0,1,0,0,0,0,0,,0,0,0,0,0,0,0,0,0,,0
1006998,0,1,0,0,0,0,0,,0,0,0,0,0,0,0,0,0,,0
1016473,0,1,0,0,0,0,0,,0,0,0,0,0,0,0,0,0,,0
1014106,0,1,0,0,0,0,0,,0,0,0,0,0,0,0,0,0,,0
1014702,4,1,1,1,0,0,0,,0,0,0,0,0,0,0,1,1,,1
1002395,0,1,0,0,0,0,0,,0,0,0,0,0,0,0,0,0,,0
1008292,0,1,0,0,0,0,0,,0,0,0,0,0,0,0,0,0,,0
1008276,0,0,1,0,1,0,0,,0,0,0,0,0,0,0,1,1,,1
1009565,0,1,0,0,0,0,0,,0,0,0,0,0,0,0,0,0,,0
1014263,4,2,1,0,0,0,0,,0,0,0,1,0,0,2,0,0,,1
1011760,0,1,0,0,0,0,0,,0,0,0,0,0,0,0,0,0,,0
1004747,0,1,0,0,0,0,0,,0,0,0,0,0,0,0,0,0,,1
1002584,4,1,1,1,0,0,0,2.0,0,0,0,0,0,0,0,0,0,,1
1008365,0,1,0,0,0,0,0,,0,0,0,0,0,0,0,0,0,,0
1014123,0,1,0,0,0,0,0,,0,0,0,0,0,0,0,0,0,,0
1000493,0,1,0,0,0,0,0,,0,0,0,0,0,0,0,0,0,,0
1015617,0,1,0,0,0,0,0,,0,0,0,0,0,0,0,0,0,,1
1005560,0,1,0,0,0,0,0,,0,0,0,0,0,0,0,0,0,,1
1003326,0,1,0,0,0,0,0,,0,0,0,0,0,0,0,0,0,,0
1004141,0,1,0,0,0,0,0,,0,0,0,0,0,0,0,0,0,,0
1016856,0,1,0,0,0,0,0,,0,0,0,0,0,0,0,0,0,,0
1016378,0,1,0,0,0,0,0,,0,0,0,0,0,0,0,0,0,,0
1004455,0,1,0,0,0,0,0,,0,0,0,0,0,0,0,0,0,,0
1003802,4,1,1,0,0,0,1,,0,0,0,0,0,0,1,0,0,,1
1007422,4,2,1,1,1,0,0,,0,0,1,1,1,1,6,1,1,,1
1006863,4,2,1,1,1,0,0,1.0,0,0,0,0,0,0,2,0,0,,1
1014643,0,1,0,0,0,0,0,,0,0,0,0,0,0,0,0,0,,0
1013768,0,1,0,0,0,0,0,,0,0,0,0,0,0,0,0,0,,0
1007776,0,1,0,0,0,0,0,,0,0,0,0,0,0,0,0,0,,0
1013288,0,1,0,0,0,0,0,,0,0,0,0,0,0,0,0,0,,1
1015553,0,1,0,0,0,0,0,,0,0,0,0,0,0,0,0,0,,0
1010472,4,2,1,0,1,1,0,,0,1,0,0,0,0,3,0,0,,1
1012123,0,1,0,0,0,0,0,,0,0,0,0,0,0,0,0,0,,0
1005564,0,1,0,0,0,0,0,,0,0,0,0,0,0,0,0,0,,1
1011914,0,1,0,0,0,0,0,,0,0,0,0,0,0,0,0,0,,0
1000185,0,1,0,0,0,0,0,,0,0,0,0,0,0,0,0,0,,0
1007145,0,1,0,0,0,0,0,,0,0,0,0,0,0,0,0,0,,1
1004305,0,1,0,0,0,0,0,,0,0,0,0,0,0,0,0,0,,0
1016831,0,1,0,0,0,0,0,,0,0,0,0,0,0,0,0,0,,0
1005824,0,1,0,0,0,0,0,,0,0,0,0,0,0,0,0,0,,0
1014512,0,1,0,0,0,0,0,,0,0,0,0,0,0,0,0,0,,1
1003004,0,1,0,0,0,0,0,,0,0,0,0,0,0,0,0,0,,0
1016907,4,0,1,1,0,0,0,12.0,0,0,0,0,0,0,0,0,0,,1
1011642,0,1,0,0,0,0,0,,0,0,0,0,0,0,0,0,0,,0
1017068,0,1,0,0,0,0,0,,0,0,0,0,0,0,0,0,0,,0
1014914,4,2,1,0,1,0,0,15.0,0,0,0,1,0,0,2,0,0,,1
1003596,4,2,1,1,1,0,1,,0,0,1,1,0,0,3,0,0,,1
1005666,0,0,0,0,0,0,0,,0,0,0,0,0,0,0,1,1,,1
1006492,4,1,1,1,0,0,0,2.0,0,0,0,0,0,0,0,1,1,,1
1013898,0,1,0,0,0,0,0,,0,0,0,0,0,0,0,0,0,,0
1002358,4,2,1,1,1,1,0,,0,1,0,0,0,0,0,0,0,,1
1011863,0,1,0,0,0,0,0,,0,0,0,0,0,0,0,0,0,,0
1002326,4,1,1,0,0,0,0,,0,0,0,1,0,0,2,0,0,,1
1015705,0,1,0,0,0,0,0,,0,0,0,0,0,0,0,0,0,,0
1014404,0,1,0,0,0,0,0,,0,0,0,0,0,0,0,0,0,,1
1010590,0,1,0,0,0,0,0,,0,0,0,0,0,0,0,0,0,,0
1005026,0,1,0,0,0,0,0,,0,0,0,0,0,0,0,0,0,,0
1013506,0,1,0,0,0,0,0,,0,0,0,0,0,0,0,0,0,,0
1010381,0,1,0,0,0,0,0,,0,0,0,0,0,0,0,0,0,,0
1015854,4,0,1,0,1,0,0,15.0,0,0,0,0,0,0,0,1,1,,1
1014958,4,2,1,0,0,1,0,3.0,0,0,1,1,1,1,6,0,0,,1
1003443,4,2,1,1,0,0,0,2.0,0,0,0,1,0,0,2,0,0,,1
1015046,0,0,0,0,0,0,0,,0,0,0,0,0,0,0,0,0,,1
1008207,4,2,1,0,1,0,0,3.0,1,0,0,1,0,0,2,0,0,,1
1007567,4,1,1,1,1,1,0,2.0,0,0,1,1,1,1,6,0,0,,1
1007193,0,1,0,0,0,0,0,,0,0,0,0,0,0,0,0,0,,0
1016652,0,1,0,0,0,0,0,,0,0,0,0,0,0,0,0,0,,0
1010246,0,1,0,0,0,0,0,,0,0,0,0,0,0,0,0,0,,0
1016816,0,1,0,0,0,0,0,,0,0,0,0,0,0,0,0,0,,0
1012048,4,2,1,1,1,0,0,,0,0,0,1,0,0,6,0,0,,1
1012995,0,0,0,0,0,0,0,,0,0,0,0,0,0,0,1,1,,1
1008389,4,2,1,0,0,0,0,,0,0,0,0,0,0,2,0,0,,1
1001797,0,1,0,0,0,0,0,,0,0,0,0,0,0,0,0,0,,1
1015129,4,0,1,0,0,0,0,,0,0,0,0,0,0,0,1,1,,1
1001309,0,1,0,0,0,0,0,,0,0,0,0,0,0,0,0,0,,1
1014704,0,1,0,0,0,0,0,,0,0,0,0,0,0,0,0,0,,0
1004214,0,1,0,0,0,0,0,,0,0,0,0,0,0,0,0,0,,0
1012177,0,1,0,0,0,0,0,,0,0,0,0,0,0,0,0,0,,0
1012573,0,1,0,0,0,0,0,,0,0,0,0,0,0,0,0,0,,0
1005914,4,2,1,1,1,1,1,,0,0,0,0,0,0,0,0,0,,1
1011348,0,1,0,0,0,0,0,,0,0,0,0,0,0,0,0,0,,0
1006898,0,1,0,0,0,0,0,,0,0,0,0,0,0,0,0,0,,0
1010851,0,1,0,0,0,0,0,,0,0,0,0,0,0,0,0,0,,0
1012181,0,1,0,0,0,0,0,,0,0,0,0,0,0,0,0,0,,0
1003624,0,1,0,0,0,0,0,,0,0,0,0,0,0,0,0,0,,0
1000480,0,1,0,0,0,0,0,,0,0,0,0,0,0,0,0,0,,0
1006017,0,1,0,0,0,0,0,,0,0,0,0,0,0,0,0,0,,0
1014589,0,1,0,0,0,0,0,,0,0,0,0,0,0,0,0,0,,0
1001495,4,0,1,0,0,0,0,10.0,0,0,0,0,0,0,1,0,0,,1
1002376,4,2,1,1,1,0,0,,0,0,0,0,0,0,0,0,0,,1
1005156,0,1,0,0,0,0,0,,0,0,0,0,0,0,0,0,0,,0
1013272,0,1,0,0,0,0,0,,0,0,0,0,0,0,0,0,0,,1
1013590,4,2,1,0,0,0,0,,0,0,1,1,1,1,6,0,0,,1
1009303,4,2,1,0,0,0,0,10.0,0,0,1,1,1,1,6,0,0,,1
1006647,4,2,1,1,1,1,0,2.0,0,0,0,1,1,1,4,0,0,,1
1011701,4,2,1,1,1,0,0,,0,0,1,1,1,1,6,0,0,,1
1005115,4,0,1,0,0,0,0,9.0,0,0,0,0,0,0,0,1,1,,1
1014032,0,1,0,0,0,0,0,,0,0,0,0,0,0,0,0,0,,0
1004359,4,0,1,1,0,0,0,,0,0,0,0,0,0,0,1,1,,1
1007352,4,0,1,0,0,0,1,,0,0,0,0,0,0,0,1,1,,1
1005991,0,1,0,0,0,0,0,,0,0,0,0,0,0,0,0,0,,1
1008221,4,2,1,1,0,0,0,12.0,0,0,0,1,0,0,2,0,0,,1
1000137,0,1,0,0,0,0,0,,0,0,0,0,0,0,0,0,0,,0
1017376,0,1,0,0,0,0,0,,0,0,0,0,0,0,0,0,0,,1
1009451,3,0,1,0,0,0,0,,0,0,0,0,0,0,0,1,1,,1
1016540,0,1,0,0,0,0,0,,0,0,0,0,0,0,0,0,0,,0
1006494,0,1,0,0,0,0,0,,0,0,0,0,0,0,0,0,0,,0
1010870,0,1,0,0,0,0,0,,0,0,0,0,0,0,0,0,0,,0
1002998,4,1,1,0,0,0,0,,0,0,0,0,0,0,1,0,0,,1
1002533,4,2,1,1,0,0,0,3.0,0,1,1,1,1,1,6,0,0,,1
1015330,0,1,0,0,0,0,0,,0,0,0,0,0,0,0,0,0,,0
1015290,4,0,1,1,0,0,0,2.0,0,0,0,0,0,0,0,0,0,,1
1000108,4,1,1,1,1,1,1,10.0,0,1,1,1,1,1,6,0,0,,1
1016877,0,1,0,0,0,0,0,,0,0,0,0,0,0,0,0,0,,0
1017264,0,1,0,0,0,0,0,,0,0,0,0,0,0,0,0,0,,0
1016429,0,1,0,0,0,0,0,,0,0,0,0,0,0,0,0,0,,0
1014200,0,1,0,0,0,0,0,,0,0,0,0,0,0,0,0,0,,0
1000376,4,0,1,0,1,0,0,,0,0,0,0,0,0,0,1,1,,1
1012140,0,1,0,0,0,0,0,,0,0,0,0,0,0,0,0,0,,0
1012739,0,1,0,0,0,0,0,,0,0,0,0,0,0,0,0,0,,0
1013652,4,2,1,1,1,1,0,,0,0,1,1,1,1,6,0,0,,1
1000974,4,2,1,1,0,0,0,4.0,0,0,1,1,0,0,3,0,0,,1
1013403,0,1,0,0,0,0,0,,0,0,0,0,0,0,0,0,0,,0
1008426,0,1,0,0,0,0,0,,0,0,0,0,0,0,0,0,0,,0
1015621,0,1,0,0,0,0,0,,0,0,0,0,0,0,0,0,0,,1
1005934,4,2,1,0,0,0,0,,0,0,0,1,0,0,3,0,0,,1
1008751,0,1,0,0,0,0,0,,0,0,0,0,0,0,0,0,0,,0
1012742,0,0,0,0,0,0,0,,0,0,0,0,0,0,0,1,1,,1
1007114,0,1,0,0,0,0,0,,0,0,0,0,0,0,0,0,0,,0
1001498,4,2,1,1,1,1,0,35.0,1,1,1,1,1,1,9,0,0,,1
1000953,4,2,1,1,0,0,0,,0,0,1,1,1,1,6,0,0,,1
1014291,4,1,1,0,0,0,1,,0,0,0,1,0,0,2,1,1,,1
1012540,4,1,1,1,0,0,0,,0,0,0,0,0,0,0,1,1,,1
1006788,4,2,1,0,0,0,0,3.0,0,0,0,0,0,0,0,1,1,,1
1013381,0,1,0,0,0,0,0,,0,0,0,0,0,0,0,0,0,,0
1002765,0,1,0,0,0,0,0,,0,0,0,0,0,0,0,0,0,,0
1010322,4,0,1,0,0,0,0,,0,0,0,0,0,0,0,1,1,,1
1000581,0,1,0,0,0,0,0,,0,0,0,0,0,0,0,0,0,,0
1008099,3,0,1,0,0,0,0,,0,0,0,1,0,0,1,0,0,,1
1016547,4,1,1,1,0,0,0,,0,0,0,0,0,0,0,1,1,,1
1002175,0,1,0,0,0,0,0,,0,0,0,0,0,0,0,0,0,,0
1004999,0,1,0,0,0,0,0,,0,0,0,0,0,0,0,0,0,,0
1007332,0,1,0,0,0,0,0,,0,0,0,0,0,0,0,0,0,,0
1015246,0,1,0,0,0,0,0,,0,0,0,0,0,0,0,0,0,,0
1005260,0,1,0,0,0,0,0,,0,0,0,0,0,0,0,1,1,,1
1013499,0,1,0,0,0,0,0,,0,0,0,0,0,0,0,0,0,,1
1000422,0,1,0,0,0,0,0,,0,0,0,0,0,0,0,0,0,,0
1001649,4,2,1,0,0,0,0,,0,0,0,1,0,0,2,0,0,,1
1014478,0,1,0,0,0,0,0,,0,0,0,0,0,0,0,0,0,,0
1004052,0,1,0,0,0,0,0,,0,0,0,0,0,0,0,0,0,,0
1011873,4,2,1,1,1,0,0,3.0,0,0,1,1,1,1,6,0,0,,1
1012406,4,0,1,1,1,0,0,,0,0,0,0,0,0,0,0,0,,1
1009738,0,1,0,0,0,0,0,,0,0,0,0,0,0,0,0,0,,1
1017334,0,1,0,0,0,0,0,,0,0,0,0,0,0,0,0,0,,0
1013625,0,1,0,0,0,0,0,,0,0,0,0,0,0,0,0,0,,0
1016073,0,1,0,0,0,0,0,,0,0,0,0,0,0,0,0,0,,0
1000042,0,1,0,0,0,0,0,,0,0,0,0,0,0,0,0,0,,0
1012147,4,2,1,1,1,0,0,,0,0,0,0,0,0,0,0,0,,1
1010617,4,1,1,1,0,0,0,3.0,0,0,0,1,0,0,2,0,0,,1
1002782,0,1,0,0,0,0,0,,0,0,0,0,0,0,0,0,0,,0
1013195,0,1,0,0,0,0,0,,0,0,0,0,0,0,0,0,0,,0
1003727,0,1,0,0,0,0,0,,0,0,0,0,0,0,0,0,0,,0
1005209,0,1,0,0,0,0,0,,0,0,0,0,0,0,0,0,0,,0
1004452,0,1,0,0,0,0,0,,0,0,0,0,0,0,0,0,0,,0
1015064,0,1,0,0,0,0,0,,0,0,0,0,0,0,0,0,0,,1
1016545,0,1,0,0,0,0,0,,0,0,0,0,0,0,0,0,0,,0
1005361,4,2,1,0,0,0,0,,0,1,1,1,1,0,4,0,0,,1
1001011,0,1,0,0,0,0,0,,0,0,0,0,0,0,0,0,0,,0
1000612,0,1,0,0,0,0,0,,0,0,0,0,0,0,0,0,0,,0
1012563,4,2,1,1,1,1,1,,0,0,0,0,0,0,0,0,0,,1
1008618,4,0,1,1,0,0,0,30.0,0,0,0,1,0,0,3,0,0,,1
1014584,4,1,1,0,0,0,0,,0,0,0,0,0,0,0,0,0,,1
1003155,0,1,0,0,0,0,0,,0,0,0,0,0,0,0,0,0,,1
1007199,4,2,1,0,1,0,0,,1,0,0,1,1,0,3,0,0,,1
1002185,0,1,0,0,0,0,0,,0,0,0,0,0,0,0,0,0,,0
1006943,0,1,0,0,0,0,0,,0,0,0,0,0,0,0,0,0,,0
1014516,0,1,0,0,0,0,0,,0,0,0,0,0,0,0,0,0,,1
1015495,0,1,0,0,0,0,0,,0,0,0,0,0,0,0,0,0,,0
1002274,4,1,1,1,0,0,0,,0,0,0,0,0,0,0,1,1,,1
1013213,0,1,0,0,0,0,0,,0,0,0,0,0,0,0,0,0,,0
1011962,0,1,0,0,0,0,0,,0,0,0,0,0,0,0,0,0,,0
1001583,4,2,1,1,1,0,1,,0,0,0,0,0,0,0,0,0,,1
1010478,4,2,1,1,1,0,0,2.0,0,0,0,1,0,1,3,0,0,,1
1017459,4,2,1,1,1,0,0,,0,1,0,0,0,0,0,0,0,,1
1010812,0,1,0,0,0,0,0,,0,0,0,0,0,0,0,0,0,,0
1016860,0,0,0,0,0,0,0,,0,0,0,0,0,0,0,0,0,,1
1005757,0,1,0,0,0,0,0,,0,0,0,0,0,0,0,0,0,,0
1009438,4,2,1,0,0,0,0,,0,0,0,1,0,0,2,0,0,,1
1009847,0,1,0,0,0,0,0,,0,0,0,0,0,0,0,0,0,,0
1013920,0,1,0,0,0,0,0,,0,0,0,0,0,0,0,0,0,,1
1008611,0,1,0,0,0,0,0,,0,0,0,0,0,0,0,0,0,,0
1012699,4,1,1,1,0,0,0,2.0,0,1,0,0,0,0,0,0,0,,1
1010157,0,1,0,0,0,0,0,,0,0,0,0,0,0,0,0,0,,1
1017217,0,1,0,0,0,0,0,,0,0,0,0,0,0,0,0,0,,0
1001802,0,1,0,0,0,0,0,,0,0,0,0,0,0,0,0,0,,0
1002918,4,2,1,1,1,1,1,,0,0,0,0,0,0,0,0,0,,1
1013483,0,1,0,0,0,0,0,,0,0,0,0,0,0,0,0,0,,0
1009373,0,1,0,0,0,0,0,,0,0,0,0,0,0,0,0,0,,1
1010674,4,2,1,1,1,0,0,,0,0,0,1,0,0,2,0,0,,1
1004938,0,1,0,0,0,0,0,,0,0,0,0,0,0,0,0,0,,0
1008435,0,1,0,0,0,0,0,,0,0,0,0,0,0,0,0,0,,0
1016791,0,0,0,0,0,0,0,,0,0,0,0,0,0,0,0,1,,1
1002618,4,2,1,1,0,0,0,,0,0,0,0,0,0,0,0,0,,1
1006325,0,1,0,0,0,0,0,,0,0,0,0,0,0,0,0,0,,0
1013095,4,2,1,1,0,0,0,10.0,0,0,0,1,0,0,2,0,0,,1
1014886,0,1,0,0,0,0,0,,0,0,0,0,0,0,0,0,0,,0
1007315,0,1,0,0,0,0,0,,0,0,0,0,0,0,0,0,0,,1
1004986,0,1,0,0,0,0,0,,0,0,0,0,0,0,0,0,0,,0
1014991,4,2,1,1,1,0,0,,0,1,1,1,1,1,6,0,0,,1
1000354,0,1,0,0,0,0,0,,0,0,0,0,0,0,0,0,0,,0
1010869,0,1,0,0,0,0,0,,0,0,0,0,0,0,0,0,0,,0
1016003,0,1,0,0,0,0,0,,0,0,0,0,0,0,0,0,0,,0
1010701,4,1,1,1,0,0,0,1.0,0,0,0,0,0,0,0,1,1,,1
1016992,0,1,0,0,0,0,0,,0,0,0,0,0,0,0,0,0,,0
1001189,0,1,0,0,0,0,0,,0,0,0,0,0,0,0,0,0,,1
1008191,0,1,0,0,0,0,0,,0,0,0,0,0,0,0,0,0,,0
1014779,0,1,0,0,0,0,0,,0,0,0,0,0,0,0,0,0,,0
1004681,0,1,0,0,0,0,0,,0,0,0,0,0,0,0,0,0,,1
1001227,0,1,0,0,0,0,0,,0,0,0,0,0,0,0,0,0,,0
1013551,0,1,0,0,0,0,0,,0,0,0,0,0,0,0,0,0,,0
1013299,4,2,1,1,1,0,0,,0,0,1,1,1,1,6,0,0,,1
1003058,0,1,0,0,0,0,0,,0,0,0,0,0,0,0,0,0,,0
1003345,0,0,0,0,0,0,0,,0,0,0,0,0,0,0,0,0,,1
1006827,0,1,0,0,0,0,0,,0,0,0,0,0,0,0,0,0,,0
1011620,0,1,0,0,0,0,0,,0,0,0,0,0,0,0,0,0,,0
1003696,4,2,1,1,0,0,0,,0,0,1,1,1,1,6,0,0,,1
1010599,0,1,0,0,0,0,0,,0,0,0,0,0,0,0,0,0,,1
1003909,4,1,1,1,0,0,0,,0,0,0,0,0,0,1,0,0,,1
1009408,0,1,0,0,0,0,0,,0,0,0,0,0,0,0,0,0,,0
1000298,4,2,1,1,1,0,0,,0,0,1,1,1,1,6,0,0,,1
1007705,0,0,1,0,0,0,0,,0,0,0,0,0,0,0,1,1,,1
1016582,0,1,0,0,0,0,0,,0,0,0,0,0,0,0,0,0,,0
1004987,0,1,0,0,0,0,0,,0,0,0,0,0,0,0,0,0,,1
1012473,0,1,0,0,0,0,0,,0,0,0,0,0,0,0,0,0,,0
1007245,0,1,0,0,0,0,0,,0,0,0,0,0,0,0,0,0,,0
1008852,0,0,0,0,0,0,0,,0,0,0,0,0,0,0,0,0,,1
1012115,4,0,1,0,0,0,1,,0,0,0,0,0,0,0,1,1,,1
1010244,0,1,0,0,0,0,0,,0,0,0,0,0,0,0,0,0,,0
1010934,4,2,1,0,0,0,1,,0,0,1,1,1,1,6,0,0,,1
1005499,4,1,1,1,0,0,0,,0,0,1,1,0,0,3,0,0,,1
1013865,0,1,1,0,0,0,0,3.0,0,0,0,0,0,0,1,0,0,,1
1010876,0,1,0,0,0,0,0,,0,0,0,0,0,0,0,0,0,,0
1007843,4,2,1,1,1,0,0,,0,0,1,1,1,1,14,0,0,,1
1013978,0,1,0,0,0,0,0,,0,0,0,0,0,0,0,0,0,,1
1010398,0,1,0,0,0,0,0,,0,0,0,0,0,0,0,0,0,,0
1010790,0,1,0,0,0,0,0,,0,0,0,0,0,0,0,0,0,,0
1005979,0,1,0,0,0,0,0,,0,0,0,0,0,0,0,0,0,,0
1000545,0,1,0,0,0,0,0,,0,0,0,0,0,0,0,0,0,,1
1015773,4,0,1,1,0,0,0,,0,0,0,0,0,0,0,1,1,,1
1003264,0,1,0,0,0,0,0,,0,0,0,0,0,0,0,0,0,,0
1005902,4,2,1,1,0,0,0,,0,0,1,1,1,1,6,0,0,,1
1000564,4,2,1,1,1,0,0,,0,0,1,1,1,0,5,0,0,,1
1004697,0,1,0,0,0,0,0,,0,0,0,0,0,0,0,0,0,,0
1017223,0,1,0,0,0,0,0,,0,0,0,0,0,0,0,0,0,,0
1010110,4,1,1,0,0,0,0,,0,0,0,0,0,0,0,0,0,,1
1014201,0,1,0,0,0,0,0,,0,0,0,0,0,0,0,0,0,,1
1002571,0,1,0,0,0,0,0,,0,0,0,0,0,0,0,0,0,,0
1000438,0,1,0,0,0,0,0,,0,0,0,0,0,0,0,0,0,,0
1012520,0,1,0,0,0,0,0,,0,0,0,0,0,0,0,0,0,,0
1011006,4,0,1,0,0,0,0,,0,0,0,0,0,0,6,0,0,,1
1001172,4,2,1,1,1,1,0,,0,0,0,0,0,0,0,0,0,,1
1000500,0,1,0,0,0,0,0,,0,0,0,0,0,0,0,0,0,,0
1011326,4,1,1,1,0,0,0,,0,0,0,0,0,0,0,1,1,,1
1007240,0,1,0,0,0,0,0,,0,0,0,0,0,0,0,0,0,,1
1016370,0,1,0,0,0,0,0,,0,0,0,0,0,0,0,0,0,,0
1004879,4,1,1,1,1,1,0,2.0,0,0,0,0,0,0,0,0,0,,1
1014500,4,2,1,1,1,1,1,10.0,0,1,0,1,1,0,3,0,0,,1
1014112,0,1,0,0,0,0,0,,0,0,0,0,0,0,0,0,0,,0
1016520,0,1,0,0,0,0,0,,0,0,0,0,0,0,0,0,0,,0
1001568,4,2,1,1,1,0,0,,0,0,1,1,1,1,6,0,0,,1
1011940,4,2,1,0,0,0,1,,0,0,0,1,0,1,3,0,0,,1
1001247,4,2,1,1,1,1,0,,0,1,0,0,0,0,0,0,0,,1
1007138,4,0,1,1,0,0,0,,0,0,0,0,0,0,0,0,0,,1
1002028,4,2,1,0,1,0,0,,0,0,0,1,0,0,2,0,0,,1
1002776,0,1,0,0,0,0,0,,0,0,0,0,0,0,0,0,0,,0
1006891,4,2,1,1,1,0,0,3.0,0,0,0,1,0,0,2,0,0,,1
1006930,0,1,0,0,0,0,0,,0,0,0,0,0,0,0,0,0,,0
1004154,4,0,1,0,0,0,0,,0,0,0,1,0,0,2,0,0,,1
1004167,0,1,0,0,0,0,0,,0,0,0,0,0,0,0,0,0,,1
1000126,4,2,1,0,0,0,0,,0,0,0,0,0,0,1,0,0,,1
1011315,4,2,1,1,0,0,0,,0,0,0,1,0,0,2,0,0,,1
1006547,0,1,0,0,0,0,0,,0,0,0,0,0,0,0,0,0,,0
1002643,0,1,0,0,0,0,0,,0,0,0,0,0,0,0,0,0,,0
1012136,4,2,1,1,1,0,1,,0,1,0,1,0,0,2,0,0,,1
1016486,0,1,0,0,0,0,0,,0,0,0,0,0,0,0,0,0,,0
1013988,0,1,0,0,0,0,0,,0,0,0,0,0,0,0,0,0,,0
1005804,4,1,1,1,0,0,0,20.0,0,1,0,0,0,0,6,0,0,,1
1003734,0,1,0,0,0,0,0,,0,0,0,0,0,0,0,0,0,,0
1002104,0,1,0,0,0,0,0,,0,0,0,0,0,0,0,0,0,,0
1005205,0,1,0,0,0,0,0,,0,0,0,0,0,0,0,0,0,,0
1009466,4,2,1,1,0,0,0,15.0,0,0,0,0,0,0,0,0,0,,1
1015962,0,1,0,0,0,0,0,,0,0,0,0,0,0,0,0,0,,0
1017440,0,1,0,0,0,0,0,,0,0,0,0,0,0,0,0,0,,0
1009857,4,0,1,0,0,0,1,,0,0,0,0,0,0,0,1,1,,1
1016518,4,2,1,1,1,1,0,2.0,0,0,0,0,0,0,0,0,0,,1
1001472,0,1,0,0,0,0,0,,0,0,0,0,0,0,0,0,0,,0
1013836,0,1,0,0,0,0,0,,0,0,0,0,0,0,0,0,0,,0
1013156,0,1,0,0,0,0,0,,0,0,0,0,0,0,0,0,0,,1
1006419,4,2,1,1,1,0,1,,0,0,1,1,1,1,6,0,0,,1
1012327,0,1,0,0,0,0,0,,0,0,0,0,0,0,0,0,0,,0
1011603,4,2,1,1,1,1,0,,0,0,1,1,1,1,5,0,0,,1
1011237,0,1,0,0,0,0,0,,0,0,0,0,0,0,0,0,0,,1
1006376,0,2,1,0,0,1,0,,0,0,1,0,0,0,8,0,0,,1
1003718,4,0,1,0,1,0,0,,0,0,0,0,0,0,0,1,2,,1
1007256,0,1,0,0,0,0,0,,0,0,0,0,0,0,0,0,0,,0
1009123,0,1,0,0,0,0,0,,0,0,0,0,0,0,0,0,0,,0
1009800,0,1,0,0,0,0,0,,0,0,0,0,0,0,0,0,0,,1
1014381,0,1,0,0,0,0,0,,0,0,0,0,0,0,0,0,0,,0
1014756,4,2,1,1,0,0,0,,0,0,0,0,0,0,0,0,0,,1
1010017,4,1,1,0,0,0,0,2.0,0,0,0,1,0,0,2,0,0,,1
1006750,4,2,1,1,0,0,0,10.0,0,0,0,1,0,0,2,0,0,,1
1006116,0,1,0,0,0,0,0,,0,0,0,0,0,0,0,0,0,,0
1002266,4,1,1,0,0,0,0,1.0,0,0,1,0,0,0,2,0,0,,1
1003732,0,1,0,0,0,0,0,,0,0,0,0,0,0,0,0,0,,0
1014605,4,1,1,1,0,0,0,,0,0,0,0,0,0,0,1,1,,1
1005167,4,0,1,0,1,0,0,3.0,0,0,0,0,0,0,0,0,1,,1
1004616,0,1,0,0,0,0,0,,0,0,0,0,0,0,0,0,0,,1
1002077,4,2,1,0,0,0,1,,0,0,0,1,0,0,2,0,0,,1
1009147,4,0,1,0,0,0,0,,0,0,0,0,0,0,1,0,0,,1
1008676,0,1,0,0,0,0,0,,0,0,0,0,0,0,0,0,0,,1
1000697,4,2,1,1,1,1,0,2600.0,0,0,0,0,0,0,0,0,0,,1
1012490,4,0,1,1,0,0,0,12.0,0,0,0,0,0,0,0,1,1,,1
1008687,0,1,0,0,0,0,0,,0,0,0,0,0,0,0,0,0,,1
1008448,0,1,0,0,0,0,0,,0,0,0,0,0,0,0,0,0,,1
1011573,4,2,1,1,0,0,0,,0,0,1,1,0,0,3,0,0,,1
1003333,0,1,0,0,0,0,0,,0,0,0,0,0,0,0,0,0,,0
1005169,4,2,1,1,1,0,0,,0,0,0,1,0,0,2,0,0,,1
1004219,0,1,0,0,0,0,0,,0,0,0,0,0,0,0,0,0,,0
1002872,0,1,0,0,0,0,0,,0,0,0,0,0,0,0,0,0,,0
1003894,4,2,1,1,0,0,0,,0,0,1,1,1,1,6,0,0,,1
1012033,0,1,0,0,0,0,0,,0,0,0,0,0,0,0,0,0,,1
1008244,0,1,0,0,0,0,0,,0,0,0,0,0,0,0,0,0,,0
1001282,0,1,0,0,0,0,0,,0,0,0,0,0,0,0,0,0,,0
1013726,0,1,0,0,0,0,0,,0,0,0,0,0,0,0,0,0,,1
1016901,0,1,0,0,0,0,0,,0,0,0,0,0,0,0,0,0,,0
1010327,4,2,1,0,1,0,0,1.0,0,0,0,0,0,0,0,0,0,,1
1016124,4,2,1,1,1,1,1,12.0,0,0,0,0,0,0,0,0,0,,1
1008122,0,1,0,0,0,0,0,,0,0,0,0,0,0,0,0,0,,0
1004258,0,1,0,0,0,0,0,,0,0,0,0,0,0,0,0,0,,1
1009831,0,1,0,0,0,0,0,,0,0,0,0,0,0,0,0,0,,1
1009274,0,1,0,0,0,0,0,,0,0,0,0,0,0,0,0,0,,1
1013627,0,1,1,1,0,0,0,,0,0,0,1,0,0,2,0,0,,1
1009112,0,1,0,0,0,0,0,,0,0,0,0,0,0,0,0,0,,1
1015444,4,2,1,1,0,1,0,,0,0,0,0,0,0,6,0,0,,1
1010686,0,1,0,0,0,0,0,,0,0,0,0,0,0,0,0,0,,0
1008681,4,2,1,0,1,0,0,,0,0,0,0,0,0,0,0,1,,1
1000230,0,1,0,0,0,0,0,,0,0,0,0,0,0,0,0,0,,0
1007830,4,2,1,0,0,0,0,2.0,0,0,0,0,0,0,1,0,0,,1
1013370,0,0,0,0,0,0,0,,0,0,0,0,0,0,0,0,1,,1
1016913,0,1,0,0,0,0,0,,0,0,0,0,0,0,0,0,0,,0
1014226,0,0,1,0,0,0,0,,0,0,0,0,0,0,0,0,1,,1
1016295,4,0,1,0,1,0,0,,0,0,0,0,0,0,0,1,1,,1
1004218,4,2,1,1,0,0,0,2.0,0,0,1,1,1,1,6,0,0,,1
1002516,4,2,1,1,1,0,0,,0,0,1,1,1,1,6,0,0,,1
1011322,0,1,0,0,0,0,0,,0,0,0,0,0,0,0,0,0,,1
1003476,0,1,0,0,0,0,0,,0,0,0,0,0,0,0,0,0,,0
1002964,4,2,1,1,1,0,0,,0,1,1,1,1,0,5,0,0,,1
1006872,0,1,0,0,0,0,0,,0,0,0,0,0,0,0,0,0,,0
1013452,4,2,1,0,1,1,0,,0,1,0,0,0,0,7,0,0,,1
1015649,0,1,0,0,0,0,0,,0,0,0,0,0,0,0,0,0,,1
1009762,0,1,0,0,0,0,0,,0,0,0,0,0,0,0,0,0,,0
1007675,0,1,0,0,0,0,0,,0,0,0,0,0,0,0,0,0,,0
1003517,4,1,1,1,0,0,0,,0,0,0,0,0,0,0,1,1,,1
1013881,0,1,0,0,0,0,0,,0,0,0,0,0,0,0,0,0,,0
1006465,0,1,0,0,0,0,0,,0,0,0,0,0,0,0,0,0,,0
1006034,4,2,1,0,0,0,1,,0,0,0,1,0,0,2,0,0,,1
1017387,0,1,0,0,0,0,0,,0,0,0,0,0,0,0,0,0,,0
1004974,4,2,1,0,0,0,0,,0,0,0,1,0,0,2,0,0,,1
1007392,4,1,1,1,0,0,0,,0,0,0,0,0,0,0,1,1,,1
1004006,4,1,1,0,0,0,1,,0,0,0,1,0,0,1,1,1,,1
1002745,0,1,0,0,0,0,0,,0,0,0,0,0,0,0,0,0,,1
1004186,4,1,1,1,0,0,0,,0,0,0,0,0,0,0,1,1,,1
1016359,0,1,0,0,0,0,0,,0,0,0,0,0,0,0,0,0,,0
1012356,0,1,0,0,0,0,0,,0,0,0,0,0,0,0,0,0,,0
1016015,0,1,0,0,0,0,0,,0,0,0,0,0,0,0,0,0,,0
1008463,0,1,0,0,0,0,0,,0,0,0,0,0,0,0,0,0,,0
1004199,0,1,0,0,0,0,0,,0,0,0,0,0,0,0,0,0,,0
1001839,0,1,0,0,0,0,0,,0,0,0,0,0,0,0,0,0,,0
1012071,0,1,0,0,0,0,0,,0,0,0,0,0,0,0,0,0,,0
1000739,4,2,1,1,1,1,0,,0,0,0,0,0,0,0,0,0,,1
1004698,4,2,1,0,0,0,0,,0,0,1,1,0,0,3,0,0,,1
1007347,0,1,0,0,0,0,0,,0,0,0,0,0,0,0,0,0,,0
1010125,0,1,0,0,0,0,0,,0,0,0,0,0,0,0,0,0,,0
1000907,0,1,0,0,0,0,0,,0,0,0,0,0,0,0,0,0,,1
1016982,4,1,1,0,0,0,1,,0,0,0,0,0,0,0,1,1,,1
1001607,0,1,0,0,0,0,0,,0,0,0,0,0,0,0,0,0,,0
1012590,4,1,1,1,0,0,0,,0,0,0,0,0,0,0,1,1,,1
1012887,0,1,0,0,0,0,0,,0,0,0,0,0,0,0,0,0,,1
1010557,0,1,0,0,0,0,0,,0,0,0,0,0,0,0,0,0,,0
1011166,0,1,0,0,0,0,0,,0,0,0,0,0,0,0,0,0,,0
1006471,4,1,1,0,0,0,1,,0,0,0,1,0,0,2,0,0,,1
1010588,0,1,0,0,0,0,0,,0,0,0,0,0,0,0,0,0,,0
1012891,0,0,0,0,0,0,0,,0,0,0,0,0,0,0,0,0,,1
1011550,0,1,0,0,0,0,0,,0,0,0,0,0,0,0,0,0,,0
1010139,4,0,1,1,0,0,0,,0,0,1,1,1,1,6,0,0,,1
1001429,4,2,1,0,0,0,1,,0,0,0,0,0,0,5,0,0,,1
1003229,0,1,0,0,0,0,0,,0,0,0,0,0,0,0,0,0,,0
1003906,4,2,1,0,0,0,0,,0,0,0,0,0,0,1,0,0,,1
1015054,0,1,0,0,0,0,0,,0,0,0,0,0,0,0,0,0,,0
1005887,4,2,1,1,1,1,0,,0,0,1,1,1,1,10,0,0,,1
1015218,0,1,0,0,0,0,0,,0,0,0,0,0,0,0,0,0,,0
1007182,0,1,0,0,0,0,0,,0,0,0,0,0,0,0,0,0,,0
1013719,0,1,0,0,0,0,0,,0,0,0,0,0,0,0,0,0,,1
1010222,0,1,0,0,0,0,0,,0,0,0,0,0,0,0,0,0,,0
1013721,0,1,0,0,0,0,0,,0,0,0,0,0,0,0,0,0,,0
1015197,0,1,0,0,0,0,0,,0,0,0,0,0,0,0,0,0,,0
1007269,0,1,0,0,0,0,0,,0,0,0,0,0,0,0,0,0,,0
1016105,4,2,1,1,0,1,0,2.0,0,0,0,0,0,0,0,0,0,,1
1000455,0,1,0,0,0,0,0,,0,0,0,0,0,0,0,0,0,,1
1010921,0,1,0,0,0,0,0,,0,0,0,0,0,0,0,0,0,,0
1005663,0,1,0,0,0,0,0,,0,0,0,0,0,0,0,0,0,,0
1005722,0,0,0,0,0,0,0,,0,0,0,0,0,0,0,0,0,,1
1013901,0,1,0,0,0,0,0,,0,0,0,0,0,0,0,0,0,,1
1011037,4,2,1,1,1,1,0,4.0,0,0,0,0,0,0,0,0,0,,1
1013080,0,1,0,0,0,0,0,,0,0,0,0,0,0,0,0,0,,0
1007021,1,0,0,0,0,0,0,,0,0,0,0,0,0,0,1,1,,1
1001655,4,0,1,1,0,0,0,,0,0,0,0,0,0,0,1,1,,1
1009118,0,1,0,0,0,0,0,,0,0,0,0,0,0,0,0,0,,0
1008654,4,2,1,0,1,0,0,,0,0,1,0,0,0,4,0,0,,1
1016776,4,2,1,1,1,0,1,,0,0,1,1,1,1,6,0,0,,1
1013291,4,1,1,0,0,0,0,,0,0,0,1,0,0,2,1,1,,1
1004200,0,1,0,0,0,0,0,,0,0,0,0,0,0,0,0,0,,0
1011265,0,1,0,0,0,0,0,,0,0,0,0,0,0,0,0,0,,0
1007973,0,1,0,0,0,0,0,,0,0,0,0,0,0,0,0,0,,0
1015381,4,1,1,0,0,0,0,,0,0,0,1,0,0,2,0,1,,1
1013527,0,1,0,0,0,0,0,,0,0,0,0,0,0,0,0,0,,0
1009249,4,1,1,0,0,0,0,,0,0,0,1,0,0,2,0,0,,1
1015572,0,1,0,0,0,0,0,,0,0,0,0,0,0,0,0,0,,0
1007078,0,0,1,0,1,0,0,,0,0,0,0,0,0,0,1,1,,1
1008189,0,1,0,0,0,0,0,,0,0,0,0,0,0,0,0,0,,0
1005705,0,1,0,0,0,0,0,,0,0,0,0,0,0,0,0,0,,0
1011711,0,0,0,0,0,0,0,,0,0,0,0,0,0,0,0,0,,1
1008730,0,1,0,0,0,0,0,,0,0,0,0,0,0,0,0,0,,1
1008481,0,1,0,0,0,0,0,,0,0,0,0,0,0,0,0,0,,0
1002650,0,1,0,0,0,0,0,,0,0,0,0,0,0,0,0,0,,0
1003419,0,1,0,0,0,0,0,,0,0,0,0,0,0,0,0,0,,0
1009976,0,1,0,0,0,0,0,,0,0,0,0,0,0,0,0,0,,0
1007496,0,1,0,0,0,0,0,,0,0,0,0,0,0,0,0,0,,0
1007476,0,1,0,0,0,0,0,,0,0,0,0,0,0,0,0,0,,0
1008505,0,1,0,0,0,0,0,,0,0,0,0,0,0,0,0,0,,0
1005461,4,2,1,0,0,0,0,,0,0,0,0,0,0,3,0,0,,1
1015487,4,1,1,1,0,0,0,910.0,0,0,0,0,0,0,0,1,1,,1
1011004,0,1,0,0,0,0,0,,0,0,0,0,0,0,0,0,0,,0
1012207,4,2,1,1,0,0,0,2.0,0,1,0,0,0,0,0,0,0,,1
1007784,0,1,0,0,0,0,0,,0,0,0,0,0,0,0,0,0,,0
1013261,4,1,1,0,0,0,1,,0,0,0,1,0,0,2,0,0,,1
1011857,0,1,0,0,0,0,0,,0,0,0,0,0,0,0,0,0,,0
1004172,4,2,1,1,1,0,0,23.0,0,0,1,0,0,0,8,0,0,,1
1005435,0,0,0,0,0,0,0,,0,0,0,0,0,0,1,0,0,,1
1006366,4,2,1,1,1,1,0,2.0,0,0,1,1,1,1,6,0,0,,1
1007003,0,1,0,0,0,0,0,,0,0,0,0,0,0,0,0,0,,0
1003096,0,1,0,0,0,0,0,,0,0,0,0,0,0,0,0,0,,0
1012945,3,1,1,0,1,0,0,3.0,0,0,0,0,0,0,0,0,0,,1
1006063,4,1,1,1,0,0,0,,0,0,0,0,0,0,0,1,1,,1
1012266,4,2,1,1,0,0,0,,0,0,1,1,1,1,6,0,0,,1
1011569,0,1,0,0,0,0,0,,0,0,0,0,0,0,0,0,0,,0
1001304,0,1,0,0,0,0,0,,0,0,0,0,0,0,0,0,0,,0
1008236,4,2,1,1,0,0,0,,0,0,1,1,1,1,6,0,0,,1
1013107,0,1,0,0,0,0,0,,0,0,0,0,0,0,0,0,0,,1
1003889,0,1,0,0,0,0,0,,0,0,0,0,0,0,0,0,0,,0
1014386,0,1,0,0,0,0,0,,0,0,0,0,0,0,0,0,0,,0
1000410,4,2,1,1,0,0,0,,0,0,0,1,1,0,3,0,0,,1
1003479,0,1,0,0,0,0,0,,0,0,0,0,0,0,0,0,0,,1
1003497,0,1,0,0,0,0,0,,0,0,0,0,0,0,0,0,0,,0
1005053,0,1,0,0,0,0,0,,0,0,0,0,0,0,0,0,0,,0
1001748,4,1,1,0,0,0,0,,0,0,0,0,0,0,1,0,0,,1
1010187,0,1,0,0,0,0,0,,0,0,0,0,0,0,0,0,0,,0
1005659,0,1,0,0,0,0,0,,0,0,0,0,0,0,0,0,0,,0
1005680,0,1,0,0,0,0,0,,0,0,0,0,0,0,0,0,0,,0
1008428,0,0,0,0,0,0,0,,0,0,0,0,0,0,1,1,1,,1
1017432,0,1,0,0,0,0,0,,0,0,0,0,0,0,0,0,0,,0
1003660,0,1,0,0,0,0,0,,0,0,0,0,0,0,0,0,0,,1
1013252,0,1,0,0,0,0,0,,0,0,0,0,0,0,0,0,0,,0
1012201,0,1,0,0,0,0,0,,0,0,0,0,0,0,0,0,0,,0
1016643,0,1,0,0,0,0,0,,0,0,0,0,0,0,0,0,0,,0
1007887,4,2,1,1,1,0,0,,0,0,1,1,1,1,6,0,0,,1
1004767,4,1,1,1,0,0,0,,0,0,0,0,0,0,0,1,1,,1
1004439,0,1,0,0,0,0,0,,0,0,0,0,0,0,0,0,0,,0
1008328,0,1,0,0,0,0,0,,0,0,0,0,0,0,0,0,0,,0
1009994,4,2,1,0,1,0,0,,0,0,1,1,1,1,6,1,1,,1
1015965,4,0,1,0,0,0,0,1.0,0,0,0,0,0,0,0,1,1,,1
1017196,4,1,1,0,1,0,0,,0,0,0,0,0,0,0,1,1,,1
1010423,4,2,1,0,0,0,0,2.0,0,0,0,1,1,1,5,0,0,,1
1014199,4,2,1,1,1,1,1,,0,0,0,0,0,0,0,0,0,,1
1009289,4,2,1,1,0,0,0,,0,0,0,0,0,0,3,0,0,,1
1015341,0,1,0,0,0,0,0,,0,0,0,0,0,0,0,0,0,,0
1005496,0,1,0,0,0,0,0,,0,0,0,0,0,0,0,0,0,,0
1006772,0,1,0,0,0,0,0,,0,0,0,0,0,0,0,0,0,,1
1000531,0,1,0,0,0,0,0,,0,0,0,0,0,0,0,0,0,,0
1008035,0,1,0,0,0,0,0,,0,0,0,0,0,0,0,0,0,,0
1014609,4,2,1,0,0,0,0,,0,0,0,1,0,0,2,0,0,,1
1016367,0,1,0,0,0,0,0,,0,0,0,0,0,0,0,0,0,,0
1006774,4,2,1,1,1,1,1,,0,0,0,1,1,1,4,0,0,,1
1007806,0,1,0,0,0,0,0,,0,0,0,0,0,0,0,0,0,,0
1011600,0,1,0,0,0,0,0,,0,0,0,0,0,0,0,0,0,,0
1000626,4,2,1,1,1,0,0,,0,0,1,1,1,1,6,0,0,,1
1013404,4,0,1,1,1,1,0,,0,0,0,0,0,0,0,0,0,,1
1006135,0,1,0,0,0,0,0,,0,0,0,0,0,0,0,0,0,,0
1012118,0,1,0,0,0,0,0,,0,0,0,0,0,0,0,0,0,,0
1010143,0,1,0,0,0,0,0,,0,0,0,0,0,0,0,0,0,,0
1006978,4,1,1,0,0,0,0,,1,0,0,0,0,0,4,0,0,,1
1003259,0,1,0,0,0,0,0,,0,0,0,0,0,0,0,0,0,,0
1015662,4,1,1,1,0,0,0,2.0,0,0,0,0,0,0,0,0,0,,1
1010075,0,1,0,0,0,0,0,,0,0,0,0,0,0,0,0,0,,0
1008521,4,0,1,0,0,0,0,,0,0,0,0,0,0,1,1,1,,1
1016801,0,1,0,0,0,0,0,,0,0,0,0,0,0,0,0,0,,0
1004294,0,1,0,0,0,0,0,,0,0,0,0,0,0,0,0,0,,1
1012983,0,1,0,0,0,0,0,,0,0,0,0,0,0,0,0,0,,0
1014130,0,1,0,0,0,0,0,,0,0,0,0,0,0,0,0,0,,0
1013745,0,1,0,0,0,0,0,,0,0,0,0,0,0,0,0,0,,0
1008350,4,1,1,0,0,0,0,,0,0,0,0,0,0,0,1,1,,1
1002709,0,1,0,0,0,0,0,,0,0,0,0,0,0,0,0,0,,0
1015416,4,0,1,1,0,0,0,12.0,0,0,0,0,0,0,0,1,1,,1
1005574,0,1,0,0,0,0,0,,0,0,0,0,0,0,0,0,0,,1
1008763,0,1,0,0,0,0,0,,0,0,0,0,0,0,0,0,0,,0
1005183,4,1,1,0,0,0,0,,0,0,0,1,0,0,2,0,0,,1
1016206,0,1,0,0,0,0,0,,0,0,0,0,0,0,0,0,0,,0
1000424,0,1,0,0,0,0,0,,0,0,0,0,0,0,0,0,0,,0
1005080,0,1,0,0,0,0,0,,0,0,0,0,0,0,0,0,0,,0
1000069,0,1,0,0,0,0,0,,0,0,0,0,0,0,0,0,0,,0
1014720,4,1,1,1,0,0,0,,0,0,0,0,0,0,0,1,1,,1
1012676,0,1,0,0,0,0,0,,0,0,0,0,0,0,0,0,0,,0
1006588,0,1,0,0,0,0,0,,0,0,0,0,0,0,0,0,0,,0
1017225,4,2,1,1,0,0,0,8.0,0,0,0,0,0,0,0,1,1,,1
1001762,0,1,0,0,0,0,0,,0,0,0,0,0,0,0,0,0,,0
1011469,4,1,1,0,0,0,0,2.0,0,0,0,1,0,0,2,0,0,,1
1006145,4,2,1,1,0,0,0,,0,0,1,1,0,0,3,0,0,,1
1005202,0,1,0,0,0,0,0,,0,0,0,0,0,0,0,0,0,,0
1016523,4,0,1,0,0,0,0,,0,0,0,1,0,0,2,0,0,,1
1013637,4,1,1,0,0,0,0,1.0,0,1,0,1,0,1,3,0,0,,1
1016943,0,1,0,0,0,0,0,,0,0,0,0,0,0,0,0,0,,0
1010514,0,1,0,0,0,0,0,,0,0,0,0,0,0,0,0,0,,0
1003397,0,1,0,0,0,0,0,,0,0,0,0,0,0,0,0,0,,0
1002286,0,1,0,0,0,0,0,,0,0,0,0,0,0,0,0,0,,0
1000502,4,2,1,0,0,0,0,,0,0,0,1,0,0,2,0,0,,1
1010485,4,1,1,1,0,0,0,1.0,0,1,0,1,0,1,3,0,0,,1
1007836,4,2,1,1,0,0,0,10.0,0,0,1,1,1,1,6,0,0,,1
1012150,0,1,0,0,0,0,0,,0,0,0,0,0,0,0,0,0,,0
1005233,0,1,0,0,0,0,0,,0,0,0,0,0,0,0,0,0,,0
1014197,0,1,0,0,0,0,0,,0,0,0,0,0,0,0,0,0,,0
1009199,0,0,0,0,0,0,0,,0,0,0,0,0,0,0,0,0,,1
1006801,0,1,0,0,0,0,0,,0,0,0,0,0,0,0,0,0,,0
1013944,0,1,0,0,0,0,0,,0,0,0,0,0,0,0,0,0,,1
1013822,0,1,0,0,0,0,0,,0,0,0,0,0,0,0,0,0,,0
1002173,0,1,0,0,0,0,0,,0,0,0,0,0,0,0,0,0,,1
1014316,0,1,0,0,0,0,0,,0,0,0,0,0,0,0,0,0,,0
1007745,0,1,0,0,0,0,0,,0,0,0,0,0,0,0,0,0,,1
1016590,0,1,0,0,0,0,0,,0,0,0,0,0,0,0,0,0,,0
1010687,0,1,0,0,0,0,0,,0,0,0,0,0,0,0,0,0,,0
1010910,4,2,1,1,0,0,0,,0,0,0,1,0,0,2,0,0,,1
1011433,0,1,0,0,0,0,0,,0,0,0,0,0,0,0,0,0,,0
1007379,0,1,0,0,0,0,0,,0,0,0,0,0,0,0,0,0,,0
1016013,0,1,0,0,0,0,0,,0,0,0,0,0,0,0,0,0,,1
1005795,0,1,0,0,0,0,0,,0,0,0,0,0,0,0,0,0,,1
1008500,0,1,0,0,0,0,0,,0,0,0,0,0,0,0,0,0,,0
1013556,0,1,0,0,0,0,0,,0,0,0,0,0,0,0,0,0,,0
1010529,0,1,0,0,0,0,0,,0,0,0,0,0,0,0,0,0,,0
1014073,4,1,1,1,0,0,0,,0,0,0,0,0,0,0,1,1,,1
1001515,0,1,0,0,0,0,0,,0,0,0,0,0,0,0,0,0,,0
1004467,4,2,1,1,1,1,1,,0,0,1,1,1,1,6,0,0,,1
1008156,0,0,0,0,0,0,0,,0,0,0,0,0,0,0,0,0,,1
1009055,4,2,1,1,1,1,0,,0,0,1,1,1,1,6,0,0,,1
1013117,0,1,0,0,0,0,0,,0,0,0,0,0,0,0,0,0,,0
1011339,4,2,1,0,1,0,0,8.0,0,0,0,0,0,0,0,1,1,,1
1006485,0,1,0,0,0,0,0,,0,0,0,0,0,0,0,0,0,,0
1006088,0,0,0,0,0,0,0,,0,0,0,0,0,0,0,0,1,,1
1014101,0,1,1,1,1,1,0,,0,0,0,0,0,0,0,0,0,,1
1012108,0,0,0,0,0,0,0,,1,0,0,0,0,0,0,0,0,,1
1016338,0,1,0,0,0,0,0,,0,0,0,0,0,0,0,0,0,,0
1008254,0,1,0,0,0,0,0,,0,0,0,0,0,0,0,0,0,,0
1010270,4,0,1,0,0,0,1,,0,0,0,0,0,0,0,1,1,,1
1015465,4,2,1,0,1,1,0,,0,0,0,0,0,0,0,0,0,,1
1013762,4,2,1,1,1,0,0,,0,0,0,0,0,0,0,0,0,,1
1011221,0,1,0,0,0,0,0,,0,0,0,0,0,0,0,0,0,,0
1015673,0,1,0,0,0,0,0,,0,0,0,0,0,0,0,0,0,,0
1000539,4,2,1,1,1,1,0,,0,0,1,1,1,1,5,0,0,,1
1001809,4,1,1,0,0,0,1,,0,0,0,1,0,0,2,0,0,,1
1010875,0,1,0,0,0,0,0,,0,0,0,0,0,0,0,0,0,,0
1005550,0,1,0,0,0,0,0,,0,0,0,0,0,0,0,0,0,,0
1011158,4,2,1,1,1,1,0,5.0,0,0,0,0,0,0,0,0,0,,1
1011687,0,1,0,0,0,0,0,,0,0,0,0,0,0,0,0,0,,0
1010625,0,1,0,0,0,0,0,,0,0,0,0,0,0,0,0,0,,0
1001350,4,1,1,0,0,0,0,2.0,0,0,0,1,0,0,1,0,0,,1
1006869,0,1,0,0,0,0,0,,0,0,0,0,0,0,0,0,0,,0
1010291,0,1,0,0,0,0,0,,0,0,0,0,0,0,0,0,0,,0
1013838,0,1,0,0,0,0,0,,0,0,0,0,0,0,0,0,0,,1
1016824,0,1,0,0,0,0,0,,0,0,0,0,0,0,0,0,0,,1
1014035,0,1,0,0,0,0,0,,0,0,0,0,0,0,0,0,0,,0
1008875,4,0,1,0,0,0,1,,0,0,0,1,0,0,1,0,0,,1
1006671,0,1,0,0,0,0,0,,0,0,0,0,0,0,0,0,0,,1
1008932,0,1,0,0,0,0,0,,0,0,0,0,0,0,0,0,0,,0
1011934,0,1,0,0,0,0,0,,0,0,0,0,0,0,0,0,0,,1
1004798,0,1,0,0,0,0,0,,0,0,0,0,0,0,0,0,0,,0
1000297,4,1,1,1,0,0,0,,0,0,0,0,0,0,0,1,1,,1
1005251,0,1,0,0,0,0,0,,0,0,0,0,0,0,0,0,0,,0
1009959,0,1,0,0,0,0,0,,0,0,0,0,0,0,0,0,0,,0
1003442,0,1,0,0,0,0,0,,0,0,0,0,0,0,0,0,0,,0
1001370,0,1,0,0,0,0,0,,0,0,0,0,0,0,0,0,0,,0
1013421,0,0,0,0,0,0,0,,0,0,0,0,0,0,0,0,0,,1
1015301,0,1,0,0,0,0,0,,0,0,0,0,0,0,0,0,0,,0
1017109,4,2,1,0,0,0,0,,0,0,1,1,1,1,5,0,0,,1
1015676,0,0,1,1,0,0,0,,0,0,0,0,0,0,0,0,1,,1
1017458,0,1,0,0,0,0,0,,0,0,0,0,0,0,0,0,0,,1
1008208,4,2,1,0,0,0,0,,0,0,0,0,0,0,1,0,0,,1
1004862,0,1,0,0,0,0,0,,0,0,0,0,0,0,0,0,0,,0
1007353,0,1,0,0,0,0,0,,0,0,0,0,0,0,0,0,0,,0
1008482,4,2,1,1,1,1,0,,0,0,1,1,1,1,5,0,0,,1
1004151,0,1,0,0,0,0,0,,0,0,0,0,0,0,0,0,0,,0
1012137,0,1,0,0,0,0,0,,0,0,0,0,0,0,0,0,0,,0
1007552,0,1,0,0,0,0,0,,0,0,0,0,0,0,0,0,0,,1
1010626,0,1,0,0,0,0,0,,0,0,0,0,0,0,0,0,0,,1
1015002,0,0,0,0,0,0,0,,0,0,0,0,0,0,0,0,0,,1
1016647,4,2,1,0,0,0,0,,0,1,1,1,1,1,6,0,0,,1
1012836,4,2,1,1,1,0,0,,0,0,1,1,0,0,5,0,0,,1
1014178,4,1,1,1,1,0,0,1.0,0,0,0,1,0,0,2,0,0,,1
1011963,0,1,0,0,0,0,0,,0,0,0,0,0,0,0,0,0,,0
1006077,0,1,0,0,0,0,0,,0,0,0,0,0,0,0,0,0,,1
1005704,4,2,1,0,0,0,0,,0,0,0,0,0,0,3,0,0,,1
1014859,0,1,0,0,0,0,0,,0,0,0,0,0,0,0,0,0,,0
1002251,4,2,1,0,0,0,0,,0,0,0,0,0,0,5,0,0,,1
1017178,3,1,1,0,1,0,0,,0,0,0,0,0,0,0,0,0,,1
1016402,0,1,0,0,0,0,0,,0,0,0,0,0,0,0,0,0,,1
1002133,0,1,0,0,0,0,0,,0,0,0,0,0,0,0,0,0,,0
1009486,0,1,0,0,0,0,0,,0,0,0,0,0,0,0,0,0,,0
1003982,0,1,0,0,0,0,0,,0,0,0,0,0,0,0,0,0,,0
1009102,0,1,0,0,0,0,0,,0,0,0,0,0,0,0,0,0,,0
1005549,0,1,0,0,0,0,0,,0,0,0,0,0,0,0,0,0,,0
1013951,0,1,0,0,0,0,0,,0,0,0,0,0,0,0,0,0,,0
1002669,4,2,1,0,0,0,0,2.0,0,0,0,1,0,0,3,0,0,,1
1005582,0,1,0,0,0,0,0,,0,0,0,0,0,0,0,0,0,,1
1006231,0,1,0,0,0,0,0,,0,0,0,0,0,0,0,0,0,,1
1005945,0,1,0,0,0,0,0,,0,0,0,0,0,0,0,0,0,,0
1011222,0,1,0,0,0,0,0,,0,0,0,0,0,0,0,0,0,,1
1014054,4,2,1,1,0,0,0,1200.0,0,0,1,1,1,1,6,0,0,,1
1014585,0,1,0,0,0,0,0,,0,0,0,0,0,0,0,0,0,,0
1005982,0,1,0,0,0,0,0,,0,0,0,0,0,0,0,0,0,,0
1007104,0,1,0,0,0,0,0,,0,0,0,0,0,0,0,0,0,,0
1000226,0,1,0,0,0,0,0,,0,0,0,0,0,0,0,0,0,,0
1004554,0,1,0,0,0,0,0,,0,0,0,0,0,0,0,0,0,,0
1000512,0,1,0,0,0,0,0,,0,0,0,0,0,0,0,0,0,,0
1001364,4,0,1,1,0,0,0,,0,0,0,0,0,0,0,0,0,,1
1008559,0,1,0,0,0,0,0,,0,0,0,0,0,0,0,0,0,,1
1002563,3,0,1,0,0,0,0,,0,0,0,0,0,0,0,1,1,,1
1010861,4,2,1,0,0,0,0,,0,0,0,0,0,0,1,0,0,,1
1015344,0,1,0,0,0,0,0,,0,0,0,0,0,0,0,0,0,,0
1009564,4,2,1,1,1,1,0,,0,0,0,0,0,0,0,0,0,,1
1015191,0,1,0,0,0,0,0,,0,0,0,0,0,0,0,0,0,,0
1003615,0,1,0,0,0,0,0,,0,0,0,0,0,0,0,0,0,,0
1004982,0,1,0,0,0,0,0,,0,0,0,0,0,0,0,0,0,,0
1010654,0,1,0,0,0,0,0,,0,0,0,0,0,0,0,0,0,,0
1014984,0,1,0,0,0,0,0,,0,0,0,0,0,0,0,0,0,,0
1004430,0,1,0,0,0,0,0,,0,0,0,0,0,0,0,0,0,,0
1009620,4,2,1,0,0,0,1,,0,0,0,1,0,0,2,0,0,,1
1009512,0,1,0,0,0,0,0,,0,0,0,0,0,0,0,0,0,,0
1012753,0,1,0,0,0,0,0,,0,0,0,0,0,0,0,0,0,,0
1011538,0,1,0,0,0,0,0,,0,0,0,0,0,0,0,0,0,,0
1015550,0,1,0,0,0,0,0,,0,0,0,0,0,0,0,0,0,,0
1011624,0,1,0,0,0,0,0,,0,0,0,0,0,0,0,0,0,,0
1017267,0,1,0,0,0,0,0,,0,0,0,0,0,0,0,0,0,,0
1004703,0,1,0,0,0,0,0,,0,0,0,0,0,0,0,0,0,,0
1015259,4,1,1,1,0,0,0,,0,0,0,0,0,0,0,1,1,,1
1014924,0,1,0,0,0,0,0,,0,0,0,0,0,0,0,0,0,,1
1006536,4,2,1,0,0,0,0,,0,0,1,1,1,1,6,0,0,,1
1002210,0,1,0,0,0,0,0,,0,0,0,0,0,0,0,0,0,,1
1011316,4,1,1,0,1,0,0,900.0,0,0,0,0,0,0,0,1,1,,1
1007563,0,1,0,0,0,0,0,,0,0,0,0,0,0,0,0,0,,0
1003269,0,1,0,0,0,0,0,,0,0,0,0,0,0,0,0,0,,0
1006886,0,1,0,0,0,0,0,,0,0,0,0,0,0,0,0,0,,1
1001127,4,2,1,1,1,1,0,,0,0,0,0,0,0,0,0,0,,1
1012621,4,1,1,0,1,0,0,,0,0,0,0,0,0,0,0,0,,1
1012216,4,1,1,1,0,0,0,,0,0,0,0,0,0,0,1,1,,1
1003508,0,0,0,0,0,0,0,,0,0,0,0,0,0,0,0,0,,1
1016712,0,1,0,0,0,0,0,,0,0,0,0,0,0,0,0,0,,0
1010483,0,1,0,0,0,0,0,,0,0,0,0,0,0,0,0,0,,0
1012680,4,1,1,1,0,0,0,1357.0,0,0,0,0,0,0,0,1,1,,1
1015573,0,1,0,0,0,0,0,,0,0,0,0,0,0,0,0,0,,0
1003917,4,1,1,1,0,0,0,364.0,0,0,0,0,0,0,0,1,1,,1
1004058,4,2,1,1,1,0,0,,0,0,0,1,1,1,4,0,0,,1
1011148,4,2,1,0,1,0,0,,0,0,0,1,1,0,3,0,0,,1
1015192,4,1,1,1,0,0,0,10.0,0,1,1,1,1,1,6,0,0,,1
1008235,4,2,1,1,1,1,0,,0,0,0,0,0,0,0,0,0,,1
1017124,0,1,0,0,0,0,0,,0,0,0,0,0,0,0,0,0,,0
1001806,0,1,0,0,0,0,0,,0,0,0,0,0,0,0,0,0,,0
1017028,4,2,1,1,0,0,0,3.0,0,0,1,1,0,0,3,0,0,,1
1012785,0,1,0,0,0,0,0,,0,0,0,0,0,0,0,0,0,,0
1002547,4,1,1,1,0,0,0,,0,0,0,0,0,0,0,1,1,,1
1015117,0,1,0,0,0,0,0,,0,0,0,0,0,0,0,0,0,,1
1001703,4,1,1,0,0,0,0,3.0,0,0,0,0,0,0,0,0,0,,1
1002941,0,1,0,0,0,0,0,,0,0,0,0,0,0,0,0,0,,0
1010873,4,2,1,1,1,0,1,,0,0,0,0,0,0,0,0,0,,1
1003464,4,2,1,0,1,0,0,,0,0,1,1,1,1,6,0,0,,1
1014731,4,2,1,1,1,0,0,,0,0,0,0,0,0,0,0,0,,1
1000592,4,0,1,0,0,0,0,,0,0,0,0,0,0,0,1,1,,1
1004750,0,0,0,0,0,0,0,,0,0,0,0,0,0,0,0,1,,1
1012513,0,1,0,0,0,0,0,,0,0,0,0,0,0,0,0,0,,1
1017228,0,1,0,0,0,0,0,,0,0,0,0,0,0,0,0,0,,0
1012616,4,1,1,1,0,0,0,,0,0,0,0,0,0,1,0,0,,1
1000248,0,1,0,0,0,0,0,,0,0,0,0,0,0,0,0,0,,0
1016711,4,2,1,1,1,0,1,,0,0,0,0,0,0,0,0,0,,1
1005809,0,1,0,0,0,0,0,,0,0,0,0,0,0,0,0,0,,0
1016126,0,1,0,0,0,0,0,,0,0,0,0,0,0,0,0,0,,0
1015282,0,1,0,0,0,0,0,,0,0,0,0,0,0,0,0,0,,1
1012762,4,0,1,1,1,1,0,,0,1,0,1,0,1,3,0,0,,1
1004139,0,1,0,0,0,0,0,,0,0,0,0,0,0,0,0,0,,0
1004368,4,2,1,1,0,0,0,1.0,0,0,0,1,0,0,2,0,0,,1
1017209,0,1,0,0,0,0,0,,0,0,0,0,0,0,0,0,0,,0
1002495,0,1,0,0,0,0,0,,0,0,0,0,0,0,0,0,0,,0
1003090,0,1,0,0,0,0,0,,0,0,0,0,0,0,0,0,0,,1
1013228,4,2,1,0,0,1,0,,0,0,1,1,0,0,2,0,0,,1
1013070,0,1,0,0,0,0,0,,0,0,0,0,0,0,0,0,0,,0
1017070,0,1,0,0,0,0,0,,0,0,0,0,0,0,0,0,0,,0
1015918,0,1,0,0,0,0,0,,0,0,0,0,0,0,0,0,0,,0
1000115,4,2,1,1,1,0,0,2.0,0,0,0,0,0,0,3,0,0,,1
1003581,0,1,0,0,0,0,0,,0,0,0,0,0,0,0,0,0,,0
1003622,0,1,0,0,0,0,0,,0,0,0,0,0,0,0,0,0,,0
1005612,4,2,1,1,1,1,0,,0,0,0,0,0,0,0,0,0,,1
1011838,4,1,1,1,0,0,0,10.0,0,0,0,0,0,0,0,0,0,,1
1009105,4,0,1,1,0,0,0,1.0,0,0,0,0,0,0,0,1,1,,1
1005811,0,1,0,0,0,0,0,,0,0,0,0,0,0,0,0,0,,0
1009186,4,2,1,1,1,1,0,4.0,0,0,0,0,0,0,0,0,0,,1
1010309,0,1,0,0,0,0,0,,0,0,0,0,0,0,0,0,0,,0
1001459,0,1,0,0,0,0,0,,0,0,0,0,0,0,0,0,0,,0
1000005,4,2,1,1,0,0,0,12.0,0,0,1,1,0,0,3,0,0,,1
1007291,0,1,0,0,0,0,0,,0,0,0,0,0,0,0,0,0,,0
1015578,0,1,0,0,0,0,0,,0,0,0,0,0,0,0,0,0,,0
1001766,0,1,0,0,0,0,0,,0,0,0,0,0,0,0,0,0,,0
1008605,0,1,0,0,0,0,0,,0,0,0,0,0,0,0,0,0,,0
1003294,4,2,1,1,1,1,1,1.0,0,0,1,1,1,1,6,0,0,,1
1000487,0,1,0,0,0,0,0,,0,0,0,0,0,0,0,0,0,,0
1016883,0,1,0,0,0,0,0,,0,0,0,0,0,0,0,0,0,,0
1003221,0,1,0,0,0,0,0,,0,0,0,0,0,0,0,0,0,,1
1007644,0,1,0,0,0,0,0,,0,0,0,0,0,0,0,0,0,,0
1012131,0,1,0,0,0,0,0,,0,0,0,0,0,0,0,0,0,,0
1012314,0,1,0,0,0,0,0,,0,0,0,0,0,0,0,0,0,,0
1000961,4,2,1,1,0,0,0,2.0,0,0,0,1,0,0,2,0,0,,1
1004302,0,1,0,0,0,0,0,,0,0,0,0,0,0,0,0,0,,0
1001925,0,1,0,0,0,0,0,,0,0,0,0,0,0,0,0,0,,0
1012792,4,2,1,0,1,0,0,,0,0,0,0,0,0,1,0,0,,1
1004676,4,2,1,0,0,0,1,,0,0,0,1,0,0,2,0,0,,1
1008275,0,1,0,0,0,0,0,,0,0,0,0,0,0,0,0,0,,0
1004273,4,2,1,1,0,0,0,,0,0,0,0,0,0,0,1,1,,1
1010457,0,1,0,0,0,0,0,,0,0,0,0,0,0,0,0,0,,0
1006901,0,1,0,0,0,0,0,,0,0,0,0,0,0,0,0,0,,1
1012896,0,1,0,0,0,0,0,,0,0,0,0,0,0,0,0,0,,0
1005535,0,1,0,0,0,0,0,,0,0,0,0,0,0,0,0,0,,0
1006972,4,2,1,0,0,0,0,1.0,0,0,0,1,0,0,6,0,0,,1
1015948,0,1,0,0,0,0,0,,0,0,0,0,0,0,0,0,0,,0
1015988,4,1,1,1,0,0,0,,0,0,1,1,0,0,3,0,0,,1
1000163,4,2,1,0,1,0,0,,0,0,0,0,0,0,0,1,1,,1
1013141,4,1,1,0,0,0,0,,0,0,0,1,0,1,3,0,0,,1
1005988,4,0,1,0,0,0,0,,0,0,1,1,1,1,6,0,0,,1
1009963,4,2,1,1,1,0,0,,1,0,1,1,1,1,6,0,0,,1
1004803,0,1,0,0,0,0,0,,0,0,0,0,0,0,0,0,0,,1
1008882,4,2,1,1,1,1,0,1.0,0,0,0,0,0,0,0,1,1,,1
1004485,0,1,0,0,0,0,0,,0,0,0,0,0,0,0,0,0,,0
1017030,0,1,0,0,0,0,0,,0,0,0,0,0,0,0,0,0,,0
1000548,0,1,0,0,0,0,0,,0,0,0,0,0,0,0,0,0,,0
1015271,0,1,0,0,0,0,0,,0,0,0,0,0,0,0,0,0,,0
1004114,0,1,0,0,0,0,0,,0,0,0,0,0,0,0,0,0,,0
1000320,4,1,1,1,0,0,0,20.0,0,0,0,0,0,0,2,0,0,,1
1014046,0,1,0,0,0,0,0,,0,0,0,0,0,0,0,0,0,,0
1005842,4,2,1,1,1,0,0,,0,0,0,0,0,0,0,0,0,,1
1011113,0,1,0,0,0,0,0,,0,0,0,0,0,0,0,0,0,,0
1011835,4,2,1,1,0,0,0,1.0,0,0,1,1,0,0,3,0,0,,1
1003456,4,1,1,1,0,0,0,4.0,0,1,0,0,0,0,2,0,0,,1
1012092,4,2,1,1,1,0,0,,0,0,0,0,0,0,0,0,0,,1
1012465,4,0,1,0,1,0,0,,0,0,0,0,0,0,0,1,1,,1
1001579,0,1,0,0,0,0,0,,0,0,0,0,0,0,0,0,0,,0
1004299,0,0,1,0,0,0,0,,0,0,0,0,0,0,0,1,1,,1
1016418,4,2,1,1,1,0,1,,0,0,0,0,0,0,0,0,0,,1
1004445,0,1,0,0,0,0,0,,0,0,0,0,0,0,0,0,0,,0
1017233,0,1,0,0,0,0,0,,0,0,0,0,0,0,0,0,0,,0
1006381,0,1,0,0,0,0,0,,0,0,0,0,0,0,0,0,0,,1
1011498,4,2,1,1,0,0,0,,0,0,1,1,0,0,3,0,0,,1
1004565,0,1,0,0,0,0,0,,0,0,0,0,0,0,0,0,0,,0
1005227,4,2,1,1,0,0,0,,0,0,1,1,1,1,6,0,0,,1
1003105,4,1,1,0,0,0,0,,0,1,1,1,1,1,6,1,1,,1
1016236,0,1,0,0,0,0,0,,0,0,0,0,0,0,0,0,0,,0
1007700,0,1,0,0,0,0,0,,0,0,0,0,0,0,0,0,0,,0
1014025,4,2,1,1,0,0,0,15.0,0,0,0,0,0,0,0,0,0,,1
1013797,0,1,0,0,0,0,0,,0,0,0,0,0,0,0,0,0,,0
1010090,0,1,0,0,0,0,0,,0,0,0,0,0,0,0,0,0,,0
1014293,0,1,0,0,0,0,0,,0,0,0,0,0,0,0,0,0,,1
1002292,0,1,0,0,0,0,0,,0,0,0,0,0,0,0,0,0,,0
1011588,0,1,0,0,0,0,0,,0,0,0,0,0,0,0,0,0,,0
1004401,0,1,0,0,0,0,0,,0,0,0,0,0,0,0,0,0,,0
1007713,4,2,1,1,0,0,0,,0,0,0,0,0,0,11,0,0,,1
1007011,4,2,1,1,1,0,0,,0,1,1,1,1,0,5,0,0,,1
1003746,0,1,0,0,0,0,0,,0,0,0,0,0,0,0,0,0,,0
1012584,0,1,0,0,0,0,0,,0,0,0,0,0,0,0,0,0,,0
1016761,0,1,0,0,0,0,0,,0,0,0,0,0,0,0,0,0,,1
1000337,4,1,1,0,0,0,0,10.0,0,0,0,0,0,0,0,1,1,,1
1005372,0,1,0,0,0,0,0,,0,0,0,0,0,0,0,0,0,,0
1013346,4,1,1,0,0,0,0,,0,0,0,1,0,0,2,0,0,,1
1003652,0,1,0,0,0,0,0,,0,0,0,0,0,0,0,0,0,,0
1012479,0,1,0,0,0,0,0,,0,0,0,0,0,0,0,0,0,,0
1009036,0,1,0,0,0,0,0,,0,0,0,0,0,0,0,0,0,,0
1013690,0,1,0,0,0,0,0,,0,0,0,0,0,0,0,0,0,,0
1008645,0,1,0,0,0,0,0,,0,0,0,0,0,0,0,0,0,,1
1005839,0,1,0,0,0,0,0,,0,0,0,0,0,0,0,0,0,,0
1016082,0,1,0,0,0,0,0,,0,0,0,0,0,0,0,0,0,,0
1009719,4,0,1,1,1,0,0,2.0,0,1,0,1,1,1,4,0,0,,1
1012850,4,2,1,1,0,0,0,1.0,0,0,0,1,0,1,3,0,0,,1
1009544,4,2,1,1,1,0,0,,0,0,0,0,0,0,0,0,0,,1
1002216,4,2,1,1,0,0,0,14.0,0,1,0,1,0,0,2,0,0,,1
1015109,0,1,0,0,0,0,0,,0,0,0,0,0,0,0,0,0,,0
1014919,0,1,0,0,0,0,0,,0,0,0,0,0,0,0,0,0,,1
1012876,0,1,0,0,0,0,0,,0,0,0,0,0,0,0,0,0,,1
1017207,0,1,0,0,0,0,0,,0,0,0,0,0,0,0,0,0,,0
1009619,0,1,0,0,0,0,0,,0,0,0,0,0,0,0,0,0,,0
1011099,0,1,0,0,0,0,0,,0,0,0,0,0,0,0,0,0,,0
1014553,0,1,0,0,0,0,0,,0,0,0,0,0,0,0,0,0,,0
1002020,0,1,0,0,0,0,0,,0,0,0,0,0,0,0,0,0,,0
1003346,0,1,0,0,0,0,0,,0,0,0,0,0,0,0,0,0,,0
1016090,4,0,1,1,0,0,0,,0,0,0,0,0,0,0,0,0,,1
1017491,0,1,0,0,0,0,0,,0,0,0,0,0,0,0,0,0,,1
1001295,0,0,0,0,0,0,0,,0,0,0,0,0,0,0,0,0,,1
1015693,4,1,1,1,1,0,0,,0,0,0,0,0,0,0,0,0,,1
1017496,0,1,0,0,0,0,0,,0,0,0,0,0,0,0,0,0,,0
1004682,0,1,0,0,0,0,0,,0,0,0,0,0,0,0,0,0,,0
1011255,0,1,0,0,0,0,0,,0,0,0,0,0,0,0,0,0,,1
1002693,0,1,0,0,0,0,0,,0,0,0,0,0,0,0,0,0,,0
1009332,4,2,1,1,0,0,0,2.0,0,0,1,1,0,0,3,0,0,,1
1017353,4,1,1,0,1,0,0,2.0,0,1,0,1,0,0,3,0,1,,1
1001005,4,2,1,1,1,1,0,,0,0,0,0,0,0,0,0,0,,1
1007044,0,1,0,0,0,0,0,,0,0,0,0,0,0,0,0,0,,0
1002040,0,1,0,0,0,0,0,,0,0,0,0,0,0,0,0,0,,0
1004023,0,1,0,0,0,0,0,,0,0,0,0,0,0,0,0,0,,0
1003921,0,1,0,0,0,0,0,,0,0,0,0,0,0,0,0,0,,1
1004829,0,1,0,0,0,0,0,,0,0,0,0,0,0,0,0,0,,0
1005439,4,2,1,1,0,0,0,10.0,0,0,1,1,1,1,6,0,0,,1
1000698,4,0,1,0,0,0,0,,0,0,0,1,0,0,2,1,1,,1
1007236,4,1,1,1,0,0,0,,0,0,0,0,0,0,0,1,1,,1
1004069,0,1,0,0,0,0,0,,0,0,0,0,0,0,0,0,0,,0
1005931,0,1,0,0,0,0,0,,0,0,0,0,0,0,0,0,0,,1
1017556,0,1,0,0,0,0,0,,0,0,0,0,0,0,0,0,0,,0
1010798,0,1,0,0,0,0,0,,0,0,0,0,0,0,0,0,0,,1
1008889,4,2,1,1,1,1,0,2.0,0,0,1,1,1,1,6,0,0,,1
1010510,0,1,0,0,0,0,0,,0,0,0,0,0,0,0,0,0,,1
1012281,4,2,1,0,0,0,0,,0,0,0,1,0,0,2,0,0,,1
1007576,0,1,0,0,0,0,0,,0,0,0,0,0,0,0,0,0,,0
1000338,4,2,1,1,1,1,1,,0,0,1,1,1,1,6,0,0,,1
1004760,0,1,0,0,0,0,0,,0,0,0,0,0,0,0,0,0,,0
1004007,0,1,1,0,0,0,0,,0,0,0,0,0,0,1,1,1,,1
1002904,0,1,0,0,0,0,0,,0,0,0,0,0,0,0,0,0,,1
1004475,0,1,0,0,0,0,0,,0,0,0,0,0,0,0,0,0,,0
1003380,4,1,1,1,0,0,0,3.0,0,0,0,0,0,0,2,0,0,,1
1002052,1,0,0,0,0,0,0,,0,0,0,0,0,0,0,0,1,,1
1002680,4,2,1,0,0,0,0,1.0,0,0,0,1,0,1,3,0,0,,1
1017512,0,1,0,0,0,0,0,,0,0,0,0,0,0,0,0,0,,0
1001879,0,1,0,0,0,0,0,,0,0,0,0,0,0,0,0,0,,0
1001043,4,2,1,1,0,0,0,10.0,0,1,0,0,0,0,0,0,0,,1
1003985,4,0,1,0,0,0,1,,0,0,0,0,0,0,0,1,1,,1
1003282,0,1,0,0,0,0,0,,0,0,0,0,0,0,0,0,0,,0
1010706,4,2,1,1,1,1,0,2.0,0,0,0,0,0,0,0,0,0,,1
1009933,4,2,1,1,1,1,0,,0,0,0,0,0,0,0,0,0,,1
1000122,0,1,0,0,0,0,0,,0,0,0,0,0,0,0,0,0,,0
1002043,4,2,1,1,0,0,0,,0,0,1,1,0,0,3,0,0,,1
1004831,0,1,0,0,0,0,0,,0,0,0,0,0,0,0,0,0,,1
1005318,0,1,0,0,0,0,0,,0,0,0,0,0,0,0,0,0,,0
1004048,0,1,0,0,0,0,0,,0,0,0,0,0,0,0,0,0,,0
1001883,0,0,0,0,0,0,0,,0,0,0,0,0,0,0,0,0,,1
1015014,4,1,1,1,0,0,0,3.0,0,0,0,0,0,0,0,0,0,,1
1016585,0,1,0,0,0,0,0,,0,0,0,0,0,0,0,0,0,,0
1012431,0,1,0,0,0,0,0,,0,0,0,0,0,0,0,0,0,,1
1003506,0,1,0,0,0,0,0,,0,0,0,0,0,0,0,0,0,,0
1014051,0,1,0,0,0,0,0,,0,0,0,0,0,0,0,0,0,,0
1002616,4,2,1,1,0,0,1,,0,0,0,1,1,0,3,0,0,,1
1004394,4,0,1,1,1,1,0,,0,0,0,0,0,0,0,0,0,,1
1001234,4,2,1,1,0,0,0,2.0,0,1,0,1,1,1,4,0,0,,1
1005767,0,1,0,0,0,0,0,,0,0,0,0,0,0,0,0,0,,0
1008535,0,1,0,0,0,0,0,,0,0,0,0,0,0,0,0,0,,0
1012662,0,0,0,0,0,0,0,,0,0,0,0,0,0,0,0,0,,1
1007901,0,1,0,0,0,0,0,,0,0,0,0,0,0,0,0,0,,0
1016097,0,1,0,0,0,0,0,,0,0,0,0,0,0,0,0,0,,1
1007733,4,2,1,1,1,1,1,,0,0,1,1,1,1,6,0,0,,1
1006192,0,1,0,0,0,0,0,,0,0,0,0,0,0,0,0,0,,0
1017495,0,1,0,0,0,0,0,,0,0,0,0,0,0,0,0,0,,0
1002579,0,1,0,0,0,0,0,,0,0,0,0,0,0,0,0,0,,0
1000339,0,1,0,0,0,0,0,,0,0,0,0,0,0,0,0,0,,0
1001673,0,1,0,0,0,0,0,,0,0,0,0,0,0,0,0,0,,0
1005307,0,1,0,0,0,0,0,,0,0,0,0,0,0,0,0,0,,0
1006330,0,1,0,0,0,0,0,,0,0,0,0,0,0,0,0,0,,0
1002350,4,1,1,0,0,0,0,,0,0,0,1,0,0,1,1,1,,1
1013158,0,1,0,0,0,0,0,,0,0,0,0,0,0,0,0,0,,0
1003540,0,1,0,0,0,0,0,,0,0,0,0,0,0,0,0,0,,0
1005468,0,1,0,0,0,0,0,,0,0,0,0,0,0,0,0,0,,0
1017249,4,1,1,0,0,0,1,,0,0,0,1,0,0,2,0,0,,1
1013709,4,1,1,1,0,0,0,,0,0,0,0,0,0,1,0,0,,1
1002087,0,1,0,0,0,0,0,,0,0,0,0,0,0,0,0,0,,0
1014481,0,1,0,0,0,0,0,,0,0,0,0,0,0,0,0,0,,0
1001049,4,2,1,1,0,0,0,,0,0,0,1,0,0,4,0,0,,1
1014582,4,2,1,1,1,0,1,,0,0,0,0,0,0,0,0,0,,1
1003778,0,1,0,0,0,0,0,,0,0,0,0,0,0,0,0,0,,0
1009302,0,1,0,0,0,0,0,,0,0,0,0,0,0,0,0,0,,0
1014969,0,1,0,0,0,0,0,,0,0,0,0,0,0,0,0,0,,0
1015961,0,1,0,0,0,0,0,,0,0,0,0,0,0,0,0,0,,0
1007394,0,1,1,0,0,0,0,3.0,0,0,0,1,0,0,2,0,0,,1
1016036,0,0,1,0,0,0,0,,0,0,0,0,0,0,0,1,1,,1
1006663,0,1,0,0,0,0,0,,0,0,0,0,0,0,0,0,0,,0
1002629,0,1,0,0,0,0,0,,0,0,0,0,0,0,0,0,0,,0
1006990,0,1,0,0,0,0,0,,0,0,0,0,0,0,0,0,0,,0
1008063,0,1,0,0,0,0,0,,0,0,0,0,0,0,0,0,0,,0
1009127,0,1,1,0,0,1,0,12.0,0,0,0,1,1,0,3,0,0,,1
1012990,0,1,0,0,0,0,0,,0,0,0,0,0,0,0,0,0,,0
1002219,0,1,0,0,0,0,0,,0,0,0,0,0,0,0,0,0,,0
1001080,0,1,0,0,0,0,0,,0,0,0,0,0,0,0,0,0,,0
1015066,0,1,0,0,0,0,0,,0,0,0,0,0,0,0,0,0,,1
1011785,0,1,0,0,0,0,0,,0,0,0,0,0,0,0,0,0,,0
1011587,0,1,0,0,0,0,0,,0,0,0,0,0,0,0,0,0,,0
1016667,0,1,0,0,0,0,0,,0,0,0,0,0,0,0,0,0,,0
1004404,4,2,1,1,1,1,0,,0,0,1,1,1,1,6,0,0,,1
1003331,0,1,0,0,0,0,0,,0,0,0,0,0,0,0,0,0,,0
1009345,0,1,0,0,0,0,0,,0,0,0,0,0,0,0,0,0,,0
1002559,0,1,0,0,0,0,0,,0,0,0,0,0,0,0,0,0,,1
1007828,4,2,1,0,0,0,0,,0,0,1,1,1,1,6,0,0,,1
1009742,0,1,0,0,0,0,0,,0,0,0,0,0,0,0,0,0,,0
1011996,0,1,0,0,0,0,0,,0,0,0,0,0,0,0,0,0,,0
1006786,4,2,1,1,0,0,0,,0,0,0,1,0,0,2,0,0,,1
1014417,4,1,1,0,0,0,0,,0,0,0,0,0,0,1,0,0,,1
1008249,0,1,0,0,0,0,0,,0,0,0,0,0,0,0,0,0,,0
1008304,4,1,1,0,1,0,0,,0,0,0,0,0,0,0,0,0,,1
1000857,4,2,1,1,0,0,0,12.0,0,0,1,1,1,1,6,0,0,,1
1007642,0,1,0,0,0,0,0,,0,0,0,0,0,0,0,0,0,,0
1014649,0,1,0,0,0,0,0,,0,0,0,0,0,0,0,0,0,,0
1013232,0,1,0,0,0,0,0,,0,0,0,0,0,0,0,0,0,,0
1007449,4,1,1,0,1,0,0,,0,0,0,0,0,0,0,1,1,,1
1016004,4,1,1,0,0,0,0,10.0,0,0,0,1,0,0,2,0,0,,1
1009158,0,1,0,0,0,0,0,,0,0,0,0,0,0,0,0,0,,0
1011917,0,1,0,0,0,0,0,,0,0,0,0,0,0,0,0,0,,1
1000716,0,1,0,0,0,0,0,,0,0,0,0,0,0,0,0,0,,0
1008034,0,1,0,0,0,0,0,,0,0,0,0,0,0,0,0,0,,0
1017551,0,1,0,0,0,0,0,,0,0,0,0,0,0,0,0,0,,0
1017135,0,1,0,0,0,0,0,,0,0,0,0,0,0,0,0,0,,0
1008704,0,1,0,0,0,0,0,,0,0,0,0,0,0,0,0,0,,0
1010730,4,2,1,1,1,1,0,,0,0,0,0,0,0,0,0,0,,1
1009387,0,1,0,0,0,0,0,,0,0,0,0,0,0,0,0,0,,1
1015714,0,1,0,0,0,0,0,,0,0,0,0,0,0,0,0,0,,0
1004357,0,1,0,0,0,0,0,,0,0,0,0,0,0,0,0,0,,0
1010107,0,1,0,0,0,0,0,,0,0,0,0,0,0,0,0,0,,0
1012318,0,1,0,0,0,0,0,,0,0,0,0,0,0,0,0,0,,0
1003250,0,1,0,0,0,0,0,,0,0,0,0,0,0,0,0,0,,0
1003777,0,1,0,0,0,0,0,,0,0,0,0,0,0,0,0,0,,1
1015992,0,1,0,0,0,0,0,,0,0,0,0,0,0,0,0,0,,0
1009825,0,1,0,0,0,0,0,,0,0,0,0,0,0,0,0,0,,0
1005158,4,2,1,1,1,0,0,,0,0,1,1,1,1,6,0,0,,1
1014091,0,1,0,0,0,0,0,,0,0,0,0,0,0,0,0,0,,0
1015058,4,2,1,1,1,0,0,9.0,0,0,1,1,1,1,6,0,0,,1
1013697,4,2,1,0,1,0,1,,0,0,1,1,1,1,5,0,0,,1
1013929,4,2,1,1,0,0,0,10.0,0,1,0,0,0,0,0,0,0,,1
1016640,0,1,0,0,0,0,0,,0,0,0,0,0,0,0,0,0,,0
1004778,0,1,0,0,0,0,0,,0,0,0,0,0,0,0,0,0,,0
1000630,0,1,0,0,0,0,0,,0,0,0,0,0,0,0,0,0,,0
1006052,4,0,1,1,1,1,0,,0,0,0,0,0,0,0,0,0,,1
1003670,0,1,0,0,0,0,0,,0,0,0,0,0,0,0,0,0,,0
1004520,0,1,0,0,0,0,0,,0,0,0,0,0,0,0,0,0,,0
1013241,0,1,0,0,0,0,0,,0,0,0,0,0,0,0,0,0,,0
1000647,0,1,0,0,0,0,0,,0,0,0,0,0,0,0,0,0,,0
1016497,0,0,0,0,0,0,0,,0,0,0,0,0,0,0,0,0,,1
1012494,0,1,0,0,0,0,0,,0,0,0,0,0,0,0,0,0,,0
1009370,0,1,0,0,0,0,0,,0,0,0,0,0,0,0,0,0,,0
1009854,0,1,0,0,0,0,0,,0,0,0,0,0,0,0,0,0,,0
1009958,0,1,0,0,0,0,0,,0,0,0,0,0,0,0,0,0,,0
1004502,0,1,0,0,0,0,0,,0,0,0,0,0,0,0,0,0,,1
1003829,0,1,0,0,0,0,0,,0,0,0,0,0,0,0,0,0,,1
1006574,0,1,0,0,0,0,0,,0,0,0,0,0,0,0,0,0,,0
1008201,0,1,0,0,0,0,0,,0,0,0,0,0,0,0,0,0,,0
1006176,0,1,0,0,0,0,0,,0,0,0,0,0,0,0,0,0,,0
1008497,4,1,1,1,1,1,0,9.0,1,0,1,1,1,1,11,0,0,,1
1006713,0,1,0,0,0,0,0,,0,0,0,0,0,0,0,0,0,,0
1007264,0,1,0,0,0,0,0,,0,0,0,0,0,0,0,0,0,,0
1005689,4,2,1,1,1,1,0,,0,0,0,0,0,0,0,0,0,,1
1008061,0,1,0,0,0,0,0,,0,0,0,0,0,0,0,0,0,,0
1005963,4,0,1,0,0,0,0,,0,0,0,1,0,0,2,0,0,,1
1005427,4,1,1,1,0,0,0,1.0,0,0,0,0,0,0,0,0,0,,1
1010997,0,1,0,0,0,0,0,,0,0,0,0,0,0,0,0,0,,0
1005264,4,2,1,0,0,0,1,,0,0,0,1,0,0,2,0,0,,1
1000368,0,1,0,0,0,0,0,,0,0,0,0,0,0,0,0,0,,0
1015908,4,1,1,1,0,0,0,3.0,0,0,0,0,0,0,0,1,1,,1
1013692,0,1,0,0,0,0,0,,0,0,0,0,0,0,0,0,0,,1
1014816,0,1,0,0,0,0,0,,0,0,0,0,0,0,0,0,0,,0
1010860,4,2,1,1,1,0,1,,0,0,1,1,1,1,6,0,0,,1
1005484,0,1,0,0,0,0,0,,0,0,0,0,0,0,0,0,0,,0
1013622,4,0,1,0,0,1,1,,0,0,0,1,0,0,2,1,1,,1
1014860,0,1,0,0,0,0,0,,0,0,0,0,0,0,0,0,0,,0
1002371,4,0,1,0,0,0,0,2.0,0,0,1,1,1,1,6,1,2,,1
1007305,4,1,1,1,0,0,0,,0,0,0,0,0,0,0,1,1,,1
1005027,4,2,1,1,1,0,0,,0,0,1,1,1,1,6,1,1,,1
1011337,4,2,1,0,1,0,0,,0,0,0,0,0,0,5,0,0,,1
1017231,0,1,0,0,0,0,0,,0,0,0,0,0,0,0,0,0,,0
1002493,4,2,1,1,0,0,0,12.0,0,0,0,0,0,0,0,0,0,,1
1000231,0,1,0,0,0,0,0,,0,0,0,0,0,0,0,0,0,,0
1004671,0,1,0,0,0,0,0,,0,0,0,0,0,0,0,0,0,,0
1008246,0,1,0,0,0,0,0,,0,0,0,0,0,0,0,0,0,,0
1003072,4,2,1,1,1,0,0,,0,0,0,0,0,0,0,0,0,,1
1009282,0,0,0,0,0,0,0,,0,0,0,0,0,0,0,0,0,,1
1013216,0,1,0,0,0,0,0,,0,0,0,0,0,0,0,0,0,,0
1003237,0,1,0,0,0,0,0,,0,0,0,0,0,0,0,0,0,,1
1015317,0,1,0,0,0,0,0,,0,0,0,0,0,0,0,0,0,,0
1008707,0,1,0,0,0,0,0,,0,0,0,0,0,0,0,0,0,,0
1015751,0,1,0,0,0,0,0,,0,0,0,0,0,0,0,0,0,,0
1010362,0,1,0,0,0,0,0,,0,0,0,0,0,0,0,0,0,,0
1001899,0,1,0,0,0,0,0,,0,0,0,0,0,0,0,0,0,,1
1001759,0,1,0,0,0,0,0,,0,0,0,0,0,0,0,0,0,,0
1001897,4,2,1,0,0,0,0,,0,0,0,1,0,0,2,0,0,,1
1012663,0,1,0,0,0,0,0,,0,0,0,0,0,0,0,0,0,,1
1002705,0,1,0,0,0,0,0,,0,0,0,0,0,0,0,0,0,,1
1012538,4,0,1,0,0,0,0,,0,0,0,0,0,0,0,0,0,,1
1003799,0,1,0,0,0,0,0,,0,0,0,0,0,0,0,0,0,,0
1012031,0,1,0,0,0,0,0,,0,0,0,0,0,0,0,0,0,,1
1014505,4,2,1,1,1,1,0,,0,0,1,1,1,1,5,0,0,,1
1010925,4,0,1,1,0,0,0,,0,0,0,1,0,0,2,0,0,,1
1015008,4,0,1,1,1,0,0,,0,0,0,0,0,0,0,0,0,,1
1001549,4,1,1,1,0,0,0,,0,0,0,0,0,0,0,1,1,,1
1000352,0,1,0,0,0,0,0,,0,0,0,0,0,0,0,0,0,,0
1008825,0,1,0,0,0,0,0,,0,0,0,0,0,0,0,0,0,,0
1003051,0,1,0,0,0,0,0,,0,0,0,0,0,0,0,0,0,,0
1002548,0,1,0,0,0,0,0,,0,0,0,0,0,0,0,0,0,,0
1012752,4,0,1,0,0,0,1,,0,0,0,1,0,0,2,0,0,,1
1008006,0,1,0,0,0,0,0,,0,0,0,0,0,0,0,0,0,,0
1012594,0,1,0,0,0,0,0,,0,0,0,0,0,0,0,0,0,,1
1005130,0,1,0,0,0,0,0,,0,0,0,0,0,0,0,0,0,,0
1016431,4,2,1,1,0,0,0,2.0,0,0,1,1,0,0,3,0,0,,1
1016822,0,0,1,0,0,1,0,,0,0,0,0,0,0,0,1,1,,1
1007689,4,2,1,1,1,0,0,,0,0,1,1,1,1,6,0,0,,1
1000758,0,1,0,0,0,0,0,,0,0,0,0,0,0,0,0,0,,1
1015111,0,1,0,0,0,0,0,,0,0,0,0,0,0,0,0,0,,1
1004073,0,1,0,0,0,0,0,,0,0,0,0,0,0,0,0,0,,1
1013671,0,1,0,0,0,0,0,,0,0,0,0,0,0,0,0,0,,0
1009823,0,1,0,0,0,0,0,,0,0,0,0,0,0,0,0,0,,0
1000237,0,1,0,0,0,0,0,,0,0,0,0,0,0,0,0,0,,0
1005367,4,2,1,1,1,1,0,3.0,0,0,0,1,0,0,4,0,0,,1
1012006,0,1,0,0,0,0,0,,0,0,0,0,0,0,0,0,0,,0
1017021,0,1,0,0,0,0,0,,0,0,0,0,0,0,0,0,0,,0
1008702,0,1,0,0,0,0,0,,0,0,0,0,0,0,0,0,0,,1
1004227,0,1,0,0,0,0,0,,0,0,0,0,0,0,0,0,0,,0
1005588,0,1,0,0,0,0,0,,0,0,0,0,0,0,0,0,0,,1
1009987,0,1,0,0,0,0,0,,0,0,0,0,0,0,0,0,0,,0
1016700,0,1,0,0,0,0,0,,0,0,0,0,0,0,0,0,0,,1
1005592,4,0,1,0,0,0,0,,0,0,0,0,0,0,1,0,0,,1
1005082,0,1,0,0,0,0,0,,0,0,0,0,0,0,0,0,0,,1
1002553,4,2,1,1,1,1,0,,0,0,0,0,0,0,0,0,0,,1
1008646,0,1,0,0,0,0,0,,0,0,0,0,0,0,0,0,0,,1
1002545,0,1,0,0,0,0,0,,0,0,0,0,0,0,0,0,0,,0
1000420,0,1,0,0,0,0,0,,0,0,0,0,0,0,0,0,0,,0
1009170,0,1,0,0,0,0,0,,0,0,0,0,0,0,0,0,0,,0
1001564,0,1,0,0,0,0,0,,0,0,0,0,0,0,0,0,0,,1
1010659,0,1,0,0,0,0,0,,0,0,0,0,0,0,0,0,0,,1
1000987,0,0,0,0,0,0,0,,0,0,0,0,0,0,0,0,0,,1
1011475,4,0,1,1,0,0,0,3.0,0,0,0,0,0,0,2,0,0,,1
1013245,0,1,0,0,0,0,0,,0,0,0,0,0,0,0,0,0,,1
1004395,0,1,0,0,0,0,0,,0,0,0,0,0,0,0,0,0,,0
1006829,4,2,1,1,1,1,0,,0,0,1,1,1,1,6,0,0,,1
1003001,4,2,1,1,1,1,0,4.0,0,0,1,1,1,1,6,0,0,,1
1009379,0,1,0,0,0,0,0,,0,0,0,0,0,0,0,0,0,,1
1017298,4,2,1,1,1,0,0,,0,0,1,1,1,1,6,0,0,,1
1011146,0,1,0,0,0,0,0,,0,0,0,0,0,0,0,0,0,,1
1013139,0,1,0,0,0,0,0,,0,0,0,0,0,0,0,0,0,,0
1009770,4,2,1,1,1,0,0,,0,0,0,0,0,0,0,0,0,,1
1008650,0,1,0,0,0,0,0,,0,0,0,0,0,0,0,0,0,,1
1000479,0,1,0,0,0,0,0,,0,0,0,0,0,0,0,0,0,,0
1015698,4,1,1,0,0,1,1,2.0,0,0,0,0,0,0,0,0,0,,1
1014537,4,2,1,1,0,0,0,2.0,0,0,0,1,0,0,2,0,0,,1
1010264,0,1,0,0,0,0,0,,0,0,0,0,0,0,0,0,0,,1
1016345,0,1,0,0,0,0,0,,0,0,0,0,0,0,0,0,0,,0
1008540,0,1,0,0,0,0,0,,0,0,0,0,0,0,0,0,0,,0
1010475,0,1,0,0,0,0,0,,0,0,0,0,0,0,0,0,0,,0
1000076,0,1,0,0,0,0,0,,0,0,0,0,0,0,0,0,0,,0
1003875,0,1,0,0,0,0,0,,0,0,0,0,0,0,0,0,0,,0
1010168,0,0,0,0,0,0,0,,0,0,0,0,0,0,0,0,0,,1
1003653,4,1,1,0,0,0,0,3.0,0,0,0,1,0,0,1,0,0,,1
1006095,0,1,0,0,0,0,0,,0,0,0,0,0,0,0,0,0,,0
1014600,0,1,0,0,0,0,0,,0,0,0,0,0,0,0,0,0,,1
1017255,0,1,0,0,0,0,0,,0,0,0,0,0,0,0,0,0,,0
1016152,0,1,0,0,0,0,0,,0,0,0,0,0,0,0,0,0,,1
1002963,0,1,0,0,0,0,0,,0,0,0,0,0,0,0,0,0,,0
1010032,0,1,0,0,0,0,0,,0,0,0,0,0,0,0,0,0,,0
1004943,4,1,1,1,0,0,0,2.0,0,0,0,0,0,0,2,0,0,,1
1012310,0,1,0,0,0,0,0,,0,0,0,0,0,0,0,0,0,,0
1016247,4,0,0,0,0,0,0,,0,0,0,0,0,0,1,0,0,,1
1011308,0,1,0,0,0,0,0,,0,0,0,0,0,0,0,0,0,,0
1014194,0,1,0,0,0,0,0,,0,0,0,0,0,0,0,0,0,,1
1015126,0,1,0,0,0,0,0,,0,0,0,0,0,0,0,0,0,,1
1005526,0,1,0,0,0,0,0,,0,0,0,0,0,0,0,0,0,,0
1005893,0,1,0,0,0,0,0,,0,0,0,0,0,0,0,0,0,,0
1005921,4,1,1,0,1,0,0,,0,0,0,0,0,0,0,1,2,,1
1010024,0,1,1,0,0,0,0,1.0,0,0,0,1,0,1,3,0,0,,1
1007560,4,1,1,0,0,0,0,9.0,0,0,0,0,0,0,5,0,0,,1
1003129,0,1,0,0,0,0,0,,0,0,0,0,0,0,0,0,0,,0
1008127,0,1,0,0,0,0,0,,0,0,0,0,0,0,0,0,0,,0
1014304,4,2,1,0,0,0,0,,0,0,0,0,0,0,0,0,0,,1
1003842,0,1,0,0,0,0,0,,0,0,0,0,0,0,0,0,0,,1
1001987,4,1,1,0,0,0,0,,0,0,0,0,0,0,1,0,0,,1
1011010,0,1,0,0,0,0,0,,0,0,0,0,0,0,0,0,0,,0
1010198,4,2,1,1,0,0,0,1.0,0,0,1,1,0,0,3,0,0,,1
1015281,0,1,0,0,0,0,0,,0,0,0,0,0,0,0,0,0,,0
1003963,0,1,0,0,0,0,0,,0,0,0,0,0,0,0,0,0,,0
1015657,0,1,0,0,0,0,0,,0,0,0,0,0,0,0,0,0,,0
1017113,0,1,0,0,0,0,0,,0,0,0,0,0,0,0,0,0,,0
1008968,4,2,1,1,0,0,0,,0,0,0,1,0,0,2,0,0,,1
1012420,0,1,0,0,0,0,0,,0,0,0,0,0,0,0,0,0,,0
1000319,0,1,0,0,0,0,0,,0,0,0,0,0,0,0,0,0,,0
1015991,0,1,0,0,0,0,0,,0,0,0,0,0,0,0,0,0,,0
1013264,0,1,0,0,0,0,0,,0,0,0,0,0,0,0,0,0,,0
1006429,4,2,1,1,1,0,0,15.0,0,0,0,1,0,0,2,0,0,,1
1011171,4,1,1,1,0,0,0,1.0,0,0,1,1,1,1,6,0,0,,1
1005999,4,2,1,0,1,1,0,12.0,1,0,0,0,0,0,8,0,0,,1
1006544,0,1,0,0,0,0,0,,0,0,0,0,0,0,0,0,0,,1
1017099,0,1,0,0,0,0,0,,0,0,0,0,0,0,0,0,0,,0
1014330,0,1,0,0,0,0,0,,0,0,0,0,0,0,0,0,0,,0
1007042,4,0,1,1,0,0,0,,0,0,1,1,1,1,6,0,0,,1
1008983,3,0,1,0,0,0,0,,0,0,0,0,0,0,0,1,1,,1
1002678,0,1,0,0,0,0,0,,0,0,0,0,0,0,0,0,0,,0
1009070,0,1,0,0,0,0,0,,0,0,0,0,0,0,0,0,0,,0
1010215,4,2,1,1,0,0,0,12.0,0,0,0,0,0,0,5,0,0,,1
1011251,0,1,0,0,0,0,0,,0,0,0,0,0,0,0,0,0,,0
1004917,0,1,0,0,0,0,0,,0,0,0,0,0,0,0,0,0,,1
1016635,0,1,0,0,0,0,0,,0,0,0,0,0,0,0,0,0,,0
1001223,4,2,1,1,1,1,0,,0,0,0,0,0,0,0,0,0,,1
1010586,0,1,0,0,0,0,0,,0,0,0,0,0,0,0,0,0,,0
1015544,0,1,0,0,0,0,0,,0,0,0,0,0,0,0,0,0,,0
1013887,0,1,0,0,0,0,0,,0,0,0,0,0,0,0,0,0,,0
1012667,4,2,1,0,0,0,1,,0,0,0,1,0,0,2,0,0,,1
1000310,4,2,1,0,0,0,0,,0,0,0,1,0,0,2,0,0,,1
1006758,0,0,1,0,0,0,1,6.0,0,0,0,0,0,0,3,0,0,,1
1016539,0,1,0,0,0,0,0,,0,0,0,0,0,0,0,0,0,,1
1010487,0,1,0,0,0,0,0,,0,0,0,0,0,0,0,0,0,,0
1002515,0,1,0,0,0,0,0,,0,0,0,0,0,0,0,0,0,,0
1008090,0,1,0,0,0,0,0,,0,0,0,0,0,0,0,0,0,,0
1005818,4,1,1,1,0,0,0,,0,0,0,0,0,0,0,1,1,,1
1013682,0,1,0,0,0,0,0,,0,0,0,0,0,0,0,0,0,,0
1016986,4,2,1,1,0,0,0,10.0,0,1,0,0,0,0,4,0,0,,1
1014099,0,1,0,0,0,0,0,,0,0,0,0,0,0,0,0,0,,1
1002886,0,1,0,0,0,0,0,,0,0,0,0,0,0,0,0,0,,0
1010339,4,2,1,1,1,0,0,12.0,0,1,1,1,1,1,5,0,0,,1
1007609,0,1,0,0,0,0,0,,0,0,0,0,0,0,0,0,0,,0
1017309,4,1,1,0,0,0,0,3.0,0,1,0,1,0,0,2,0,0,,1
1010840,0,1,0,0,0,0,0,,0,0,0,0,0,0,0,0,0,,0
1011818,0,1,0,0,0,0,0,,0,0,0,0,0,0,0,0,0,,1
1016045,0,1,0,0,0,0,0,,0,0,0,0,0,0,0,0,0,,0
1014596,0,1,0,0,0,0,0,,0,0,0,0,0,0,0,0,0,,0
1014792,0,1,0,0,0,0,0,,0,0,0,0,0,0,0,0,0,,0
1005328,4,2,1,1,1,0,0,,0,0,0,0,0,0,3,0,0,,1
1004256,4,2,1,0,0,0,0,,0,0,1,1,1,1,6,0,0,,1
1017534,0,1,0,0,0,0,0,,0,0,0,0,0,0,0,0,0,,0
1004556,0,1,0,0,0,0,0,,0,0,0,0,0,0,0,0,0,,0
1003263,4,2,1,1,0,0,0,,0,0,0,0,0,0,0,1,1,,1
1013599,0,1,0,0,0,0,0,,0,0,0,0,0,0,0,0,0,,0
1002054,4,1,1,0,1,0,0,,0,0,0,1,0,0,5,0,0,,1
1005623,0,1,0,0,0,0,0,,0,0,0,0,0,0,0,0,0,,0
1012392,4,1,1,1,0,0,0,,0,0,0,0,0,0,0,1,1,,1
1011448,4,2,1,0,0,1,0,15.0,0,0,1,1,1,1,6,1,1,,1
1014038,0,1,0,0,0,0,0,,0,0,0,0,0,0,0,0,0,,1
1003908,4,0,1,0,1,0,0,,0,0,0,0,0,0,0,1,1,,1
1011602,0,0,0,0,0,0,0,,0,0,0,0,0,0,0,0,0,,1
1009452,4,1,1,0,0,0,0,,0,0,0,1,0,1,3,0,0,,1
1014532,4,2,1,1,1,1,0,,0,0,0,0,0,0,0,0,0,,1
1013008,0,1,0,0,0,0,0,,0,0,0,0,0,0,0,0,0,,0
1007314,4,2,1,1,1,1,0,,0,0,0,0,0,0,0,0,0,,1
1010355,0,1,0,0,0,0,0,,0,0,0,0,0,0,0,0,0,,0
1012497,0,1,0,0,0,0,0,,0,0,0,0,0,0,0,0,0,,0
1003348,0,1,0,0,0,0,0,,0,0,0,0,0,0,0,0,0,,0
1017555,4,2,1,0,1,0,0,2.0,0,0,0,1,0,0,2,0,0,,1
1008509,4,2,1,0,0,0,0,3.0,0,0,0,0,0,0,1,0,0,,1
1005695,0,1,0,0,0,0,0,,0,0,0,0,0,0,0,0,0,,0
1008815,4,1,1,1,0,0,0,,0,0,0,0,0,0,0,1,1,,1
1006021,0,1,0,0,0,0,0,,0,0,0,0,0,0,0,0,0,,1
1007356,0,1,0,0,0,0,0,,0,0,0,0,0,0,0,0,0,,1
1011038,4,2,1,1,0,0,0,,0,0,0,0,0,0,0,0,0,,1
1005195,0,0,0,0,0,0,0,,0,0,0,0,0,0,0,0,0,,1
1003109,0,1,0,0,0,0,0,,0,0,0,0,0,0,0,0,0,,1
1003579,0,1,0,0,0,0,0,,0,0,0,0,0,0,0,0,0,,0
1012913,4,1,1,0,0,0,1,,0,0,0,1,0,0,2,1,1,,1
1013003,4,2,1,0,0,0,0,2.0,1,1,0,1,0,0,2,0,0,,1
1013981,0,1,0,0,0,0,0,,0,0,0,0,0,0,0,0,0,,1
1016144,0,1,0,0,0,0,0,,0,0,0,0,0,0,0,0,0,,1
1015078,0,1,0,0,0,0,0,,0,0,0,0,0,0,0,0,0,,0
1006948,0,1,0,0,0,0,0,,0,0,0,0,0,0,0,0,0,,0
1009948,0,1,0,0,0,0,0,,0,0,0,0,0,0,0,0,0,,0
1000085,0,1,0,0,0,0,0,,0,0,0,0,0,0,0,0,0,,0
1010735,0,1,0,0,0,0,0,,0,0,0,0,0,0,0,0,0,,0
1011859,0,1,0,0,0,0,0,,0,0,0,0,0,0,0,0,0,,1
1014102,0,1,0,0,0,0,0,,0,0,0,0,0,0,0,0,0,,0
1005854,0,0,0,0,0,0,0,,0,0,0,0,0,0,0,0,0,,1
1007028,0,1,0,0,0,0,0,,0,0,0,0,0,0,0,0,0,,0
1008097,0,1,0,0,0,0,0,,0,0,0,0,0,0,0,0,0,,0
1014334,4,1,1,0,0,0,0,5.0,0,0,0,0,0,0,1,0,0,,1
1017527,0,1,0,0,0,0,0,,0,0,0,0,0,0,0,0,0,,0
1002603,0,1,0,0,0,0,0,,0,0,0,0,0,0,0,0,0,,0
1006970,4,2,1,1,0,0,0,3.0,0,0,0,0,0,0,0,0,0,,1
1006353,0,1,0,0,0,0,0,,0,0,0,0,0,0,0,0,0,,1
1001437,0,1,0,0,0,0,0,,0,0,0,0,0,0,0,0,0,,0
1002727,0,1,0,0,0,0,0,,0,0,0,0,0,0,0,0,0,,0
1009001,0,1,0,0,0,0,0,,0,0,0,0,0,0,0,0,0,,0
1005313,0,1,0,0,0,0,0,,0,0,0,0,0,0,0,0,0,,0
1002258,0,1,0,0,0,0,0,,0,0,0,0,0,0,0,0,0,,0
1013953,0,0,1,0,0,0,0,,0,0,0,0,0,0,0,1,1,,1
1003135,0,0,0,0,0,0,0,,0,0,0,0,0,0,0,0,0,,1
1009372,0,1,0,0,0,0,0,,0,0,0,0,0,0,0,0,0,,0
1003681,0,1,0,0,0,0,0,,0,0,0,0,0,0,0,0,0,,0
1008187,4,0,1,0,0,0,0,,0,0,0,0,0,0,0,1,1,,1
1006570,0,1,0,0,0,0,0,,0,0,0,0,0,0,0,0,0,,0
1000357,0,1,0,0,0,0,0,,0,0,0,0,0,0,0,0,0,,0
1003989,4,0,1,0,0,0,1,,0,0,0,0,0,0,0,1,1,,1
1003422,4,2,1,1,0,0,0,12.0,1,0,0,0,0,0,0,0,0,,1
1003134,0,1,0,0,0,0,0,,0,0,0,0,0,0,0,0,0,,0
1016580,4,2,1,1,1,1,0,1.0,0,0,0,0,0,0,0,0,0,,1
1013255,0,1,0,0,0,0,0,,0,0,0,0,0,0,0,0,0,,0
1002731,0,1,0,0,0,0,0,,0,0,0,0,0,0,0,0,0,,0
1014996,4,1,1,1,0,0,0,3.0,0,0,0,0,0,0,0,0,0,,1
1000864,0,1,0,0,0,0,0,,0,0,0,0,0,0,0,0,0,,1
1002172,0,1,0,0,0,0,0,,0,0,0,0,0,0,0,0,0,,1
1012295,4,2,1,0,0,0,1,,0,0,0,0,0,0,1,0,0,,1
1009983,0,1,0,0,0,0,0,,0,0,0,0,0,0,0,0,0,,0
1012646,4,2,1,1,0,0,0,3.0,0,0,0,1,0,0,2,0,0,,1
1017244,0,1,0,0,0,0,0,,0,0,0,0,0,0,0,0,0,,0
1011352,0,1,0,0,0,0,0,,0,0,0,0,0,0,0,0,0,,0
1001550,0,1,0,0,0,0,0,,0,0,0,0,0,0,0,0,0,,0
1002383,4,1,1,1,1,1,0,,0,0,0,0,0,0,0,0,0,3.0,1
1007526,0,1,0,0,0,0,0,,0,0,0,0,0,0,0,0,0,,0
1005669,4,1,1,1,1,1,0,2.0,0,0,1,1,1,1,7,0,0,,1
1000378,0,1,0,0,0,0,0,,0,0,0,0,0,0,0,0,0,,0
1012426,4,2,1,1,1,1,0,,0,0,0,0,0,0,0,0,0,,1
1007286,4,0,1,0,0,0,1,,0,0,0,1,0,0,2,0,0,,1
1016758,4,0,1,1,0,0,0,,0,0,0,0,0,0,0,1,1,,1
1001694,0,0,0,0,0,0,0,,0,0,0,0,0,0,0,0,0,,1
1012618,0,1,0,0,0,0,0,,0,0,0,0,0,0,0,0,0,,0
1008533,0,1,0,0,0,0,0,,0,0,0,0,0,0,0,0,0,,0
1009804,0,1,0,0,0,0,0,,0,0,0,0,0,0,0,0,0,,0
1004038,0,1,0,0,0,0,0,,0,0,0,0,0,0,0,0,0,,1
1010007,0,1,0,0,0,0,0,,0,0,0,0,0,0,0,0,0,,0
1000055,0,1,0,0,0,0,0,,0,0,0,0,0,0,0,0,0,,0
1004127,0,1,0,0,0,0,0,,0,0,0,0,0,0,0,0,0,,0
1009928,0,1,0,0,0,0,0,,0,0,0,0,0,0,0,0,0,,0
1000530,0,1,0,0,0,0,0,,0,0,0,0,0,0,0,0,0,,0
1004033,0,1,0,0,0,0,0,,0,0,0,0,0,0,0,0,0,,0
1009432,0,1,0,0,0,0,0,,0,0,0,0,0,0,0,0,0,,0
1013474,0,1,0,0,0,0,0,,0,0,0,0,0,0,0,0,0,,1
1016812,4,1,1,1,1,0,0,38.0,0,0,1,1,1,1,6,0,1,,1
1005136,4,2,1,1,0,0,0,3.0,0,0,0,1,0,0,3,0,0,,1
1016204,0,1,0,0,0,0,0,,0,0,0,0,0,0,0,0,0,,0
1009947,0,1,0,0,0,0,0,,0,0,0,0,0,0,0,0,0,,0
1007212,0,1,0,0,0,0,0,,0,0,0,0,0,0,0,0,0,,0
1009410,0,1,0,0,0,0,0,,0,0,0,0,0,0,0,0,0,,0
1016198,0,1,0,0,0,0,0,,0,0,0,0,0,0,0,0,0,,0
1012205,4,2,1,1,0,0,0,16.0,0,0,0,0,0,0,0,1,1,,1
1014338,0,1,0,0,0,0,0,,0,0,0,0,0,0,0,0,0,,0
1000522,0,1,0,0,0,0,0,,0,0,0,0,0,0,0,0,0,,1
1008476,0,1,0,0,0,0,0,,0,0,0,0,0,0,0,0,0,,0
1016375,0,1,0,0,0,0,0,,0,0,0,0,0,0,0,0,0,,0
1001654,4,2,1,0,0,0,1,,0,0,0,1,0,0,2,0,0,,1
1016612,4,2,1,0,0,0,0,,0,0,0,0,0,0,0,0,0,,1
1017476,0,1,0,0,0,0,0,,0,0,0,0,0,0,0,0,0,,0
1008878,0,1,0,0,0,0,0,,0,0,0,0,0,0,0,0,0,,1
1013967,0,1,0,0,0,0,0,,0,0,0,0,0,0,0,0,0,,0
1001792,0,1,0,0,0,0,0,,0,0,0,0,0,0,0,0,0,,1
1003595,0,1,0,0,0,0,0,,0,0,0,0,0,0,0,0,0,,0
1012212,0,1,0,0,0,0,0,,0,0,0,0,0,0,0,0,0,,0
1016795,4,2,1,0,0,1,0,,0,0,1,1,0,0,3,0,0,,1
1011134,4,2,1,1,1,0,0,,0,0,1,1,1,0,5,0,0,,1
1005989,0,1,0,0,0,0,0,,0,0,0,0,0,0,0,0,0,,0
1005652,4,2,1,0,0,0,0,,0,0,1,1,1,1,6,0,0,,1
1011809,0,1,0,0,0,0,0,,0,0,0,0,0,0,0,0,0,,0
1000026,0,1,0,0,0,0,0,,0,0,0,0,0,0,0,0,0,,0
1009288,0,1,0,0,0,0,0,,0,0,0,0,0,0,0,0,0,,0
1001391,0,1,0,0,0,0,0,,0,0,0,0,0,0,0,0,0,,1
1011640,0,1,0,0,0,0,0,,0,0,0,0,0,0,0,0,0,,0
1015909,0,1,0,0,0,0,0,,0,0,0,0,0,0,0,0,0,,0
1012954,0,0,0,0,0,0,0,,0,0,0,0,0,0,0,0,0,,1
1009521,0,1,0,0,0,0,0,,0,0,0,0,0,0,0,0,0,,1
1006839,3,0,1,0,0,0,0,,0,0,0,0,0,0,0,1,1,,1
1017315,4,1,1,0,0,0,0,1.0,0,0,1,1,0,0,2,0,0,,1
1011090,0,1,0,0,0,0,0,,0,0,0,0,0,0,0,0,0,,1
1006288,0,1,0,0,0,0,0,,0,0,0,0,0,0,0,0,0,,0
1015993,4,2,1,0,0,0,0,,0,0,0,1,0,1,3,0,0,,1
1014606,0,1,0,0,0,0,0,,0,0,0,0,0,0,0,0,0,,0
1012993,0,1,0,0,0,0,0,,0,0,0,0,0,0,0,0,0,,0
1014153,4,2,1,1,1,1,0,,0,0,1,1,1,1,6,0,0,,1
1013779,0,1,0,0,0,0,0,,0,0,0,0,0,0,0,0,0,,0
1003036,0,1,0,0,0,0,0,,0,0,0,0,0,0,0,0,0,,1
1008403,0,1,0,0,0,0,0,,0,0,0,0,0,0,0,0,0,,0
1006645,0,1,0,0,0,0,0,,0,0,0,0,0,0,0,0,0,,1
1012213,4,2,1,0,1,0,0,1.0,0,1,1,1,1,1,6,0,0,,1
1014124,4,1,1,1,0,0,0,,0,0,0,0,0,0,0,1,1,,1
1003300,0,1,0,0,0,0,0,,0,0,0,0,0,0,0,0,0,,0
1007482,0,1,0,0,0,0,0,,0,0,0,0,0,0,0,0,0,,0
1013706,0,1,0,0,0,0,0,,0,0,0,0,0,0,0,0,0,,0
1006794,4,2,1,0,0,0,0,3.0,0,0,1,1,0,0,3,0,0,,1
1004410,0,1,0,0,0,0,0,,0,0,0,0,0,0,0,0,0,,0
1016958,0,1,0,0,0,0,0,,0,0,0,0,0,0,0,0,0,,0
1013507,4,2,1,0,0,0,0,,0,0,0,0,0,0,2,0,0,,1
1016340,4,0,1,1,0,0,0,,0,0,0,0,0,0,0,0,0,,1
1000722,0,1,0,0,0,0,0,,0,0,0,0,0,0,0,0,0,,0
1011669,0,1,0,0,0,0,0,,0,0,0,0,0,0,0,0,0,,0
1015565,0,1,0,0,0,0,0,,0,0,0,0,0,0,0,0,0,,0
1014515,0,1,0,0,0,0,0,,0,0,0,0,0,0,0,0,0,,0
1002605,4,2,1,1,1,1,0,,0,0,1,1,0,0,4,0,0,,1
1008510,0,1,0,0,0,0,0,,0,0,0,0,0,0,0,0,0,,0
1012060,4,2,1,0,0,0,0,10.0,0,0,0,1,0,0,2,0,0,,1
1010799,4,1,1,1,0,0,0,,0,0,0,1,0,1,3,0,0,,1
1015447,0,1,0,0,0,0,0,,0,0,0,0,0,0,0,0,0,,0
1017083,0,1,0,0,0,0,0,,0,0,0,0,0,0,0,0,0,,1
1000842,0,1,0,0,0,0,0,,0,0,0,0,0,0,0,0,0,,0
1016061,0,1,0,0,0,0,0,,0,0,0,0,0,0,0,0,0,,0
1010422,0,1,0,0,0,0,0,,0,0,0,0,0,0,0,0,0,,0
1010101,4,2,1,1,0,0,0,,0,0,0,0,0,0,1,0,0,,1
1006616,4,2,1,0,0,0,1,,0,0,0,1,0,0,2,0,0,,1
1011648,0,1,0,0,0,0,0,,0,0,0,0,0,0,0,0,0,,0
1002167,0,1,0,0,0,0,0,,0,0,0,0,0,0,0,0,0,,0
1007455,4,2,1,1,1,0,0,,0,0,0,1,0,0,3,0,0,,1
1001920,4,2,1,1,1,1,0,,0,0,1,1,1,1,5,0,0,,1
1010750,0,1,0,0,0,0,0,,0,0,0,0,0,0,0,0,0,,0
1008960,0,1,0,0,0,0,0,,0,0,0,0,0,0,0,0,0,,0
1000240,4,2,1,0,0,0,1,,0,0,0,1,0,0,2,0,0,,1
1002368,0,1,0,0,0,0,0,,0,0,0,0,0,0,0,0,0,,0
1005929,4,1,1,0,1,0,0,,0,0,0,1,0,0,2,0,0,,1
1011130,0,1,0,0,0,0,0,,0,0,0,0,0,0,0,0,0,,0
1001849,0,1,0,0,0,0,0,,0,0,0,0,0,0,0,0,0,,0
1004926,4,2,1,1,1,0,0,,0,0,0,1,0,0,2,0,0,,1
1002299,0,1,0,0,0,0,0,,0,0,0,0,0,0,0,0,0,,0
1005720,4,2,1,0,1,0,0,,0,0,1,1,0,0,3,0,0,,1
1010995,0,1,0,0,0,0,0,,0,0,0,0,0,0,0,0,0,,0
1005789,0,1,0,0,0,0,0,,0,0,0,0,0,0,0,0,0,,0
1008252,4,2,1,0,0,0,0,3.0,0,0,1,1,1,1,6,0,0,,1
1009454,0,1,0,0,0,0,0,,0,0,0,0,0,0,0,0,0,,0
1006238,0,1,0,0,0,0,0,,0,0,0,0,0,0,0,0,0,,1
1006577,0,1,0,0,0,0,0,,0,0,0,0,0,0,0,0,0,,1
1004477,0,1,0,0,0,0,0,,0,0,0,0,0,0,0,0,0,,1
1007198,0,1,0,0,0,0,0,,0,0,0,0,0,0,0,0,0,,0
1009390,0,1,0,0,0,0,0,,0,0,0,0,0,0,0,0,0,,0
1010752,0,1,0,0,0,0,0,,0,0,0,0,0,0,0,0,0,,0
1013227,0,1,0,0,0,0,0,,0,0,0,0,0,0,0,0,0,,1
1009605,0,1,0,0,0,0,0,,0,0,0,0,0,0,0,0,0,,0
1008585,4,2,1,1,0,0,0,10.0,0,0,0,1,0,0,3,0,0,,1
1004621,0,1,0,0,0,0,0,,0,0,0,0,0,0,0,0,0,,0
1006763,4,0,1,0,0,0,0,,0,0,0,0,0,0,0,0,0,,1
1007389,0,0,1,0,1,0,0,,0,0,0,1,0,0,3,0,0,,1
1002943,4,1,1,1,0,0,0,,0,0,0,0,0,0,0,1,1,,1
1003483,0,1,0,0,0,0,0,,0,0,0,0,0,0,0,0,0,,1
1003337,0,0,0,0,0,0,0,,0,0,0,0,0,0,0,0,1,,1
1006506,0,1,0,0,0,0,0,,0,0,0,0,0,0,0,0,0,,0
1009138,0,1,0,0,0,0,0,,0,0,0,0,0,0,0,0,0,,0
1012466,0,1,0,0,0,0,0,,0,0,0,0,0,0,0,0,0,,0
1012040,0,1,0,0,0,0,0,,0,0,0,0,0,0,0,0,0,,0
1009574,3,1,1,0,1,0,0,,0,0,0,0,0,0,0,1,1,,1
1009115,0,1,0,0,0,0,0,,0,0,0,0,0,0,0,0,0,,0
1004965,0,1,0,0,0,0,0,,0,0,0,0,0,0,0,0,0,,0
1011224,0,1,0,0,0,0,0,,0,0,0,0,0,0,0,0,0,,1
1011883,0,1,0,0,0,0,0,,0,0,0,0,0,0,0,0,0,,0
1011344,0,1,0,0,0,0,0,,0,0,0,0,0,0,0,0,0,,0
1000326,0,1,0,0,0,0,0,,0,0,0,0,0,0,0,0,0,,0
1000303,0,1,0,0,0,0,0,,0,0,0,0,0,0,0,0,0,,0
1006848,0,1,0,0,0,0,0,,0,0,0,0,0,0,0,0,0,,1
1014951,0,1,0,0,0,0,0,,0,0,0,0,0,0,0,0,0,,0
1010138,0,1,0,0,0,0,0,,0,0,0,0,0,0,0,0,0,,0
1006583,0,1,0,0,0,0,0,,0,0,0,0,0,0,0,0,0,,0
1012564,0,1,0,0,0,0,0,,0,0,0,0,0,0,0,0,0,,0
1005412,0,1,0,0,0,0,0,,0,0,0,0,0,0,0,0,0,,1
1008135,0,1,0,0,0,0,0,,0,0,0,0,0,0,0,0,0,,0
1016962,0,1,0,0,0,0,0,,0,0,0,0,0,0,0,0,0,,0
1002195,4,2,1,0,0,0,0,1.0,0,0,0,1,0,1,3,0,0,,1
1004799,0,1,0,0,0,0,0,,0,0,0,0,0,0,0,0,0,,0
1013781,0,1,0,0,0,0,0,,0,0,0,0,0,0,0,0,0,,0
1002764,4,1,1,0,0,0,1,,0,0,0,0,0,0,1,0,0,,1
1004291,0,1,0,0,0,0,0,,0,0,0,0,0,0,0,0,0,,0
1004325,0,1,0,0,0,0,0,,0,0,0,0,0,0,0,0,0,,0
1007636,4,2,1,1,1,1,1,,0,0,1,1,1,1,6,0,0,,1
1008788,0,1,0,0,0,0,0,,0,0,0,0,0,0,0,0,0,,0
1005487,0,1,0,0,0,0,0,,0,0,0,0,0,0,0,0,0,,0
1009096,0,1,0,0,0,0,0,,0,0,0,0,0,0,0,0,0,,0
1009267,4,1,1,1,0,0,0,1563.0,0,0,0,0,0,0,0,1,1,,1
1017170,4,2,1,1,1,0,0,,0,1,0,0,0,0,0,0,0,,1
1009436,4,2,1,1,1,1,0,,0,0,1,1,1,1,5,0,0,,1
1004280,0,1,0,0,0,0,0,,0,0,0,0,0,0,0,0,0,,0
1001947,4,2,1,1,1,0,0,1.0,0,0,1,1,1,1,6,0,0,,1
1010046,4,0,1,1,0,0,0,,0,0,0,0,0,0,3,0,0,,1
1002440,4,2,1,1,1,1,0,,0,1,1,1,1,1,6,1,1,,1
1012844,0,1,0,0,0,0,0,,0,0,0,0,0,0,0,0,0,,1
1001363,0,1,0,0,0,0,0,,0,0,0,0,0,0,0,0,0,,0
1013211,0,1,0,0,0,0,0,,0,0,0,0,0,0,0,0,0,,0
1005885,0,1,0,0,0,0,0,,0,0,0,0,0,0,0,0,0,,0
1012986,4,0,1,1,1,0,1,,0,0,0,0,0,0,0,0,0,,1
1011736,0,1,0,0,0,0,0,,0,0,0,0,0,0,0,0,0,,0
1015790,0,1,0,0,0,0,0,,0,0,0,0,0,0,0,0,0,,0
1017313,4,2,1,1,1,1,0,,0,0,0,0,0,0,0,0,0,,1
1001384,0,1,0,0,0,0,0,,0,0,0,0,0,0,0,0,0,,0
1004915,0,1,0,0,0,0,0,,0,0,0,0,0,0,0,0,0,,1
1000524,0,1,0,0,0,0,0,,0,0,0,0,0,0,0,0,0,,0
1001491,3,0,1,0,0,0,0,,0,0,0,0,0,0,0,0,1,,1
1011692,0,1,0,0,0,0,0,,0,0,0,0,0,0,0,0,0,,0
1014644,0,1,0,0,0,0,0,,0,0,0,0,0,0,0,0,0,,0
1004086,0,1,0,0,0,0,0,,0,0,0,0,0,0,0,0,0,,0
1008351,0,1,0,0,0,0,0,,0,0,0,0,0,0,0,0,0,,0
1010939,4,0,1,1,0,0,0,,0,0,1,1,0,0,3,0,0,,1
1013417,4,1,1,1,0,0,0,,0,0,0,1,0,0,2,0,0,,1
1006323,0,1,0,0,0,0,0,,0,0,0,0,0,0,0,0,0,,1
1016369,0,1,0,0,0,0,0,,0,0,0,0,0,0,0,0,0,,0
1011036,4,0,1,0,0,0,0,,0,0,0,0,0,0,8,0,0,,1
1008753,0,1,0,0,0,0,0,,0,0,0,0,0,0,0,0,0,,0
1017015,0,1,0,0,0,0,0,,0,0,0,0,0,0,0,0,0,,1
1001704,0,1,0,0,0,0,0,,0,0,0,0,0,0,0,0,0,,0
1003969,4,0,1,1,1,1,0,,0,0,0,1,1,1,4,0,0,,1
1013093,0,1,0,0,0,0,0,,0,0,0,0,0,0,0,0,0,,0
1007414,0,1,0,0,0,0,0,,0,0,0,0,0,0,0,0,0,,0
1003789,0,1,0,0,0,0,0,,0,0,0,0,0,0,0,0,0,,1
1013607,0,1,0,0,0,0,0,,0,0,0,0,0,0,0,0,0,,0
1012456,0,1,0,0,0,0,0,,0,0,0,0,0,0,0,0,0,,0
1002912,0,1,0,0,0,0,0,,0,0,0,0,0,0,0,0,0,,0
1010937,0,1,0,0,0,0,0,,0,0,0,0,0,0,0,0,0,,1
1004465,0,1,0,0,0,0,0,,0,0,0,0,0,0,0,0,0,,0
1017382,0,1,0,0,0,0,0,,0,0,0,0,0,0,0,0,0,,0
1011700,0,1,0,0,0,0,0,,0,0,0,0,0,0,0,0,0,,0
1002345,0,0,0,0,0,0,0,,0,0,0,0,0,0,0,0,0,,1
1015146,4,2,1,1,1,1,0,,0,0,0,0,0,0,0,0,0,,1
1003332,4,0,1,0,1,0,0,,0,0,0,0,0,0,0,1,1,,1
1005018,4,2,1,1,1,0,0,,0,0,1,1,1,1,6,0,0,,1
1015650,0,1,0,0,0,0,0,,0,0,0,0,0,0,0,0,0,,1
1002708,4,2,1,1,0,1,0,,0,0,1,1,1,1,6,0,0,,1
1008944,0,1,0,0,0,0,0,,0,0,0,0,0,0,0,0,0,,0
1012630,0,1,0,0,0,0,0,,0,0,0,0,0,0,0,0,0,,0
1010026,0,1,0,0,0,0,0,,0,0,0,0,0,0,0,0,0,,0
1005826,0,1,0,0,0,0,0,,0,0,0,0,0,0,0,0,0,,0
1000029,0,1,0,0,0,0,0,,0,0,0,0,0,0,0,0,0,,0
1007928,0,0,0,0,0,0,0,,0,0,0,0,0,0,0,0,0,,1
1015365,4,2,1,1,1,0,0,4.0,0,0,1,1,1,1,6,0,0,,1
1009505,0,1,0,0,0,0,0,,0,0,0,0,0,0,0,0,0,,0
1009238,0,1,0,0,0,0,0,,0,0,0,0,0,0,0,0,0,,0
1007810,0,1,0,0,0,0,0,,0,0,0,0,0,0,0,0,0,,1
1000648,4,1,1,1,0,0,0,2.0,0,0,0,1,0,0,2,1,1,,1
1009396,0,1,0,0,0,0,0,,0,0,0,0,0,0,0,0,0,,0
1008655,0,1,0,0,0,0,0,,0,0,0,0,0,0,0,0,0,,0
1001470,0,1,0,0,0,0,0,,0,0,0,0,0,0,0,0,0,,0
1000667,0,1,0,0,0,0,0,,0,0,0,0,0,0,0,0,0,,0
1007857,4,2,1,0,1,1,0,,0,0,1,1,1,1,6,0,0,,1
1006984,0,1,0,0,0,0,0,,0,0,0,0,0,0,0,0,0,,0
1005031,0,1,0,0,0,0,0,,0,0,0,0,0,0,0,0,0,,0
1013105,0,1,0,0,0,0,0,,0,0,0,0,0,0,0,0,0,,0
1008392,4,1,1,0,0,0,1,,0,0,0,1,0,0,2,1,1,,1
1011853,0,1,0,0,0,0,0,,0,0,0,0,0,0,0,0,0,,0
1004988,4,2,1,1,0,0,0,,0,0,1,1,1,1,6,0,0,,1
1006349,0,1,1,0,0,0,0,,0,0,0,1,0,0,2,0,0,,1
1017439,0,1,0,0,0,0,0,,0,0,0,0,0,0,0,0,0,,1
1004922,4,2,1,1,0,0,0,10.0,0,0,0,0,0,0,0,0,0,,1
1012855,4,1,1,0,0,0,0,,0,0,0,1,0,0,2,0,0,,1
1017488,4,1,1,1,0,0,0,,0,0,0,0,0,0,0,1,1,,1
1011458,4,2,1,0,0,0,0,,0,1,1,1,1,1,6,0,0,,1
1008828,4,1,1,0,0,0,1,,0,0,0,1,0,0,1,1,1,,1
1006297,0,1,0,0,0,0,0,,0,0,0,0,0,0,0,0,0,,0
1012460,0,1,0,0,0,0,0,,0,0,0,0,0,0,0,0,0,,0
1013582,0,1,0,0,0,0,0,,0,0,0,0,0,0,0,0,0,,0
1001998,0,1,0,0,0,0,0,,0,0,0,0,0,0,0,0,0,,0
1006371,4,2,1,1,1,1,0,1.0,0,0,0,1,0,1,3,0,0,,1
1014425,0,1,0,0,0,0,0,,0,0,0,0,0,0,0,0,0,,0
1005066,0,1,0,0,0,0,0,,0,0,0,0,0,0,0,0,0,,0
1005308,0,1,0,0,0,0,0,,0,0,0,0,0,0,0,0,0,,0
1001698,0,1,0,0,0,0,0,,0,0,0,0,0,0,0,0,0,,0
1008961,0,1,0,0,0,0,0,,0,0,0,0,0,0,0,0,0,,0
1000920,0,1,0,0,0,0,0,,0,0,0,0,0,0,0,0,0,,0
1006538,0,1,0,0,0,0,0,,0,0,0,0,0,0,0,0,0,,0
1004784,0,1,0,0,0,0,0,,0,0,0,0,0,0,0,0,0,,0
1009044,0,1,0,0,0,0,0,,0,0,0,0,0,0,0,0,0,,0
1016533,0,1,0,0,0,0,0,,0,0,0,0,0,0,0,0,0,,0
1003000,0,1,0,0,0,0,0,,0,0,0,0,0,0,0,0,0,,0
1015062,0,1,0,0,0,0,0,,0,0,0,0,0,0,0,0,0,,1
1007424,0,0,1,0,0,0,0,,0,0,0,0,0,0,0,1,1,,1
1000655,0,1,0,0,0,0,0,,0,0,0,0,0,0,0,0,0,,0
1006290,0,1,0,0,0,0,0,,0,0,0,0,0,0,0,0,0,,0
1013187,0,1,0,0,0,0,0,,0,0,0,0,0,0,0,0,0,,0
1005907,4,1,1,1,1,1,0,2.0,0,0,0,1,1,1,6,0,0,,1
1016223,0,1,0,0,0,0,0,,0,0,0,0,0,0,0,0,0,,1
1014048,0,1,0,0,0,0,0,,0,0,0,0,0,0,0,0,0,,0
1001833,0,1,0,0,0,0,0,,0,0,0,0,0,0,0,0,0,,0
1000027,0,1,0,0,0,0,0,,0,0,0,0,0,0,0,0,0,,0
1014548,0,1,0,0,0,0,0,,0,0,0,0,0,0,0,0,0,,1
1000659,0,1,0,0,0,0,0,,0,0,0,0,0,0,0,0,0,,0
1010166,4,2,1,0,0,0,0,,0,0,0,1,0,0,2,0,0,,1
1004900,4,2,1,1,1,0,0,,0,0,0,1,0,0,2,0,0,,1
1015439,0,1,0,0,0,0,0,,0,0,0,0,0,0,0,0,0,,0
1005755,4,2,1,0,0,0,0,,0,0,1,1,1,1,6,0,0,,1
1017269,4,2,1,1,1,1,0,,0,0,1,1,1,1,6,0,0,,1
1009028,0,1,0,0,0,0,0,,0,0,0,0,0,0,0,0,0,,0
1016987,0,1,0,0,0,0,0,,0,0,0,0,0,0,0,0,0,,1
1009646,0,1,0,0,0,0,0,,0,0,0,0,0,0,0,0,0,,0
1005668,4,2,1,1,0,0,0,,0,0,0,0,0,0,0,0,0,,1
1000783,0,1,0,0,0,0,0,,0,0,0,0,0,0,0,0,0,,0
1014661,0,1,0,0,0,0,0,,0,0,0,0,0,0,0,0,0,,0
1007254,0,1,0,0,0,0,0,,0,0,0,0,0,0,0,0,0,,0
1007064,0,1,0,0,0,0,0,,0,0,0,0,0,0,0,0,0,,0
1011274,4,1,1,1,0,0,0,,0,0,0,0,0,0,0,1,1,,1
1005882,0,1,0,0,0,0,0,,0,0,0,0,0,0,0,0,0,,0
1005568,0,1,0,0,0,0,0,,0,0,0,0,0,0,0,0,0,,0
1010803,0,1,0,0,0,0,0,,0,0,0,0,0,0,0,0,0,,0
1008212,0,0,0,0,0,0,0,,0,0,0,0,0,0,0,0,0,,1
1002856,4,0,1,0,0,0,0,,0,0,0,0,0,0,4,0,0,,1
1003808,0,1,0,0,0,0,0,,0,0,0,0,0,0,0,0,0,,0
1010431,0,1,0,0,0,0,0,,0,0,0,0,0,0,0,0,0,,0
1001157,0,1,0,0,0,0,0,,0,0,0,0,0,0,0,0,0,,0
1001103,4,2,1,1,1,1,0,,0,1,1,1,1,1,6,0,0,,1
1016543,4,2,1,0,0,0,0,,0,0,1,1,1,1,6,0,0,,1
1003838,0,1,0,0,0,0,0,,0,0,0,0,0,0,0,0,0,,0
1003626,4,2,1,1,0,0,0,,0,0,0,1,0,0,2,0,0,,1
1005590,0,1,0,0,0,0,0,,0,0,0,0,0,0,0,0,0,,0
1016697,4,2,0,0,0,0,0,,0,1,0,1,0,0,2,0,0,,1
1016932,4,1,1,0,1,0,0,,0,0,0,0,0,0,0,1,1,,1
1003493,4,2,1,1,0,0,0,12.0,0,0,1,1,0,0,3,0,0,,1
1011384,0,1,0,0,0,0,0,,0,0,0,0,0,0,0,0,0,,1
1000273,0,1,0,0,0,0,0,,0,0,0,0,0,0,0,0,0,,0
1000341,4,1,1,1,0,0,0,,0,0,0,0,0,0,0,1,1,,1
1008266,4,1,1,0,0,0,0,,0,0,0,0,0,0,1,0,0,,1
1000409,4,0,1,1,0,0,0,,0,0,0,0,0,0,0,1,1,,1
1003311,0,1,0,0,0,0,0,,0,0,0,0,0,0,0,0,0,,0
1015334,0,1,0,0,0,0,0,,0,0,0,0,0,0,0,0,0,,0
1016076,0,1,0,0,0,0,0,,0,0,0,0,0,0,0,0,0,,0
1009557,0,1,0,0,0,0,0,,0,0,0,0,0,0,0,0,0,,0
1011679,0,1,0,0,0,0,0,,0,0,0,0,0,0,0,0,0,,0
1001424,0,1,0,0,0,0,0,,0,0,0,0,0,0,0,0,0,,0
1010593,0,1,0,0,0,0,0,,0,0,0,0,0,0,0,0,0,,0
1000782,0,0,0,0,0,0,0,,1,0,0,0,0,0,0,0,0,,1
1013173,0,1,0,0,0,0,0,,0,0,0,0,0,0,0,0,0,,0
1011680,4,2,1,1,0,0,0,,0,0,1,1,0,0,3,0,0,,1
1009425,0,1,0,0,0,0,0,,0,0,0,0,0,0,0,0,0,,1
1013169,4,2,1,0,0,1,0,12.0,0,0,0,1,0,0,2,0,0,,1
1008114,4,2,1,1,0,1,0,,0,0,0,0,0,0,0,0,0,,1
1001836,0,1,0,0,0,0,0,,0,0,0,0,0,0,0,0,0,,0
1008082,0,1,0,0,0,0,0,,0,0,0,0,0,0,0,0,0,,0
1008062,0,1,0,0,0,0,0,,0,0,0,0,0,0,0,0,0,,0
1014650,4,0,1,0,1,1,0,,0,0,0,1,0,1,3,0,0,,1
1003845,4,2,1,0,1,0,0,,0,0,1,1,1,1,6,0,0,,1
1017272,0,1,0,0,0,0,0,,0,0,0,0,0,0,0,0,0,,0
1014188,0,1,0,0,0,0,0,,0,0,0,0,0,0,0,0,0,,0
1003256,0,1,0,0,0,0,0,,0,0,0,0,0,0,0,0,0,,1
1017079,0,1,0,0,0,0,0,,0,0,0,0,0,0,0,0,0,,0
1003973,0,1,0,0,0,0,0,,0,0,0,0,0,0,0,0,0,,0
1017372,0,1,0,0,0,0,0,,0,0,0,0,0,0,0,0,0,,0
1003827,4,1,1,0,0,0,0,2.0,0,0,0,0,0,0,0,1,1,,1
1009414,0,1,0,0,0,0,0,,0,0,0,0,0,0,0,0,0,,1
1011660,0,1,0,0,0,0,0,,0,0,0,0,0,0,0,0,0,,0
1004156,4,2,1,1,0,0,0,,0,0,0,0,0,0,0,1,1,,1
1006957,0,1,0,0,0,0,0,,0,0,0,0,0,0,0,0,0,,0
1005104,0,0,0,0,0,0,0,,0,0,0,0,0,0,0,0,0,,1
1003617,4,1,1,1,1,1,0,,0,0,0,0,0,0,0,0,0,,1
1005714,4,2,1,1,1,1,0,,0,0,0,0,0,0,0,0,0,,1
1013547,0,1,0,0,0,0,0,,0,0,0,0,0,0,0,0,0,,0
1005042,4,2,1,1,1,0,0,,0,0,0,0,0,0,0,0,0,,1
1000817,0,1,0,0,0,0,0,,0,0,0,0,0,0,0,0,0,,0
1013568,0,1,0,0,0,0,0,,0,0,0,0,0,0,0,0,0,,0
1005269,0,1,0,0,0,0,0,,0,0,0,0,0,0,0,0,0,,1
1011473,0,1,0,0,0,0,0,,0,0,0,0,0,0,0,0,0,,0
1011802,0,1,0,0,0,0,0,,0,0,0,0,0,0,0,0,0,,0
1002845,4,1,1,0,0,0,0,2.0,0,1,0,1,1,0,3,0,0,,1
1015763,0,1,0,0,0,0,0,,0,0,0,0,0,0,0,0,0,,0
1012443,0,1,0,0,0,0,0,,0,0,0,0,0,0,0,0,0,,0
1014574,0,1,0,0,0,0,0,,0,0,0,0,0,0,0,0,0,,0
1002760,0,1,0,0,0,0,0,,0,0,0,0,0,0,0,0,0,,0
1004863,4,1,1,1,1,0,0,4.0,0,0,1,1,1,1,5,0,0,,1
1006006,0,1,0,0,0,0,0,,0,0,0,0,0,0,0,0,0,,0
1009291,4,2,1,1,1,0,0,,0,0,0,1,0,0,5,0,0,,1
1010324,0,1,0,0,0,0,0,,0,0,0,0,0,0,0,0,0,,1
1007071,4,1,1,0,0,0,1,,0,0,0,1,0,0,1,1,1,,1
1006532,0,1,0,0,0,0,0,,0,0,0,0,0,0,0,0,0,,0
1017330,0,1,0,0,0,0,0,,0,0,0,0,0,0,0,0,0,,0
1012269,4,1,1,0,0,0,0,12.0,0,0,0,0,0,0,1,0,0,,1
1012037,0,1,0,0,0,0,0,,0,0,0,0,0,0,0,0,0,,0
1008184,0,1,0,0,0,0,0,,0,0,0,0,0,0,0,0,0,,0
1006751,0,1,0,0,0,0,0,,0,0,0,0,0,0,0,0,0,,0
1002478,4,1,1,0,0,0,1,,0,0,1,1,0,1,9,0,0,,1
1001090,0,1,0,0,0,0,0,,0,0,0,0,0,0,0,0,0,,0
1000164,4,1,1,0,0,0,0,2.0,0,0,0,0,0,0,0,1,1,,1
1011398,4,2,1,1,1,1,0,4.0,0,0,0,1,1,1,4,0,0,,1
1016638,4,2,1,0,0,0,0,,0,0,0,0,0,0,7,0,0,,1
1010540,0,1,0,0,0,0,0,,0,0,0,0,0,0,0,0,0,,1
1007516,0,1,0,0,0,0,0,,0,0,0,0,0,0,0,0,0,,0
1015823,4,2,1,0,0,0,0,,0,0,0,1,0,0,2,0,0,,1
1009336,4,2,1,0,0,0,1,,0,0,0,1,0,0,2,0,0,,1
1004090,4,2,1,0,1,1,1,,0,1,1,1,1,1,8,0,0,,1
1003354,4,1,1,0,0,0,0,,0,0,0,0,0,0,2,0,0,,1
1008750,0,1,0,0,0,0,0,,0,0,0,0,0,0,0,0,0,,0
1006026,0,1,0,0,0,0,0,,0,0,0,0,0,0,0,0,0,,0
1016704,0,0,0,0,0,0,0,,0,0,0,0,0,0,0,0,1,,1
1002257,4,1,1,0,0,0,0,2.0,0,0,0,0,0,0,2,0,0,,1
1003417,0,0,0,0,0,0,0,,0,0,0,0,0,0,0,1,1,,1
1005897,0,1,0,0,0,0,0,,0,0,0,0,0,0,0,0,0,,0
1001505,4,2,1,0,0,0,0,,0,0,1,1,0,0,3,0,0,,1
1013548,4,2,1,0,1,0,0,,0,1,0,1,0,1,3,0,0,,1
1016797,4,2,1,0,0,0,0,,0,0,0,0,0,0,0,0,0,,1
1000748,4,2,1,0,1,0,0,,0,1,1,1,1,1,6,0,0,,1
1010764,0,1,0,0,0,0,0,,0,0,0,0,0,0,0,0,0,,1
1004881,0,1,0,0,0,0,0,,0,0,0,0,0,0,0,0,0,,0
1010712,0,1,0,0,0,0,0,,0,0,0,0,0,0,0,0,0,,0
1013086,0,1,0,0,0,0,0,,0,0,0,0,0,0,0,0,0,,0
1011839,4,2,1,0,0,0,0,,0,1,0,1,0,0,2,0,0,,1
1004403,0,1,0,0,0,0,0,,0,0,0,0,0,0,0,0,0,,0
1016507,0,1,0,0,0,0,0,,0,0,0,0,0,0,0,0,0,,0
1007129,4,2,1,1,0,0,0,,0,0,0,0,0,0,0,0,0,,1
1012761,4,2,1,0,1,0,0,4.0,0,1,0,0,0,0,4,0,0,,1
1003806,0,1,0,0,0,0,0,,0,0,0,0,0,0,0,0,0,,0
1000599,0,1,0,0,0,0,0,,0,0,0,0,0,0,0,0,0,,0
1006613,4,2,1,1,0,0,0,,0,0,0,0,0,0,0,1,1,,1
1007280,0,1,0,0,0,0,0,,0,0,0,0,0,0,0,0,0,,1
1016489,0,1,0,0,0,0,0,,0,0,0,0,0,0,0,0,0,,0
1007782,4,1,1,1,0,0,0,,0,0,0,0,0,0,0,1,1,,1
1014465,0,1,0,0,0,0,0,,0,0,0,0,0,0,0,0,0,,1
1011528,0,1,0,0,0,0,0,,0,0,0,0,0,0,0,0,0,,0
1010124,0,1,0,0,0,0,0,,0,0,0,0,0,0,0,0,0,,0
1002190,4,1,1,1,0,0,0,2.0,0,0,0,0,0,0,0,1,1,,1
1015293,0,1,0,0,0,0,0,,0,0,0,0,0,0,0,0,0,,1
1005829,0,1,0,0,0,0,0,,0,0,0,0,0,0,0,0,0,,0
1007201,4,2,1,0,0,0,0,,0,0,0,1,0,0,2,0,0,,1
1002925,4,1,1,1,1,0,0,,0,0,0,1,1,0,3,0,0,,1
1013956,0,1,0,0,0,0,0,,0,0,0,0,0,0,0,0,0,,1
1009317,0,1,0,0,0,0,0,,0,0,0,0,0,0,0,0,0,,0
1012848,0,1,0,0,0,0,0,,0,0,0,0,0,0,0,0,0,,0
1008864,4,2,1,1,1,0,0,,0,1,1,1,1,1,6,0,0,,1
1011032,0,1,0,0,0,0,0,,0,0,0,0,0,0,0,0,0,,0
1003832,4,2,1,1,1,0,0,2.0,0,0,0,1,0,0,2,0,0,,1
1013428,4,1,1,1,0,0,0,3.0,0,0,0,1,0,0,1,0,0,,1
1000939,4,1,1,0,1,0,0,,0,0,0,1,0,0,2,0,0,,1
1007006,0,1,0,0,0,0,0,,0,0,0,0,0,0,0,0,0,,0
1003901,0,1,0,0,0,0,0,,0,0,0,0,0,0,0,0,0,,0
1001395,0,1,1,1,0,0,0,2.0,1,1,0,0,0,0,4,0,0,,1
1005105,0,1,0,0,0,0,0,,0,0,0,0,0,0,0,0,0,,0
1014658,0,1,0,0,0,0,0,,0,0,0,0,0,0,0,0,0,,0
1014538,0,1,0,0,0,0,0,,0,0,0,0,0,0,0,0,0,,0
1007910,0,1,0,0,0,0,0,,0,0,0,0,0,0,0,0,0,,0
1014623,4,2,1,0,0,0,1,,0,0,0,0,0,0,0,0,0,,1
1002089,4,2,1,1,1,0,0,,0,0,1,1,1,1,6,0,0,,1
1004832,4,0,1,0,0,0,0,,0,0,0,1,0,0,2,0,0,,1
1002232,0,1,0,0,0,0,0,,0,0,0,0,0,0,0,0,0,,0
1007160,4,2,1,0,0,0,0,,1,1,1,1,1,1,6,0,0,,1
1010085,0,1,0,0,0,0,0,,0,0,0,0,0,0,0,0,0,,0
1000427,0,1,0,0,0,0,0,,0,0,0,0,0,0,0,0,0,,0
1009872,0,1,0,0,0,0,0,,0,0,0,0,0,0,0,0,0,,0
1009377,4,1,1,1,0,0,0,1785.0,0,0,0,0,0,0,0,1,1,,1
1002382,0,1,0,0,0,0,0,,0,0,0,0,0,0,0,0,0,,1
1003860,0,1,0,0,0,0,0,,0,0,0,0,0,0,0,0,0,,0
1009944,4,1,1,0,1,0,0,1.0,0,0,0,0,0,0,0,1,1,,1
1002434,0,1,0,0,0,0,0,,0,0,0,0,0,0,0,0,0,,1
1000871,0,1,0,0,0,0,0,,0,0,0,0,0,0,0,0,0,,1
1004557,0,1,0,0,0,0,0,,0,0,0,0,0,0,0,0,0,,0
1003938,4,0,1,1,0,0,0,911.0,0,0,0,0,0,0,0,1,1,,1
1006214,0,1,0,0,0,0,0,,0,0,0,0,0,0,0,0,0,,1
1000351,0,1,0,0,0,0,0,,0,0,0,0,0,0,0,0,0,,0
1007479,0,1,0,0,0,0,0,,0,0,0,0,0,0,0,0,0,,0
1012864,0,1,0,0,0,0,0,,0,0,0,0,0,0,0,0,0,,0
1016925,0,1,0,0,0,0,0,,0,0,0,0,0,0,0,0,0,,0
1004920,0,1,0,0,0,0,0,,0,0,0,0,0,0,0,0,0,,0
1013864,0,1,0,0,0,0,0,,0,0,0,0,0,0,0,0,0,,0
1015022,0,1,0,0,0,0,0,,0,0,0,0,0,0,0,0,0,,0
1000958,4,2,1,0,0,0,1,,0,0,0,1,0,0,2,0,0,,1
1008120,0,1,0,0,0,0,0,,0,0,0,0,0,0,0,0,0,,0
1013048,0,1,0,0,0,0,0,,0,0,0,0,0,0,0,0,0,,0
1002623,4,1,1,1,0,0,0,,0,0,0,0,0,0,0,1,1,,1
1011649,0,1,0,0,0,0,0,,0,0,0,0,0,0,0,0,0,,0
1014241,0,1,0,0,0,0,0,,0,0,0,0,0,0,0,0,0,,0
1006533,0,1,0,0,0,0,0,,0,0,0,0,0,0,0,0,0,,0
1007237,0,1,0,0,0,0,0,,0,0,0,0,0,0,0,0,0,,0
1006628,0,1,0,0,0,0,0,,0,0,0,0,0,0,0,0,0,,0
1011512,0,1,0,0,0,0,0,,0,0,0,0,0,0,0,0,0,,0
1011675,4,1,1,0,0,0,0,723.0,0,0,0,0,0,0,0,1,1,,1
1015430,4,1,1,0,0,0,0,,0,1,1,1,1,0,4,0,0,,1
1005960,0,1,0,0,0,0,0,,0,0,0,0,0,0,0,0,0,,0
1006047,0,1,0,0,0,0,0,,0,0,0,0,0,0,0,0,0,,0
1010694,0,1,0,0,0,0,0,,0,0,0,0,0,0,0,0,0,,0
1016928,0,1,0,0,0,0,0,,0,0,0,0,0,0,0,0,0,,0
1013071,0,1,0,0,0,0,0,,0,0,0,0,0,0,0,0,0,,0
1012541,4,2,1,1,1,0,0,,0,0,0,0,0,0,7,0,0,,1
1001800,0,1,0,0,0,0,0,,0,0,0,0,0,0,0,0,0,,0
1004972,0,1,0,0,0,0,0,,0,0,0,0,0,0,0,0,0,,0
1005390,0,1,0,0,0,0,0,,0,0,0,0,0,0,0,0,0,,0
1016433,0,1,0,0,0,0,0,,0,0,0,0,0,0,0,0,0,,0
1000241,0,1,0,0,0,0,0,,0,0,0,0,0,0,0,0,0,,0
1005448,0,1,0,0,0,0,0,,0,0,0,0,0,0,0,0,0,,0
1016924,0,1,0,0,0,0,0,,0,0,0,0,0,0,0,0,0,,0
1005092,0,1,0,0,0,0,0,,0,0,0,0,0,0,0,0,0,,0
1011416,4,2,1,1,1,0,0,,0,0,0,1,0,0,2,0,0,,1
1010443,4,2,1,0,1,1,0,,0,0,1,1,1,1,6,0,0,,1
1004608,0,1,0,0,0,0,0,,0,0,0,0,0,0,0,0,0,,0
1006132,4,0,1,0,0,0,0,,0,0,0,0,0,0,1,0,0,,1
1016775,4,0,1,1,0,0,0,9.0,0,0,0,0,0,0,0,1,1,,1
1004771,0,1,0,0,0,0,0,,0,0,0,0,0,0,0,0,0,,0
1011689,4,2,1,1,1,0,0,,0,0,1,1,1,1,6,0,0,,1
1005743,4,2,1,0,1,0,0,,0,0,0,1,0,0,2,0,0,,1
1002725,0,1,0,0,0,0,0,,0,0,0,0,0,0,0,0,0,,0
1007583,4,2,1,1,1,0,0,,0,1,0,0,0,0,4,0,0,,1
1009645,0,1,0,0,0,0,0,,0,0,0,0,0,0,0,0,0,,1
1001301,0,1,0,0,0,0,0,,0,0,0,0,0,0,0,0,0,,0
1007535,0,1,0,0,0,0,0,,0,0,0,0,0,0,0,0,0,,1
1001801,0,1,0,0,0,0,0,,0,0,0,0,0,0,0,0,0,,1
1005144,0,1,0,0,0,0,0,,0,0,0,0,0,0,0,0,0,,0
1006439,0,0,1,1,1,1,0,,0,0,0,0,0,0,0,0,0,,1
1000909,0,1,0,0,0,0,0,,0,0,0,0,0,0,0,0,0,,0
1008794,0,1,0,0,0,0,0,,0,0,0,0,0,0,0,0,0,,0
1011119,3,2,1,1,0,0,0,12.0,0,0,0,1,0,0,3,0,0,,1
1000067,0,1,0,0,0,0,0,,0,0,0,0,0,0,0,0,0,,0
1008573,4,2,1,1,0,0,0,,0,0,0,0,0,0,0,0,0,,1
1003296,4,2,1,1,0,0,0,,0,0,1,1,1,1,6,0,0,,1
1000537,4,1,1,1,0,0,0,,0,0,0,0,0,0,0,1,1,,1
1015840,0,1,0,0,0,0,0,,0,0,0,0,0,0,0,0,0,,0
1009597,4,1,1,0,1,0,0,,0,0,0,0,0,0,0,1,1,,1
1013186,0,1,0,0,0,0,0,,0,0,0,0,0,0,0,0,0,,0
1001210,0,1,0,0,0,0,0,,0,0,0,0,0,0,0,0,0,,0
1011658,0,1,0,0,0,0,0,,0,0,0,0,0,0,0,0,0,,1
1011029,0,1,0,0,0,0,0,,0,0,0,0,0,0,0,0,0,,0
1005538,4,0,1,0,0,0,1,,0,0,0,0,0,0,0,1,1,,1
1008305,0,1,0,0,0,0,0,,0,0,0,0,0,0,0,0,0,,1
1012651,4,2,1,1,0,0,0,2.0,0,1,0,1,0,0,3,0,0,,1
1010523,0,1,0,0,0,0,0,,0,0,0,0,0,0,0,0,0,,0
1000954,4,2,1,1,0,0,0,12.0,0,0,1,1,0,0,3,0,0,,1
1007218,4,2,1,1,0,1,1,,0,0,1,1,1,1,6,0,0,,1
1004411,4,0,1,0,0,0,0,,0,0,0,0,0,0,0,1,1,,1
1011780,0,1,0,0,0,0,0,,0,0,0,0,0,0,0,0,0,,0
1017320,0,1,0,0,0,0,0,,0,0,0,0,0,0,0,0,0,,1
1011181,0,1,0,0,0,0,0,,0,0,0,0,0,0,0,0,0,,0
1002732,0,1,0,0,0,0,0,,0,0,0,0,0,0,0,0,0,,0
1003748,4,2,1,1,1,1,1,,0,0,0,0,0,0,2,0,0,,1
1005428,0,1,0,0,0,0,0,,0,0,0,0,0,0,0,0,0,,0
1004287,0,1,0,0,0,0,0,,0,0,0,0,0,0,0,0,0,,0
1008721,4,2,1,1,1,0,0,,0,0,1,1,1,1,6,0,0,,1
1004902,0,1,0,0,0,0,0,,0,0,0,0,0,0,0,0,0,,0
1000205,4,2,1,0,0,0,1,,0,0,0,1,0,0,3,0,0,,1
1016511,0,1,0,0,0,0,0,,0,0,0,0,0,0,0,0,0,,0
1013861,0,1,0,0,0,0,0,,0,0,0,0,0,0,0,0,0,,0
1015241,0,1,0,0,0,0,0,,0,0,0,0,0,0,0,0,0,,0
1011003,0,1,0,0,0,0,0,,0,0,0,0,0,0,0,0,0,,1
1012083,0,1,0,0,0,0,0,,0,0,0,0,0,0,0,0,0,,0
1012416,0,1,0,0,0,0,0,,0,0,0,0,0,0,0,0,0,,0
1002609,0,1,0,0,0,0,0,,0,0,0,0,0,0,0,0,0,,0
1009191,0,1,0,0,0,0,0,,0,0,0,0,0,0,0,0,0,,0
1013913,0,1,0,0,0,0,0,,0,0,0,0,0,0,0,0,0,,0
1000452,4,2,1,1,1,0,0,,0,1,0,0,0,0,0,0,0,3.0,1
1016873,4,1,1,1,0,0,0,,0,0,0,0,0,0,0,1,1,,1
1005177,0,1,0,0,0,0,0,,0,0,0,0,0,0,0,0,0,,0
1008879,0,1,0,0,0,0,0,,0,0,0,0,0,0,0,0,0,,0
1001111,0,1,0,0,0,0,0,,0,0,0,0,0,0,0,0,0,,0
1011604,4,2,1,0,0,0,0,,0,0,0,1,0,0,2,0,0,,1
1005271,0,1,0,0,0,0,0,,0,0,0,0,0,0,0,0,0,,0
1017205,4,2,1,1,0,0,0,,0,0,1,0,0,0,5,0,0,,1
1002860,4,2,1,1,0,0,0,2.0,0,0,0,1,0,0,2,0,0,,1
1007097,0,0,0,0,0,0,0,,0,0,0,0,0,0,0,0,0,,1
1002404,0,1,0,0,0,0,0,,0,0,0,0,0,0,0,0,0,,0
1017160,0,1,0,0,0,0,0,,0,0,0,0,0,0,0,0,0,,0
1009686,0,1,0,0,0,0,0,,0,0,0,0,0,0,0,0,0,,0
1005783,0,1,0,0,0,0,0,,0,0,0,0,0,0,0,0,0,,1
1006080,4,2,1,1,0,0,0,,0,0,1,1,1,1,6,0,0,,1
1015906,4,0,1,1,0,0,0,,0,0,0,0,0,0,0,0,1,,1
1011243,0,1,0,0,0,0,0,,0,0,0,0,0,0,0,0,0,,1
1004347,0,1,0,0,0,0,0,,0,0,0,0,0,0,0,0,0,,0
1005964,0,1,0,0,0,0,0,,0,0,0,0,0,0,0,0,0,,1
1013859,0,1,0,0,0,0,0,,0,0,0,0,0,0,0,0,0,,1
1009547,0,1,0,0,0,0,0,,0,0,0,0,0,0,0,0,0,,0
1016551,0,1,0,0,0,0,0,,0,0,0,0,0,0,0,0,0,,0
1013755,0,1,0,0,0,0,0,,0,0,0,0,0,0,0,0,0,,1
1000877,4,0,1,0,0,0,1,,0,0,0,1,0,0,2,0,0,,1
1007179,0,1,0,0,0,0,0,,0,0,0,0,0,0,0,0,0,,1
1001300,0,1,0,0,0,0,0,,0,0,0,0,0,0,0,0,0,,1
1001587,0,1,0,0,0,0,0,,0,0,0,0,0,0,0,0,0,,0
1000464,0,1,0,0,0,0,0,,0,0,0,0,0,0,0,0,0,,0
1003249,0,1,0,0,0,0,0,,0,0,0,0,0,0,0,0,0,,0
1011894,0,1,0,0,0,0,0,,0,0,0,0,0,0,0,0,0,,0
1008558,4,1,1,0,0,0,0,1.0,0,0,0,0,0,0,0,0,0,,1
1005831,4,2,1,1,1,0,0,,0,0,1,1,1,1,6,0,0,,1
1013876,4,2,1,1,1,1,1,5.0,0,0,1,1,1,1,5,0,0,,1
1002581,0,1,0,0,0,0,0,,0,0,0,0,0,0,0,0,0,,1
1011129,0,0,0,0,0,0,0,,0,0,0,0,0,0,0,0,0,,1
1008609,0,1,0,0,0,0,0,,0,0,0,0,0,0,0,0,0,,0
1008697,4,2,1,0,1,0,0,,0,0,1,1,1,1,6,0,0,,1
1005275,0,1,0,0,0,0,0,,0,0,0,0,0,0,0,0,0,,0
1014863,0,1,0,0,0,0,0,,0,0,0,0,0,0,0,0,0,,1
1010261,0,1,0,0,0,0,0,,0,0,0,0,0,0,0,0,0,,0
1014156,0,1,0,0,0,0,0,,0,0,0,0,0,0,0,0,0,,0
1005615,4,2,1,1,0,0,0,10.0,0,0,0,0,0,0,0,0,0,,1
1015426,0,0,0,0,0,0,0,,0,0,0,0,0,0,0,0,0,,1
1001532,0,1,0,0,0,0,0,,0,0,0,0,0,0,0,0,0,,0
1005939,0,1,0,0,0,0,0,,0,0,0,0,0,0,0,0,0,,0
1005541,0,1,0,0,0,0,0,,0,0,0,0,0,0,0,0,0,,0
1008957,0,1,0,0,0,0,0,,0,0,0,0,0,0,0,0,0,,0
1013031,0,1,0,0,0,0,0,,0,0,0,0,0,0,0,0,0,,0
1008046,4,2,1,1,1,1,0,,0,0,0,0,0,0,0,0,0,,1
1010978,4,2,1,1,1,0,1,,0,1,0,0,0,0,5,0,0,,1
1009634,0,1,0,0,0,0,0,,0,0,0,0,0,0,0,0,0,,0
1010427,0,1,0,0,0,0,0,,0,0,0,0,0,0,0,0,0,,0
1003412,0,1,0,0,0,0,0,,0,0,0,0,0,0,0,0,0,,0
1008903,0,1,0,0,0,0,0,,0,0,0,0,0,0,0,0,0,,0
1000184,0,1,0,0,0,0,0,,0,0,0,0,0,0,0,0,0,,0
1002364,4,0,1,1,0,0,0,1.0,0,0,0,0,0,0,0,0,0,,1
1003604,0,1,0,0,0,0,0,,0,0,0,0,0,0,0,0,0,,1
1016762,0,1,0,0,0,0,0,,0,0,0,0,0,0,0,0,0,,0
1005139,0,1,0,0,0,0,0,,0,0,0,0,0,0,0,0,0,,0
1008888,0,1,0,0,0,0,0,,0,0,0,0,0,0,0,0,0,,0
1005339,4,0,1,0,0,0,0,,0,0,0,0,0,0,1,0,0,,1
1002139,4,0,1,1,0,0,0,,0,0,0,0,0,0,0,0,0,,1
1014733,0,1,0,0,0,0,0,,0,0,0,0,0,0,0,0,0,,0
1004849,0,1,0,0,0,0,0,,0,0,0,0,0,0,0,0,0,,0
1014759,0,1,0,0,0,0,0,,0,0,0,0,0,0,0,0,0,,0
1004687,4,2,1,1,1,0,0,,0,0,1,1,1,1,6,0,0,,1
1002895,0,1,0,0,0,0,0,,0,0,0,0,0,0,0,0,0,,0
1010828,4,1,1,1,0,0,0,2.0,0,0,1,1,1,1,6,0,0,,1
1000947,0,1,0,0,0,0,0,,0,0,0,0,0,0,0,0,0,,0
1015559,0,1,0,0,0,0,0,,0,0,0,0,0,0,0,0,0,,1
1008817,0,1,0,0,0,0,0,,0,0,0,0,0,0,0,0,0,,0
1010634,4,1,1,0,1,0,0,,0,0,0,1,0,1,3,0,0,,1
1006767,0,1,0,0,0,0,0,,0,0,0,0,0,0,0,0,0,,1
1013460,0,0,0,0,0,0,0,,0,0,0,0,0,0,0,0,0,,1
1009852,0,0,0,0,0,0,0,,0,0,0,0,0,0,0,0,0,,1
1008073,0,1,0,0,0,0,0,,0,0,0,0,0,0,0,0,0,,0
1015642,0,1,0,0,0,0,0,,0,0,0,0,0,0,0,0,0,,0
1016546,0,1,0,0,0,0,0,,0,0,0,0,0,0,0,0,0,,0
1011900,0,1,0,0,0,0,0,,0,0,0,0,0,0,0,0,0,,0
1006426,4,1,1,1,1,0,1,1.0,0,0,1,1,1,1,5,0,0,,1
1010758,0,1,0,0,0,0,0,,0,0,0,0,0,0,0,0,0,,0
1010004,0,1,0,0,0,0,0,,0,0,0,0,0,0,0,0,0,,0
1010728,0,1,1,1,0,0,0,,0,0,1,1,0,0,3,0,0,,1
1001026,0,1,0,0,0,0,0,,0,0,0,0,0,0,0,0,0,,0
1001758,0,1,0,0,0,0,0,,0,0,0,0,0,0,0,0,0,,0
1005061,0,1,0,0,0,0,0,,0,0,0,0,0,0,0,0,0,,1
1010131,0,1,0,0,0,0,0,,0,0,0,0,0,0,0,0,0,,0
1006155,4,2,1,1,1,0,0,,0,0,1,1,1,1,6,0,0,,1
1012179,0,1,0,0,0,0,0,,0,0,0,0,0,0,0,0,0,,0
1006058,0,1,0,0,0,0,0,,0,0,0,0,0,0,0,0,0,,0
1002748,0,1,0,0,0,0,0,,0,0,0,0,0,0,0,0,0,,0
1013914,0,1,0,0,0,0,0,,0,0,0,0,0,0,0,0,0,,0
1015094,4,2,1,1,0,0,0,20.0,0,0,0,1,0,0,3,0,0,,1
1012688,0,1,0,0,0,0,0,,0,0,0,0,0,0,0,0,0,,0
1005845,0,1,0,0,0,0,0,,0,0,0,0,0,0,0,0,0,,1
1012077,0,1,0,0,0,0,0,,0,0,0,0,0,0,0,0,0,,0
1004994,4,1,1,0,1,0,0,509.0,0,0,0,0,0,0,0,1,1,,1
1006312,4,0,1,0,1,0,0,,0,0,0,0,0,0,0,1,1,,1
1003502,4,2,1,1,1,0,0,,0,0,0,0,0,0,0,0,0,,1
1011757,4,2,1,1,0,0,0,31.0,0,1,0,0,0,0,0,0,0,,1
1009518,0,1,0,0,0,0,0,,0,0,0,0,0,0,0,0,0,,1
1008767,0,1,0,0,0,0,0,,0,0,0,0,0,0,0,0,0,,0
1004016,0,1,0,0,0,0,0,,0,0,0,0,0,0,0,0,0,,0
1015434,4,2,1,0,0,1,0,,0,0,1,1,0,0,3,0,0,,1
1003512,0,1,0,0,0,0,0,,0,0,0,0,0,0,0,0,0,,0
1001365,0,1,0,0,0,0,0,,0,0,0,0,0,0,0,0,0,,0
1007338,4,2,1,0,0,0,0,,0,0,0,1,0,0,4,0,0,,1
1009618,4,0,1,0,0,0,0,,0,0,0,1,0,0,2,0,0,,1
1009617,0,1,0,0,0,0,0,,0,0,0,0,0,0,0,0,0,,0
1002713,0,1,0,0,0,0,0,,0,0,0,0,0,0,0,0,0,,0
1003528,4,0,1,0,0,0,0,,0,0,0,0,0,0,0,0,0,,1
1011509,0,1,0,0,0,0,0,,0,0,0,0,0,0,0,0,0,,0
1003389,0,1,0,0,0,0,0,,0,0,0,0,0,0,0,0,0,,0
1005639,0,1,0,0,0,0,0,,0,0,0,0,0,0,0,0,0,,0
1000614,0,1,0,0,0,0,0,,0,0,0,0,0,0,0,0,0,,1
1015726,0,1,0,0,0,0,0,,0,0,0,0,0,0,0,0,0,,0
1004774,4,1,1,0,1,0,0,,0,0,0,0,0,0,5,0,0,,1
1009839,4,1,1,0,1,0,0,,0,0,0,0,0,0,0,1,1,,1
1006526,0,1,0,0,0,0,0,,0,0,0,0,0,0,0,0,0,,0
1000367,4,1,1,0,0,0,0,,0,0,1,1,0,1,4,0,0,,1
1015843,4,0,1,1,1,1,1,,0,0,0,0,0,0,0,1,1,,1
1000167,4,2,1,0,0,1,1,14.0,0,0,0,1,0,0,4,0,0,,1
1013089,0,1,0,0,0,0,0,,0,0,0,0,0,0,0,0,0,,0
1003184,4,2,1,1,1,1,0,,0,0,0,0,0,0,0,0,0,,1
1011684,0,1,0,0,0,0,0,,0,0,0,0,0,0,0,0,0,,1
1005610,0,1,0,0,0,0,0,,0,0,0,0,0,0,0,0,0,,0
1005287,0,1,0,0,0,0,0,,0,0,0,0,0,0,0,0,0,,0
1001345,0,1,0,0,0,0,0,,0,0,0,0,0,0,0,0,0,,0
1006565,0,1,0,0,0,0,0,,0,0,0,0,0,0,0,0,0,,0
1011253,0,1,0,0,0,0,0,,0,0,0,0,0,0,0,0,0,,0
1016161,0,1,0,0,0,0,0,,0,0,0,0,0,0,0,0,0,,0
1016063,0,1,0,0,0,0,0,,0,0,0,0,0,0,0,0,0,,0
1014341,0,1,0,0,0,0,0,,0,0,0,0,0,0,0,0,0,,0
1013673,0,1,0,0,0,0,0,,0,0,0,0,0,0,0,0,0,,0
1015242,4,1,1,0,0,0,0,,0,0,0,1,0,0,2,1,1,,1
1007234,0,0,0,0,0,0,0,,0,0,0,0,0,0,0,0,0,,1
1007055,0,1,0,0,0,0,0,,0,0,0,0,0,0,0,0,0,,0
1010105,4,0,1,1,0,0,0,,0,0,0,0,0,0,0,1,1,,1
1006194,4,2,1,1,0,0,0,,0,0,0,0,0,0,0,0,0,,1
1004964,0,1,0,0,0,0,0,,0,0,0,0,0,0,0,0,0,,0
1000568,0,1,0,0,0,0,0,,0,0,0,0,0,0,0,0,0,,0
1005724,4,2,1,1,1,0,0,,0,0,0,1,1,0,3,0,0,,1
1014426,0,1,0,0,0,0,0,,0,0,0,0,0,0,0,0,0,,0
1008663,0,1,0,0,0,0,0,,0,0,0,0,0,0,0,0,0,,0
1014978,0,0,0,0,0,0,0,4.0,0,0,0,0,0,0,0,0,0,,1
1014235,0,1,0,0,0,0,0,,0,0,0,0,0,0,0,0,0,,0
1011108,0,1,0,0,0,0,0,,0,0,0,0,0,0,0,0,0,,0
1013960,4,2,1,1,1,1,0,2.0,0,0,0,1,0,0,4,0,0,,1
1008375,0,1,0,0,0,0,0,,0,0,0,0,0,0,0,0,0,,0
1001994,4,1,1,0,0,0,1,,0,0,0,1,0,0,2,1,1,,1
1002827,0,1,0,0,0,0,0,,0,0,0,0,0,0,0,0,0,,0
1008177,0,1,0,0,0,0,0,,0,0,0,0,0,0,0,0,0,,1
1003151,4,2,1,1,0,0,0,,0,0,1,1,1,1,6,0,0,,1
1005646,0,0,1,1,0,0,0,,0,0,0,0,0,0,0,1,1,,1
1013759,4,2,1,1,1,1,1,,0,0,1,1,1,1,6,0,0,,1
1007082,0,1,0,0,0,0,0,,0,0,0,0,0,0,0,0,0,,0
1014758,4,0,1,0,0,0,0,,0,0,0,0,0,0,0,1,1,,1
1002787,0,1,0,0,0,0,0,,0,0,0,0,0,0,0,0,0,,1
1006926,4,1,1,1,0,0,0,835.0,0,0,0,0,0,0,0,1,1,,1
1016391,0,1,0,0,0,0,0,,0,0,0,0,0,0,0,0,0,,0
1008941,0,1,0,0,0,0,0,,0,0,0,0,0,0,0,0,0,,0
1015517,4,2,1,0,0,0,0,,0,0,1,1,0,0,2,0,0,,1
1003140,0,0,0,0,0,0,0,,0,0,0,0,0,0,0,0,0,,1
1004504,0,1,0,0,0,0,0,,0,0,0,0,0,0,0,0,0,,0
1016946,0,1,0,0,0,0,0,,0,0,0,0,0,0,0,0,0,,0
1001124,0,1,0,0,0,0,0,,0,0,0,0,0,0,0,0,0,,1
1013716,4,2,1,1,1,1,0,,0,0,0,0,0,0,0,0,0,,1
1013297,4,2,1,0,0,0,0,,0,0,0,0,0,0,0,0,0,,1
1016251,4,2,1,1,1,1,1,12.0,0,0,1,1,1,1,6,0,0,,1
1009426,4,0,1,0,0,0,1,,0,0,0,1,0,0,2,0,0,,1
1017185,4,2,1,1,1,1,0,,0,0,0,0,0,0,0,0,0,,1
1002878,4,2,1,0,0,0,0,,0,0,0,1,0,0,11,0,0,,1
1005837,0,1,0,0,0,0,0,,0,0,0,0,0,0,0,0,0,,1
1001016,0,1,0,0,0,0,0,,0,0,0,0,0,0,0,0,0,,0
1010782,0,1,0,0,0,0,0,,0,0,0,0,0,0,0,0,0,,0
1010175,0,1,0,0,0,0,0,,0,0,0,0,0,0,0,0,0,,1
1010722,4,2,1,0,0,0,0,,0,0,0,1,0,0,2,0,0,,1
1013394,0,1,0,0,0,0,0,,0,0,0,0,0,0,0,0,0,,1
1005225,0,1,0,0,0,0,0,,0,0,0,0,0,0,0,0,0,,0
1012487,0,1,0,0,0,0,0,,0,0,0,0,0,0,0,0,0,,0
1015585,0,0,0,0,0,0,0,,0,0,0,0,0,0,0,0,0,,1
1015475,0,1,0,0,0,0,0,,0,0,0,0,0,0,0,0,0,,1
1006637,4,2,1,1,1,0,0,,0,0,1,1,1,1,5,0,0,,1
1009663,4,1,1,1,0,0,0,10.0,0,0,1,1,0,0,3,0,0,,1
1015380,4,2,1,1,0,0,0,2.0,0,0,1,1,1,1,6,0,0,,1
1001588,0,1,0,0,0,0,0,,0,0,0,0,0,0,0,0,0,,1
1007091,0,0,0,0,0,0,0,,0,0,0,0,0,0,0,0,0,,1
1004625,4,2,1,1,1,1,1,,0,1,1,1,1,1,6,0,0,,1
1015237,0,1,0,0,0,0,0,,0,0,0,0,0,0,0,0,0,,0
1013806,4,2,1,1,0,0,0,,0,0,1,1,0,0,3,0,0,,1
1016610,0,1,0,0,0,0,0,,0,0,0,0,0,0,0,0,0,,0
1008369,4,2,1,1,1,1,0,1.0,0,0,0,0,0,0,0,0,0,,1
1017575,0,1,0,0,0,0,0,,0,0,0,0,0,0,0,0,0,,0
1003248,4,2,1,1,0,0,0,,0,0,0,0,0,0,0,0,0,,1
1000710,0,1,0,0,0,0,0,,0,0,0,0,0,0,0,0,0,,0
1010377,4,2,1,1,1,0,0,2.0,0,0,0,1,0,0,2,0,0,,1
1007186,4,2,1,1,1,0,0,,0,0,1,1,1,1,6,0,0,,1
1003485,0,1,0,0,0,0,0,,0,0,0,0,0,0,0,0,0,,0
1005132,4,1,1,1,0,0,0,,0,0,0,0,0,0,0,1,1,,1
1007436,0,1,0,0,0,0,0,,0,0,0,0,0,0,0,0,0,,0
1002819,4,2,1,0,0,0,0,,0,0,0,0,0,0,0,0,0,,1
1015388,0,1,0,0,0,0,0,,0,0,0,0,0,0,0,0,0,,0
1004874,0,0,0,0,0,0,0,,0,0,0,0,0,0,0,0,0,,1
1007870,0,1,0,0,0,0,0,,0,0,0,0,0,0,0,0,0,,0
1000993,0,1,0,0,0,0,0,,0,0,0,0,0,0,0,0,0,,0
1009402,4,2,1,0,0,0,0,,0,0,0,0,0,0,0,0,0,,1
1002373,1,0,0,0,0,0,0,,0,0,0,0,0,0,0,0,1,,1
1007907,0,1,0,0,0,0,0,,0,0,0,0,0,0,0,0,0,,1
1012536,0,1,0,0,0,0,0,,0,0,0,0,0,0,0,0,0,,0
1005426,4,2,1,1,1,1,0,,0,0,0,1,0,1,4,0,0,,1
1016349,0,1,0,0,0,0,0,,0,0,0,0,0,0,0,0,0,,0
1002910,4,1,1,1,0,0,0,,0,0,0,0,0,0,0,1,1,,1
1001426,0,1,0,0,0,0,0,,0,0,0,0,0,0,0,0,0,,0
1004562,4,2,1,0,0,1,0,,0,0,1,1,0,0,3,0,0,,1
1013995,0,1,0,0,0,0,0,,0,0,0,0,0,0,0,0,0,,0
1016428,0,1,0,0,0,0,0,,0,0,0,0,0,0,0,0,0,,0
1003242,4,2,1,1,1,0,1,,0,0,0,0,0,0,8,0,0,,1
1009533,4,2,1,1,0,0,0,,0,0,0,0,0,0,6,0,0,,1
1002793,4,1,1,0,0,0,0,,0,0,0,0,0,0,0,0,0,,1
1003289,0,1,0,0,0,0,0,,0,0,0,0,0,0,0,0,0,,0
1005310,4,2,1,1,1,0,0,,0,0,1,1,1,1,6,0,0,,1
1001444,0,1,0,0,0,0,0,,0,0,0,0,0,0,0,0,0,,0
1006807,0,1,0,0,0,0,0,,0,0,0,0,0,0,0,0,0,,1
1003334,4,2,1,1,1,0,0,,0,1,1,1,1,1,6,0,0,,1
1006286,4,2,1,1,1,0,0,,0,0,1,1,1,1,6,0,0,,1
1015355,4,2,1,1,1,0,1,19.0,0,0,0,1,0,1,3,0,0,,1
1011168,4,2,1,0,1,0,0,,0,0,1,1,0,0,3,0,0,,1
1010638,0,1,0,0,0,0,0,,0,0,0,0,0,0,0,0,0,,1
1016395,0,1,0,0,0,0,0,,0,0,0,0,0,0,0,0,0,,0
1009301,0,1,0,0,0,0,0,,0,0,0,0,0,0,0,0,0,,0
1014314,0,1,0,0,0,0,0,,0,0,0,0,0,0,0,0,0,,0
1004617,0,1,0,0,0,0,0,,0,0,0,0,0,0,0,0,0,,0
1007797,4,0,1,0,0,0,0,,0,0,0,0,0,0,0,1,1,,1
1004265,0,1,0,0,0,0,0,,0,0,0,0,0,0,0,0,0,,0
1007357,0,1,0,0,0,0,0,,0,0,0,0,0,0,0,0,0,,1
1001706,0,1,0,0,0,0,0,,0,0,0,0,0,0,0,0,0,,0
1000921,0,1,0,0,0,0,0,,0,0,0,0,0,0,0,0,0,,0
1003673,0,1,0,0,0,0,0,,0,0,0,0,0,0,0,0,0,,0
1009310,0,1,0,0,0,0,0,,0,0,0,0,0,0,0,0,0,,0
1001677,0,1,0,0,0,0,0,,0,0,0,0,0,0,0,0,0,,0
1013728,0,1,0,0,0,0,0,,0,0,0,0,0,0,0,0,0,,0
1009636,4,2,1,1,1,1,0,,0,1,1,1,1,1,6,0,0,,1
1004222,0,1,0,0,0,0,0,,0,0,0,0,0,0,0,0,0,,0
1003923,0,1,0,0,0,0,0,,0,0,0,0,0,0,0,0,0,,0
1013888,0,1,0,0,0,0,0,,0,0,0,0,0,0,0,0,0,,0
1007519,0,1,0,0,0,0,0,,0,0,0,0,0,0,0,0,0,,0
1010041,0,1,0,0,0,0,0,,0,0,0,0,0,0,0,0,0,,1
1011313,0,1,0,0,0,0,0,,0,0,0,0,0,0,0,0,0,,0
1011722,4,1,1,1,0,0,0,30.0,1,0,1,1,1,1,6,0,0,,1
1006276,0,1,0,0,0,0,0,,0,0,0,0,0,0,0,0,0,,0
1014679,0,1,0,0,0,0,0,,0,0,0,0,0,0,0,0,0,,1
1012931,0,0,0,0,0,0,0,,0,0,0,0,0,0,0,0,1,,1
1017148,0,1,0,0,0,0,0,,0,0,0,0,0,0,0,0,0,,0
1010083,4,1,1,0,0,0,0,2.0,0,0,0,1,0,1,3,0,0,,1
1014138,4,2,1,1,0,0,0,,0,0,1,1,1,1,6,0,0,,1
1016248,4,2,1,1,1,0,0,1.0,0,0,1,1,1,1,6,0,0,,1
1009991,0,1,0,0,0,0,0,,0,0,0,0,0,0,0,0,0,,0
1013973,0,2,1,1,0,0,0,,0,0,1,1,1,1,6,0,0,,1
1002033,4,1,1,0,0,0,0,,0,0,0,0,0,0,1,0,0,,1
1003486,0,1,0,0,0,0,0,,0,0,0,0,0,0,0,0,0,,0
1000201,0,1,0,0,0,0,0,,0,0,0,0,0,0,0,0,0,,0
1005616,0,1,0,0,0,0,0,,0,0,0,0,0,0,0,0,0,,0
1005068,4,2,1,1,1,0,0,2.0,0,0,1,1,0,0,3,0,0,,1
1012765,0,1,0,0,0,0,0,,0,0,0,0,0,0,0,0,0,,0
1008269,0,0,0,0,0,0,0,,0,0,0,0,0,0,0,0,0,,1
1004195,0,1,0,0,0,0,0,,0,0,0,0,0,0,0,0,0,,1
1002879,4,1,1,0,1,0,0,,0,0,0,0,0,0,5,0,0,,1
1000756,0,1,0,0,0,0,0,,0,0,0,0,0,0,0,0,0,,0
1017583,4,2,1,1,1,1,0,26.0,0,1,0,0,0,0,1,0,0,,1
1000105,0,1,0,0,0,0,0,,0,0,0,0,0,0,0,0,0,,0
1007509,0,1,0,0,0,0,0,,0,0,0,0,0,0,0,0,0,,0
1000287,0,0,0,0,0,0,0,,0,0,0,0,0,0,0,0,1,,1
1015634,4,2,1,1,1,1,0,2.0,0,0,1,1,1,1,6,0,0,,1
1001197,0,1,0,0,0,0,0,,0,0,0,0,0,0,0,0,0,,1
1010221,0,1,0,0,0,0,0,,0,0,0,0,0,0,0,0,0,,0
1000918,0,1,0,0,0,0,0,,0,0,0,0,0,0,0,0,0,,0
1012100,4,2,1,0,0,0,0,,0,1,1,1,1,1,6,0,0,,1
1005159,0,1,0,0,0,0,0,,0,0,0,0,0,0,0,0,0,,0
1001413,0,1,0,0,0,0,0,,0,0,0,0,0,0,0,0,0,,0
1016273,0,1,0,0,0,0,0,,0,0,0,0,0,0,0,0,0,,0
1001740,3,1,1,0,1,0,0,,0,0,0,1,0,0,1,1,1,,1
1003224,4,2,1,1,1,1,0,4.0,0,0,0,0,0,0,0,0,0,,1
1007231,0,1,0,0,0,0,0,,0,0,0,0,0,0,0,0,0,,0
1006541,0,1,0,0,0,0,0,,0,0,0,0,0,0,0,0,0,,0
1008923,0,1,0,0,0,0,0,,0,0,0,0,0,0,0,0,0,,0
1009049,4,2,1,1,1,0,0,,0,0,0,0,0,0,0,0,0,,1
1016316,0,1,0,0,0,0,0,,0,0,0,0,0,0,0,0,0,,0
1011310,4,2,1,1,0,0,0,,0,0,0,1,0,0,2,0,0,,1
1008080,0,1,0,0,0,0,0,,0,0,0,0,0,0,0,0,0,,0
1008004,0,1,0,0,0,0,0,,0,0,0,0,0,0,0,0,0,,0
1012679,0,1,0,0,0,0,0,,0,0,0,0,0,0,0,0,0,,0
1009606,0,1,0,0,0,0,0,,0,0,0,0,0,0,0,0,0,,0
1012429,0,1,0,0,0,0,0,,0,0,0,0,0,0,0,0,0,,1
1013191,4,2,1,1,0,0,0,,0,0,0,0,0,0,2,0,0,,1
1000196,0,1,0,0,0,0,0,,0,0,0,0,0,0,0,0,0,,0
1010944,0,1,0,0,0,0,0,,0,0,0,0,0,0,0,0,0,,0
1014161,0,1,0,0,0,0,0,,0,0,0,0,0,0,0,0,0,,0
1002010,0,1,0,0,0,0,0,,0,0,0,0,0,0,0,0,0,,1
1000873,4,2,1,0,1,0,0,2.0,0,0,1,1,1,1,5,0,0,,1
1001620,0,1,0,0,0,0,0,,0,0,0,0,0,0,0,0,0,,1
1003682,4,2,1,1,0,0,0,,0,1,0,1,0,0,3,0,0,,1
1015470,4,2,1,1,1,0,0,3.0,0,0,0,0,0,0,0,0,0,,1
1007196,4,2,1,0,0,0,0,,0,0,0,1,0,0,2,0,0,,1
1007769,4,2,1,1,1,0,0,,0,0,1,1,1,1,6,0,0,,1
1014684,4,0,1,0,0,0,0,10.0,0,0,0,0,0,0,0,0,0,,1
1006115,0,1,0,0,0,0,0,,0,0,0,0,0,0,0,0,0,,1
1011174,0,1,0,0,0,0,0,,0,0,0,0,0,0,0,0,0,,0
1015995,0,1,0,0,0,0,0,,0,0,0,0,0,0,0,0,0,,0
1001144,0,1,0,0,0,0,0,,0,0,0,0,0,0,0,0,0,,0
1013423,4,2,1,1,0,0,0,,0,0,1,1,1,1,6,0,0,,1
1010992,0,1,0,0,0,0,0,,0,0,0,0,0,0,0,0,0,,1
1008402,0,1,0,0,0,0,0,,0,0,0,0,0,0,0,0,0,,0
1010580,4,2,1,0,1,0,0,,0,0,0,1,0,0,2,0,0,,1
1003094,0,1,0,0,0,0,0,,0,0,0,0,0,0,0,0,0,,0
1004506,0,1,0,0,0,0,0,,0,0,0,0,0,0,0,0,0,,0
1005473,4,1,1,1,0,0,0,1.0,0,0,1,1,1,1,6,0,0,,1
1005946,0,1,0,0,0,0,0,,0,0,0,0,0,0,0,0,0,,1
1007781,4,0,1,0,1,0,0,,0,0,0,0,0,0,0,1,1,,1
1016752,0,1,0,0,0,0,0,,0,0,0,0,0,0,0,0,0,,1
1004343,0,1,0,0,0,0,0,,0,0,0,0,0,0,0,0,0,,0
1017557,4,2,1,1,0,0,0,,0,0,0,0,0,0,0,1,1,,1
1011306,4,1,1,1,1,1,0,4.0,0,0,1,1,1,1,5,0,0,,1
1002716,0,1,0,0,0,0,0,,0,0,0,0,0,0,0,0,0,,0
1009868,0,1,0,0,0,0,0,,0,0,0,0,0,0,0,0,0,,0
1016692,0,1,0,0,0,0,0,,0,0,0,0,0,0,0,0,0,,0
1007339,4,0,1,0,0,0,0,1.0,0,0,0,1,0,0,2,0,0,,1
1016598,4,1,1,1,0,0,0,1.0,0,0,0,0,0,0,0,1,1,,1
1013691,4,2,1,1,0,0,0,,0,0,0,0,0,0,0,0,0,,1
1016534,0,1,0,0,0,0,0,,0,0,0,0,0,0,0,0,0,,1
1012605,0,1,0,0,0,0,0,,0,0,0,0,0,0,0,0,0,,0
1015251,0,1,0,0,0,0,0,,0,0,0,0,0,0,0,0,0,,0
1006546,0,1,0,0,0,0,0,,0,0,0,0,0,0,0,0,0,,0
1005834,0,1,0,0,0,0,0,,0,0,0,0,0,0,0,0,0,,0
1008021,0,1,0,0,0,0,0,,0,0,0,0,0,0,0,0,0,,0
1006929,4,1,1,0,0,0,0,1.0,0,0,0,0,0,0,2,0,0,,1
1017345,4,2,1,1,0,0,0,12.0,0,0,0,0,0,0,0,0,0,,1
1015979,0,1,0,0,0,0,0,,0,0,0,0,0,0,0,0,0,,0
1014785,0,1,0,0,0,0,0,,0,0,0,0,0,0,0,0,0,,1
1010031,0,1,0,0,0,0,0,,0,0,0,0,0,0,0,0,0,,0
1009506,0,1,0,0,0,0,0,,0,0,0,0,0,0,0,0,0,,1
1012059,4,2,1,1,0,0,0,,0,0,1,1,1,1,6,0,0,,1
1001682,0,1,0,0,0,0,0,,0,0,0,0,0,0,0,0,0,,0
1009185,0,1,0,0,0,0,0,,0,0,0,0,0,0,0,0,0,,0
1001056,0,1,0,0,0,0,0,,0,0,0,0,0,0,0,0,0,,1
1013154,4,1,1,0,0,0,0,1.0,0,0,0,1,0,0,1,0,0,,1
1011907,0,1,0,0,0,0,0,,0,0,0,0,0,0,0,0,0,,0
1016139,0,1,0,0,0,0,0,,0,0,0,0,0,0,0,0,0,,0
1012943,0,1,0,0,0,0,0,,0,0,0,0,0,0,0,0,0,,1
1000645,0,1,0,0,0,0,0,,0,0,0,0,0,0,0,0,0,,1
1014380,0,1,0,0,0,0,0,,0,0,0,0,0,0,0,0,0,,0
1004399,0,1,0,0,0,0,0,,0,0,0,0,0,0,0,0,0,,0
1012882,0,1,0,0,0,0,0,,0,0,0,0,0,0,0,0,0,,0
1013932,0,1,0,0,0,0,0,,0,0,0,0,0,0,0,0,0,,0
1006161,4,2,1,1,1,0,0,24.0,0,0,1,1,1,1,6,1,1,,1
1012135,0,1,0,0,0,0,0,,0,0,0,0,0,0,0,0,0,,0
1012627,0,1,0,0,0,0,0,,0,0,0,0,0,0,0,0,0,,0
1002181,0,1,0,0,0,0,0,,0,0,0,0,0,0,0,0,0,,0
1004035,4,0,1,0,1,0,0,,0,0,0,1,0,0,2,0,0,,1
1010027,0,1,0,0,0,0,0,,0,0,0,0,0,0,0,0,0,,1
1002080,0,1,0,0,0,0,0,,0,0,0,0,0,0,0,0,0,,0
1000717,0,1,0,0,0,0,0,,0,0,0,0,0,0,0,0,0,,1
1001408,0,1,0,0,0,0,0,,0,0,0,0,0,0,0,0,0,,0
1001367,0,1,0,0,0,0,0,,0,0,0,0,0,0,0,0,0,,0
1008623,0,1,0,0,0,0,0,,0,0,0,0,0,0,0,0,0,,0
1015432,0,1,0,0,0,0,0,,0,0,0,0,0,0,0,0,0,,0
1002310,0,1,0,0,0,0,0,,0,0,0,0,0,0,0,0,0,,0
1013724,4,0,1,0,0,0,0,1.0,0,0,0,0,0,0,1,0,0,,1
1006338,0,1,0,0,0,0,0,,0,0,0,0,0,0,0,0,0,,0
1013433,4,2,1,0,0,1,1,14.0,0,1,0,0,0,0,12,0,0,,1
1008945,4,1,1,1,1,0,1,2.0,0,1,0,1,0,0,4,0,0,,1
1010677,0,1,0,0,0,0,0,,0,0,0,0,0,0,0,0,0,,0
1011289,0,1,0,0,0,0,0,,0,0,0,0,0,0,0,0,0,,1
1015310,0,1,0,0,0,0,0,,0,0,0,0,0,0,0,0,0,,1
1013294,0,1,0,0,0,0,0,,0,0,0,0,0,0,0,0,0,,0
1004685,0,1,0,0,0,0,0,,0,0,0,0,0,0,0,0,0,,1
1003246,0,1,0,0,0,0,0,,0,0,0,0,0,0,0,0,0,,0
1013087,0,1,0,0,0,0,0,,0,0,0,0,0,0,0,0,0,,0
1007210,4,2,1,1,1,0,0,,0,0,1,1,1,1,6,0,0,,1
1002649,4,1,1,1,1,0,0,,0,0,1,1,1,1,6,1,1,,1
1014458,0,1,0,0,0,0,0,,0,0,0,0,0,0,0,0,0,,0
1011919,0,1,0,0,0,0,0,,0,0,0,0,0,0,0,0,0,,0
1004282,0,1,0,0,0,0,0,,0,0,0,0,0,0,0,0,0,,1
1006681,0,0,1,1,1,1,0,,0,0,0,0,0,0,0,1,1,,1
1009545,0,1,0,0,0,0,0,,0,0,0,0,0,0,0,0,0,,0
1012165,4,2,1,0,0,0,0,3.0,0,0,0,1,0,0,3,0,0,,1
1010367,4,0,1,0,1,0,0,1530.0,0,0,0,0,0,0,0,1,1,,1
1007025,0,1,0,0,0,0,0,,0,0,0,0,0,0,0,0,0,,1
1007760,0,1,0,0,0,0,0,,0,0,0,0,0,0,0,0,0,,1
1007770,0,1,0,0,0,0,0,,0,0,0,0,0,0,0,0,0,,0
1009689,0,1,0,0,0,0,0,,0,0,0,0,0,0,0,0,0,,0
1009569,0,1,0,0,0,0,0,,0,0,0,0,0,0,0,0,0,,0
1011411,4,2,1,0,0,0,0,,0,0,0,0,0,0,1,0,0,,1
1012615,0,1,0,0,0,0,0,,0,0,0,0,0,0,0,0,0,,0
1002325,4,1,1,1,0,0,0,2.0,0,0,1,1,1,1,6,0,0,,1
1001297,0,1,0,0,0,0,0,,0,0,0,0,0,0,0,0,0,,0
1001202,4,2,1,1,1,0,0,,0,1,0,0,0,0,0,0,0,,1
1016385,4,1,1,1,0,0,0,,0,0,0,0,0,0,0,1,1,,1
1015072,0,0,1,0,0,0,0,,0,0,0,1,0,0,2,0,1,,1
1001678,4,2,1,0,0,0,0,,0,1,0,1,0,0,3,0,0,,1
1013606,0,1,0,0,0,0,0,,0,0,0,0,0,0,0,0,0,,0
1007949,0,1,0,0,0,0,0,,0,0,0,0,0,0,0,0,0,,0
1015814,4,1,1,0,1,0,0,,0,0,0,0,0,0,3,0,0,,1
1008684,0,1,0,0,0,0,0,,0,0,0,0,0,0,0,0,0,,0
1001984,4,1,1,0,0,0,0,,0,0,0,0,0,0,1,0,0,,1
1003131,0,1,0,0,0,0,0,,0,0,0,0,0,0,0,0,0,,0
1012408,0,1,0,0,0,0,0,,0,0,0,0,0,0,0,0,0,,0
1004137,4,1,1,1,0,0,0,,0,0,0,0,0,0,0,1,1,,1
1013240,0,1,0,0,0,0,0,,0,0,0,0,0,0,0,0,0,,0
1017563,0,1,0,0,0,0,0,,0,0,0,0,0,0,0,0,0,,1
1003200,0,1,0,0,0,0,0,,0,0,0,0,0,0,0,0,0,,0
1002859,0,1,0,0,0,0,0,,0,0,0,0,0,0,0,0,0,,1
1000358,4,1,1,1,0,0,0,,0,0,0,0,0,0,0,1,1,,1
1011511,0,1,0,0,0,0,0,,0,0,0,0,0,0,0,0,0,,0
1009956,0,1,0,0,0,0,0,,0,0,0,0,0,0,0,0,0,,1
1010503,0,1,0,0,0,0,0,,0,0,0,0,0,0,0,0,0,,0
1016733,0,1,0,0,0,0,0,,0,0,0,0,0,0,0,0,0,,0
1010193,4,1,1,1,1,0,0,,0,0,0,0,0,0,2,0,0,,1
1014711,4,2,1,1,1,0,0,,0,0,1,1,1,1,6,0,0,,1
1004637,0,1,0,0,0,0,0,,0,0,0,0,0,0,0,0,0,,0
1001867,0,1,0,0,0,0,0,,0,0,0,0,0,0,0,0,0,,0
1008496,0,1,0,0,0,0,0,,0,0,0,0,0,0,0,0,0,,0
1012393,4,0,1,0,0,0,0,10.0,0,0,0,0,0,0,0,1,1,,1
1003403,0,1,0,0,0,0,0,,0,0,0,0,0,0,0,0,0,,0
1017586,4,0,1,0,0,0,0,,0,0,0,0,0,0,2,0,0,,1
1007580,0,1,0,0,0,0,0,,0,0,0,0,0,0,0,0,0,,0
1004688,4,2,1,1,1,1,0,,0,0,0,1,0,1,3,0,0,,1
1016196,4,2,1,1,1,0,0,,0,0,0,0,0,0,0,0,0,,1
1014191,0,1,0,0,0,0,0,,0,0,0,0,0,0,0,0,0,,0
1010401,0,1,0,0,0,0,0,,0,0,0,0,0,0,0,0,0,,1
1007216,0,1,0,0,0,0,0,,0,0,0,0,0,0,0,0,0,,0
1002403,0,1,0,0,0,0,0,,0,0,0,0,0,0,0,0,0,,0
1004055,0,1,0,0,0,0,0,,0,0,0,0,0,0,0,0,0,,0
1000956,4,1,1,0,0,0,1,,0,0,0,1,0,0,2,0,0,,1
1002423,0,1,0,0,0,0,0,,0,0,0,0,0,0,0,0,0,,0
1002738,3,1,1,0,1,0,0,,0,0,0,0,0,0,0,1,1,,1
1002530,0,1,0,0,0,0,0,,0,0,0,0,0,0,0,0,0,,0
1008608,0,1,0,0,0,0,0,,0,0,0,0,0,0,0,0,0,,0
1013733,0,1,0,0,0,0,0,,0,0,0,0,0,0,0,0,0,,1
1012614,4,1,1,1,0,0,0,1.0,0,0,0,1,0,0,2,0,0,,1
1015161,0,1,0,0,0,0,0,,0,0,0,0,0,0,0,0,0,,0
1010070,4,1,1,0,0,0,0,,0,0,0,0,0,0,1,0,0,,1
1013683,0,1,0,0,0,0,0,,0,0,0,0,0,0,0,0,0,,0
1017319,0,1,0,0,0,0,0,,0,0,0,0,0,0,0,0,0,,0
1013247,4,1,1,0,0,0,0,3.0,0,1,0,1,0,0,4,0,0,,1
1012186,0,1,0,0,0,0,0,,0,0,0,0,0,0,0,0,0,,0
1005511,4,2,1,0,0,0,0,2.0,0,0,0,0,0,0,4,0,0,,1
1002803,0,1,0,0,0,0,0,,0,0,0,0,0,0,0,0,0,,1
1008711,4,2,1,0,1,0,0,,0,1,1,1,1,1,6,0,0,,1
1005584,0,1,0,0,0,0,0,,0,0,0,0,0,0,0,0,0,,0
1013658,0,1,0,0,0,0,0,,0,0,0,0,0,0,0,0,0,,1
1001843,0,1,0,0,0,0,0,,0,0,0,0,0,0,0,0,0,,0
1013519,4,2,1,1,0,0,0,1.0,0,0,0,1,0,1,3,0,0,,1
1013280,0,1,0,0,0,0,0,,0,0,0,0,0,0,0,0,0,,0
1015884,4,0,1,0,0,0,0,2.0,0,0,0,0,0,0,0,1,1,,1
1003425,4,2,1,1,0,0,0,4.0,0,0,0,0,0,0,0,1,1,,1
1014270,0,1,0,0,0,0,0,,0,0,0,0,0,0,0,0,0,,1
1004501,0,1,0,0,0,0,0,,0,0,0,0,0,0,0,0,0,,0
1002665,4,2,1,1,1,1,0,,0,0,0,0,0,0,0,0,0,,1
1008059,0,1,0,0,0,0,0,,0,0,0,0,0,0,0,0,0,,1
1008274,0,1,0,0,0,0,0,,0,0,0,0,0,0,0,0,0,,0
1007988,4,1,1,1,0,0,0,2.0,0,0,0,1,0,0,2,0,0,,1
1012634,0,1,0,0,0,0,0,,0,0,0,0,0,0,0,0,0,,0
1008754,0,1,0,0,0,0,0,,0,0,0,0,0,0,0,0,0,,0
1008439,0,1,0,0,0,0,0,,0,0,0,0,0,0,0,0,0,,0
1012725,0,1,0,0,0,0,0,,0,0,0,0,0,0,0,0,0,,0
1016549,0,1,0,0,0,0,0,,0,0,0,0,0,0,0,0,0,,0
1011702,4,1,1,0,0,0,0,,0,0,0,1,0,0,2,0,0,,1
1015230,0,1,0,0,0,0,0,,0,0,0,0,0,0,0,0,0,,0
1015028,0,1,0,0,0,0,0,,0,0,0,0,0,0,0,0,0,,0
1007753,0,1,0,0,0,0,0,,0,0,0,0,0,0,0,0,0,,0
1016142,0,1,0,0,0,0,0,,0,0,0,0,0,0,0,0,0,,0
1008087,0,1,0,0,0,0,0,,0,0,0,0,0,0,0,0,0,,0
1008098,0,1,0,0,0,0,0,,0,0,0,0,0,0,0,0,0,,0
1014036,0,1,0,0,0,0,0,,0,0,0,0,0,0,0,0,0,,0
1001376,0,1,0,0,0,0,0,,0,0,0,0,0,0,0,0,0,,0
1006783,0,1,0,0,0,0,0,,0,0,0,0,0,0,0,0,0,,0
1015419,0,1,0,0,0,0,0,,0,0,0,0,0,0,0,0,0,,0
1014908,0,1,0,0,0,0,0,,0,0,0,0,0,0,0,0,0,,1
1007153,0,0,0,0,0,0,0,,0,0,0,0,0,0,0,1,1,,1
1016996,0,1,0,0,0,0,0,,0,0,0,0,0,0,0,0,0,,1
1016298,0,1,0,0,0,0,0,,0,0,0,0,0,0,0,0,0,,1
1001997,0,1,0,0,0,0,0,,0,0,0,0,0,0,0,0,0,,0
1013358,0,1,0,0,0,0,0,,0,0,0,0,0,0,0,0,0,,1
1003558,4,2,1,1,0,0,0,,0,0,1,1,0,0,3,0,0,,1
1011530,0,0,0,0,0,0,0,,0,0,0,0,0,0,0,0,0,,1
1012555,4,0,1,1,0,0,0,3.0,0,0,0,0,0,0,0,1,1,,1
1014884,0,1,0,0,0,0,0,,0,0,0,0,0,0,0,0,0,,1
1000623,4,1,1,0,0,0,0,,0,0,0,0,0,0,0,0,0,,1
1014114,4,2,1,1,0,0,0,10.0,0,0,0,0,0,0,0,0,0,,1
1015515,4,2,1,0,0,0,0,1.0,0,0,0,0,0,0,1,0,0,,1
1004927,4,0,1,0,0,0,1,,0,0,0,1,0,0,2,0,0,,1
1017426,0,1,0,0,0,0,0,,0,0,0,0,0,0,0,0,0,,1
1009200,0,1,0,0,0,0,0,,0,0,0,0,0,0,0,0,0,,1
1002586,0,1,0,0,0,0,0,,0,0,0,0,0,0,0,0,0,,1
1006111,4,1,1,1,0,0,0,,0,0,0,0,0,0,0,1,1,,1
1013194,4,2,1,1,0,0,0,6.0,0,0,0,1,0,0,1,0,0,,1
1009479,0,1,0,0,0,0,0,,0,0,0,0,0,0,0,0,0,,0
1013846,4,2,1,0,0,0,0,,0,0,0,0,0,0,4,0,0,,1
1004740,0,1,0,0,0,0,0,,0,0,0,0,0,0,0,0,0,,0
1003006,0,1,0,0,0,0,0,,0,0,0,0,0,0,0,0,0,,0
1002999,0,1,1,0,0,0,0,1.0,0,0,0,1,1,1,4,0,0,,1
1001941,0,1,0,0,0,0,0,,0,0,0,0,0,0,0,0,0,,1
1003093,4,2,1,0,0,0,0,1.0,0,0,1,1,0,1,4,0,0,,1
1004752,4,2,1,1,0,0,0,10.0,0,0,1,1,1,1,6,0,0,,1
1015955,4,1,1,0,0,0,0,,0,0,0,1,0,0,2,0,0,,1
1004783,4,1,1,1,1,0,0,,0,0,0,0,0,0,0,0,0,,1
1016140,4,2,1,1,1,0,0,,0,0,0,0,0,0,0,0,0,,1
1003437,0,1,0,0,0,0,0,,0,0,0,0,0,0,0,0,0,,0
1008047,0,1,0,0,0,0,0,,0,0,0,0,0,0,0,0,0,,1
1014061,0,1,0,0,0,0,0,,0,0,0,0,0,0,0,0,0,,0
1015034,4,2,1,1,1,1,0,,0,0,0,0,0,0,0,0,0,,1
1016201,4,1,1,0,1,0,0,2.0,0,0,0,1,0,0,2,0,0,,1
1008848,0,0,1,0,0,0,0,,0,0,0,0,0,0,0,0,1,,1
1016974,0,1,0,0,0,0,0,,0,0,0,0,0,0,0,0,0,,0
1008048,0,1,0,0,0,0,0,,0,0,0,0,0,0,0,0,0,,0
1000329,4,0,1,0,0,0,0,,0,0,0,0,0,0,0,1,1,,1
1004659,4,2,1,0,0,1,0,2.0,0,1,0,1,0,1,3,0,0,,1
1002599,0,1,0,0,0,0,0,,0,0,0,0,0,0,0,0,0,,1
1005770,0,1,0,0,0,0,0,,0,0,0,0,0,0,0,0,0,,0
1011470,0,1,0,0,0,0,0,,0,0,0,0,0,0,0,0,0,,0
1010881,0,1,0,0,0,0,0,,0,0,0,0,0,0,0,0,0,,0
1008971,0,1,0,0,0,0,0,,0,0,0,0,0,0,0,0,0,,0
1017076,0,1,0,0,0,0,0,,0,0,0,0,0,0,0,0,0,,0
1004384,0,1,0,0,0,0,0,,0,0,0,0,0,0,0,0,0,,0
1005402,4,2,1,0,1,0,0,,0,0,0,1,0,0,2,0,0,,1
1014223,0,1,0,0,0,0,0,,0,0,0,0,0,0,0,0,0,,0
1000651,0,1,0,0,0,0,0,,0,0,0,0,0,0,0,0,0,,0
1004433,4,2,1,1,1,1,0,,0,0,1,1,1,1,6,0,0,,1
1008477,0,1,0,0,0,0,0,,0,0,0,0,0,0,0,0,0,,0
1001817,4,1,1,0,0,0,0,,0,0,0,1,0,0,3,0,0,,1
1007915,0,1,0,0,0,0,0,,0,0,0,0,0,0,0,0,0,,0
1006535,0,1,0,0,0,0,0,,0,0,0,0,0,0,0,0,0,,1
1000492,0,1,0,0,0,0,0,,0,0,0,0,0,0,0,0,0,,1
1003067,4,1,1,1,0,0,0,2.0,0,0,0,0,0,0,0,1,1,,1
1014094,4,2,1,1,0,0,0,,0,0,0,0,0,0,0,0,0,,1
1013457,0,1,0,0,0,0,0,,0,0,0,0,0,0,0,0,0,,0
1002863,0,1,0,0,0,0,0,,0,0,0,0,0,0,0,0,0,,0
1012853,0,1,0,0,0,0,0,,0,0,0,0,0,0,0,0,0,,0
1003013,0,1,0,0,0,0,0,,0,0,0,0,0,0,0,0,0,,1
1000183,4,2,1,0,1,0,0,,0,0,0,1,0,0,2,0,0,,1
1004402,0,1,0,0,0,0,0,,0,0,0,0,0,0,0,0,0,,0
1008320,4,2,1,0,1,0,0,2.0,0,1,0,0,0,0,0,0,0,,1
1017095,0,1,0,0,0,0,0,,0,0,0,0,0,0,0,0,0,,1
1001823,4,2,1,1,0,0,0,,0,0,1,1,0,0,3,0,0,,1
1001021,0,1,0,0,0,0,0,,0,0,0,0,0,0,0,0,0,,0
1016879,4,0,1,0,0,0,0,,0,0,0,0,0,0,1,0,0,,1
1001150,4,2,1,0,1,0,0,,0,0,0,0,0,0,3,0,0,,1
1016724,4,2,1,1,1,1,0,2.0,0,0,1,1,1,1,6,0,0,,1
1011998,0,1,0,0,0,0,0,,0,0,0,0,0,0,0,0,0,,0
1006211,0,1,0,0,0,0,0,,0,0,0,0,0,0,0,0,0,,0
1017456,0,1,0,0,0,0,0,,0,0,0,0,0,0,0,0,0,,0
1015971,4,0,1,0,1,0,0,12.0,0,0,0,0,0,0,0,1,1,,1
1015947,0,1,0,0,0,0,0,,0,0,0,0,0,0,0,0,0,,0
1002953,0,1,0,0,0,0,0,,0,0,0,0,0,0,0,0,0,,1
1002757,0,1,0,0,0,0,0,,0,0,0,0,0,0,0,0,0,,0
1012784,0,1,0,0,0,0,0,,0,0,0,0,0,0,0,0,0,,0
1002532,4,0,1,1,0,0,0,12.0,0,0,0,0,0,0,0,1,1,,1
1013961,4,0,1,0,0,0,0,1.0,0,0,0,0,0,0,0,1,1,,1
1010721,0,1,0,0,0,0,0,,0,0,0,0,0,0,0,0,0,,0
1011798,0,1,0,0,0,0,0,,0,0,0,0,0,0,0,0,0,,0
1015808,4,1,1,0,0,0,1,,0,0,0,1,0,0,2,1,1,,1
1001265,4,0,1,0,1,0,0,,0,0,0,0,0,0,0,1,1,,1
1010742,0,1,0,0,0,0,0,,0,0,0,0,0,0,0,0,0,,0
1008079,4,0,1,1,0,0,0,12.0,0,0,0,0,0,0,0,1,1,,1
1006556,0,1,0,0,0,0,0,,0,0,0,0,0,0,0,0,0,,0
1016046,4,2,1,1,1,1,0,,0,0,1,1,1,1,6,0,0,,1
1006363,4,2,1,0,0,0,0,2.0,0,0,0,0,0,0,4,0,0,,1
1005650,0,1,0,0,0,0,0,,0,0,0,0,0,0,0,0,0,,0
1002161,4,2,1,0,0,0,1,,0,0,0,0,0,0,0,0,0,,1
1017329,0,1,0,0,0,0,0,,0,0,0,0,0,0,0,0,0,,0
1010372,4,1,1,0,1,0,0,,0,0,0,1,0,0,1,0,0,,1
1007947,0,1,0,0,0,0,0,,0,0,0,0,0,0,0,0,0,,0
1000383,0,0,0,0,0,0,0,,0,0,0,0,0,0,0,0,0,,1
1011776,0,1,0,0,0,0,0,,0,0,0,0,0,0,0,0,0,,0
1017577,0,1,0,0,0,0,0,,0,0,0,0,0,0,0,0,0,,1
1016570,4,2,1,0,1,0,0,,0,0,0,0,0,0,0,1,1,,1
1001664,0,1,0,0,0,0,0,,0,0,0,0,0,0,0,0,0,,1
1000866,0,1,0,0,0,0,0,,0,0,0,0,0,0,0,0,0,,1
1012715,0,1,0,0,0,0,0,,0,0,0,0,0,0,0,0,0,,0
1005516,0,1,0,0,0,0,0,,0,0,0,0,0,0,0,0,0,,0
1015839,0,1,0,0,0,0,0,,0,0,0,0,0,0,0,0,0,,1
1002470,0,1,0,0,0,0,0,,0,0,0,0,0,0,0,0,0,,0
1010311,0,1,0,0,0,0,0,,0,0,0,0,0,0,0,0,0,,0
1002841,0,1,0,0,0,0,0,,0,0,0,0,0,0,0,0,0,,0
1003948,4,1,1,0,0,0,0,,0,0,1,1,1,1,6,0,0,,1
1003846,4,1,1,1,0,0,0,204.0,0,0,0,0,0,0,0,1,1,,1
1008470,0,1,0,0,0,0,0,,0,0,0,0,0,0,0,0,0,,0
1010242,0,1,0,0,0,0,0,,0,0,0,0,0,0,0,0,0,,0
1013904,4,1,1,1,0,0,0,,0,0,0,0,0,0,0,1,1,,1
1015891,0,0,0,0,0,0,0,,0,0,0,0,0,0,0,0,0,,1
1002484,0,0,0,0,0,0,0,,0,0,0,0,0,0,0,0,1,,1
1007165,0,1,0,0,0,0,0,,0,0,0,0,0,0,0,0,0,,0
1011591,0,0,0,0,0,0,0,,0,0,0,0,0,0,0,0,0,,1
1005267,4,2,1,0,0,1,0,,0,0,0,0,0,0,3,0,0,,1
1009801,0,1,0,0,0,0,0,,0,0,0,0,0,0,0,0,0,,0
1015004,4,1,1,0,0,0,0,2.0,0,0,0,1,0,0,1,0,0,,1
1004422,0,1,0,0,0,0,0,,0,0,0,0,0,0,0,0,0,,0
1017293,0,1,0,0,0,0,0,,0,0,0,0,0,0,0,0,0,,0
1005851,0,1,0,0,0,0,0,,0,0,0,0,0,0,0,0,0,,0
1013543,0,1,0,0,0,0,0,,0,0,0,0,0,0,0,0,0,,1
1007001,0,1,0,0,0,0,0,,0,0,0,0,0,0,0,0,0,,0
1016696,4,2,1,1,0,0,0,10.0,0,1,0,0,0,0,0,0,0,,1
1000937,0,1,0,0,0,0,0,,0,0,0,0,0,0,0,0,0,,0
1012992,0,1,0,0,0,0,0,,0,0,0,0,0,0,0,0,0,,0
1011486,4,0,1,0,0,0,0,,0,0,0,0,0,0,0,1,1,,1
1003110,4,0,1,0,0,0,0,,0,0,0,0,0,0,1,0,0,,1
1007505,0,1,0,0,0,0,0,,0,0,0,0,0,0,0,0,0,,1
1004725,0,1,0,0,0,0,0,,0,0,0,0,0,0,0,0,0,,0
1014146,0,1,0,0,0,0,0,,0,0,0,0,0,0,0,0,0,,0
1011015,0,1,0,0,0,0,0,,0,0,0,0,0,0,0,0,0,,0
1016651,0,1,0,0,0,0,0,,0,0,0,0,0,0,0,0,0,,1
1015219,0,1,0,0,0,0,0,,0,0,0,0,0,0,0,0,0,,1
1004234,0,1,0,0,0,0,0,,0,0,0,0,0,0,0,0,0,,0
1017229,0,0,0,0,0,0,0,,0,0,0,0,0,0,0,0,0,,1
1001372,4,1,1,0,0,0,0,,0,0,0,1,0,0,2,0,0,,1
1012085,4,2,1,1,0,0,0,,0,0,0,0,0,0,0,0,0,,1
1009143,4,0,1,1,0,0,0,,0,0,0,0,0,0,0,0,0,,1
1004808,0,1,0,0,0,0,0,,0,0,0,0,0,0,0,0,0,,0
1011767,4,1,1,1,0,0,0,2.0,0,0,0,0,0,0,0,1,1,,1
1012683,0,1,0,0,0,0,0,,0,0,0,0,0,0,0,0,0,,0
1010271,0,1,0,0,0,0,0,,0,0,0,0,0,0,0,0,0,,0
1002283,4,2,1,0,0,0,0,,0,0,1,1,0,0,3,0,0,,1
1003035,0,1,0,0,0,0,0,,0,0,0,0,0,0,0,0,0,,0
1014105,4,0,1,0,1,0,0,,0,0,0,0,0,0,0,1,1,,1
1001110,0,1,0,0,0,0,0,,0,0,0,0,0,0,0,0,0,,0
1013600,0,1,0,0,0,0,0,,0,0,0,0,0,0,0,0,0,,0
1011832,0,1,0,0,0,0,0,,0,0,0,0,0,0,0,0,0,,0
1002284,0,1,0,0,0,0,0,,0,0,0,0,0,0,0,0,0,,0
1010343,4,2,1,1,1,0,0,,0,0,0,0,0,0,4,0,0,,1
1014791,4,2,1,1,1,1,0,,0,0,0,0,0,0,0,0,0,,1
1013427,0,1,0,0,0,0,0,,0,0,0,0,0,0,0,0,0,,1
1000207,0,1,0,0,0,0,0,,0,0,0,0,0,0,0,0,0,,0
1008685,4,2,1,1,0,0,0,12.0,0,0,1,1,0,0,3,0,0,,1
1013345,0,1,0,0,0,0,0,,0,0,0,0,0,0,0,0,0,,0
1008446,4,0,1,1,0,0,0,1.0,0,0,0,0,0,0,0,0,0,,1
1007430,4,0,1,0,0,0,1,,0,0,0,1,0,0,2,0,0,,1
1002444,0,0,0,0,0,0,0,,0,0,0,0,0,0,0,0,0,,1
1004168,0,0,0,0,0,0,0,,0,0,0,0,0,0,0,0,0,,1
1011745,4,2,1,0,1,0,0,5.0,0,1,1,1,1,1,6,0,0,,1
1002569,0,1,0,0,0,0,0,,0,0,0,0,0,0,0,0,0,,0
1007069,4,2,1,1,1,0,0,,0,0,0,0,0,0,0,0,0,,1
1002967,0,1,0,0,0,0,0,,0,0,0,0,0,0,0,0,0,,0
1003073,0,1,0,0,0,0,0,,0,0,0,0,0,0,0,0,0,,0
1004727,4,2,1,0,0,0,0,1.0,0,0,1,1,1,1,5,0,0,,1
1000308,0,1,0,0,0,0,0,,0,0,0,0,0,0,0,0,0,,0
1017166,0,1,0,0,0,0,0,,0,0,0,0,0,0,0,0,0,,0
1009463,0,1,0,0,0,0,0,,0,0,0,0,0,0,0,0,0,,0
1008893,4,2,1,1,1,1,0,,0,0,0,0,0,0,0,0,0,,1
1010606,4,2,1,0,0,0,0,10.0,0,0,0,1,0,0,2,0,0,,1
1011937,0,1,0,0,0,0,0,,0,0,0,0,0,0,0,0,0,,0
1015279,0,1,0,0,0,0,0,,0,0,0,0,0,0,0,0,0,,0
1000448,4,2,1,1,1,1,0,,0,0,1,1,1,1,6,0,0,,1
1011813,0,1,0,0,0,0,0,,0,0,0,0,0,0,0,0,0,,0
1004601,0,1,0,0,0,0,0,,0,0,0,0,0,0,0,0,0,,0
1014566,0,1,0,0,0,0,0,,0,0,0,0,0,0,0,0,0,,0
1010906,4,2,1,0,0,0,1,,0,0,0,1,0,0,2,0,0,,1
1001281,0,1,0,0,0,0,0,,0,0,0,0,0,0,0,0,0,,0
1017430,0,1,0,0,0,0,0,,0,0,0,0,0,0,0,0,0,,1
1009268,4,0,1,0,0,0,0,,0,0,0,0,0,0,0,0,0,,1
1008209,0,1,0,0,0,0,0,,0,0,0,0,0,0,0,0,0,,0
1013366,4,2,1,0,0,0,0,,0,0,0,1,0,0,3,0,0,,1
1006938,0,1,0,0,0,0,0,,0,0,0,0,0,0,0,0,0,,0
1004283,0,1,0,0,0,0,0,,0,0,0,0,0,0,0,0,0,,0
1013720,0,1,0,0,0,0,0,,0,0,0,0,0,0,0,0,0,,1
1006809,0,1,0,0,0,0,0,,0,0,0,0,0,0,0,0,0,,1
1004787,4,2,1,1,1,0,0,,0,0,0,1,0,0,2,0,0,,1
1003018,0,1,0,0,0,0,0,,0,0,0,0,0,0,0,0,0,,0
1006908,0,1,0,0,0,0,0,,0,0,0,0,0,0,0,0,0,,0
1014651,0,1,0,0,0,0,0,,0,0,0,0,0,0,0,0,0,,0
1007061,4,2,1,1,1,1,0,,0,0,1,1,1,1,9,0,0,,1
1000598,0,1,0,0,0,0,0,,0,0,0,0,0,0,0,0,0,,0
1011905,0,1,0,0,0,0,0,,0,0,0,0,0,0,0,0,0,,0
1011954,4,1,1,1,0,0,0,,0,0,0,0,0,0,0,1,1,,1
1007732,4,0,1,0,1,0,0,14.0,0,0,0,0,0,0,0,1,1,,1
1010940,0,1,0,0,0,0,0,,0,0,0,0,0,0,0,0,0,,0
1002989,0,1,0,0,0,0,0,,0,0,0,0,0,0,0,0,0,,0
1006028,0,1,0,0,0,0,0,,0,0,0,0,0,0,0,0,0,,0
1002679,0,1,0,0,0,0,0,,0,0,0,0,0,0,0,0,0,,1
1012257,0,1,0,0,0,0,0,,0,0,0,0,0,0,0,0,0,,1
1003428,4,0,1,0,0,0,0,2.0,0,0,0,1,0,0,2,0,0,,1
1001478,4,1,1,1,1,0,0,4.0,0,0,1,1,1,1,5,0,0,,1
1007957,4,2,1,1,1,0,0,2.0,0,0,1,1,1,1,6,0,0,,1
1002919,4,2,1,1,0,0,0,,0,0,1,1,0,0,3,0,0,,1
1009838,0,1,0,0,0,0,0,,0,0,0,0,0,0,0,0,0,,0
1002942,0,1,0,0,0,0,0,,0,0,0,0,0,0,0,0,0,,0
1007771,4,2,1,1,0,0,0,,0,0,1,1,1,1,6,0,0,,1
1003967,0,1,0,0,0,0,0,,0,0,0,0,0,0,0,0,0,,1
1011405,0,1,0,0,0,0,0,,0,0,0,0,0,0,0,0,0,,0
1013935,4,2,1,1,1,1,0,,0,0,0,0,0,0,0,0,0,,1
1003882,0,1,0,0,0,0,0,,0,0,0,0,0,0,0,0,0,,0
1005629,4,2,1,0,0,0,1,,0,0,0,1,0,0,2,0,0,,1
1000621,4,1,1,1,1,1,0,,0,0,0,0,0,0,0,0,0,,1
1009869,4,2,1,0,0,0,0,,0,0,0,0,0,0,1,0,0,,1
1000150,0,1,0,0,0,0,0,,0,0,0,0,0,0,0,0,0,,0
1017409,0,1,0,0,0,0,0,,0,0,0,0,0,0,0,0,0,,0
1008480,0,1,0,0,0,0,0,,0,0,0,0,0,0,0,0,0,,1
1006749,4,2,1,1,1,0,0,,0,0,0,1,1,1,7,0,0,,1
1011324,4,2,1,0,0,0,1,,0,0,1,1,1,1,6,0,0,,1
1003298,0,1,0,0,0,0,0,,0,0,0,0,0,0,0,0,0,,0
1001122,4,2,1,1,1,0,1,,0,0,0,1,1,1,4,0,0,,1
1006579,4,2,1,0,0,0,0,2.0,0,1,0,0,0,0,2,0,0,,1
1016155,0,0,0,0,0,0,0,,0,0,0,0,0,0,0,0,1,,1
1017116,0,1,0,0,0,0,0,,0,0,0,0,0,0,0,0,0,,1
1007790,0,1,0,0,0,0,0,,0,0,0,0,0,0,0,0,0,,0
1007525,0,1,0,0,0,0,0,,0,0,0,0,0,0,0,0,0,,0
1012280,4,2,1,1,1,0,0,,0,1,1,1,1,1,6,0,0,,1
1006779,0,1,0,0,0,0,0,,0,0,0,0,0,0,0,0,0,,0
1007875,0,1,0,0,0,0,0,,0,0,0,0,0,0,0,0,0,,0
1003893,4,2,1,1,1,0,0,,0,0,1,1,1,0,5,0,0,,1
1011094,4,1,1,0,0,0,0,,0,0,0,0,0,0,0,0,0,,1
1011389,0,1,0,0,0,0,0,,0,0,0,0,0,0,0,0,0,,1
1017016,4,2,1,1,1,0,0,,0,0,1,0,0,0,8,0,0,,1
1002902,4,2,1,1,1,0,0,,0,1,0,0,0,0,5,0,0,,1
1008421,0,1,0,0,0,0,0,,0,0,0,0,0,0,0,0,0,,0
1004956,0,0,1,0,0,0,0,,0,0,0,0,0,0,0,0,1,,1
1003775,0,1,0,0,0,0,0,,0,0,0,0,0,0,0,0,0,,0
1001428,4,2,1,1,1,1,0,,0,0,0,0,0,0,0,0,0,,1
1008840,0,1,0,0,0,0,0,,0,0,0,0,0,0,0,0,0,,1
1015298,4,2,1,1,1,0,0,,0,0,0,1,0,0,4,0,0,,1
1010760,0,1,0,0,0,0,0,,0,0,0,0,0,0,0,0,0,,0
1017420,0,1,0,0,0,0,0,,0,0,0,0,0,0,0,0,0,,0
1011563,0,1,0,0,0,0,0,,0,0,0,0,0,0,0,0,0,,0
1017493,0,1,0,0,0,0,0,,0,0,0,0,0,0,0,0,0,,0
1012880,4,2,1,0,0,0,1,,0,0,0,1,0,0,2,0,0,,1
1004450,0,1,0,0,0,0,0,,0,0,0,0,0,0,0,0,0,,0
1003173,4,2,1,0,0,0,0,,0,0,0,1,0,0,3,0,0,,1
1001955,0,1,0,0,0,0,0,,0,0,0,0,0,0,0,0,0,,1
1013804,4,2,1,1,1,0,0,10.0,0,0,1,1,1,1,6,0,0,,1
1010632,0,1,0,0,0,0,0,,0,0,0,0,0,0,0,0,0,,0
1017200,0,1,0,0,0,0,0,,0,0,0,0,0,0,0,0,0,,0
1001988,0,1,0,0,0,0,0,,0,0,0,0,0,0,0,0,0,,0
1016348,0,1,0,0,0,0,0,,0,0,0,0,0,0,0,0,0,,0
1008757,0,1,0,0,0,0,0,,0,0,0,0,0,0,0,0,0,,0
1010239,0,1,0,0,0,0,0,,0,0,0,0,0,0,0,0,0,,0
1015379,0,1,0,0,0,0,0,,0,0,0,0,0,0,0,0,0,,0
1016709,0,0,1,0,1,0,0,,0,0,0,0,0,0,0,1,1,,1
1002555,0,1,0,0,0,0,0,,0,0,0,0,0,0,0,0,0,,0
1014351,4,2,1,1,0,0,0,3512.0,0,0,0,1,0,0,3,0,0,,1
1005843,4,2,1,1,0,0,0,2.0,0,0,0,0,0,0,6,0,0,,1
1005286,4,2,1,1,0,0,0,3.0,0,0,0,1,1,0,3,0,0,,1
1004602,0,1,0,0,0,0,0,,0,0,0,0,0,0,0,0,0,,0
1014534,0,1,0,0,0,0,0,,0,0,0,0,0,0,0,0,0,,0
1014466,4,2,1,0,1,1,0,,0,0,1,1,1,1,6,0,0,,1
1000731,0,0,0,0,0,0,0,,0,0,0,0,0,0,0,0,0,,1
1016167,0,1,0,0,0,0,0,,0,0,0,0,0,0,0,0,0,,0
1004317,4,2,1,0,0,0,0,,0,0,0,0,0,0,0,0,0,,1
1001045,4,2,1,1,0,0,0,,0,0,0,0,0,0,0,0,0,,1
1016154,0,1,0,0,0,0,0,,0,0,0,0,0,0,0,0,0,,0
1001464,0,1,0,0,0,0,0,,0,0,0,0,0,0,0,0,0,,0
1014564,0,1,0,0,0,0,0,,0,0,0,0,0,0,0,0,0,,0
1001929,4,2,1,1,1,0,0,,0,0,0,0,0,0,0,0,0,,1
1010763,4,2,1,1,0,0,0,12.0,0,0,0,0,0,0,0,0,0,,1
1002031,0,1,0,0,0,0,0,,0,0,0,0,0,0,0,0,0,,0
1005378,0,1,0,0,0,0,0,,0,0,0,0,0,0,0,0,0,,1
1016660,4,2,1,0,0,0,0,2.0,0,0,0,0,0,0,4,0,0,,1
1000653,0,1,0,0,0,0,0,,0,0,0,0,0,0,0,0,0,,0
1005252,0,1,0,0,0,0,0,,0,0,0,0,0,0,0,0,0,,0
1013024,0,1,0,0,0,0,0,,0,0,0,0,0,0,0,0,0,,0
1013766,0,1,0,0,0,0,0,,0,0,0,0,0,0,0,0,0,,1
1012195,0,1,0,0,0,0,0,,0,0,0,0,0,0,0,0,0,,0
1009539,0,1,0,0,0,0,0,,0,0,0,0,0,0,0,0,0,,0
1002023,4,1,1,0,0,0,1,,0,0,0,1,0,0,2,1,1,,1
1002059,0,1,0,0,0,0,0,,0,0,0,0,0,0,0,0,0,,0
1015997,0,1,0,0,0,0,0,,0,0,0,0,0,0,0,0,0,,0
1005083,4,1,1,1,0,0,0,2.0,0,0,1,1,1,1,6,0,0,,1
1016626,0,1,0,0,0,0,0,,0,0,0,0,0,0,0,0,0,,0
1001082,0,1,0,0,0,0,0,,0,0,0,0,0,0,0,0,0,,0
1005099,4,2,1,1,1,0,0,,0,0,0,0,0,0,0,0,0,,1
1015069,0,1,0,0,0,0,0,,0,0,0,0,0,0,0,0,0,,0
1007878,0,1,0,0,0,0,0,,0,0,0,0,0,0,0,0,0,,0
1005518,0,1,0,0,0,0,0,,0,0,0,0,0,0,0,0,0,,0
1002598,4,1,1,1,0,0,0,,0,0,0,0,0,0,0,1,1,,1
1015220,4,0,1,0,0,0,1,,0,0,0,0,0,0,0,1,1,,1
1006177,4,2,1,1,0,0,0,2.0,0,0,1,1,0,0,3,0,0,,1
1004769,0,1,0,0,0,0,0,,0,0,0,0,0,0,0,0,0,,0
1013734,0,1,0,0,0,0,0,,0,0,0,0,0,0,0,0,0,,0
1007736,0,1,0,0,0,0,0,,0,0,0,0,0,0,0,0,0,,0
1005855,0,1,0,0,0,0,0,,0,0,0,0,0,0,0,0,0,,0
1000509,0,1,0,0,0,0,0,,0,0,0,0,0,0,0,0,0,,1
1003362,4,2,1,1,0,0,0,2.0,0,0,0,1,0,1,3,0,0,,1
1005152,4,0,1,0,0,0,0,,0,0,0,0,0,0,0,0,1,,1
1009013,0,1,0,0,0,0,0,,0,0,0,0,0,0,0,0,0,,0
1016611,0,1,0,0,0,0,0,,0,0,0,0,0,0,0,0,0,,0
1009864,0,1,0,0,0,0,0,,0,0,0,0,0,0,0,0,0,,0
1013007,4,2,1,0,0,0,0,,0,0,0,1,1,0,3,0,0,,1
1015356,0,1,0,0,0,0,0,,0,0,0,0,0,0,0,0,0,,0
1016558,4,1,1,0,0,0,0,2.0,0,0,0,1,0,0,1,0,0,,1
1003772,0,1,0,0,0,0,0,,0,0,0,0,0,0,0,0,0,,0
1006826,4,2,1,1,1,0,0,1.0,0,0,1,1,1,1,6,0,0,,1
1010614,0,1,0,0,0,0,0,,0,0,0,0,0,0,0,0,0,,0
1015670,0,1,0,0,0,0,0,,0,0,0,0,0,0,0,0,0,,0
1001260,4,1,1,0,0,0,0,,0,0,0,0,0,0,1,0,0,,1
1014952,0,1,0,0,0,0,0,,0,0,0,0,0,0,0,0,0,,0
1017089,4,0,1,0,0,0,0,2.0,0,0,0,1,0,0,2,1,1,,1
1016780,0,1,0,0,0,0,0,,0,0,0,0,0,0,0,0,0,,0
1014599,0,1,0,0,0,0,0,,0,0,0,0,0,0,0,0,0,,0
1015665,0,1,0,0,0,0,0,,0,0,0,0,0,0,0,0,0,,0
1016012,0,1,0,0,0,0,0,,0,0,0,0,0,0,0,0,0,,0
1007124,0,1,0,0,0,0,0,,0,0,0,0,0,0,0,0,0,,0
1004130,0,1,0,0,0,0,0,,0,0,0,0,0,0,0,0,0,,0
1009935,0,1,0,0,0,0,0,,0,0,0,0,0,0,0,0,0,,0
1014442,0,1,0,0,0,0,0,,0,0,0,0,0,0,0,0,0,,0
1011201,0,1,0,0,0,0,0,,0,0,0,0,0,0,0,0,0,,0
1011703,0,1,0,0,0,0,0,,0,0,0,0,0,0,0,0,0,,0
1010516,4,1,1,1,1,0,0,2.0,0,0,0,0,0,0,0,0,0,,1
1003892,0,1,0,0,0,0,0,,0,0,0,0,0,0,0,0,0,,0
1012127,0,1,0,0,0,0,0,,0,0,0,0,0,0,0,0,0,,0
1003800,0,0,0,0,0,0,0,,0,0,0,0,0,0,0,0,0,,1
1000994,0,0,0,0,0,0,0,,0,0,0,0,0,0,0,0,1,,1
1010813,0,1,0,0,0,0,0,,0,0,0,0,0,0,0,0,0,,1
1011041,4,1,1,1,0,0,0,4.0,0,0,0,0,0,0,0,0,0,,1
1011034,4,1,1,1,1,0,0,10.0,0,0,0,0,0,0,0,0,0,,1
1016172,0,1,0,0,0,0,0,,0,0,0,0,0,0,0,0,0,,1
1016424,0,1,0,0,0,0,0,,0,0,0,0,0,0,0,0,0,,0
1014525,0,1,0,0,0,0,0,,0,0,0,0,0,0,0,0,0,,0
1008170,4,2,1,1,0,0,0,35.0,0,0,0,0,0,0,0,1,1,,1
1017122,0,1,0,0,0,0,0,,0,0,0,0,0,0,0,0,0,,0
1010106,4,0,1,1,1,0,0,,0,0,0,0,0,0,0,0,1,,1
1004955,4,2,1,1,0,0,0,1.0,0,0,0,1,1,0,3,0,0,,1
1003807,0,1,0,0,0,0,0,,0,0,0,0,0,0,0,0,0,,1
1011404,0,1,0,0,0,0,0,,0,0,0,0,0,0,0,0,0,,0
1011359,4,1,1,1,0,0,0,2.0,0,0,1,1,1,1,6,0,0,,1
1014575,0,1,0,0,0,0,0,,0,0,0,0,0,0,0,0,0,,0
1013524,0,1,0,0,0,0,0,,0,0,0,0,0,0,0,0,0,,0
1016108,0,1,0,0,0,0,0,,0,0,0,0,0,0,0,0,0,,0
1011992,0,1,0,0,0,0,0,,0,0,0,0,0,0,0,0,0,,0
1010451,0,1,0,0,0,0,0,,0,0,0,0,0,0,0,0,0,,1
1000033,0,1,0,0,0,0,0,,0,0,0,0,0,0,0,0,0,,0
1007057,4,2,1,1,0,0,0,,0,0,0,0,0,0,0,1,1,,1
1003185,0,1,0,0,0,0,0,,0,0,0,0,0,0,0,0,0,,0
1008181,0,1,0,0,0,0,0,,0,0,0,0,0,0,0,0,0,,0
1003662,0,1,0,0,0,0,0,,0,0,0,0,0,0,0,0,0,,0
1004166,0,1,0,0,0,0,0,,0,0,0,0,0,0,0,0,0,,0
1011668,0,1,0,0,0,0,0,,0,0,0,0,0,0,0,0,0,,0
1001827,0,1,0,0,0,0,0,,0,0,0,0,0,0,0,0,0,,0
1017529,0,1,0,0,0,0,0,,0,0,0,0,0,0,0,0,0,,0
1016731,4,1,1,0,0,0,0,2.0,0,0,0,1,0,0,2,0,0,,1
1017164,0,1,0,0,0,0,0,,0,0,0,0,0,0,0,0,0,,0
1015835,0,1,0,0,0,0,0,,0,0,0,0,0,0,0,0,0,,0
1016346,0,1,0,0,0,0,0,,0,0,0,0,0,0,0,0,0,,0
1015984,4,2,1,1,0,0,0,20.0,0,0,0,0,0,0,0,1,1,,1
1009702,0,1,0,0,0,0,0,,0,0,0,0,0,0,0,0,0,,0
1016192,4,0,1,0,0,0,0,,0,0,1,1,1,1,5,0,0,,1
1015136,0,1,0,0,0,0,0,,0,0,0,0,0,0,0,0,0,,0
1009488,0,1,0,0,0,0,0,,0,0,0,0,0,0,0,0,0,,0
1001418,4,1,1,0,0,0,0,,0,0,0,0,0,0,1,0,0,,1
1007143,0,1,0,0,0,0,0,,0,0,0,0,0,0,0,0,0,,0
1008149,0,1,0,0,0,0,0,,0,0,0,0,0,0,0,0,0,,0
1003576,0,1,0,0,0,0,0,,0,0,0,0,0,0,0,0,0,,0
1014249,4,0,1,0,0,0,0,,0,0,0,0,0,0,2,0,0,,1
1001937,4,1,1,0,1,0,0,,0,0,0,0,0,0,0,1,1,,1
1005905,0,1,0,0,0,0,0,,0,0,0,0,0,0,0,0,0,,1
1017593,0,1,0,0,0,0,0,,0,0,0,0,0,0,0,0,0,,0
1015152,0,1,0,0,0,0,0,,0,0,0,0,0,0,0,0,0,,1
1008746,0,1,0,0,0,0,0,,0,0,0,0,0,0,0,0,0,,1
1004026,0,1,0,0,0,0,0,,0,0,0,0,0,0,0,0,0,,0
1015850,0,1,0,0,0,0,0,,0,0,0,0,0,0,0,0,0,,0
1001631,0,1,0,0,0,0,0,,0,0,0,0,0,0,0,0,0,,0
1010649,4,1,1,0,1,0,0,,0,0,1,1,1,1,6,0,0,,1
1017385,3,1,1,0,1,0,0,,0,0,0,0,0,0,2,0,0,,1
1007684,0,1,0,0,0,0,0,,0,0,0,0,0,0,0,0,0,,0
1003533,4,2,1,0,0,0,0,,0,0,1,1,1,1,6,0,0,,1
1016886,0,1,0,0,0,0,0,,0,0,0,0,0,0,0,0,0,,1
1011373,0,1,1,1,0,0,0,4.0,0,0,0,0,0,0,4,0,0,,1
1007594,0,1,0,0,0,0,0,,0,0,0,0,0,0,0,0,0,,0
1001641,0,1,0,0,0,0,0,,0,0,0,0,0,0,0,0,0,,0
1011666,0,1,0,0,0,0,0,,0,0,0,0,0,0,0,0,0,,0
1014539,0,1,0,0,0,0,0,,0,0,0,0,0,0,0,0,0,,0
1011494,0,1,0,0,0,0,0,,0,0,0,0,0,0,0,0,0,,0
1004754,0,1,0,0,0,0,0,,0,0,0,0,0,0,0,0,0,,0
1011887,0,1,0,0,0,0,0,,0,0,0,0,0,0,0,0,0,,0
1010565,4,2,1,1,1,0,0,2112.0,0,0,0,0,0,0,0,0,0,,1
1005649,4,2,1,1,1,0,0,,0,1,1,1,1,1,6,0,0,,1
1009100,0,1,0,0,0,0,0,,0,0,0,0,0,0,0,0,0,,0
1007774,0,1,0,0,0,0,0,,0,0,0,0,0,0,0,0,0,,0
1007931,0,1,0,0,0,0,0,,0,0,0,0,0,0,0,0,0,,0
1001146,0,1,0,0,0,0,0,,0,0,0,0,0,0,0,0,0,,1
1010513,0,1,0,0,0,0,0,,0,0,0,0,0,0,0,0,0,,0
1002933,0,1,0,0,0,0,0,,0,0,0,0,0,0,0,0,0,,0
1014883,0,1,0,0,0,0,0,,0,0,0,0,0,0,0,0,0,,0
1001960,4,0,1,0,0,0,0,,0,0,0,0,0,0,0,1,1,,1
1014354,0,1,0,0,0,0,0,,0,0,0,0,0,0,0,0,0,,0
1002740,4,2,1,0,0,0,0,12.0,0,0,0,0,0,0,1,0,0,,1
1005293,0,1,0,0,0,0,0,,0,0,0,0,0,0,0,0,0,,0
1008939,4,1,1,1,1,1,0,,0,1,1,1,1,1,6,0,0,,1
1002029,0,1,0,0,0,0,0,,0,0,0,0,0,0,0,0,0,,0
1007547,0,1,0,0,0,0,0,,0,0,0,0,0,0,0,0,0,,0
1011991,0,1,0,0,0,0,0,,0,0,0,0,0,0,0,0,0,,0
1015569,0,1,0,0,0,0,0,,0,0,0,0,0,0,0,0,0,,0
1010519,0,1,0,0,0,0,0,,0,0,0,0,0,0,0,0,0,,0
1014349,0,1,0,0,0,0,0,,0,0,0,0,0,0,0,0,0,,0
1007289,0,1,0,0,0,0,0,,0,0,0,0,0,0,0,0,0,,0
1006559,0,1,0,0,0,0,0,,0,0,0,0,0,0,0,0,0,,0
1005452,0,1,0,0,0,0,0,,0,0,0,0,0,0,0,0,0,,0
1007962,0,1,0,0,0,0,0,,0,0,0,0,0,0,0,0,0,,0
1011662,4,1,1,0,1,0,0,920.0,0,0,0,0,0,0,0,1,1,,1
1015757,0,1,0,0,0,0,0,,0,0,0,0,0,0,0,0,0,,0
1014591,0,1,0,0,0,0,0,,0,0,0,0,0,0,0,0,0,,0
1011040,0,1,0,0,0,0,0,,0,0,0,0,0,0,0,0,0,,0
1005379,0,1,0,0,0,0,0,,0,0,0,0,0,0,0,0,0,,1
1011543,0,1,0,0,0,0,0,,0,0,0,0,0,0,0,0,0,,0
1014511,4,2,1,1,0,0,0,2.0,0,0,0,0,0,0,3,0,0,,1
1003432,0,1,0,0,0,0,0,,0,0,0,0,0,0,0,0,0,,0
1001617,0,1,0,0,0,0,0,,0,0,0,0,0,0,0,0,0,,1
1005888,0,1,0,0,0,0,0,,0,0,0,0,0,0,0,0,0,,0
1007273,4,0,1,0,0,0,0,,0,0,0,1,0,0,2,0,0,,1
1012253,0,1,0,0,0,0,0,,0,0,0,0,0,0,0,0,0,,1
1001608,4,2,1,0,0,0,0,,0,0,0,1,0,0,2,0,0,,1
1011523,0,1,0,0,0,0,0,,0,0,0,0,0,0,0,0,0,,1
1003946,4,2,1,0,0,0,0,10.0,0,0,0,0,0,0,8,0,0,,1
1003941,0,1,0,0,0,0,0,,0,0,0,0,0,0,0,0,0,,0
1004541,0,1,0,0,0,0,0,,0,0,0,0,0,0,0,0,0,,0
1009095,0,1,0,0,0,0,0,,0,0,0,0,0,0,0,0,0,,0
1007755,0,1,0,0,0,0,0,,0,0,0,0,0,0,0,0,0,,1
1005984,0,1,0,0,0,0,0,,0,0,0,0,0,0,0,0,0,,0
1013546,0,1,0,0,0,0,0,,0,0,0,0,0,0,0,0,0,,0
1002130,0,1,0,0,0,0,0,,0,0,0,0,0,0,0,0,0,,0
1008571,0,1,0,0,0,0,0,,0,0,0,0,0,0,0,0,0,,0
1003804,0,1,0,0,0,0,0,,0,0,0,0,0,0,0,0,0,,0
1017351,0,1,0,0,0,0,0,,0,0,0,0,0,0,0,0,0,,0
1004636,0,1,0,0,0,0,0,,0,0,0,0,0,0,0,0,0,,0
1013178,0,1,0,0,0,0,0,,0,0,0,0,0,0,0,0,0,,0
1006133,4,2,1,0,1,1,0,,0,0,1,1,1,1,5,0,0,,1
1007263,0,1,0,0,0,0,0,,0,0,0,0,0,0,0,0,0,,0
1015916,0,1,0,0,0,0,0,,0,0,0,0,0,0,0,0,0,,0
1009906,0,1,0,0,0,0,0,,0,0,0,0,0,0,0,0,0,,0
1016377,0,1,0,0,0,0,0,,0,0,0,0,0,0,0,0,0,,0
1010584,0,1,0,0,0,0,0,,0,0,0,0,0,0,0,0,0,,0
1012065,4,2,1,1,1,0,0,,0,1,1,1,1,1,6,0,0,,1
1015529,4,2,1,0,1,0,0,,0,0,0,0,0,0,4,0,0,,1
1007845,0,1,0,0,0,0,0,,0,0,0,0,0,0,0,0,0,,0
1007497,4,1,1,0,0,0,0,,0,0,0,0,0,0,0,0,0,,1
1006039,0,1,0,0,0,0,0,,0,0,0,0,0,0,0,0,0,,0
1001679,4,1,1,0,0,0,0,3.0,0,0,0,0,0,0,1,0,0,,1
1016354,0,1,0,0,0,0,0,,0,0,0,0,0,0,0,0,0,,1
1015148,0,1,0,0,0,0,0,,0,0,0,0,0,0,0,0,0,,0
1010825,0,1,0,0,0,0,0,,0,0,0,0,0,0,0,0,0,,0
1010774,4,2,1,1,1,1,0,,0,0,1,0,0,0,4,0,0,,1
1017167,4,2,1,1,0,0,0,5.0,0,0,0,0,0,0,0,0,0,,1
1007040,0,1,0,0,0,0,0,,0,0,0,0,0,0,0,0,0,,0
1000950,0,1,0,0,0,0,0,,0,0,0,0,0,0,0,0,0,,1
1011200,0,1,0,0,0,0,0,,0,0,0,0,0,0,0,0,0,,0
1014876,0,1,0,0,0,0,0,,0,0,0,0,0,0,0,0,0,,0
1003924,0,1,0,0,0,0,0,,0,0,0,0,0,0,0,0,0,,1
1013308,4,2,1,1,1,1,0,2.0,0,1,1,1,1,1,6,0,0,,1
1013505,3,0,1,0,1,0,0,,0,0,0,0,0,0,0,1,1,,1
1015442,0,1,0,0,0,0,0,,0,0,0,0,0,0,0,0,0,,0
1016559,4,1,1,1,0,0,0,,0,0,0,0,0,0,0,0,1,,1
1013040,0,1,0,0,0,0,0,,0,0,0,0,0,0,0,0,0,,0
1004884,0,1,0,0,0,0,0,,0,0,0,0,0,0,0,0,0,,0
1008910,4,2,1,0,0,0,0,,0,0,0,0,0,0,2,0,0,,1
1013539,0,1,0,0,0,0,0,,0,0,0,0,0,0,0,0,0,,0
1008491,4,1,1,0,0,0,1,,0,0,0,1,0,0,2,1,1,,1
1006812,0,1,0,0,0,0,0,,0,0,0,0,0,0,0,0,0,,0
1007903,0,0,0,0,0,0,0,,0,0,0,1,0,0,2,1,1,,1
1008567,4,1,1,1,0,0,0,,0,0,0,0,0,0,2,0,0,,1
1010680,4,1,1,1,0,0,0,8.0,0,0,0,0,0,0,0,0,0,,1
1003555,4,1,1,0,0,0,0,1.0,0,0,0,1,0,0,2,0,0,,1
1004379,0,1,0,0,0,0,0,,0,0,0,0,0,0,0,0,0,,0
1004270,0,1,0,0,0,0,0,,0,0,0,0,0,0,0,0,0,,0
1016112,4,2,1,1,1,0,0,,0,1,1,1,1,1,6,0,0,,1
1015092,0,1,0,0,0,0,0,,0,0,0,0,0,0,0,0,0,,0
1017548,4,2,1,0,1,0,0,,0,0,0,0,0,0,0,0,0,,1
1013757,0,1,0,0,0,0,0,,0,0,0,0,0,0,0,0,0,,0
1003601,0,1,0,0,0,0,0,,0,0,0,0,0,0,0,0,0,,0
1007754,4,2,1,0,0,0,0,,0,0,0,1,0,1,3,0,0,,1
1012834,4,0,1,1,0,0,0,10.0,0,0,0,0,0,0,0,1,1,,1
1003027,4,0,1,0,0,0,0,,0,0,0,0,0,0,4,0,0,,1
1006776,0,1,0,0,0,0,0,,0,0,0,0,0,0,0,0,0,,0
1007682,0,1,0,0,0,0,0,,0,0,0,0,0,0,0,0,0,,0
1004499,4,0,1,1,0,0,0,,0,0,0,1,0,0,2,0,0,,1
1002522,0,1,0,0,0,0,0,,0,0,0,0,0,0,0,0,0,,0
1009582,0,1,0,0,0,0,0,,0,0,0,0,0,0,0,0,0,,0
1006138,0,1,0,0,0,0,0,,0,0,0,0,0,0,0,0,0,,0
1012918,0,1,0,0,0,0,0,,0,0,0,0,0,0,0,0,0,,0
1016800,0,1,0,0,0,0,0,,0,0,0,0,0,0,0,0,0,,0
1007801,4,2,1,0,0,0,0,,0,0,0,0,0,0,1,0,0,,1
1002844,4,2,1,1,0,0,0,,0,0,0,1,0,0,2,0,0,,1
1003758,4,1,1,0,1,0,0,,0,0,0,0,0,0,0,1,1,,1
1004022,0,1,0,0,0,0,0,,0,0,0,0,0,0,0,0,0,,1
1000074,4,1,1,1,0,0,0,,0,0,0,0,0,0,0,1,1,,1
1004573,0,1,0,0,0,0,0,,0,0,0,0,0,0,0,0,0,,0
1014543,0,1,0,0,0,0,0,,0,0,0,0,0,0,0,0,0,,1
1016197,0,1,0,0,0,0,0,,0,0,0,0,0,0,0,0,0,,0
1014640,0,1,0,0,0,0,0,,0,0,0,0,0,0,0,0,0,,0
1016532,0,1,0,0,0,0,0,,0,0,0,0,0,0,0,0,0,,0
1014626,4,0,1,0,0,0,0,,0,0,0,0,0,0,0,1,1,,1
1001108,0,1,0,0,0,0,0,,0,0,0,0,0,0,0,0,0,,0
1014930,0,1,0,0,0,0,0,,0,0,0,0,0,0,0,0,0,,0
1015364,4,2,1,1,1,1,0,3.0,0,0,1,1,1,1,6,0,0,,1
1007253,4,2,1,1,1,1,0,,0,0,0,0,0,0,0,0,0,,1
1002861,0,1,0,0,0,0,0,,0,0,0,0,0,0,0,0,0,,0
1010973,0,1,0,0,0,0,0,,0,0,0,0,0,0,0,0,0,,0
1011553,0,1,0,0,0,0,0,,0,0,0,0,0,0,0,0,0,,0
1010201,4,2,1,0,1,0,0,,0,1,1,1,1,1,5,0,0,,1
1013033,0,1,0,0,0,0,0,,0,0,0,0,0,0,0,0,0,,1
1015660,0,1,0,0,0,0,0,,0,0,0,0,0,0,0,0,0,,0
1002882,0,0,0,0,0,0,0,,0,0,0,0,0,0,0,0,0,,1
1002973,4,2,1,0,1,0,0,,0,1,0,0,0,0,4,1,1,,1
1007723,4,2,1,1,1,1,0,,0,0,0,0,0,0,9,0,0,,1
1012622,0,1,0,0,0,0,0,,0,0,0,0,0,0,0,0,0,,0
1003420,4,2,1,1,0,0,0,,0,0,0,1,1,0,3,0,0,,1
1014709,4,2,1,0,1,0,0,,0,0,0,0,0,0,6,0,0,,1
1013322,0,1,0,0,0,0,0,,0,0,0,0,0,0,0,0,0,,0
1011312,4,1,1,0,0,0,0,2.0,0,0,0,0,0,0,0,0,0,,1
1010213,0,1,0,0,0,0,0,,0,0,0,0,0,0,0,0,0,,0
1000934,0,1,0,0,0,0,0,,0,0,0,0,0,0,0,0,0,,0
1015348,0,1,0,0,0,0,0,,0,0,0,0,0,0,0,0,0,,1
1010635,0,1,0,0,0,0,0,,0,0,0,0,0,0,0,0,0,,0
1009189,0,1,0,0,0,0,0,,0,0,0,0,0,0,0,0,0,,0
1004244,0,1,0,0,0,0,0,,0,0,0,0,0,0,0,0,0,,0
1005331,0,1,0,0,0,0,0,,0,0,0,0,0,0,0,0,0,,0
1007276,0,1,0,0,0,0,0,,0,0,0,0,0,0,0,0,0,,0
1004378,0,1,0,0,0,0,0,,0,0,0,0,0,0,0,0,0,,0
1002106,4,2,1,0,0,0,1,,0,0,0,0,0,0,3,0,0,,1
1009065,4,1,1,0,0,0,0,1.0,0,0,0,0,0,0,2,0,0,,1
1015329,0,1,0,0,0,0,0,,0,0,0,0,0,0,0,0,0,,0
1001499,0,1,0,0,0,0,0,,0,0,0,0,0,0,0,0,0,,0
1002415,4,0,1,1,1,1,0,,0,0,0,0,0,0,0,1,1,,1
1005154,0,1,0,0,0,0,0,,0,0,0,0,0,0,0,0,0,,0
1014849,4,2,1,0,0,0,0,,0,0,1,1,1,1,6,0,0,,1
1008743,0,1,0,0,0,0,0,,0,0,0,0,0,0,0,0,0,,0
1014318,0,1,0,0,0,0,0,,0,0,0,0,0,0,0,0,0,,1
1015283,0,1,0,0,0,0,0,,0,0,0,0,0,0,0,0,0,,0
1009318,0,1,0,0,0,0,0,,0,0,0,0,0,0,0,0,0,,0
1002121,4,2,1,1,1,1,0,,0,0,0,0,0,0,0,0,0,,1
1013701,0,1,0,0,0,0,0,,0,0,0,0,0,0,0,0,0,,0
1012483,0,1,0,0,0,0,0,,0,0,0,0,0,0,0,0,0,,0
1005165,4,0,1,1,0,0,0,,0,0,0,1,0,0,3,0,0,,1
1002980,0,1,0,0,0,0,0,,0,0,0,0,0,0,0,0,0,,0
1004532,0,1,0,0,0,0,0,,0,0,0,0,0,0,0,0,0,,0
1015737,4,2,1,0,0,0,0,2.0,0,0,1,1,1,1,6,0,0,,1
1007846,0,1,0,0,0,0,0,,0,0,0,0,0,0,0,0,0,,0
1012444,0,1,0,0,0,0,0,,0,0,0,0,0,0,0,0,0,,0
1000149,4,2,1,0,1,1,0,,0,0,0,1,0,0,4,0,0,,1
1001123,0,1,0,0,0,0,0,,0,0,0,0,0,0,0,0,0,,1
1010289,0,1,0,0,0,0,0,,0,0,0,0,0,0,0,0,0,,0
1017450,4,2,1,1,1,0,0,,0,0,1,1,1,1,6,1,1,,1
1010512,0,1,0,0,0,0,0,,0,0,0,0,0,0,0,0,0,,0
1008996,0,1,0,0,0,0,0,,0,0,0,0,0,0,0,0,0,,0
1012268,0,1,0,0,0,0,0,,0,0,0,0,0,0,0,0,0,,0
1011122,0,1,0,0,0,0,0,,0,0,0,0,0,0,0,0,0,,0
1006083,0,1,0,0,0,0,0,,0,0,0,0,0,0,0,0,0,,0
1011854,0,1,0,0,0,0,0,,0,0,0,0,0,0,0,0,0,,0
1008860,0,1,0,0,0,0,0,,0,0,0,0,0,0,0,0,0,,0
1012678,4,2,1,1,1,1,0,,0,1,1,1,1,1,6,0,0,,1
1002076,0,1,0,0,0,0,0,,0,0,0,0,0,0,0,0,0,,1
1015083,4,2,1,1,0,0,0,2.0,0,0,0,1,0,0,3,0,0,,1
1013593,0,1,0,0,0,0,0,,0,0,0,0,0,0,0,0,0,,0
1008398,4,2,1,1,0,0,0,,0,0,0,1,1,0,3,0,0,,1
1010907,0,1,0,0,0,0,0,,0,0,0,0,0,0,0,0,0,,0
1015415,4,2,1,1,1,0,0,,0,0,0,1,0,0,2,0,0,,1
1015791,0,1,0,0,0,0,0,,0,0,0,0,0,0,0,0,0,,0
1005020,0,0,0,0,0,0,0,,0,0,0,0,0,0,0,0,1,,1
1004392,0,1,0,0,0,0,0,,0,0,0,0,0,0,0,0,0,,0
1011974,0,1,0,0,0,0,0,,0,0,0,0,0,0,0,0,0,,1
1016162,4,1,1,1,0,0,0,,0,0,0,0,0,0,0,1,1,,1
1009125,0,1,0,0,0,0,0,,0,0,0,0,0,0,0,0,0,,0
1010404,4,2,1,1,1,1,0,,0,0,0,0,0,0,0,0,0,,1
1002818,0,1,0,0,0,0,0,,0,0,0,0,0,0,0,0,0,,0
1001261,0,1,0,0,0,0,0,,0,0,0,0,0,0,0,0,0,,0
1000032,0,1,0,0,0,0,0,,0,0,0,0,0,0,0,0,0,,0
1008718,0,1,0,0,0,0,0,,0,0,0,0,0,0,0,0,0,,0
1014464,4,2,1,0,0,0,0,,0,0,0,1,0,0,2,0,0,,1
1011616,0,1,0,0,0,0,0,,0,0,0,0,0,0,0,0,0,,0
1000941,4,2,1,0,0,0,0,,0,1,0,1,0,0,3,0,0,,1
1003606,0,1,0,0,0,0,0,,0,0,0,0,0,0,0,0,0,,0
1016687,0,1,0,0,0,0,0,,0,0,0,0,0,0,0,0,0,,0
1004526,4,2,1,1,1,1,0,,0,0,0,0,0,0,0,0,0,,1
1009681,0,1,0,0,0,0,0,,0,0,0,0,0,0,0,0,0,,0
1007260,0,1,0,0,0,0,0,,0,0,0,0,0,0,0,0,0,,0
1016442,4,2,1,0,1,0,0,,0,0,1,1,1,1,6,0,0,,1
1008227,4,1,1,1,0,0,0,10.0,0,0,1,1,0,0,3,0,0,,1
1006705,0,1,0,0,0,0,0,,0,0,0,0,0,0,0,0,0,,0
1011676,0,1,0,0,0,0,0,,0,0,0,0,0,0,0,0,0,,0
1002721,4,1,1,1,0,0,0,,0,0,0,0,0,0,0,1,1,,1
1002747,4,2,1,1,1,0,0,,0,0,1,1,1,1,10,0,0,,1
1008959,0,1,0,0,0,0,0,,0,0,0,0,0,0,0,0,0,,0
1009748,0,1,0,0,0,0,0,,0,0,0,0,0,0,0,0,0,,0
1015263,4,2,1,0,0,0,0,,0,0,0,1,0,0,2,0,0,,1
1010619,0,1,0,0,0,0,0,,0,0,0,0,0,0,0,0,0,,0
1013678,0,1,0,0,0,0,0,,0,0,0,0,0,0,0,0,0,,0
1009307,0,1,0,0,0,0,0,,0,0,0,0,0,0,0,0,0,,0
1015596,4,2,1,1,1,1,0,4.0,0,0,0,0,0,0,0,0,0,,1
1000671,0,1,0,0,0,0,0,,0,0,0,0,0,0,0,0,0,,0
1014238,0,1,0,0,0,0,0,,0,0,0,0,0,0,0,0,0,,0
1005208,0,1,0,0,0,0,0,,0,0,0,0,0,0,0,0,0,,0
1016997,0,1,0,0,0,0,0,,0,0,0,0,0,0,0,0,0,,0
1010241,4,2,1,1,1,1,1,,0,0,1,1,1,1,6,0,0,,1
1007998,0,1,0,0,0,0,0,,0,0,0,0,0,0,0,0,0,,1
1006234,4,2,1,1,1,1,0,,0,0,0,0,0,0,0,0,0,,1
1008169,0,0,0,0,0,0,0,,0,0,0,0,0,0,0,0,0,,1
1010368,0,1,0,0,0,0,0,,0,0,0,0,0,0,0,0,0,,0
1012378,0,1,0,0,0,0,0,,0,0,0,0,0,0,0,0,0,,0
1015952,0,1,0,0,0,0,0,,0,0,0,0,0,0,0,0,0,,1
1006854,0,0,0,0,0,0,0,,0,0,0,0,0,0,0,0,0,,1
1005673,0,1,0,0,0,0,0,,0,0,0,0,0,0,0,0,0,,1
1000306,0,1,0,0,0,0,0,,0,0,0,0,0,0,0,0,0,,0
1005688,4,2,1,1,0,0,0,2.0,0,0,0,1,0,0,3,0,0,,1
1006422,0,1,0,0,0,0,0,,0,0,0,0,0,0,0,0,0,,0
1003914,4,2,1,1,1,0,0,,0,0,1,1,1,1,6,0,0,,1
1000476,4,2,1,0,0,0,0,2.0,0,0,1,1,1,1,5,0,0,,1
1010018,4,1,1,1,0,0,0,,0,0,0,0,0,0,0,1,1,,1
1003590,0,1,0,0,0,0,0,,0,0,0,0,0,0,0,0,0,,1
1012928,4,2,1,0,0,0,0,,0,0,0,0,0,0,0,0,0,,1
1007019,0,1,0,0,0,0,0,,0,0,0,0,0,0,0,0,0,,0
1013791,0,1,0,0,0,0,0,,0,0,0,0,0,0,0,0,0,,0
1001420,0,1,0,0,0,0,0,,0,0,0,0,0,0,0,0,0,,0
1002053,4,1,1,1,0,0,0,,0,0,0,0,0,0,0,1,1,,1
1006576,4,1,1,1,0,0,0,,0,0,0,0,0,0,0,1,1,,1
1002218,0,1,0,0,0,0,0,,0,0,0,0,0,0,0,0,0,,0
1009187,4,2,1,0,0,0,0,,0,0,0,0,0,0,1,0,0,,1
1007730,0,1,0,0,0,0,0,,0,0,0,0,0,0,0,0,0,,0
1000462,0,1,0,0,0,0,0,,0,0,0,0,0,0,0,0,0,,0
1003669,0,0,0,0,0,0,0,,0,0,0,0,0,0,0,0,0,,1
1017018,0,1,0,0,0,0,0,,0,0,0,0,0,0,0,0,0,,1
1001335,4,2,1,0,0,0,0,12.0,0,0,0,0,0,0,1,0,0,,1
1002903,0,1,0,0,0,0,0,,0,0,0,0,0,0,0,0,0,,0
1000967,0,1,0,0,0,0,0,,0,0,0,0,0,0,0,0,0,,1
1006201,0,1,0,0,0,0,0,,0,0,0,0,0,0,0,0,0,,0
1012236,0,1,0,0,0,0,0,,0,0,0,0,0,0,0,0,0,,0
1007136,4,2,1,0,1,1,0,9.0,0,0,0,0,0,0,0,0,0,,1
1017519,0,1,0,0,0,0,0,,0,0,0,0,0,0,0,0,0,,0
1005476,0,1,0,0,0,0,0,,0,0,0,0,0,0,0,0,0,,0
1003120,4,2,1,1,0,0,0,2.0,0,0,1,1,0,0,3,0,0,,1
1011075,0,1,0,0,0,0,0,,0,0,0,0,0,0,0,0,0,,0
1003561,0,1,0,0,0,0,0,,0,0,0,0,0,0,0,0,0,,0
1009790,0,1,0,0,0,0,0,,0,0,0,0,0,0,0,0,0,,0
1003720,4,0,1,1,1,0,0,,0,0,1,1,1,1,6,0,0,,1
1007487,0,1,0,0,0,0,0,,0,0,0,0,0,0,0,0,0,,0
1012183,0,1,0,0,0,0,0,,0,0,0,0,0,0,0,0,0,,0
1000181,0,1,0,0,0,0,0,,0,0,0,0,0,0,0,0,0,,0
1001518,0,1,0,0,0,0,0,,0,0,0,0,0,0,0,0,0,,0
1001319,0,1,0,0,0,0,0,,0,0,0,0,0,0,0,0,0,,0
1013710,4,0,1,1,0,0,0,2.0,0,0,1,1,0,0,3,0,0,,1
1011663,4,2,1,1,0,0,0,1.0,0,0,0,1,0,0,2,0,0,,1
1012656,4,2,1,0,0,0,0,,0,0,0,1,0,0,3,0,0,,1
1012005,4,1,1,1,0,0,0,,0,0,0,0,0,0,0,1,1,,1
1017386,0,1,0,0,0,0,0,,0,0,0,0,0,0,0,0,0,,0
1015996,3,1,1,0,1,0,0,2.0,0,0,0,0,0,0,0,0,0,,1
1006292,0,1,1,1,0,0,0,1.0,0,0,0,0,0,0,2,0,0,,1
1001095,4,1,1,0,0,0,0,2.0,0,0,0,1,1,0,3,0,0,,1
1002978,0,0,1,0,0,0,1,,0,0,0,0,0,0,0,0,2,,1
1004241,0,1,0,0,0,0,0,,0,0,0,0,0,0,0,0,0,,0
1015532,0,1,0,0,0,0,0,,0,0,0,0,0,0,0,0,0,,0
1017049,0,1,0,0,0,0,0,,0,0,0,0,0,0,0,0,0,,1
1010078,0,1,0,0,0,0,0,,0,0,0,0,0,0,0,0,0,,0
1001076,4,2,1,0,0,0,0,,0,0,1,1,1,1,6,0,0,,1
1003724,4,1,1,1,0,0,0,,0,0,0,0,0,0,0,1,1,,1
1006175,4,2,1,0,0,1,0,,0,0,1,1,1,1,6,0,0,,1
1000570,0,1,0,0,0,0,0,,0,0,0,0,0,0,0,0,0,,1
1002126,4,1,1,0,1,0,0,,0,0,0,0,0,0,0,1,1,,1
1008644,0,1,0,0,0,0,0,,0,0,0,0,0,0,0,0,0,,1
1011484,0,1,0,0,0,0,0,,0,0,0,0,0,0,0,0,0,,0
1004970,4,2,1,0,0,0,0,2.0,0,0,1,1,1,1,6,0,0,,1
1010747,0,1,0,0,0,0,0,,0,0,0,0,0,0,0,0,0,,0
1014040,0,1,0,0,0,0,0,,0,0,0,0,0,0,0,0,0,,1
1007665,0,1,0,0,0,0,0,,0,0,0,0,0,0,0,0,0,,0
1016080,4,1,1,1,0,0,0,,0,0,0,1,0,0,2,0,0,,1
1015195,0,1,0,0,0,0,0,,0,0,0,0,0,0,0,0,0,,1
1007191,4,2,1,1,1,1,0,,0,0,0,0,0,0,0,0,0,,1
1007324,4,1,1,1,0,0,0,2.0,0,0,0,1,0,0,2,0,0,,1
1012865,0,1,0,0,0,0,0,,0,0,0,0,0,0,0,0,0,,1
1002191,0,1,0,0,0,0,0,,0,0,0,0,0,0,0,0,0,,0
1001302,4,2,1,1,0,0,0,,0,0,0,0,0,0,0,1,1,,1
1016043,0,1,0,0,0,0,0,,0,0,0,0,0,0,0,0,0,,0
1003643,0,1,0,0,0,0,0,,0,0,0,0,0,0,0,0,0,,1
1011901,4,2,1,1,0,0,0,2.0,0,0,1,1,0,0,3,0,0,,1
1004284,4,2,1,1,1,0,0,4.0,0,0,1,1,1,1,6,0,0,,1
1004053,0,1,0,0,0,0,0,,0,0,0,0,0,0,0,0,0,,0
1009755,0,1,0,0,0,0,0,,0,0,0,0,0,0,0,0,0,,1
1010074,0,1,0,0,0,0,0,,0,0,0,0,0,0,0,0,0,,0
1001775,0,1,0,0,0,0,0,,0,0,0,0,0,0,0,0,0,,0
1010733,0,1,0,0,0,0,0,,0,0,0,0,0,0,0,0,0,,0
1006994,0,1,0,0,0,0,0,,0,0,0,0,0,0,0,0,0,,0
1012126,0,1,0,0,0,0,0,,0,0,0,0,0,0,0,0,0,,0
1014565,0,1,0,0,0,0,0,,0,0,0,0,0,0,0,0,0,,0
1008666,0,1,0,0,0,0,0,,0,0,0,0,0,0,0,0,0,,0
1012394,4,2,1,1,1,0,0,,0,0,0,0,1,0,5,0,0,,1
1015215,0,1,0,0,0,0,0,,0,0,0,0,0,0,0,0,0,,0
1006537,0,1,0,0,0,0,0,,0,0,0,0,0,0,0,0,0,,0
1014728,0,1,0,0,0,0,0,,0,0,0,0,0,0,0,0,0,,0
1001414,0,1,0,0,0,0,0,,0,0,0,0,0,0,0,0,0,,0
1017398,4,1,1,0,0,0,0,1.0,0,0,0,0,0,0,0,0,0,,1
1002426,4,0,1,0,0,0,0,,0,0,0,0,0,0,0,0,0,,1
1008456,4,1,1,1,0,0,0,,0,0,0,0,0,0,0,1,1,,1
1002849,4,1,1,1,0,0,0,1.0,0,0,0,1,0,0,2,0,0,,1
1017501,4,1,1,1,1,0,0,,0,0,1,1,1,1,6,0,0,,1
1007060,0,1,0,0,0,0,0,,0,0,0,0,0,0,0,0,0,,0
1008799,4,0,1,0,0,0,0,,0,0,0,0,0,0,0,1,1,,1
1014767,0,1,0,0,0,0,0,,0,0,0,0,0,0,0,0,0,,0
1012047,4,0,1,1,1,1,0,,0,0,0,0,0,0,6,0,0,,1
1003488,4,2,1,1,1,0,0,2.0,1,0,1,1,1,1,6,0,0,,1
1002094,4,2,1,1,0,0,0,,0,0,0,0,0,0,3,0,0,,1
1012500,0,1,0,0,0,0,0,,0,0,0,0,0,0,0,0,0,,0
1003385,0,1,0,0,0,0,0,,0,0,0,0,0,0,0,0,0,,0
1001834,4,2,1,1,1,1,0,,0,0,0,0,0,0,0,0,0,,1
1014265,4,1,1,1,1,1,1,19.0,1,0,1,1,1,1,6,0,0,,1
1011841,4,2,1,0,0,0,1,,0,0,1,1,0,0,3,0,0,,1
1000833,4,2,1,0,0,0,0,,0,1,0,0,0,0,0,0,0,,1
1010827,0,1,0,0,0,0,0,,0,0,0,0,0,0,0,0,0,,0
1008182,0,1,0,0,0,0,0,,0,0,0,0,0,0,0,0,0,,0
1013937,0,1,0,0,0,0,0,,0,0,0,0,0,0,0,0,0,,1
1016624,4,2,1,0,0,0,0,12.0,0,0,0,0,0,0,2,0,0,,1
1016682,0,1,0,0,0,0,0,,0,0,0,0,0,0,0,0,0,,0
1011375,0,0,0,0,0,0,0,,0,0,0,0,0,0,0,0,0,,1
1007696,0,1,0,0,0,0,0,,0,0,0,0,0,0,0,0,0,,0
1008198,4,2,1,1,1,0,0,,0,0,0,1,0,0,2,0,0,,1
1012568,0,1,0,0,0,0,0,,0,0,0,0,0,0,0,0,0,,0
1001837,0,1,0,0,0,0,0,,0,0,0,0,0,0,0,0,0,,0
1013151,0,1,0,0,0,0,0,,0,0,0,0,0,0,0,0,0,,1
1009188,0,1,0,0,0,0,0,,0,0,0,0,0,0,0,0,0,,0
1013327,0,1,0,0,0,0,0,,0,0,0,0,0,0,0,0,0,,0
1013857,0,1,0,0,0,0,0,,0,0,0,0,0,0,0,0,0,,1
1015973,0,0,0,0,0,0,0,,0,0,0,0,0,0,0,0,1,,1
1007350,0,1,0,0,0,0,0,,0,0,0,0,0,0,0,0,0,,0
1002656,4,2,1,1,0,0,0,10.0,1,0,1,1,1,1,6,0,0,,1
1005085,4,2,1,1,0,0,0,,0,0,1,1,1,1,6,0,0,,1
1000501,0,1,0,0,0,0,0,,0,0,0,0,0,0,0,0,0,,0
1004396,0,1,0,0,0,0,0,,0,0,0,0,0,0,0,0,0,,1
1001795,0,1,0,0,0,0,0,,0,0,0,0,0,0,0,0,0,,0
1003149,0,1,0,0,0,0,0,,0,0,0,0,0,0,0,0,0,,0
1002041,4,2,1,1,1,0,0,2.0,0,1,1,1,0,1,4,0,0,,1
1016194,0,1,0,0,0,0,0,,0,0,0,0,0,0,0,0,0,,1
1016522,0,1,0,0,0,0,0,,0,0,0,0,0,0,0,0,0,,0
1009850,0,1,0,0,0,0,0,,0,0,0,0,0,0,0,0,0,,0
1017392,4,2,1,1,1,1,0,,0,0,0,0,0,0,0,0,0,,1
1011542,0,1,0,0,0,0,0,,0,0,0,0,0,0,0,0,0,,0
1008607,4,0,1,0,0,0,0,,0,0,0,1,0,0,2,0,0,,1
1008287,4,0,1,0,0,0,0,,0,0,1,1,0,0,3,0,0,,1
1013279,4,2,1,1,0,0,0,2.0,0,0,0,0,0,0,0,0,0,,1
1004838,4,2,1,1,1,1,0,,1,0,1,1,1,1,6,0,0,,1
1008281,0,1,0,0,0,0,0,,0,0,0,0,0,0,0,0,0,,0
1000225,0,1,0,0,0,0,0,,0,0,0,0,0,0,0,0,0,,0
1005403,0,1,0,0,0,0,0,,0,0,0,0,0,0,0,0,0,,0
1010521,4,2,1,1,1,1,0,,0,0,1,1,1,1,6,0,0,,1
1006280,0,1,0,0,0,0,0,,0,0,0,0,0,0,0,0,0,,0
1014861,4,2,1,1,1,1,0,3.0,0,0,0,1,0,0,5,0,0,,1
1011244,0,1,0,0,0,0,0,,0,0,0,0,0,0,0,0,0,,1
1005606,4,2,1,1,0,0,0,2.0,0,0,0,0,0,0,0,0,0,,1
1013376,0,1,0,0,0,0,0,,0,0,0,0,0,0,0,0,0,,0
1012331,0,1,0,0,0,0,0,,0,0,0,0,0,0,0,0,0,,1
1012200,4,2,1,0,0,0,0,2.0,0,0,0,0,0,0,0,0,0,,1
1015106,0,1,0,0,0,0,0,,0,0,0,0,0,0,0,0,0,,0
1003306,4,1,1,1,0,0,0,,0,0,0,0,0,0,0,1,1,,1
1001928,3,0,1,0,1,0,0,,0,0,0,0,0,0,0,1,1,,1
1004232,0,1,0,0,0,0,0,,0,0,0,0,0,0,0,0,0,,0
1013747,0,1,0,0,0,0,0,,0,0,0,0,0,0,0,0,0,,0
1005253,4,2,1,1,0,0,0,,0,0,1,1,0,0,2,0,0,,1
1017022,0,1,0,0,0,0,0,,0,0,0,0,0,0,0,0,0,,1
1009342,0,1,0,0,0,0,0,,0,0,0,0,0,0,0,0,0,,0
1007655,0,0,0,0,0,0,0,,0,0,0,1,0,0,1,0,0,,1
1009698,0,1,0,0,0,0,0,,0,0,0,0,0,0,0,0,0,,0
1017311,0,1,0,0,0,0,0,,0,0,0,0,0,0,0,0,0,,0
1009243,0,1,0,0,0,0,0,,0,0,0,0,0,0,0,0,0,,0
1002823,0,1,0,0,0,0,0,,0,0,0,0,0,0,0,0,0,,0
1008009,0,1,0,0,0,0,0,,0,0,0,0,0,0,0,0,0,,0
1009120,0,1,0,0,0,0,0,,0,0,0,0,0,0,0,0,0,,0
1015994,4,0,1,1,0,0,0,,0,0,0,0,0,0,0,1,1,,1
1016947,0,1,0,0,0,0,0,,0,0,0,0,0,0,0,0,0,,0
1003121,4,2,1,0,0,0,0,12.0,0,0,0,0,0,0,0,0,0,,1
1002150,4,2,1,0,0,0,0,,0,0,0,1,0,0,2,0,0,,1
1010328,0,1,0,0,0,0,0,,0,0,0,0,0,0,0,0,0,,0
1005537,4,2,1,0,0,0,0,204.0,0,0,1,1,1,1,6,0,0,,1
1015065,4,2,1,1,0,0,0,,0,0,1,1,1,1,6,0,0,,1
1004289,0,1,0,0,0,0,0,,0,0,0,0,0,0,0,0,0,,0
1011304,0,1,0,0,0,0,0,,0,0,0,0,0,0,0,0,0,,0
1000963,4,2,1,1,1,0,0,,0,1,1,1,1,1,6,0,0,,1
1015137,4,2,1,0,0,0,0,,0,0,0,0,0,0,0,0,0,,1
1013430,4,2,1,1,1,0,0,,1,0,1,1,1,1,6,0,0,,1
1004773,0,0,0,0,0,0,0,,0,0,0,0,0,0,0,1,1,,1
1003974,0,1,0,0,0,0,0,,0,0,0,0,0,0,0,0,0,,0
1016342,0,1,0,0,0,0,0,,0,0,0,0,0,0,0,0,0,,0
1015113,4,1,1,1,0,0,0,,0,0,0,0,0,0,0,1,1,,1
1013062,0,1,0,0,0,0,0,,0,0,0,0,0,0,0,0,0,,0
1001199,4,2,1,1,1,1,0,,0,0,1,1,1,1,5,0,0,,1
1017455,0,1,0,0,0,0,0,,0,0,0,0,0,0,0,0,0,,0
1004337,0,1,0,0,0,0,0,,0,0,0,0,0,0,0,0,0,,1
1014901,0,1,0,0,0,0,0,,0,0,0,0,0,0,0,0,0,,0
1002324,0,1,0,0,0,0,0,,0,0,0,0,0,0,0,0,0,,0
1009086,0,0,0,0,0,0,0,,0,0,0,0,0,0,0,0,0,,1
1005679,3,1,1,0,1,0,0,,0,0,0,0,0,0,0,1,1,,1
1017437,4,2,1,1,1,0,0,,0,0,1,1,1,1,6,0,0,,1
1000566,4,0,1,0,1,0,0,3.0,0,1,0,0,0,0,0,0,0,,1
1013215,0,1,0,0,0,0,0,,0,0,0,0,0,0,0,0,0,,0
1008385,0,0,1,0,0,0,0,10.0,0,0,0,0,0,0,1,0,0,,1
1011636,0,1,0,0,0,0,0,,0,0,0,0,0,0,0,0,0,,0
1002142,0,1,0,0,0,0,0,,0,0,0,0,0,0,0,0,0,,0
1014798,4,1,1,0,0,0,1,,0,0,0,1,0,0,2,1,1,,1
1005052,0,1,0,0,0,0,0,,0,0,0,0,0,0,0,0,0,,0
1005166,4,2,1,0,0,0,0,,0,0,0,1,0,0,2,0,0,,1
1007916,0,1,0,0,0,0,0,,0,0,0,0,0,0,0,0,0,,0
1004973,0,1,0,0,0,0,0,,0,0,0,0,0,0,0,0,0,,0
1002196,0,1,0,0,0,0,0,,0,0,0,0,0,0,0,0,0,,0
1004656,0,1,0,0,0,0,0,,0,0,0,0,0,0,0,0,0,,1
1009029,4,2,1,1,1,1,0,,0,0,0,0,0,0,0,0,0,,1
1010410,4,2,1,0,0,0,0,,0,0,0,1,0,0,3,0,0,,1
1003127,0,1,0,0,0,0,0,,0,0,0,0,0,0,0,0,0,,1
1006850,0,1,0,0,0,0,0,,0,0,0,0,0,0,0,0,0,,0
1007763,4,2,1,1,1,1,0,,0,0,0,0,0,0,0,0,0,,1
1009826,0,1,0,0,0,0,0,,0,0,0,0,0,0,0,0,0,,1
1010600,0,1,0,0,0,0,0,,0,0,0,0,0,0,0,0,0,,0
1017260,0,1,0,0,0,0,0,,0,0,0,0,0,0,0,0,0,,0
1000679,0,1,1,1,0,0,0,,0,0,1,0,0,0,2,0,0,,1
1002112,0,1,0,0,0,0,0,,0,0,0,0,0,0,0,0,0,,0
1000905,0,1,0,0,0,0,0,,0,0,0,0,0,0,0,0,0,,0
1004062,0,1,0,0,0,0,0,,0,0,0,0,0,0,0,0,0,,0
1011761,0,1,0,0,0,0,0,,0,0,0,0,0,0,0,0,0,,1
1002519,0,1,0,0,0,0,0,,0,0,0,0,0,0,0,0,0,,0
1006246,4,2,1,0,1,0,0,2000.0,0,0,0,1,1,0,3,0,0,,1
1006981,0,1,0,0,0,0,0,,0,0,0,0,0,0,0,0,0,,0
1004804,0,0,1,0,0,0,1,,0,0,0,1,0,0,2,0,0,,1
1014668,0,1,0,0,0,0,0,,0,0,0,0,0,0,0,0,0,,0
1003082,0,1,0,0,0,0,0,,0,0,0,0,0,0,0,0,0,,1
1014172,4,1,1,1,1,0,0,,0,0,0,1,0,0,7,0,0,,1
1000988,4,1,1,1,0,0,0,2.0,0,0,0,0,0,0,0,0,0,,1
1016805,0,1,0,0,0,0,0,,0,0,0,0,0,0,0,0,0,,0
1000220,0,1,0,0,0,0,0,,0,0,0,0,0,0,0,0,0,,0
1011743,0,1,0,0,0,0,0,,0,0,0,0,0,0,0,0,0,,0
1008660,4,0,1,0,1,0,0,,0,0,0,0,0,0,0,1,1,,1
1002763,0,1,0,0,0,0,0,,0,0,0,0,0,0,0,0,0,,0
1001593,0,1,0,0,0,0,0,,0,0,0,0,0,0,0,0,0,,0
1011867,0,1,0,0,0,0,0,,0,0,0,0,0,0,0,0,0,,0
1006010,4,2,1,1,0,0,0,11.0,0,0,1,1,1,1,6,0,0,,1
1000525,4,2,1,0,0,0,0,3.0,0,0,0,1,0,0,2,0,0,,1
1004530,0,1,0,0,0,0,0,,0,0,0,0,0,0,0,0,0,,0
1001720,0,1,0,0,0,0,0,,0,0,0,0,0,0,0,0,0,,1
1013810,0,1,0,0,0,0,0,,0,0,0,0,0,0,0,0,0,,0
1012255,0,1,0,0,0,0,0,,0,0,0,0,0,0,0,0,0,,0
1001933,4,1,1,0,0,0,0,1.0,0,0,0,0,0,0,0,0,0,,1
1001449,0,1,0,0,0,0,0,,0,0,0,0,0,0,0,0,0,,0
1004668,0,1,0,0,0,0,0,,0,0,0,0,0,0,0,0,0,,0
1006702,4,2,1,1,1,0,1,,0,0,1,1,1,1,6,0,0,,1
1009060,0,1,0,0,0,0,0,,0,0,0,0,0,0,0,0,0,,0
1016242,0,1,0,0,0,0,0,,0,0,0,0,0,0,0,0,0,,0
1016574,0,1,0,0,0,0,0,,0,0,0,0,0,0,0,0,0,,0
1009476,0,1,0,0,0,0,0,,0,0,0,0,0,0,0,0,0,,0
1002438,0,1,0,0,0,0,0,,0,0,0,0,0,0,0,0,0,,0
1008895,0,1,0,0,0,0,0,,0,0,0,0,0,0,0,0,0,,0
1003763,0,1,0,0,0,0,0,,0,0,0,0,0,0,0,0,0,,0
1002922,4,2,1,1,0,0,0,3.0,0,0,0,0,0,0,0,0,0,,1
1002580,0,1,0,0,0,0,0,,0,0,0,0,0,0,0,0,0,,1
1005398,0,1,0,0,0,0,0,,0,0,0,0,0,0,0,0,0,,0
1015615,4,0,1,0,0,0,0,1.0,0,0,0,0,0,0,5,0,0,,1
1011615,0,1,0,0,0,0,0,,0,0,0,0,0,0,0,0,0,,0
1006345,4,1,1,0,0,0,0,,0,0,0,0,0,0,3,0,0,,1
1010972,0,0,0,0,0,0,0,,0,0,0,0,0,0,0,0,0,,1
1000239,4,1,1,0,0,0,0,,0,0,0,1,0,0,2,0,0,,1
1003835,0,1,0,0,0,0,0,,0,0,0,0,0,0,0,0,0,,1
1017350,0,1,0,0,0,0,0,,0,0,0,0,0,0,0,0,0,,0
1015928,0,1,0,0,0,0,0,,0,0,0,0,0,0,0,0,0,,0
1008145,0,1,0,0,0,0,0,,0,0,0,0,0,0,0,0,0,,0
1014895,0,1,0,0,0,0,0,,0,0,0,0,0,0,0,0,0,,0
1017078,0,1,0,0,0,0,0,,0,0,0,0,0,0,0,0,0,,1
1003554,4,2,1,1,0,0,0,6.0,0,0,0,1,0,0,2,0,0,,1
1000365,0,0,0,0,0,0,0,,0,0,0,0,0,0,0,0,0,,1
1004548,0,1,0,0,0,0,0,,0,0,0,0,0,0,0,0,0,,1
1012516,0,1,0,0,0,0,0,,0,0,0,0,0,0,0,0,0,,0
1003102,0,1,0,0,0,0,0,,0,0,0,0,0,0,0,0,0,,0
1005034,0,1,0,0,0,0,0,,0,0,0,0,0,0,0,0,0,,1
1015085,4,2,1,0,0,0,1,,0,0,0,1,0,0,2,0,0,,1
1012670,0,1,0,0,0,0,0,,0,0,0,0,0,0,0,0,0,,0
1004599,4,2,1,1,0,0,0,2.0,0,0,0,0,0,0,0,0,0,,1
1008653,4,1,1,1,0,0,0,2.0,0,0,0,1,0,0,2,0,0,,1
1000724,4,2,1,1,0,0,0,,0,0,1,1,1,1,6,0,0,,1
1004860,0,1,0,0,0,0,0,,0,0,0,0,0,0,0,0,0,,0
1013906,4,2,1,0,0,0,0,,0,0,0,1,0,0,2,0,0,,1
1013183,0,1,0,0,0,0,0,,0,0,0,0,0,0,0,0,0,,0
1010895,0,1,0,0,0,0,0,,0,0,0,0,0,0,0,0,0,,0
1000133,0,1,0,0,0,0,0,,0,0,0,0,0,0,0,0,0,,0
1012493,0,1,0,0,0,0,0,,0,0,0,0,0,0,0,0,0,,0
1011655,0,1,0,0,0,0,0,,0,0,0,0,0,0,0,0,0,,0
1003217,4,1,1,1,0,0,0,,0,0,0,0,0,0,0,1,1,,1
1001205,0,1,0,0,0,0,0,,0,0,0,0,0,0,0,0,0,,0
1010088,4,2,1,1,0,0,0,2.0,0,0,0,0,0,0,0,0,0,,1
1006164,4,2,1,1,0,0,0,,0,0,0,0,0,0,0,1,1,,1
1009398,4,1,1,1,0,0,0,,0,0,0,0,0,0,0,1,1,,1
1011020,4,0,1,1,0,0,0,2.0,0,0,0,1,0,0,2,0,0,,1
1005773,0,1,0,0,0,0,0,,0,0,0,0,0,0,0,0,0,,0
1007511,0,1,0,0,0,0,0,,0,0,0,0,0,0,0,0,0,,1
1003598,0,1,0,0,0,0,0,,0,0,0,0,0,0,0,0,0,,0
1012367,0,1,0,0,0,0,0,,0,0,0,0,0,0,0,0,0,,0
1010435,0,1,0,0,0,0,0,,0,0,0,0,0,0,0,0,0,,1
1016553,0,1,0,0,0,0,0,,0,0,0,0,0,0,0,0,0,,1
1002223,0,1,0,0,0,0,0,,0,0,0,0,0,0,0,0,0,,0
1013069,0,1,0,0,0,0,0,,0,0,0,0,0,0,0,0,0,,1
1013046,4,2,1,1,1,1,0,,0,0,0,0,0,0,8,0,0,,1
1009573,4,1,1,0,1,0,0,2.0,0,0,0,0,0,0,2,0,0,,1
1005870,0,1,0,0,0,0,0,,0,0,0,0,0,0,0,0,0,,0
1014031,0,1,0,0,0,0,0,,0,0,0,0,0,0,0,0,0,,0
1008353,0,1,0,0,0,0,0,,0,0,0,0,0,0,0,0,0,,0
1005327,4,2,1,1,1,1,1,,0,0,0,0,0,0,0,0,0,,1
1011118,0,1,0,0,0,0,0,,0,0,0,0,0,0,0,0,0,,0
1012830,0,0,0,0,0,0,0,,0,0,0,0,0,0,0,0,0,,1
1010380,0,1,0,0,0,0,0,,0,0,0,0,0,0,0,0,0,,0
1006365,0,1,0,0,0,0,0,,0,0,0,0,0,0,0,0,0,,1
1017447,4,2,1,1,1,1,0,,0,0,0,0,0,0,0,0,0,,1
1008150,0,1,0,0,0,0,0,,0,0,0,0,0,0,0,0,0,,0
1014633,4,1,1,0,0,0,0,,0,0,0,1,0,0,1,0,0,,1
1014083,0,1,0,0,0,0,0,,0,0,0,0,0,0,0,0,0,,0
1005005,0,1,0,0,0,0,0,,0,0,0,0,0,0,0,0,0,,0
1002961,4,1,1,1,0,0,0,960.0,0,0,0,0,0,0,0,1,1,,1
1006253,0,1,0,0,0,0,0,,0,0,0,0,0,0,0,0,0,,0
1017310,4,1,1,0,0,0,0,2.0,0,0,1,0,0,0,2,0,0,,1
1016268,4,2,1,1,1,0,0,,0,0,0,1,0,0,2,0,0,,1
1007047,0,1,0,0,0,0,0,,0,0,0,0,0,0,0,0,0,,1
1005981,0,1,0,0,0,0,0,,0,0,0,0,0,0,0,0,0,,0
1001526,0,1,0,0,0,0,0,,0,0,0,0,0,0,0,0,0,,1
1003379,0,1,0,0,0,0,0,,0,0,0,0,0,0,0,0,0,,0
1001055,0,1,0,0,0,0,0,,0,0,0,0,0,0,0,0,0,,0
1007557,0,1,0,0,0,0,0,,0,0,0,0,0,0,0,0,0,,0
1011385,0,1,0,0,0,0,0,,0,0,0,0,0,0,0,0,0,,0
1015912,0,1,0,0,0,0,0,,0,0,0,0,0,0,0,0,0,,1
1011847,0,1,0,0,0,0,0,,0,0,0,0,0,0,0,0,0,,0
1001582,0,1,0,0,0,0,0,,0,0,0,0,0,0,0,0,0,,1
1000678,0,1,0,0,0,0,0,,0,0,0,0,0,0,0,0,0,,0
1000619,0,1,0,0,0,0,0,,0,0,0,0,0,0,0,0,0,,0
1001769,0,1,0,0,0,0,0,,0,0,0,0,0,0,0,0,0,,0
1010208,0,1,0,0,0,0,0,,0,0,0,0,0,0,0,0,0,,0
1017520,0,1,0,0,0,0,0,,0,0,0,0,0,0,0,0,0,,0
1017300,0,1,0,0,0,0,0,,0,0,0,0,0,0,0,0,0,,1
1009443,4,0,1,0,0,0,0,10.0,0,0,0,0,0,0,0,1,1,,1
1009240,0,1,0,0,0,0,0,,0,0,0,0,0,0,0,0,0,,0
1011965,0,1,0,0,0,0,0,,0,0,0,0,0,0,0,0,0,,0
1006787,0,1,0,0,0,0,0,,0,0,0,0,0,0,0,0,0,,0
1003855,0,1,0,0,0,0,0,,0,0,0,0,0,0,0,0,0,,1
1009433,4,2,1,1,1,0,0,,0,1,0,1,0,1,3,0,0,,1
1013795,0,1,0,0,0,0,0,,0,0,0,0,0,0,0,0,0,,0
1006457,0,1,0,0,0,0,0,,0,0,0,0,0,0,0,0,0,,1
1002240,4,2,1,1,0,0,0,,0,0,1,1,1,1,6,0,0,,1
1000634,0,1,0,0,0,0,0,,0,0,0,0,0,0,0,0,0,,0
1008319,4,2,1,1,0,0,0,,0,0,0,1,0,0,4,0,0,,1
1001585,0,1,0,0,0,0,0,,0,0,0,0,0,0,0,0,0,,0
1013918,0,1,0,0,0,0,0,,0,0,0,0,0,0,0,0,0,,0
1007553,0,1,0,0,0,0,0,,0,0,0,0,0,0,0,0,0,,0
1014438,0,1,0,0,0,0,0,,0,0,0,0,0,0,0,0,0,,0
1016961,4,0,1,1,1,0,0,1.0,0,1,0,0,0,0,0,0,0,,1
1003400,0,1,0,0,0,0,0,,0,0,0,0,0,0,0,0,0,,0
1010740,0,1,0,0,0,0,0,,0,0,0,0,0,0,0,0,0,,0
1016592,0,1,0,0,0,0,0,,0,0,0,0,0,0,0,0,0,,0
1008904,0,1,0,0,0,0,0,,0,0,0,0,0,0,0,0,0,,0
1005368,4,2,1,1,1,0,0,,0,1,0,1,0,0,2,0,0,,1
1001659,0,1,0,0,0,0,0,,0,0,0,0,0,0,0,0,0,,0
1013377,4,1,1,0,0,0,0,12.0,0,1,0,1,0,1,3,0,0,,1
1016226,0,1,0,0,0,0,0,,0,0,0,0,0,0,0,0,0,,0
1001353,0,1,0,0,0,0,0,,0,0,0,0,0,0,0,0,0,,0
1013668,0,1,0,0,0,0,0,,0,0,0,0,0,0,0,0,0,,0
1003480,4,0,1,0,0,0,0,,0,0,0,0,0,0,0,0,0,,1
1003387,4,2,1,1,0,0,0,10.0,0,0,0,1,0,0,2,1,1,,1
1001389,0,1,0,0,0,0,0,,0,0,0,0,0,0,0,0,0,,0
1007764,0,1,0,0,0,0,0,,0,0,0,0,0,0,0,0,0,,1
1013754,0,1,0,0,0,0,0,,0,0,0,0,0,0,0,0,0,,0
1012702,0,1,0,0,0,0,0,,0,0,0,0,0,0,0,0,0,,0
1013909,0,0,1,0,0,0,1,,0,0,0,0,0,0,0,1,1,,1
1014497,4,2,1,1,0,0,0,,0,1,1,1,1,1,6,0,0,,1
1008902,4,2,1,1,0,0,0,3.0,0,0,0,1,0,0,3,0,0,,1
1016935,0,1,0,0,0,0,0,,0,0,0,0,0,0,0,0,0,,1
1007139,0,1,0,0,0,0,0,,0,0,0,0,0,0,0,0,0,,0
1013800,4,2,1,1,1,0,0,,0,1,1,1,1,1,6,0,0,,1
1000744,0,1,0,0,0,0,0,,0,0,0,0,0,0,0,0,0,,0
1004923,0,1,0,0,0,0,0,,0,0,0,0,0,0,0,0,0,,0
1012449,0,1,0,0,0,0,0,,0,0,0,0,0,0,0,0,0,,0
1000807,4,2,1,0,0,1,0,10.0,0,1,0,1,0,0,2,0,0,,1
1005076,0,1,0,0,0,0,0,,0,0,0,0,0,0,0,0,0,,0
1007640,0,1,0,0,0,0,0,,0,0,0,0,0,0,0,0,0,,0
1009558,0,1,0,0,0,0,0,,0,0,0,0,0,0,0,0,0,,0
1010556,4,1,1,1,0,0,0,,0,0,0,0,0,0,0,1,1,,1
1006436,4,2,1,0,1,0,1,,0,0,0,0,0,0,0,0,0,,1
1004047,4,0,1,1,0,0,0,,0,0,0,0,0,0,0,0,0,,1
1012304,0,1,0,0,0,0,0,,0,0,0,0,0,0,0,0,0,,0
1000681,0,1,0,0,0,0,0,,0,0,0,0,0,0,0,0,0,,1
1015690,0,1,0,0,0,0,0,,0,0,0,0,0,0,0,0,0,,0
1014443,0,1,0,0,0,0,0,,0,0,0,0,0,0,0,0,0,,0
1002288,0,1,0,0,0,0,0,,0,0,0,0,0,0,0,0,0,,1
1005215,4,1,1,1,1,1,0,,0,0,0,0,0,0,0,1,1,,1
1002768,0,1,0,0,0,0,0,,0,0,0,0,0,0,0,0,0,,0
1004962,0,1,0,0,0,0,0,,0,0,0,0,0,0,0,0,0,,1
1008516,0,1,0,0,0,0,0,,0,0,0,0,0,0,0,0,0,,0
1012311,0,1,0,0,0,0,0,,0,0,0,0,0,0,0,0,0,,1
1001238,0,1,0,0,0,0,0,,0,0,0,0,0,0,0,0,0,,0
1010392,4,2,1,1,0,0,0,12.0,0,0,1,1,1,1,6,0,0,,1
1011225,3,0,1,0,0,0,0,,0,0,0,1,0,0,2,0,0,,1
1004434,0,1,0,0,0,0,0,,0,0,0,0,0,0,0,0,0,,0
1017242,0,1,1,0,0,0,0,2.0,0,0,0,0,0,0,1,0,0,,1
1014469,4,2,1,0,0,1,0,14.0,0,0,1,1,1,1,6,0,0,,1
1004813,0,1,0,0,0,0,0,,0,0,0,0,0,0,0,0,0,,0
1005187,0,1,0,0,0,0,0,,0,0,0,0,0,0,0,0,0,,0
1011828,0,1,0,0,0,0,0,,0,0,0,0,0,0,0,0,0,,0
1007279,0,1,0,0,0,0,0,,0,0,0,0,0,0,0,0,0,,0
1015593,0,1,0,0,0,0,0,,0,0,0,0,0,0,0,0,0,,0
1001512,0,1,0,0,0,0,0,,0,0,0,0,0,0,0,0,0,,0
1000023,0,1,0,0,0,0,0,,0,0,0,0,0,0,0,0,0,,0
1010473,4,0,1,0,0,0,0,,0,0,0,0,0,0,1,0,0,,1
1007409,0,1,0,0,0,0,0,,0,0,0,0,0,0,0,0,0,,0
1011646,0,1,0,0,0,0,0,,0,0,0,0,0,0,0,0,0,,0
1004619,0,1,0,0,0,0,0,,0,0,0,0,0,0,0,0,0,,0
1003272,4,2,1,1,0,0,0,,0,0,1,1,1,1,6,0,0,,1
1007363,0,1,0,0,0,0,0,,0,0,0,0,0,0,0,0,0,,1
1012370,0,1,0,0,0,0,0,,0,0,0,0,0,0,0,0,0,,0
1006168,4,2,1,1,1,0,0,2200.0,0,0,1,1,0,1,4,0,0,,1
1004643,0,1,0,0,0,0,0,,0,0,0,0,0,0,0,0,0,,1
1009021,0,1,0,0,0,0,0,,0,0,0,0,0,0,0,0,0,,0
1011456,4,1,1,1,0,0,0,12.0,0,0,0,0,0,0,6,0,0,,1
1011667,4,2,1,1,1,1,0,4.0,0,0,0,0,0,0,0,0,0,,1
1011540,4,0,1,0,0,0,1,,0,0,0,0,0,0,0,1,1,,1
1000360,0,0,0,0,0,0,0,,0,0,0,0,0,0,0,1,1,,1
1000272,0,1,0,0,0,0,0,,0,0,0,0,0,0,0,0,0,,0
1011366,0,1,0,0,0,0,0,,0,0,0,0,0,0,0,0,0,,0
1007149,0,1,0,0,0,0,0,,0,0,0,0,0,0,0,0,0,,0
1014323,0,1,0,0,0,0,0,,0,0,0,0,0,0,0,0,0,,0
1000482,4,1,1,1,1,0,0,,0,1,1,1,1,1,5,0,0,,1
1000384,0,0,0,0,0,0,0,,0,0,0,0,0,0,0,1,1,,1
1016327,0,1,0,0,0,0,0,,0,0,0,0,0,0,0,0,0,,1
1017500,0,1,0,0,0,0,0,,0,0,0,0,0,0,0,0,0,,0
1012117,0,1,0,0,0,0,0,,0,0,0,0,0,0,0,0,0,,0
1013729,0,1,0,0,0,0,0,,0,0,0,0,0,0,0,0,0,,0
1013463,4,2,1,1,1,1,1,,0,0,0,0,0,0,0,1,1,,1
1013165,4,0,1,0,0,0,0,,0,0,0,0,0,0,1,0,0,,1
1004701,0,1,0,0,0,0,0,,0,0,0,0,0,0,0,0,0,,0
1002334,0,0,1,0,0,0,0,,0,0,0,0,0,0,1,0,0,,1
1014666,0,0,0,0,0,0,0,,0,0,0,0,0,0,0,1,1,,1
1008520,0,1,0,0,0,0,0,,0,0,0,0,0,0,0,0,0,,0
1016071,0,1,0,0,0,0,0,,0,0,0,0,0,0,0,0,0,,0
1017473,0,1,0,0,0,0,0,,0,0,0,0,0,0,0,0,0,,0
1003055,4,2,1,0,0,0,0,,0,0,0,1,0,0,2,0,0,,1
1008071,0,1,0,0,0,0,0,,0,0,0,0,0,0,0,0,0,,0
1008283,0,1,0,0,0,0,0,,0,0,0,0,0,0,0,0,0,,0
1003749,4,1,1,0,0,1,0,,0,0,0,0,0,0,0,1,1,,1
1014592,0,1,0,0,0,0,0,,0,0,0,0,0,0,0,0,0,,0
1011014,0,1,0,0,0,0,0,,0,0,0,0,0,0,0,0,0,,0
1007650,0,1,0,0,0,0,0,,0,0,0,0,0,0,0,0,0,,0
1016389,4,2,1,0,0,0,1,,0,0,0,1,0,0,2,0,0,,1
1007432,4,1,1,1,0,0,0,,0,0,0,0,0,0,0,1,1,,1
1002617,4,2,1,0,0,0,1,,0,0,0,1,0,0,2,0,0,,1
1004930,0,1,0,0,0,0,0,,0,0,0,0,0,0,0,0,0,,0
1011724,0,1,0,0,0,0,0,,0,0,0,0,0,0,0,0,0,,0
1007918,4,2,1,1,1,1,0,,0,0,0,0,0,0,0,0,0,,1
1002492,0,1,0,0,0,0,0,,0,0,0,0,0,0,0,0,0,,1
1015638,0,1,0,0,0,0,0,,0,0,0,0,0,0,0,0,0,,1
1005028,0,1,0,0,0,0,0,,0,0,0,0,0,0,0,0,0,,0
1000755,0,1,0,0,0,0,0,,0,0,0,0,0,0,0,0,0,,0
1016870,4,1,1,0,0,0,0,,0,0,0,1,0,0,2,1,1,,1
1007334,4,2,1,0,0,0,0,,0,0,0,0,0,0,1,0,0,,1
1004459,0,1,0,0,0,0,0,,0,0,0,0,0,0,0,0,0,,1
1011126,4,0,1,0,0,0,0,,0,0,0,0,0,0,0,1,1,,1
1001351,4,1,1,1,0,0,0,1378.0,0,0,0,0,0,0,0,1,1,,1
1010044,4,2,1,1,1,1,1,,0,0,1,1,1,1,5,0,0,,1
1006725,0,1,0,0,0,0,0,,0,0,0,0,0,0,0,0,0,,0
1002898,0,1,0,0,0,0,0,,0,0,0,0,0,0,0,0,0,,0
1007459,0,1,0,0,0,0,0,,0,0,0,0,0,0,0,0,0,,0
1012342,0,1,0,0,0,0,0,,0,0,0,0,0,0,0,0,0,,0
1009513,4,2,1,1,0,0,0,,0,0,0,1,0,0,2,0,0,,1
1008234,0,1,0,0,0,0,0,,0,0,0,0,0,0,0,0,0,,0
1000022,4,2,1,0,0,0,0,,1,0,0,1,1,0,3,0,0,,1
1006227,0,1,0,0,0,0,0,,0,0,0,0,0,0,0,0,0,,0
1006411,0,1,0,0,0,0,0,,0,0,0,0,0,0,0,0,0,,0
1008342,0,1,0,0,0,0,0,,0,0,0,0,0,0,0,0,0,,0
1008171,0,1,0,0,0,0,0,,0,0,0,0,0,0,0,0,0,,1
1000650,4,1,1,0,0,0,1,,0,0,0,1,0,0,2,0,0,,1
1012187,4,0,1,1,0,0,0,,0,0,0,0,0,0,0,1,1,,1
1005483,4,2,1,0,0,0,0,2.0,0,0,0,0,0,0,1,0,0,,1
1007611,0,1,0,0,0,0,0,,0,0,0,0,0,0,0,0,0,,0
1016536,0,1,0,0,0,0,0,,0,0,0,0,0,0,0,0,0,,0
1000915,0,1,0,0,0,0,0,,0,0,0,0,0,0,0,0,0,,0
1009744,0,1,0,0,0,0,0,,0,0,0,0,0,0,0,0,0,,0
1011401,0,0,0,0,0,0,0,,0,0,0,0,0,0,0,0,1,,1
1010779,0,1,0,0,0,0,0,,0,0,0,0,0,0,0,0,0,,1
1015216,0,1,0,0,0,0,0,,0,0,0,0,0,0,0,0,0,,0
1017151,0,1,0,0,0,0,0,,0,0,0,0,0,0,0,0,0,,0
1004857,0,1,0,0,0,0,0,,0,0,0,0,0,0,0,0,0,,0
1011367,4,2,1,1,1,1,0,,0,0,1,1,1,1,6,0,0,,1
1013339,0,1,0,0,0,0,0,,0,0,0,0,0,0,0,0,0,,0
1000066,0,1,0,0,0,0,0,,0,0,0,0,0,0,0,0,0,,0
1008345,4,1,1,1,0,0,0,,0,0,0,0,0,0,0,1,1,,1
1002206,0,1,0,0,0,0,0,,0,0,0,0,0,0,0,0,0,,1
1016324,0,1,0,0,0,0,0,,0,0,0,0,0,0,0,0,0,,0
1017281,0,1,0,0,0,0,0,,0,0,0,0,0,0,0,0,0,,0
1008474,0,1,0,0,0,0,0,,0,0,0,0,0,0,0,0,0,,0
1007938,0,1,0,0,0,0,0,,0,0,0,0,0,0,0,0,0,,1
1003012,0,1,0,0,0,0,0,,0,0,0,0,0,0,0,0,0,,1
1004855,4,1,1,0,0,0,0,2052.0,0,0,0,0,0,0,0,1,1,,1
1009368,0,1,0,0,0,0,0,,0,0,0,0,0,0,0,0,0,,1
1012361,4,1,1,1,0,0,0,,0,0,0,0,0,0,0,1,1,,1
1002697,0,0,0,0,0,0,0,,0,0,0,0,0,0,0,0,0,,1
1013525,0,1,0,0,0,0,0,,0,0,0,0,0,0,0,0,0,,0
1002696,0,1,0,0,0,0,0,,0,0,0,0,0,0,0,0,0,,0
1008821,0,1,0,0,0,0,0,,0,0,0,0,0,0,0,0,0,,0
1006387,0,1,0,0,0,0,0,,0,0,0,0,0,0,0,0,0,,0
1002698,0,1,0,0,0,0,0,,0,0,0,0,0,0,0,0,0,,1
1000148,0,1,0,0,0,0,0,,0,0,0,0,0,0,0,0,0,,0
1005140,0,1,0,0,0,0,0,,0,0,0,0,0,0,0,0,0,,1
1007970,4,2,1,1,0,0,0,30.0,0,0,0,0,0,0,0,1,1,,1
1007658,4,1,1,0,1,0,0,,0,0,1,1,0,0,2,0,0,,1
1014751,0,1,0,0,0,0,0,,0,0,0,0,0,0,0,0,0,,0
1007364,0,0,0,0,0,0,0,,0,0,0,0,0,0,0,1,1,,1
1014004,4,0,1,0,1,0,0,,0,0,0,0,0,0,0,1,1,,1
1008696,4,2,1,1,0,0,0,,1,0,1,1,1,1,6,0,0,,1
1003678,0,1,0,0,0,0,0,,0,0,0,0,0,0,0,0,0,,0
1015067,0,1,0,0,0,0,0,,0,0,0,0,0,0,0,0,0,,0
1003026,4,2,1,1,1,1,0,,0,0,0,0,0,0,0,0,0,,1
1016010,0,1,0,0,0,0,0,,0,0,0,0,0,0,0,0,0,,0
1007789,0,1,0,0,0,0,0,,0,0,0,0,0,0,0,0,0,,0
1016087,0,1,0,0,0,0,0,,0,0,0,0,0,0,0,0,0,,0
1013839,0,1,0,0,0,0,0,,0,0,0,0,0,0,0,0,0,,0
1016899,0,1,0,0,0,0,0,,0,0,0,0,0,0,0,0,0,,0
1015595,0,1,0,0,0,0,0,,0,0,0,0,0,0,0,0,0,,0
1016284,4,1,1,1,0,0,0,,0,0,0,0,0,0,0,1,1,,1
1007125,0,1,0,0,0,0,0,,0,0,0,0,0,0,0,0,0,,0
1006816,4,0,1,0,1,0,0,,0,0,0,0,0,0,0,1,1,,1
1000283,4,2,1,1,0,0,0,2.0,0,0,0,0,0,0,0,1,1,,1
1011507,4,2,0,0,0,0,0,,0,0,0,0,0,0,1,0,0,,1
1016291,0,1,0,0,0,0,0,,0,0,0,0,0,0,0,0,0,,0
1007538,0,1,0,0,0,0,0,,0,0,0,0,0,0,0,0,0,,1
1013750,2,0,1,0,0,0,0,,0,0,0,0,0,0,0,1,1,,1
1005643,0,1,0,0,0,0,0,,0,0,0,0,0,0,0,0,0,,1
1006112,0,1,0,0,0,0,0,,0,0,0,0,0,0,0,0,0,,1
1000935,4,1,1,0,0,0,0,722.0,0,0,0,0,0,0,0,1,1,,1
1009918,0,1,0,0,0,0,0,,0,0,0,0,0,0,0,0,0,,1
1002436,4,0,1,1,1,0,1,4.0,0,0,0,0,0,0,0,1,1,,1
1002485,4,1,1,1,0,0,0,1.0,0,0,0,1,0,0,2,0,0,,1
1009424,4,0,1,1,1,1,0,,0,0,0,0,0,0,5,0,0,,1
1007444,0,1,0,0,0,0,0,,0,0,0,0,0,0,0,0,0,,0
1007542,0,1,0,0,0,0,0,,0,0,0,0,0,0,0,0,0,,0
1008991,4,0,1,1,0,0,0,2.0,0,0,0,0,0,0,0,1,1,,1
1003056,0,1,0,0,0,0,0,,0,0,0,0,0,0,0,0,0,,0
1007941,4,0,1,0,0,0,1,,0,0,0,0,0,0,0,1,1,,1
1014312,0,1,0,0,0,0,0,,0,0,0,0,0,0,0,0,0,,0
1013059,0,1,0,0,0,0,0,,0,0,0,0,0,0,0,0,0,,1
1011951,4,2,1,1,0,0,0,5.0,0,0,0,0,0,0,0,1,1,,1
1000813,4,2,1,1,1,0,0,2.0,0,0,0,0,0,0,6,1,1,,1
1017075,4,2,1,0,0,0,0,,0,0,0,1,0,0,2,0,0,,1
1007561,4,0,1,0,0,0,1,,0,0,0,0,0,0,0,1,1,,1
1012951,0,1,0,0,0,0,0,,0,0,0,0,0,0,0,0,0,,1
1010128,0,1,0,0,0,0,0,,0,0,0,0,0,0,0,0,0,,1
1012909,4,1,1,0,0,0,0,655.0,0,0,0,0,0,0,0,1,1,,1
1000290,0,1,0,0,0,0,0,,0,0,0,0,0,0,0,0,0,,0
1005247,0,1,0,0,0,0,0,,0,0,0,0,0,0,0,0,0,,0
1006165,4,1,1,0,0,0,0,,0,0,0,1,0,0,2,0,0,,1
1015063,4,2,1,0,0,1,0,10.0,0,0,1,1,0,0,3,0,0,,1
1016537,0,1,0,0,0,0,0,,0,0,0,0,0,0,0,0,0,,1
1003445,4,2,1,0,0,0,0,,0,0,0,0,0,0,4,0,0,,1
1016579,0,1,0,0,0,0,0,,0,0,0,0,0,0,0,0,0,,0
1008065,4,2,1,1,1,1,0,,0,0,1,1,1,1,6,0,0,,1
1015324,0,1,0,0,0,0,0,,0,0,0,0,0,0,0,0,0,,1
1004824,3,1,1,0,1,0,0,,0,0,0,0,0,0,0,0,1,,1
1004975,4,0,1,0,0,0,1,,0,0,0,1,0,0,2,0,0,,1
1000262,0,0,0,0,0,0,0,,0,0,0,0,0,0,0,0,0,,1
1001569,4,2,1,1,0,0,1,,0,1,1,1,1,1,6,1,1,,1
1003706,4,1,1,0,1,0,0,,0,0,0,0,0,0,0,1,1,,1
1009248,4,0,1,0,1,0,0,827.0,0,0,0,0,0,0,0,1,1,,1
1001017,0,1,0,0,0,0,0,,0,0,0,0,0,0,0,0,0,,0
1013472,4,1,1,1,0,0,0,12.0,0,0,1,1,1,1,6,0,0,,1
1009011,0,1,0,0,0,0,0,,0,0,0,0,0,0,0,0,0,,0
1006125,0,1,0,0,0,0,0,,0,0,0,0,0,0,0,0,0,,0
1015679,0,1,0,0,0,0,0,,0,0,0,0,0,0,0,0,0,,0
1017338,4,2,1,1,1,0,0,828.0,0,0,1,1,1,1,6,0,0,,1
1000643,0,1,0,0,0,0,0,,0,0,0,0,0,0,0,0,0,,0
1004003,0,1,0,0,0,0,0,,0,0,0,0,0,0,0,0,0,,0
1014180,0,1,0,0,0,0,0,,0,0,0,0,0,0,0,0,0,,1
1010189,0,1,0,0,0,0,0,,0,0,0,0,0,0,0,0,0,,0
1010159,4,1,1,1,1,1,0,2.0,0,0,1,1,1,1,6,0,0,,1
1009269,0,1,0,0,0,0,0,,0,0,0,0,0,0,0,0,0,,0
1002489,0,1,0,0,0,0,0,,0,0,0,0,0,0,0,0,0,,0
1002384,4,2,1,0,0,0,0,,0,0,0,1,0,0,2,0,0,,1
1006995,0,1,0,0,0,0,0,,0,0,0,0,0,0,0,0,0,,0
1017219,0,1,0,0,0,0,0,,0,0,0,0,0,0,0,0,0,,0
1004868,4,1,1,1,1,0,0,180.0,0,0,0,1,1,1,4,1,1,,1
1016426,4,2,1,0,0,0,0,,0,0,0,1,0,0,3,0,0,,1
1009292,0,1,0,0,0,0,0,,0,0,0,0,0,0,0,0,0,,0
1008917,0,1,0,0,0,0,0,,0,0,0,0,0,0,0,0,0,,0
1000975,0,1,0,0,0,0,0,,0,0,0,0,0,0,0,0,0,,0
1010037,0,1,0,0,0,0,0,,0,0,0,0,0,0,0,0,0,,0
1001249,0,1,0,0,0,0,0,,0,0,0,0,0,0,0,0,0,,0
1008121,0,1,0,0,0,0,0,,0,0,0,0,0,0,0,0,0,,1
1006377,0,1,0,0,0,0,0,,0,0,0,0,0,0,0,0,0,,0
1014432,4,2,1,0,0,0,1,,0,0,0,1,0,0,2,0,0,,1
1004208,4,1,1,0,0,0,0,950.0,0,0,0,0,0,0,0,1,1,,1
1004658,0,1,0,0,0,0,0,,0,0,0,0,0,0,0,0,0,,1
1015459,4,2,1,1,0,0,0,2.0,0,0,1,1,1,1,6,0,0,,1
1003957,0,1,0,0,0,0,0,,0,0,0,0,0,0,0,0,0,,0
1015150,4,2,1,0,0,0,0,,0,0,0,1,0,0,2,0,0,,1
1002729,0,1,0,0,0,0,0,,0,0,0,0,0,0,0,0,0,,1
1003959,0,1,0,0,0,0,0,,0,0,0,0,0,0,0,0,0,,0
1001064,0,1,0,0,0,0,0,,0,0,0,0,0,0,0,0,0,,0
1006208,0,1,0,0,0,0,0,,0,0,0,0,0,0,0,0,0,,0
1002992,0,1,0,0,0,0,0,,0,0,0,0,0,0,0,0,0,,0
1016568,0,1,0,0,0,0,0,,0,0,0,0,0,0,0,0,0,,0
1010500,0,1,0,0,0,0,0,,0,0,0,0,0,0,0,0,0,,0
1001397,4,2,1,1,0,0,0,3.0,0,1,0,0,0,0,2,0,0,,1
1000727,4,2,1,1,0,0,0,,0,0,0,1,1,1,4,0,0,,1
1015045,4,2,1,1,1,0,0,,0,0,0,0,0,0,5,0,0,,1
1012279,0,1,0,0,0,0,0,,0,0,0,0,0,0,0,0,0,,1
1004479,0,1,0,0,0,0,0,,0,0,0,0,0,0,0,0,0,,0
1009430,0,1,0,0,0,0,0,,0,0,0,0,0,0,0,0,0,,0
1015877,0,1,0,0,0,0,0,,0,0,0,0,0,0,0,0,0,,0
1009374,0,1,0,0,0,0,0,,0,0,0,0,0,0,0,0,0,,1
1006367,4,1,1,1,0,0,0,,0,0,0,0,0,0,0,1,1,,1
1000435,4,2,1,0,0,0,1,,0,0,0,1,0,0,2,0,0,,1
1012803,0,1,0,0,0,0,0,,0,0,0,0,0,0,0,0,0,,1
1005513,0,1,0,0,0,0,0,,0,0,0,0,0,0,0,0,0,,0
1010406,0,1,0,0,0,0,0,,0,0,0,0,0,0,0,0,0,,1
1009455,0,1,0,0,0,0,0,,0,0,0,0,0,0,0,0,0,,0
1012441,0,1,0,0,0,0,0,,0,0,0,0,0,0,0,0,0,,0
1011440,0,1,0,0,0,0,0,,0,0,0,0,0,0,0,0,0,,0
1004588,0,1,0,0,0,0,0,,0,0,0,0,0,0,0,0,0,,0
1016118,0,1,0,0,0,0,0,,0,0,0,0,0,0,0,0,0,,0
1007534,4,2,1,0,0,1,0,,0,0,0,0,0,0,3,0,0,,1
1008553,0,1,0,0,0,0,0,,0,0,0,0,0,0,0,0,0,,0
1001267,0,1,0,0,0,0,0,,0,0,0,0,0,0,0,0,0,,0
1003836,0,1,0,0,0,0,0,,0,0,0,0,0,0,0,0,0,,1
1017470,0,1,0,0,0,0,0,,0,0,0,0,0,0,0,0,0,,0
1000571,4,2,1,1,1,1,0,4.0,0,0,1,1,1,1,5,0,0,,1
1015231,4,2,1,1,0,0,0,2.0,0,0,1,1,1,1,6,0,0,,1
1010912,0,1,0,0,0,0,0,,0,0,0,0,0,0,0,0,0,,0
1000764,0,1,0,0,0,0,0,,0,0,0,0,0,0,0,0,0,,0
1008736,0,1,0,0,0,0,0,,0,0,0,0,0,0,0,0,0,,0
1015410,0,1,0,0,0,0,0,,0,0,0,0,0,0,0,0,0,,0
1014333,0,0,0,0,0,0,0,,0,0,0,0,0,0,0,0,0,,1
1016912,0,1,0,0,0,0,0,,0,0,0,0,0,0,0,0,0,,0
1014000,4,2,1,1,0,0,0,,0,0,0,0,0,0,0,0,0,,1
1012635,0,1,0,0,0,0,0,,0,0,0,0,0,0,0,0,0,,0
1014870,0,1,0,0,0,0,0,,0,0,0,0,0,0,0,0,0,,1
1006592,0,1,0,0,0,0,0,,0,0,0,0,0,0,0,0,0,,0
1000828,0,1,0,0,0,0,0,,0,0,0,0,0,0,0,0,0,,0
1003277,4,0,1,1,0,0,0,,0,0,0,0,0,0,0,1,1,,1
1017123,4,2,1,0,1,0,0,,0,0,0,0,0,0,3,0,0,,1
1002019,4,2,1,1,1,1,0,,0,0,0,0,0,0,0,0,0,,1
1006612,0,1,0,0,0,0,0,,0,0,0,0,0,0,0,0,0,,0
1009973,0,1,0,0,0,0,0,,0,0,0,0,0,0,0,0,0,,1
1006020,4,2,1,1,1,1,0,,0,0,0,0,0,0,0,0,0,,1
1016589,0,1,0,0,0,0,0,,0,0,0,0,0,0,0,0,0,,1
1012317,0,1,0,0,0,0,0,,0,0,0,0,0,0,0,0,0,,0
1000683,0,1,0,0,0,0,0,,0,0,0,0,0,0,0,0,0,,0
1013237,0,0,0,0,0,0,0,2.0,0,0,0,0,0,0,0,0,0,,1
1010331,0,1,0,0,0,0,0,,0,0,0,0,0,0,0,0,0,,1
1010461,4,1,1,0,0,0,0,,0,0,0,0,0,0,0,0,0,,1
1011101,3,0,1,0,0,0,1,,0,0,0,0,0,0,0,1,1,,1
1008905,0,1,0,0,0,0,0,,0,0,0,0,0,0,0,0,0,,1
1005799,4,2,1,1,0,0,0,,0,0,0,1,0,0,2,0,0,,1
1013099,4,1,1,0,0,0,1,,0,0,0,1,0,0,2,1,1,,1
1014167,0,1,0,0,0,0,0,,0,0,0,0,0,0,0,0,0,,0
1004013,0,0,0,0,0,0,0,,0,0,0,0,0,0,0,0,0,,1
1012018,0,1,0,0,0,0,0,,0,0,0,0,0,0,0,0,0,,0
1009145,4,2,1,0,0,0,0,,0,0,0,0,0,0,2,0,0,,1
1006793,4,2,1,1,0,0,0,,0,0,0,0,0,0,0,0,0,,1
1002936,0,1,0,0,0,0,0,,0,0,0,0,0,0,0,0,0,,1
1003805,0,1,0,0,0,0,0,,0,0,0,0,0,0,0,0,0,,0
1004300,4,2,1,1,1,1,0,,0,0,1,1,1,1,5,0,0,,1
1007813,0,1,0,0,0,0,0,,0,0,0,0,0,0,0,0,0,,0
1001855,4,1,1,1,0,0,0,,0,0,0,1,0,0,1,0,0,,1
1006510,0,1,0,0,0,0,0,,0,0,0,0,0,0,0,0,0,,0
1013609,0,1,0,0,0,0,0,,0,0,0,0,0,0,0,0,0,,0
1004721,0,1,0,0,0,0,0,,0,0,0,0,0,0,0,0,0,,0
1007589,0,1,0,0,0,0,0,,0,0,0,0,0,0,0,0,0,,0
1001018,0,1,0,0,0,0,0,,0,0,0,0,0,0,0,0,0,,0
1010990,0,1,0,0,0,0,0,,0,0,0,0,0,0,0,0,0,,1
1002366,0,1,0,0,0,0,0,,0,0,0,0,0,0,0,0,0,,0
1014551,0,1,0,0,0,0,0,,0,0,0,0,0,0,0,0,0,,0
1004684,4,1,1,1,0,0,0,4.0,0,1,0,1,0,0,2,0,0,,1
1010349,0,1,0,0,0,0,0,,0,0,0,0,0,0,0,0,0,,0
1000278,0,1,0,0,0,0,0,,0,0,0,0,0,0,0,0,0,,1
1008224,0,1,0,0,0,0,0,,0,0,0,0,0,0,0,0,0,,0
1003812,4,1,1,1,1,0,0,,0,0,0,0,0,0,0,0,0,,1
1009082,0,1,0,0,0,0,0,,0,0,0,0,0,0,0,0,0,,0
1000738,0,1,0,0,0,0,0,,0,0,0,0,0,0,0,0,0,,0
1012980,4,2,1,1,1,0,1,,0,0,0,1,0,0,8,0,0,,1
1007475,4,2,1,1,1,0,0,,0,0,1,1,1,1,6,0,0,,1
1016310,0,1,0,0,0,0,0,,0,0,0,0,0,0,0,0,0,,0
1016796,0,1,0,0,0,0,0,,0,0,0,0,0,0,0,0,0,,0
1010036,4,2,1,0,0,0,0,,0,0,0,0,0,0,1,0,0,,1
1013566,4,2,1,1,0,0,0,2.0,0,0,0,0,0,0,0,1,1,,1
1005336,4,2,1,1,1,0,0,,0,0,1,1,1,1,6,0,0,,1
1007712,4,2,1,1,0,0,0,,0,0,0,0,0,0,0,1,1,,1
1013573,4,2,1,1,1,0,0,,0,1,0,1,1,1,7,0,0,,1
1003641,4,2,1,1,0,0,0,2.0,0,0,1,1,1,0,4,0,0,,1
1011182,4,2,1,1,1,0,0,2.0,0,0,0,0,0,0,7,0,0,,1
1015198,0,1,0,0,0,0,0,,0,0,0,0,0,0,0,0,0,,0
1007951,4,1,1,0,1,0,0,,0,0,0,0,0,0,0,1,1,,1
1010520,4,2,1,1,0,0,0,10.0,0,0,0,0,0,0,1,0,0,,1
1015484,0,0,1,0,1,0,0,,0,0,0,0,0,0,0,1,1,,1
1014783,0,1,0,0,0,0,0,,0,0,0,0,0,0,0,0,0,,0
1005874,0,1,0,0,0,0,0,,0,0,0,0,0,0,0,0,0,,0
1010700,4,2,1,1,1,1,0,,0,0,0,0,0,0,0,0,0,,1
1016102,4,1,1,0,0,0,0,,0,0,0,1,0,0,2,0,0,,1
1001511,0,1,0,0,0,0,0,,0,0,0,0,0,0,0,0,0,,0
1006660,4,0,0,0,0,0,0,2.0,0,0,0,1,0,0,1,0,0,,1
1010045,0,1,0,0,0,0,0,,0,0,0,0,0,0,0,0,0,,0
1005051,4,2,1,0,0,0,0,,0,0,0,1,1,1,5,0,0,,1
1017395,0,1,0,0,0,0,0,,0,0,0,0,0,0,0,0,0,,0
1011091,0,1,0,0,0,0,0,,0,0,0,0,0,0,0,0,0,,0
1003754,4,2,1,0,1,0,0,,0,0,1,1,1,1,6,0,0,,1
1014005,4,0,1,1,0,0,0,,0,0,0,0,0,0,0,0,0,,1
1015619,4,2,1,1,0,0,0,2.0,0,1,0,0,0,0,0,0,0,,1
1017194,0,1,0,0,0,0,0,,0,0,0,0,0,0,0,0,0,,0
1008716,0,0,0,0,0,0,0,,0,0,0,0,0,0,0,0,0,,1
1003418,4,2,1,1,1,1,1,,0,0,0,0,0,0,0,0,0,,1
1005880,0,1,0,0,0,0,0,,0,0,0,0,0,0,0,0,0,,0
1016973,4,2,1,1,0,0,0,1.0,0,0,1,1,1,1,6,0,0,,1
1000247,4,2,1,1,1,0,0,,0,0,1,1,1,1,6,0,0,,1
1016320,0,1,0,0,0,0,0,,0,0,0,0,0,0,0,0,0,,0
1010363,0,1,0,0,0,0,0,,0,0,0,0,0,0,0,0,0,,0
1011946,0,0,0,0,0,0,0,,0,0,0,0,0,0,0,0,1,,1
1000844,4,1,1,1,0,0,0,,0,0,0,0,0,0,0,1,1,,1
1014998,0,1,0,0,0,0,0,,0,0,0,0,0,0,0,0,0,,1
1001381,4,2,1,0,1,0,0,,0,0,0,0,0,0,8,0,0,,1
1003043,0,1,0,0,0,0,0,,0,0,0,0,0,0,0,0,0,,0
1008479,0,1,0,0,0,0,0,,0,0,0,0,0,0,0,0,0,,1
1008033,4,1,1,1,0,0,0,,0,0,0,0,0,0,0,1,1,,1
1004246,0,1,0,0,0,0,0,,0,0,0,0,0,0,0,0,0,,0
1005699,4,2,1,1,0,0,0,,0,0,0,0,0,0,0,0,0,,1
1010254,0,1,0,0,0,0,0,,0,0,0,0,0,0,0,0,0,,0
1004428,3,0,1,0,0,0,0,,0,0,0,0,0,0,0,0,0,,1
1007889,0,1,0,0,0,0,0,,0,0,0,0,0,0,0,0,0,,0
1016193,0,1,0,0,0,0,0,,0,0,0,0,0,0,0,0,0,,0
1015606,0,0,0,0,0,0,0,,0,0,0,0,0,0,0,1,1,,1
1012722,0,1,0,0,0,0,0,,0,0,0,0,0,0,0,0,0,,0
1007397,0,1,0,0,0,0,0,,0,0,0,0,0,0,0,0,0,,0
1006810,4,1,1,1,0,0,0,3.0,0,1,0,1,0,0,2,0,0,,1
1004971,4,2,1,1,1,1,0,,0,0,1,1,1,1,6,0,0,,1
1005235,0,1,0,0,0,0,0,,0,0,0,0,0,0,0,0,0,,0
1014897,4,2,1,1,1,0,0,,0,0,0,0,0,0,0,0,0,,1
1007946,0,1,0,0,0,0,0,,0,0,0,0,0,0,0,0,0,,1
1011280,0,1,0,0,0,0,0,,0,0,0,0,0,0,0,0,0,,1
1008382,0,1,0,0,0,0,0,,0,0,0,0,0,0,0,0,0,,1
1001574,4,2,1,1,0,0,0,,0,0,1,1,1,1,6,0,0,,1
1003078,0,1,0,0,0,0,0,,0,0,0,0,0,0,0,0,0,,1
1016355,0,1,0,0,0,0,0,,0,0,0,0,0,0,0,0,0,,0
1007521,0,1,0,0,0,0,0,,0,0,0,0,0,0,0,0,0,,0
1013821,0,1,0,0,0,0,0,,0,0,0,0,0,0,0,0,0,,0
1005943,4,2,1,1,1,1,0,2.0,0,1,1,1,1,1,5,0,0,,1
1003316,0,1,0,0,0,0,0,,0,0,0,0,0,0,0,0,0,,0
1004677,0,1,0,0,0,0,0,,0,0,0,0,0,0,0,0,0,,0
1004630,0,1,0,0,0,0,0,,0,0,0,0,0,0,0,0,0,,1
1004129,0,1,0,0,0,0,0,,0,0,0,0,0,0,0,0,0,,0
1002461,0,1,0,0,0,0,0,,0,0,0,0,0,0,0,0,0,,0
1015254,0,1,0,0,0,0,0,,0,0,0,0,0,0,0,0,0,,0
1000741,0,1,0,0,0,0,0,,0,0,0,0,0,0,0,0,0,,0
1015224,0,0,0,0,0,0,0,,0,0,0,0,0,0,0,0,0,,1
1015921,0,1,0,0,0,0,0,,0,0,0,0,0,0,0,0,0,,0
1015131,4,2,1,1,1,0,1,,0,0,1,1,1,1,6,0,0,,1
1011514,4,2,1,1,1,0,0,,0,0,0,0,0,0,0,0,0,3.0,1
1014544,0,1,0,0,0,0,0,,0,0,0,0,0,0,0,0,0,,0
1009688,0,1,0,0,0,0,0,,0,0,0,0,0,0,0,0,0,,1
1014253,0,1,0,0,0,0,0,,0,0,0,0,0,0,0,0,0,,0
1007445,4,2,1,1,0,0,0,1.0,0,0,0,0,0,0,0,0,0,,1
1004686,0,1,0,0,0,0,0,,0,0,0,0,0,0,0,0,0,,0
1014414,0,1,0,0,0,0,0,,0,0,0,0,0,0,0,0,0,,0
1013030,0,1,0,0,0,0,0,,0,0,0,0,0,0,0,0,0,,0
1005698,0,1,0,0,0,0,0,,0,0,0,0,0,0,0,0,0,,0
1004281,0,1,0,0,0,0,0,,0,0,0,0,0,0,0,0,0,,0
1015851,0,1,0,0,0,0,0,,0,0,0,0,0,0,0,0,0,,1
1004143,4,1,1,1,0,0,0,10.0,0,0,0,1,0,0,2,0,0,,1
1006220,0,1,0,0,0,0,0,,0,0,0,0,0,0,0,0,0,,0
1001271,4,2,1,1,0,0,0,2.0,0,0,0,1,0,0,5,0,0,,1
1013997,0,1,0,0,0,0,0,,0,0,0,0,0,0,0,0,0,,0
1015691,4,2,1,0,0,0,0,,0,0,0,0,0,0,0,0,0,,1
1012749,4,2,1,1,1,0,0,,0,0,1,1,1,1,6,0,0,,1
1006950,0,1,0,0,0,0,0,,0,0,0,0,0,0,0,0,0,,0
1007999,0,1,0,0,0,0,0,,0,0,0,0,0,0,0,0,0,,0
1013808,4,1,1,1,0,0,0,,0,0,0,0,0,0,0,1,1,,1
1002816,0,1,0,0,0,0,0,,0,0,0,0,0,0,0,0,0,,0
1005517,4,2,1,1,1,0,0,,0,0,0,0,0,0,0,0,0,,1
1009304,0,1,0,0,0,0,0,,0,0,0,0,0,0,0,0,0,,0
1010829,0,1,0,0,0,0,0,,0,0,0,0,0,0,0,0,0,,0
1008534,0,1,0,0,0,0,0,,0,0,0,0,0,0,0,0,0,,0
1011361,0,1,0,0,0,0,0,,0,0,0,0,0,0,0,0,0,,0
1007423,4,1,1,0,0,0,0,,0,0,1,1,0,0,3,0,0,,1
1007966,4,0,1,0,0,0,0,,0,0,0,0,0,0,1,0,0,,1
1009444,0,1,0,0,0,0,0,,0,0,0,0,0,0,0,0,0,,0
1007912,0,1,0,0,0,0,0,,0,0,0,0,0,0,0,0,0,,0
1000923,0,1,0,0,0,0,0,,0,0,0,0,0,0,0,0,0,,0
1004775,0,1,0,0,0,0,0,,0,0,0,0,0,0,0,0,0,,0
1010013,4,2,1,1,1,0,0,,0,0,0,0,0,0,0,0,0,,1
1016333,0,1,0,0,0,0,0,,0,0,0,0,0,0,0,0,0,,0
1010223,0,1,0,0,0,0,0,,0,0,0,0,0,0,0,0,0,,0
1006294,0,1,0,0,0,0,0,,0,0,0,0,0,0,0,0,0,,0
1005186,4,2,1,1,1,0,0,,0,0,1,1,1,1,6,1,1,,1
1001578,0,1,0,0,0,0,0,,0,0,0,0,0,0,0,0,0,,1
1001940,0,1,0,0,0,0,0,,0,0,0,0,0,0,0,0,0,,0
1010303,0,1,0,0,0,0,0,,0,0,0,0,0,0,0,0,0,,1
1007892,0,1,0,0,0,0,0,,0,0,0,0,0,0,0,0,0,,0
1010306,0,1,0,0,0,0,0,,0,0,0,0,0,0,0,0,0,,0
1017107,4,2,1,1,0,0,0,10.0,0,0,0,0,0,0,0,0,0,,1
1005567,4,2,1,1,1,0,0,,0,0,1,1,1,1,6,0,0,,1
1000471,4,1,1,1,1,0,0,,0,0,0,0,0,0,0,0,0,,1
1016449,4,2,1,1,0,0,0,,0,0,0,0,0,0,3,0,0,,1
1015086,0,1,0,0,0,0,0,,0,0,0,0,0,0,0,0,0,,0
1009612,4,2,1,1,1,0,0,2.0,0,0,0,1,1,0,3,0,0,,1
1006482,0,1,0,0,0,0,0,,0,0,0,0,0,0,0,0,0,,0
1017479,0,1,0,0,0,0,0,,0,0,0,0,0,0,0,0,0,,0
1009696,0,1,0,0,0,0,0,,0,0,0,0,0,0,0,0,0,,0
1013634,0,1,0,0,0,0,0,,0,0,0,0,0,0,0,0,0,,0
1012890,4,0,1,0,0,0,0,10.0,0,0,0,0,0,0,1,0,1,,1
1012173,4,2,1,1,1,0,0,,0,0,0,1,0,0,2,0,0,,1
1001448,0,1,0,0,0,0,0,,0,0,0,0,0,0,0,0,0,,0
1002317,0,1,0,0,0,0,0,,0,0,0,0,0,0,0,0,0,,0
1015180,4,2,1,0,0,0,0,,0,0,0,0,0,0,0,0,0,,1
1007428,0,1,0,0,0,0,0,,0,0,0,0,0,0,0,0,0,,0
1003535,0,1,0,0,0,0,0,,0,0,0,0,0,0,0,0,0,,0
1009550,0,1,0,0,0,0,0,,0,0,0,0,0,0,0,0,0,,0
1004159,0,1,0,0,0,0,0,,0,0,0,0,0,0,0,0,0,,0
1000577,0,1,0,0,0,0,0,,0,0,0,0,0,0,0,0,0,,0
1011424,0,1,0,0,0,0,0,,0,0,0,0,0,0,0,0,0,,0
1002293,0,1,0,0,0,0,0,,0,0,0,0,0,0,0,0,0,,0
1002881,4,2,1,1,0,0,0,10.0,0,0,0,0,0,0,0,0,0,,1
1003042,0,1,0,0,0,0,0,,0,0,0,0,0,0,0,0,0,,0
1008270,0,1,0,0,0,0,0,,0,0,0,0,0,0,0,0,0,,0
1017463,0,1,0,0,0,0,0,,0,0,0,0,0,0,0,0,0,,0
1004622,4,1,1,0,0,0,0,,0,0,0,1,0,0,2,0,0,,1
1012087,0,1,0,0,0,0,0,,0,0,0,0,0,0,0,0,0,,1
1003721,4,1,1,0,0,0,1,,0,0,0,1,0,0,2,1,1,,1
1015304,0,1,0,0,0,0,0,,0,0,0,0,0,0,0,0,0,,0
1005396,4,2,1,1,1,1,0,,0,0,0,0,0,0,0,0,0,,1
1006636,4,2,1,1,0,1,0,,0,0,1,1,1,1,6,0,0,,1
1013855,4,2,1,1,1,0,0,3.0,0,1,1,1,0,0,3,0,0,,1
1008430,4,1,1,0,0,0,1,,0,0,0,1,0,0,1,1,1,,1
1008589,0,1,0,0,0,0,0,,0,0,0,0,0,0,0,0,0,,1
1007297,0,1,0,0,0,0,0,,0,0,0,0,0,0,0,0,0,,0
1012411,4,1,1,1,1,0,0,,0,0,0,0,0,0,0,0,0,,1
1015911,4,2,1,0,0,1,0,,0,0,0,0,0,0,0,0,0,,1
1012528,4,2,1,1,1,1,0,,0,0,1,1,1,1,6,0,0,,1
1010684,0,1,0,0,0,0,0,,0,0,0,0,0,0,0,0,0,,0
1003826,0,1,0,0,0,0,0,,0,0,0,0,0,0,0,0,0,,0
1011926,4,2,1,1,1,1,0,,0,0,0,1,1,1,6,0,0,,1
1006264,0,1,0,0,0,0,0,,0,0,0,0,0,0,0,0,0,,0
1001445,0,1,0,0,0,0,0,,0,0,0,0,0,0,0,0,0,,0
1016238,4,1,1,1,1,1,0,,0,0,0,1,0,1,3,0,0,,1
1012278,0,1,0,0,0,0,0,,0,0,0,0,0,0,0,0,0,,1
1005765,0,1,0,0,0,0,0,,0,0,0,0,0,0,0,0,0,,0
1011063,0,1,0,0,0,0,0,,0,0,0,0,0,0,0,0,0,,1
1008668,4,2,1,1,1,0,0,2.0,0,1,1,1,1,1,6,0,0,,1
1001531,4,2,1,1,1,0,1,,0,0,0,0,0,0,0,0,0,,1
1002425,0,1,0,0,0,0,0,,0,0,0,0,0,0,0,0,0,,0
1009904,0,1,0,0,0,0,0,,0,0,0,0,0,0,0,0,0,,0
1009580,0,1,0,0,0,0,0,,0,0,0,0,0,0,0,0,0,,1
1016410,4,1,1,1,1,1,0,,0,0,0,0,0,0,0,0,0,,1
1010479,0,1,0,0,0,0,0,,0,0,0,0,0,0,0,0,0,,0
1001156,0,1,0,0,0,0,0,,0,0,0,0,0,0,0,0,0,,0
1011638,0,1,0,0,0,0,0,,0,0,0,0,0,0,0,0,0,,0
1013100,4,2,1,1,1,1,0,,0,0,1,1,1,1,6,0,0,,1
1010146,0,1,0,0,0,0,0,,0,0,0,0,0,0,0,0,0,,0
1000349,0,1,0,0,0,0,0,,0,0,0,0,0,0,0,0,0,,1
1002820,4,1,1,1,1,0,0,2.0,0,0,0,0,0,0,0,0,0,,1
1005875,0,1,1,0,0,0,0,,0,0,0,0,0,0,1,0,0,,1
1003219,4,2,1,0,0,0,0,,0,0,0,0,0,0,0,0,0,,1
1007877,4,1,1,0,0,0,0,,0,0,0,0,0,0,1,0,0,,1
1013884,4,2,1,1,0,0,0,,0,0,0,1,0,0,3,0,0,,1
1005325,0,1,0,0,0,0,0,,0,0,0,0,0,0,0,0,0,,0
1001241,0,1,0,0,0,0,0,,0,0,0,0,0,0,0,0,0,,1
1001886,0,1,0,0,0,0,0,,0,0,0,0,0,0,0,0,0,,0
1012661,4,2,1,1,1,1,0,,0,0,0,0,0,0,0,0,0,,1
1015217,4,2,1,1,0,0,0,24.0,0,0,1,1,1,1,6,0,0,,1
1011572,0,1,0,0,0,0,0,,0,0,0,0,0,0,0,0,0,,0
1005102,4,2,1,0,0,0,0,4.0,0,0,0,1,0,0,3,0,0,,1
1009909,0,1,0,0,0,0,0,,0,0,0,0,0,0,0,0,0,,0
1010094,0,1,0,0,0,0,0,,0,0,0,0,0,0,0,0,0,,0
1006960,0,1,0,0,0,0,0,,0,0,0,0,0,0,0,0,0,,0
1004398,0,1,0,0,0,0,0,,0,0,0,0,0,0,0,0,0,,0
1013206,4,2,1,1,1,0,0,,0,0,0,0,0,0,3,0,0,,1
1000395,4,2,1,1,0,0,0,1.0,0,0,0,1,0,0,2,0,0,,1
1008813,4,2,1,1,1,1,1,,0,0,1,1,1,1,6,0,0,,1
1003393,0,1,0,0,0,0,0,,0,0,0,0,0,0,0,0,0,,0
1010454,0,1,0,0,0,0,0,,0,0,0,0,0,0,0,0,0,,1
1004810,0,1,0,0,0,0,0,,0,0,0,0,0,0,0,0,0,,0
1013208,0,1,0,0,0,0,0,,0,0,0,0,0,0,0,0,0,,0
1000078,0,1,0,0,0,0,0,,0,0,0,0,0,0,0,0,0,,0
1001432,0,1,0,0,0,0,0,,0,0,0,0,0,0,0,0,0,,0
1015695,0,1,0,0,0,0,0,,0,0,0,0,0,0,0,0,0,,1
1015933,0,1,0,0,0,0,0,,0,0,0,0,0,0,0,0,0,,0
1003507,4,0,1,0,0,0,0,8.0,0,0,0,0,0,0,0,1,1,,1
1006304,0,1,0,0,0,0,0,,0,0,0,0,0,0,0,0,0,,0
1013330,4,1,1,1,0,0,0,16.0,0,0,0,0,0,0,0,1,1,,1
1013405,4,1,1,1,0,0,0,,0,0,0,0,0,0,0,1,1,,1
1004560,0,1,0,0,0,0,0,,0,0,0,0,0,0,0,0,0,,0
1012358,4,2,1,1,0,0,0,2.0,0,0,0,1,0,0,2,0,0,,1
1005852,4,2,1,1,0,0,0,39.0,1,0,1,1,0,0,3,0,0,,1
1010243,4,2,1,1,1,1,0,,0,0,0,1,1,1,8,0,0,,1
1016312,0,1,0,0,0,0,0,,0,0,0,0,0,0,0,0,0,,0
1011278,0,1,0,0,0,0,0,,0,0,0,0,0,0,0,0,0,,0
1002231,0,1,0,0,0,0,0,,0,0,0,0,0,0,0,0,0,,1
1005589,0,1,0,0,0,0,0,,0,0,0,0,0,0,0,0,0,,0
1003378,0,1,0,0,0,0,0,,0,0,0,0,0,0,0,0,0,,1
1013074,0,1,0,0,0,0,0,,0,0,0,0,0,0,0,0,0,,1
1013402,4,2,1,1,1,0,0,,0,0,0,1,0,0,2,0,0,,1
1017045,0,1,0,0,0,0,0,,0,0,0,0,0,0,0,0,0,,0
1001547,4,2,1,1,0,0,0,,0,0,0,0,0,0,4,0,0,,1
1004864,0,1,0,0,0,0,0,,0,0,0,0,0,0,0,0,0,,0
1016951,0,1,0,0,0,0,0,,0,0,0,0,0,0,0,0,0,,0
1008755,0,1,0,0,0,0,0,,0,0,0,0,0,0,0,0,0,,1
1002236,0,1,0,0,0,0,0,,0,0,0,0,0,0,0,0,0,,0
1003270,0,1,0,0,0,0,0,,0,0,0,0,0,0,0,0,0,,0
1011415,4,2,1,1,0,0,0,,0,0,0,1,0,0,4,0,0,,1
1003546,0,1,0,0,0,0,0,,0,0,0,0,0,0,0,0,0,,0
1015552,3,0,1,0,1,0,0,,0,0,0,0,0,0,0,1,1,,1
1011154,0,1,0,0,0,0,0,,0,0,0,0,0,0,0,0,0,,0
1014946,0,1,0,0,0,0,0,,0,0,0,0,0,0,0,0,0,,1
1005933,0,1,0,0,0,0,0,,0,0,0,0,0,0,0,0,0,,0
1001976,4,2,1,1,1,1,0,3.0,0,0,0,0,0,0,0,0,0,,1
1016256,0,1,0,0,0,0,0,,0,0,0,0,0,0,0,0,0,,0
1006915,4,1,1,0,0,0,0,1.0,0,0,0,0,0,0,0,1,1,,1
1000268,0,1,0,0,0,0,0,,0,0,0,0,0,0,0,0,0,,0
1013389,0,1,0,0,0,0,0,,0,0,0,0,0,0,0,0,0,,0
1013029,0,1,0,0,0,0,0,,0,0,0,0,0,0,0,0,0,,0
1001244,0,1,0,0,0,0,0,,0,0,0,0,0,0,0,0,0,,0
1017067,0,1,0,0,0,0,0,,0,0,0,0,0,0,0,0,0,,1
1008898,0,1,0,0,0,0,0,,0,0,0,0,0,0,0,0,0,,1
1016231,4,1,1,1,0,0,0,10.0,0,0,0,1,0,0,1,0,0,,1
1003637,4,2,1,1,0,0,0,14.0,1,0,0,0,0,0,0,0,0,,1
1015059,4,0,1,1,0,0,0,2.0,0,0,1,1,0,0,3,0,0,,1
1002521,0,1,0,0,0,0,0,,0,0,0,0,0,0,0,0,0,,0
1004720,4,1,1,1,1,0,0,,0,0,1,1,1,1,5,0,0,,1
1003003,4,2,1,1,0,0,0,2.0,0,0,0,0,0,0,0,1,1,,1
1017443,0,1,0,0,0,0,0,,0,0,0,0,0,0,0,0,0,,0
1017031,0,1,0,0,0,0,0,,0,0,0,0,0,0,0,0,0,,0
1009761,4,2,1,1,0,0,0,11.0,0,0,0,0,0,0,0,0,0,,1
1015479,4,0,1,0,0,0,0,1.0,0,0,1,1,1,1,6,0,0,,1
1016701,0,1,0,0,0,0,0,,0,0,0,0,0,0,0,0,0,,0
1008262,0,1,0,0,0,0,0,,0,0,0,0,0,0,0,0,0,,0
1000835,0,1,0,0,0,0,0,,0,0,0,0,0,0,0,0,0,,0
1012886,0,1,0,0,0,0,0,,0,0,0,0,0,0,0,0,0,,0
1008310,4,2,1,1,1,0,1,,0,1,1,1,1,1,6,0,0,,1
1010255,4,2,1,1,1,1,0,,0,0,0,0,0,0,0,0,0,,1
1001516,0,1,0,0,0,0,0,,0,0,0,0,0,0,0,0,0,,0
1014812,0,1,0,0,0,0,0,,0,0,0,0,0,0,0,0,0,,0
1015189,0,1,0,0,0,0,0,,0,0,0,0,0,0,0,0,0,,0
1013424,0,1,0,0,0,0,0,,0,0,0,0,0,0,0,0,0,,0
1017238,0,1,0,0,0,0,0,,0,0,0,0,0,0,0,0,0,,0
1011383,0,1,0,0,0,0,0,,0,0,0,0,0,0,0,0,0,,0
1016971,4,2,1,1,1,0,0,14.0,0,0,1,1,1,1,6,0,0,,1
1016363,4,2,1,1,1,0,0,,0,0,0,0,0,0,0,0,0,,1
1015873,0,1,0,0,0,0,0,,0,0,0,0,0,0,0,0,0,,0
1011137,0,1,0,0,0,0,0,,0,0,0,0,0,0,0,0,0,,0
1009667,0,1,0,0,0,0,0,,0,0,0,0,0,0,0,0,0,,0
1008769,0,1,0,0,0,0,0,,0,0,0,0,0,0,0,0,0,,0
1010089,0,1,0,0,0,0,0,,0,0,0,0,0,0,0,0,0,,0
1002445,4,2,1,0,0,0,0,3.0,0,0,0,0,0,0,0,1,1,,1
1016972,0,1,0,0,0,0,0,,0,0,0,0,0,0,0,0,0,,0
1010802,4,2,1,1,1,0,1,,0,0,0,0,0,0,6,0,0,,1
1011436,0,1,0,0,0,0,0,,0,0,0,0,0,0,0,0,0,,0
1015262,4,1,1,1,0,0,0,3.0,0,0,0,1,0,0,2,0,0,,1
1009786,0,1,0,0,0,0,0,,0,0,0,0,0,0,0,0,0,,1
1011845,0,0,0,0,0,0,0,,0,0,0,0,0,0,0,0,0,,1
1011806,4,2,1,1,0,0,0,10.0,1,1,0,1,0,0,2,0,0,,1
1003101,0,1,0,0,0,0,0,,0,0,0,0,0,0,0,0,0,,0
1008272,0,1,0,0,0,0,0,,0,0,0,0,0,0,0,0,0,,0
1009242,4,2,1,1,1,1,0,,0,0,0,0,0,0,0,0,0,,1
1017388,4,2,1,1,1,1,1,,0,0,0,0,0,0,0,0,0,,1
1010135,4,2,1,1,0,0,0,,0,0,0,1,0,0,2,0,0,,1
1009622,0,1,0,0,0,0,0,,0,0,0,0,0,0,0,0,0,,0
1014906,0,1,0,0,0,0,0,,0,0,0,0,0,0,0,0,0,,0
1012112,0,1,0,0,0,0,0,,0,0,0,0,0,0,0,0,0,,1
1005868,0,1,0,0,0,0,0,,0,0,0,0,0,0,0,0,0,,0
1012125,0,1,0,0,0,0,0,,0,0,0,0,0,0,0,0,0,,0
1005958,0,1,0,0,0,0,0,,0,0,0,0,0,0,0,0,0,,0
1017444,0,1,0,0,0,0,0,,0,0,0,0,0,0,0,0,0,,1
1005678,0,1,0,0,0,0,0,,0,0,0,0,0,0,0,0,0,,0
1011079,0,0,1,0,0,0,1,,0,0,0,0,0,0,0,0,1,,1
1015115,0,1,0,0,0,0,0,,0,0,0,0,0,0,0,0,0,,0
1002340,3,0,1,0,0,0,0,,0,0,0,0,0,0,0,1,1,,1
1011167,0,1,0,0,0,0,0,,0,0,0,0,0,0,0,0,0,,0
1009592,4,1,1,1,0,0,0,3.0,0,0,0,1,0,0,3,0,0,,1
1011599,4,2,1,0,0,0,0,,0,0,0,1,0,0,2,0,0,,1
1000437,0,1,0,0,0,0,0,,0,0,0,0,0,0,0,0,0,,0
1012471,4,1,1,1,0,0,0,,0,0,0,0,0,0,0,1,1,,1
1009721,0,1,0,0,0,0,0,,0,0,0,0,0,0,0,0,0,,0
1009156,4,2,1,1,0,0,0,1.0,0,1,0,1,0,0,2,0,0,,1
1009986,0,1,0,0,0,0,0,,0,0,0,0,0,0,0,0,0,,1
1016005,0,1,0,0,0,0,0,,0,0,0,0,0,0,0,0,0,,0
1009766,0,1,0,0,0,0,0,,0,0,0,0,0,0,0,0,0,,0
1009216,0,1,0,0,0,0,0,,0,0,0,0,0,0,0,0,0,,0
1004356,0,1,0,0,0,0,0,,0,0,0,0,0,0,0,0,0,,0
1001888,0,1,0,0,0,0,0,,0,0,0,0,0,0,0,0,0,,0
1007383,0,1,0,0,0,0,0,,0,0,0,0,0,0,0,0,0,,0
1010337,4,2,1,0,0,0,0,,0,0,0,1,0,0,2,0,0,,1
1001936,4,2,1,1,0,0,0,1.0,0,0,1,1,1,1,6,0,0,,1
1005546,0,1,0,0,0,0,0,,0,0,0,0,0,0,0,0,0,,0
1006466,0,1,0,0,0,0,0,,0,0,0,0,0,0,0,0,0,,1
1010868,0,1,0,0,0,0,0,,0,0,0,0,0,0,0,0,0,,0
1014922,4,0,0,0,0,0,0,,0,0,0,0,0,0,0,0,0,,1
1008686,0,1,0,0,0,0,0,,0,0,0,0,0,0,0,0,0,,0
1003034,4,2,1,0,0,0,1,,0,0,0,1,0,0,2,0,0,,1
1002061,0,1,0,0,0,0,0,,0,0,0,0,0,0,0,0,0,,0
1000887,0,1,0,0,0,0,0,,0,0,0,0,0,0,0,0,0,,0
1011860,0,1,0,0,0,0,0,,0,0,0,0,0,0,0,0,0,,0
1010807,4,2,1,1,1,0,0,,1,0,0,0,0,0,0,0,0,,1
1001895,0,1,0,0,0,0,0,,0,0,0,0,0,0,0,0,0,,0
1016186,0,1,0,0,0,0,0,,0,0,0,0,0,0,0,0,0,,1
1009926,0,1,0,0,0,0,0,,0,0,0,0,0,0,0,0,0,,1
1011157,4,2,1,0,0,0,0,,0,0,0,1,0,0,2,0,0,,1
1009875,4,1,1,1,0,0,0,1.0,0,0,0,0,0,0,0,0,0,,1
1007859,0,1,0,0,0,0,0,,0,0,0,0,0,0,0,0,0,,1
1005138,4,2,1,1,0,0,0,,0,0,1,1,1,1,6,0,0,,1
1012632,4,2,1,1,0,0,0,10.0,0,0,1,1,1,1,6,0,0,,1
1009701,0,1,0,0,0,0,0,,0,0,0,0,0,0,0,0,0,,0
1011858,0,1,0,0,0,0,0,,0,0,0,0,0,0,0,0,0,,0
1003711,4,2,1,0,0,0,0,,0,0,1,0,0,0,2,0,0,,1
1005206,0,1,0,0,0,0,0,,0,0,0,0,0,0,0,0,0,,0
1009113,0,1,0,0,0,0,0,,0,0,0,0,0,0,0,0,0,,0
1005872,0,1,0,0,0,0,0,,0,0,0,0,0,0,0,0,0,,0
1014246,0,1,0,0,0,0,0,,0,0,0,0,0,0,0,0,0,,0
1007936,0,1,0,0,0,0,0,,0,0,0,0,0,0,0,0,0,,0
1003979,4,2,1,0,1,0,1,,0,0,1,1,1,1,6,0,0,,1
1016095,4,2,0,0,0,0,0,,0,0,1,1,1,1,6,0,0,,1
1010061,4,2,1,0,0,0,0,,0,0,0,0,0,0,0,0,0,,1
1005640,0,1,0,0,0,0,0,,0,0,0,0,0,0,0,0,0,,0
1015171,4,1,1,1,0,0,0,,0,0,0,0,0,0,0,1,1,,1
1006140,4,2,1,0,0,0,1,,0,0,0,1,0,0,2,0,0,,1
1016905,0,1,0,0,0,0,0,,0,0,0,0,0,0,0,0,0,,0
1016190,0,1,0,0,0,0,0,,0,0,0,0,0,0,0,0,0,,0
1000891,4,2,1,0,1,1,0,,0,0,0,0,0,0,0,0,0,,1
1002256,4,0,0,0,0,0,0,,0,0,0,0,0,0,0,1,1,,1
1005736,0,1,0,0,0,0,0,,0,0,0,0,0,0,0,0,0,,0
1001573,0,1,0,0,0,0,0,,0,0,0,0,0,0,0,0,0,,0
1009877,0,1,0,0,0,0,0,,0,0,0,0,0,0,0,0,0,,0
1014803,0,1,0,0,0,0,0,,0,0,0,0,0,0,0,0,0,,0
1010971,0,1,0,0,0,0,0,,0,0,0,0,0,0,0,0,0,,0
1002852,4,1,1,0,0,0,0,,0,0,0,1,0,0,2,0,0,,1
1009561,0,1,0,0,0,0,0,,0,0,0,0,0,0,0,0,0,,1
1007054,0,1,0,0,0,0,0,,0,0,0,0,0,0,0,0,0,,0
1009122,0,1,0,0,0,0,0,,0,0,0,0,0,0,0,0,0,,0
1016423,0,1,0,0,0,0,0,,0,0,0,0,0,0,0,0,0,,1
1011417,0,1,0,0,0,0,0,,0,0,0,0,0,0,0,0,0,,1
1006856,4,1,1,1,1,0,0,,1,1,0,1,0,1,7,0,0,,1
1016319,0,1,0,0,0,0,0,,0,0,0,0,0,0,0,0,0,,0
1007851,0,1,0,0,0,0,0,,0,0,0,0,0,0,0,0,0,,0
1005106,0,1,0,0,0,0,0,,0,0,0,0,0,0,0,0,0,,0
1005723,0,1,0,0,0,0,0,,0,0,0,0,0,0,0,0,0,,0
1002788,0,1,0,0,0,0,0,,0,0,0,0,0,0,0,0,0,,1
1014250,4,2,1,0,1,0,0,10.0,0,1,0,1,0,0,2,0,0,,1
1004112,0,1,0,0,0,0,0,,0,0,0,0,0,0,0,0,0,,0
1011984,0,1,0,0,0,0,0,,0,0,0,0,0,0,0,0,0,,1
1008215,0,1,0,0,0,0,0,,0,0,0,0,0,0,0,0,0,,0
1001789,0,1,0,0,0,0,0,,0,0,0,0,0,0,0,0,0,,1
1005846,0,1,0,0,0,0,0,,0,0,0,0,0,0,0,0,0,,0
1003793,4,0,1,1,0,0,0,18.0,0,0,0,0,0,0,0,1,1,,1
1014079,4,2,1,1,0,0,0,,0,0,0,0,0,0,0,1,1,,1
1000742,4,0,1,0,0,0,0,1.0,0,0,0,0,0,0,1,0,0,,1
1006197,0,1,0,0,0,0,0,,0,0,0,0,0,0,0,0,0,,0
1014628,0,1,0,0,0,0,0,,0,0,0,0,0,0,0,0,0,,0
1004610,4,2,1,0,0,0,1,,0,0,0,0,0,0,0,0,0,26.0,1
1017169,0,1,0,0,0,0,0,,0,0,0,0,0,0,0,0,0,,1
1011250,4,1,1,0,1,0,0,,0,0,0,0,0,0,0,1,1,,1
1007391,4,1,1,1,0,0,0,,0,0,0,0,0,0,0,1,1,,1
1011443,0,1,0,0,0,0,0,,0,0,0,0,0,0,0,0,0,,0
1015409,0,1,0,0,0,0,0,,0,0,0,0,0,0,0,0,0,,0
1007468,4,2,1,1,1,0,0,,0,1,0,1,0,0,2,0,0,,1
1011050,0,1,0,0,0,0,0,,0,0,0,0,0,0,0,0,0,,0
1001584,0,1,0,0,0,0,0,,0,0,0,0,0,0,0,0,0,,1
1007187,4,1,1,0,1,0,0,14.0,0,0,0,0,0,0,0,1,1,,1
1016819,0,1,0,0,0,0,0,,0,0,0,0,0,0,0,0,0,,1
1000025,0,1,0,0,0,0,0,,0,0,0,0,0,0,0,0,0,,0
1012982,0,1,0,0,0,0,0,,0,0,0,0,0,0,0,0,0,,0
1001236,0,1,0,0,0,0,0,,0,0,0,0,0,0,0,0,0,,0
1012708,0,1,0,0,0,0,0,,0,0,0,0,0,0,0,0,0,,0
1004536,0,0,0,0,0,0,0,,0,0,0,0,0,0,0,0,0,,1
1001921,4,2,1,1,1,0,0,,0,0,1,1,1,1,6,0,0,,1
1005497,0,1,0,0,0,0,0,,0,0,0,0,0,0,0,0,0,,0
1006400,0,1,0,0,0,0,0,,0,0,0,0,0,0,0,0,0,,1
1015108,4,2,1,0,1,0,0,,0,1,1,1,1,1,6,0,0,,1
1006393,0,1,0,0,0,0,0,,0,0,0,0,0,0,0,0,0,,0
1003258,0,1,0,0,0,0,0,,0,0,0,0,0,0,0,0,0,,0
1016023,0,1,0,0,0,0,0,,0,0,0,0,0,0,0,0,0,,0
1007275,4,1,1,0,0,1,0,22.0,0,0,0,1,0,1,5,1,1,,1
1001825,0,1,0,0,0,0,0,,0,0,0,0,0,0,0,0,0,,0
1007032,0,1,0,0,0,0,0,,0,0,0,0,0,0,0,0,0,,0
1010386,0,1,0,0,0,0,0,,0,0,0,0,0,0,0,0,0,,0
1004534,0,1,0,0,0,0,0,,0,0,0,0,0,0,0,0,0,,0
1002681,0,0,0,0,0,0,0,,0,0,0,0,0,0,0,0,1,,1
1001107,4,2,1,1,0,0,0,,0,1,1,1,1,1,6,0,0,,1
1013104,0,1,0,0,0,0,0,,0,0,0,0,0,0,0,0,0,,0
1002794,0,1,0,0,0,0,0,,0,0,0,0,0,0,0,0,0,,1
1006356,0,1,0,0,0,0,0,,0,0,0,0,0,0,0,0,0,,0
1008465,0,1,0,0,0,0,0,,0,0,0,0,0,0,0,0,0,,0
1007329,0,1,0,0,0,0,0,,0,0,0,0,0,0,0,0,0,,1
1016949,0,0,0,0,0,0,0,,0,0,0,0,0,0,0,0,1,,1
1011652,4,2,1,1,0,0,0,1260.0,0,0,0,0,0,0,5,0,0,,1
1012459,4,2,1,1,1,0,0,1.0,0,0,0,0,0,0,2,0,0,,1
1003049,4,2,1,0,1,0,0,,0,0,1,1,1,1,6,0,0,,1
1010126,0,1,0,0,0,0,0,,0,0,0,0,0,0,0,0,0,,0
1012349,4,2,1,1,0,0,0,6.0,0,0,0,1,0,0,2,0,0,,1
1005333,0,1,0,0,0,0,0,,0,0,0,0,0,0,0,0,0,,0
1003052,4,0,1,0,0,0,1,,0,0,0,0,0,0,0,1,1,,1
1016505,0,1,0,0,0,0,0,,0,0,0,0,0,0,0,0,0,,0
1017001,4,0,1,1,0,0,0,2.0,0,0,0,1,1,0,3,0,0,,1
1009254,0,1,0,0,0,0,0,,0,0,0,0,0,0,0,0,0,,0
1002565,0,1,0,0,0,0,0,,0,0,0,0,0,0,0,0,0,,0
1006107,4,1,1,1,0,0,0,,0,0,0,0,0,0,0,1,1,,1
1010123,0,1,0,0,0,0,0,,0,0,0,0,0,0,0,0,0,,0
1003080,0,1,0,0,0,0,0,,0,0,0,0,0,0,0,0,0,,0
1001540,4,0,1,1,0,0,0,,0,0,0,0,0,0,0,1,1,,1
1002032,4,2,1,1,1,1,0,,0,1,1,1,1,1,6,0,0,,1
1011468,4,2,1,0,0,0,0,,0,0,0,1,0,0,4,0,0,,1
1000886,4,1,1,1,0,0,0,,0,0,0,0,0,0,0,1,1,,1
1013111,4,2,1,0,0,0,1,,0,0,0,0,0,0,1,0,0,,1
1014215,0,0,0,0,0,0,0,,0,0,0,0,0,0,0,0,1,,1
1011387,0,0,0,0,0,0,0,,0,0,0,0,0,0,6,0,0,,1
1001455,0,1,0,0,0,0,0,,0,0,0,0,0,0,0,0,0,,0
1014852,0,1,0,0,0,0,0,,0,0,0,0,0,0,0,0,0,,1
1016542,0,1,0,0,0,0,0,,0,0,0,0,0,0,0,0,0,,0
1007063,4,2,1,1,1,0,1,,0,0,0,0,0,0,0,1,1,,1
1004561,0,1,0,0,0,0,0,,0,0,0,0,0,0,0,0,0,,0
1017328,0,1,0,0,0,0,0,,0,0,0,0,0,0,0,0,0,,0
1001962,0,1,0,0,0,0,0,,0,0,0,0,0,0,0,0,0,,0
1007932,0,1,0,0,0,0,0,,0,0,0,0,0,0,0,0,0,,0
1003897,0,1,0,0,0,0,0,,0,0,0,0,0,0,0,0,0,,0
1013321,0,0,1,0,1,0,0,,0,0,0,0,0,0,0,0,1,,1
1011941,0,1,0,0,0,0,0,,0,0,0,0,0,0,0,0,0,,0
1009051,0,1,0,0,0,0,0,,0,0,0,0,0,0,0,0,0,,1
1003142,0,1,0,0,0,0,0,,0,0,0,0,0,0,0,0,0,,1
1005174,4,1,1,0,0,0,0,3.0,0,0,0,0,0,0,0,0,0,,1
1006737,0,1,0,0,0,0,0,,0,0,0,0,0,0,0,0,0,,1
1015533,0,1,0,0,0,0,0,,0,0,0,0,0,0,0,0,0,,0
1010963,0,1,0,0,0,0,0,,0,0,0,0,0,0,0,0,0,,0
1017165,0,0,0,0,0,0,0,1.0,0,0,0,0,0,0,0,1,1,,1
1007224,0,1,0,0,0,0,0,,0,0,0,0,0,0,0,0,0,,0
1017017,0,1,0,0,0,0,0,,0,0,0,0,0,0,0,0,0,,0
1011153,0,1,0,0,0,0,0,,0,0,0,0,0,0,0,0,0,,1
1011827,0,1,0,0,0,0,0,,0,0,0,0,0,0,0,0,0,,0
1009710,0,1,0,0,0,0,0,,0,0,0,0,0,0,0,0,0,,0
1016615,4,2,1,1,1,0,0,2.0,0,0,0,0,0,0,0,0,0,,1
1010754,4,2,1,1,0,0,0,1.0,0,0,1,1,0,0,3,0,0,,1
1017262,0,1,0,0,0,0,0,,0,0,0,0,0,0,0,0,0,,0
1014491,0,1,0,0,0,0,0,,0,0,0,0,0,0,0,0,0,,0
1013243,4,2,1,0,1,0,0,,0,0,0,0,0,0,0,0,0,,1
1000917,4,1,1,1,0,0,0,,0,0,0,0,0,0,0,1,1,,1
1009767,4,2,1,1,1,0,0,10.0,0,0,1,1,1,1,6,0,0,,1
1009063,0,1,0,0,0,0,0,,0,0,0,0,0,0,0,0,0,,1
1004448,0,1,0,0,0,0,0,,0,0,0,0,0,0,0,0,0,,1
1005179,0,1,0,0,0,0,0,,0,0,0,0,0,0,0,0,0,,0
1002523,4,2,1,0,0,0,0,,0,0,0,0,0,0,0,0,0,,1
1012359,4,1,1,1,0,0,0,,0,0,0,0,0,0,0,1,1,,1
1007668,0,1,0,0,0,0,0,,0,0,0,0,0,0,0,0,0,,0
1014093,0,1,0,0,0,0,0,,0,0,0,0,0,0,0,0,0,,1
1009922,0,1,0,0,0,0,0,,0,0,0,0,0,0,0,0,0,,1
1015151,4,1,1,1,0,0,0,12.0,0,0,0,0,0,0,0,0,0,,1
1003394,4,1,1,0,0,0,1,,0,0,0,1,0,0,2,0,0,,1
1016374,0,1,0,0,0,0,0,,0,0,0,0,0,0,0,0,0,,0
1009867,4,2,1,1,1,1,1,,0,0,1,1,1,1,6,0,0,,1
1013001,0,1,0,0,0,0,0,,0,0,0,0,0,0,0,0,0,,0
1005298,0,1,0,0,0,0,0,,0,0,0,0,0,0,0,0,0,,0
1012074,0,0,0,0,0,0,0,,0,0,0,0,0,0,0,1,1,,1
1016952,0,1,0,0,0,0,0,,0,0,0,0,0,0,0,0,0,,1
1011358,0,1,0,0,0,0,0,,0,0,0,0,0,0,0,0,0,,0
1010038,4,1,1,1,0,0,0,,0,0,1,1,0,1,4,0,0,,1
1006399,4,2,1,1,1,0,0,,0,0,0,1,1,1,4,0,0,,1
1016880,0,1,0,0,0,0,0,,0,0,0,0,0,0,0,0,0,,0
1004696,0,1,0,0,0,0,0,,0,0,0,0,0,0,0,0,0,,0
1007925,0,1,0,0,0,0,0,,0,0,0,0,0,0,0,0,0,,0
1000769,0,1,0,0,0,0,0,,0,0,0,0,0,0,0,0,0,,0
1003044,4,2,1,0,0,0,1,,0,0,0,1,0,0,2,0,0,,1
1013333,0,1,0,0,0,0,0,,0,0,0,0,0,0,0,0,0,,0
1016383,4,0,1,0,1,0,0,,0,0,0,0,0,0,0,1,1,,1
1015157,4,2,1,1,1,1,0,,0,0,0,1,0,1,3,0,0,,1
1005352,0,1,0,0,0,0,0,,0,0,0,0,0,0,0,0,0,,0
1007840,0,1,0,0,0,0,0,,0,0,0,0,0,0,0,0,0,,0
1003441,4,2,1,0,1,0,0,,0,0,0,1,0,0,2,0,0,,1
1012226,0,1,0,0,0,0,0,,0,0,0,0,0,0,0,0,0,,0
1004071,0,1,0,0,0,0,0,,0,0,0,0,0,0,0,0,0,,0
1009245,0,0,0,0,0,0,0,,0,0,0,0,0,0,0,0,0,,1
1009902,0,1,0,0,0,0,0,,0,0,0,0,0,0,0,0,0,,0
1011311,4,1,1,0,0,0,0,,0,0,0,1,0,0,2,0,0,,1
1010810,4,2,1,1,1,1,0,,0,0,1,1,1,1,6,1,1,,1
1005108,4,2,1,1,0,0,0,,0,0,1,1,1,1,6,0,0,,1
1009791,4,0,1,0,1,0,0,,0,0,0,0,0,0,0,1,1,,1
1014284,0,1,0,0,0,0,0,,0,0,0,0,0,0,0,0,0,,0
1009891,4,2,1,0,0,0,0,,0,0,0,0,0,0,1,0,0,,1
1008289,0,1,0,0,0,0,0,,0,0,0,0,0,0,0,0,0,,0
1013091,0,1,0,0,0,0,0,,0,0,0,0,0,0,0,0,0,,0
1010057,0,1,0,0,0,0,0,,0,0,0,0,0,0,0,0,0,,1
1002570,4,0,1,0,0,0,0,,0,0,0,0,0,0,0,0,1,,1
1007967,0,1,0,0,0,0,0,,0,0,0,0,0,0,0,0,0,,0
1009046,0,1,0,0,0,0,0,,0,0,0,0,0,0,0,0,0,,0
1011103,0,1,0,0,0,0,0,,0,0,0,0,0,0,0,0,0,,0
1001317,4,2,1,1,1,0,0,,0,0,1,1,1,1,6,0,0,,1
1012414,0,1,0,0,0,0,0,,0,0,0,0,0,0,0,0,0,,1
1010076,0,1,0,0,0,0,0,,0,0,0,0,0,0,0,0,0,,0
1015727,0,1,0,0,0,0,0,,0,0,0,0,0,0,0,0,0,,0
1009491,0,1,0,0,0,0,0,,0,0,0,0,0,0,0,0,0,,0
1010794,0,1,0,0,0,0,0,,0,0,0,0,0,0,0,0,0,,0
1011799,0,1,0,0,0,0,0,,0,0,0,0,0,0,0,0,0,,0
1004322,0,1,0,0,0,0,0,,0,0,0,0,0,0,0,0,0,,0
1009693,0,1,0,0,0,0,0,,0,0,0,0,0,0,0,0,0,,0
1012805,4,0,1,0,0,0,1,,0,0,0,0,0,0,0,1,1,,1
1005463,4,2,1,0,0,1,0,,0,0,0,0,0,0,0,0,0,,1
1001254,0,0,0,0,0,0,0,,0,0,0,0,0,0,0,0,0,,1
1007532,0,1,0,0,0,0,0,,0,0,0,0,0,0,0,0,0,,0
1016964,0,1,0,0,0,0,0,,0,0,0,0,0,0,0,0,0,,1
1008952,0,1,0,0,0,0,0,,0,0,0,0,0,0,0,0,0,,0
1015205,4,1,1,0,0,0,0,,0,0,0,1,0,0,2,0,0,,1
1004119,4,2,1,1,1,0,0,2.0,0,0,0,0,0,0,0,0,0,,1
1008770,4,2,1,1,1,0,0,,0,0,1,1,1,1,6,0,0,,1
1013020,0,1,0,0,0,0,0,,0,0,0,0,0,0,0,0,0,,0
1003939,4,0,1,1,1,1,0,,0,0,0,0,0,0,0,1,1,,1
1003482,4,2,1,0,0,0,0,,0,0,0,1,0,0,2,0,0,,1
1011772,0,1,0,0,0,0,0,,0,0,0,0,0,0,0,0,0,,0
1014221,0,1,0,0,0,0,0,,0,0,0,0,0,0,0,0,0,,0
1014913,4,0,1,0,0,0,1,,0,0,0,1,0,0,2,0,0,,1
1013832,0,1,0,0,0,0,0,,0,0,0,0,0,0,0,0,0,,0
1005382,4,2,1,0,0,0,0,3.0,0,0,0,1,0,0,2,0,0,,1
1014482,4,2,1,1,0,0,0,10.0,0,0,0,0,0,0,0,0,0,,1
1012907,4,1,1,1,1,1,0,,0,0,0,0,0,0,0,0,0,,1
1010645,4,2,1,1,1,0,0,,0,0,1,1,1,1,6,0,0,,1
1006896,0,1,0,0,0,0,0,,0,0,0,0,0,0,0,0,0,,1
1015057,0,1,0,0,0,0,0,,0,0,0,0,0,0,0,0,0,,0
1015253,4,2,1,1,1,1,0,,0,0,0,0,0,0,0,0,0,,1
1013765,0,0,0,0,0,0,0,,0,0,0,0,0,0,0,0,0,,1
1008218,0,1,0,0,0,0,0,,0,0,0,0,0,0,0,0,0,,0
1000876,0,1,0,0,0,0,0,,0,0,0,0,0,0,0,0,0,,0
1017173,0,1,0,0,0,0,0,,0,0,0,0,0,0,0,0,0,,0
1012505,0,1,0,0,0,0,0,,0,0,0,0,0,0,0,0,0,,1
1002129,0,1,0,0,0,0,0,,0,0,0,0,0,0,0,0,0,,0
1017380,4,0,1,0,0,0,0,,0,0,0,0,0,0,0,0,0,,1
1011768,0,1,0,0,0,0,0,,0,0,0,0,0,0,0,0,0,,0
1016676,4,2,1,0,0,0,0,,0,0,0,1,0,0,2,0,0,,1
1017389,0,1,0,0,0,0,0,,0,0,0,0,0,0,0,0,0,,0
1002401,0,1,0,0,0,0,0,,0,0,0,0,0,0,0,0,0,,0
1014372,0,1,0,0,0,0,0,,0,0,0,0,0,0,0,0,0,,0
1007922,0,0,0,0,0,0,0,,0,0,0,0,0,0,0,0,0,,1
1000860,0,1,0,0,0,0,0,,0,0,0,0,0,0,0,0,0,,1
1015032,0,1,0,0,0,0,0,,0,0,0,0,0,0,0,0,0,,0
1000802,0,1,0,0,0,0,0,,0,0,0,0,0,0,0,0,0,,0
1012960,0,1,0,0,0,0,0,,0,0,0,0,0,0,0,0,0,,0
1004314,4,2,1,0,0,0,0,1.0,0,0,1,1,0,0,3,0,0,,1
1003381,0,1,0,0,0,0,0,,0,0,0,0,0,0,0,0,0,,0
1002246,0,1,0,0,0,0,0,,0,0,0,0,0,0,0,0,0,,1
1010642,0,1,0,0,0,0,0,,0,0,0,0,0,0,0,0,0,,0
1012748,0,1,0,0,0,0,0,,0,0,0,0,0,0,0,0,0,,0
1007835,4,2,1,1,0,0,0,1.0,0,0,0,0,0,0,0,0,0,,1
1003288,4,2,1,0,1,1,0,29.0,0,0,0,1,1,1,4,0,0,,1
1007417,0,1,0,0,0,0,0,,0,0,0,0,0,0,0,0,0,,0
1006529,4,2,1,1,1,0,0,,0,0,0,0,0,0,0,0,0,,1
1009504,4,2,1,1,1,0,0,,0,0,1,1,1,1,6,0,0,,1
1004693,0,1,0,0,0,0,0,,0,0,0,0,0,0,0,0,0,,1
1004034,0,1,0,0,0,0,0,,0,0,0,0,0,0,0,0,0,,0
1002209,0,1,0,0,0,0,0,,0,0,0,0,0,0,0,0,0,,0
1014871,0,1,0,0,0,0,0,,0,0,0,0,0,0,0,0,0,,0
1016668,0,1,0,0,0,0,0,,0,0,0,0,0,0,0,0,0,,0
1017599,0,1,0,0,0,0,0,,0,0,0,0,0,0,0,0,0,,0
1016456,4,1,1,0,0,0,0,12.0,0,0,0,0,0,0,0,0,0,,1
1001615,4,2,1,0,0,0,0,,0,0,0,1,0,0,2,0,0,,1
1003962,0,1,0,0,0,0,0,,0,0,0,0,0,0,0,0,0,,0
1001500,4,1,1,0,0,0,0,,0,0,0,1,0,0,2,0,0,,1
1015968,4,2,1,0,0,0,0,4.0,0,0,0,1,0,1,3,0,0,,1
1016673,0,1,0,0,0,0,0,,0,0,0,0,0,0,0,0,0,,0
1009780,0,1,0,0,0,0,0,,0,0,0,0,0,0,0,0,0,,0
1004228,0,1,0,0,0,0,0,,0,0,0,0,0,0,0,0,0,,0
1003911,4,2,1,0,1,0,0,,0,0,0,0,0,0,2,0,0,,1
1007105,4,2,1,1,1,1,1,5.0,0,0,1,1,1,1,6,0,0,,1
1004757,0,1,0,0,0,0,0,,0,0,0,0,0,0,0,0,0,,0
1009441,4,2,1,1,0,0,0,,0,0,1,1,1,1,5,0,0,,1
1015345,0,1,0,0,0,0,0,,0,0,0,0,0,0,0,0,0,,0
1005781,4,2,1,1,1,0,0,2.0,0,0,1,1,0,1,4,0,0,,1
1014262,4,2,1,1,1,0,0,2.0,0,0,0,0,0,0,0,0,0,,1
1017453,4,2,1,1,0,0,0,2.0,0,0,1,1,1,1,6,0,0,,1
1002270,0,1,0,0,0,0,0,,0,0,0,0,0,0,0,0,0,,0
1016699,0,1,0,0,0,0,0,,0,0,0,0,0,0,0,0,0,,0
1007856,0,1,0,0,0,0,0,,0,0,0,0,0,0,0,0,0,,0
1013412,4,0,1,0,0,0,0,,0,0,0,1,0,0,2,0,0,,1
1010497,4,2,1,1,0,0,0,4.0,0,0,0,1,0,0,7,0,0,,1
1000093,0,1,0,0,0,0,0,,0,0,0,0,0,0,0,0,0,,0
1010715,0,1,0,0,0,0,0,,0,0,0,0,0,0,0,0,0,,0
1007013,4,1,1,1,0,0,0,14.0,0,0,0,1,0,0,2,0,0,,1
1002627,4,1,1,1,0,0,0,3.0,0,0,0,0,0,0,0,1,1,,1
1014632,4,2,1,1,0,0,0,10.0,0,0,0,0,0,0,0,0,0,,1
1003830,0,1,0,0,0,0,0,,0,0,0,0,0,0,0,0,0,,0
1011288,4,2,1,1,0,0,0,10.0,0,0,0,1,1,1,4,0,0,,1
1010527,0,1,0,0,0,0,0,,0,0,0,0,0,0,0,0,0,,0
1010953,4,0,1,0,0,0,1,,0,0,0,1,0,0,2,0,0,,1
1014075,0,1,0,0,0,0,0,,0,0,0,0,0,0,0,0,0,,0
1002892,0,1,0,0,0,0,0,,0,0,0,0,0,0,0,0,0,,0
1011856,0,1,0,0,0,0,0,,0,0,0,0,0,0,0,0,0,,0
1011881,4,1,1,0,0,0,0,2.0,0,0,0,1,0,0,1,0,0,,1
1015244,0,1,0,0,0,0,0,,0,0,0,0,0,0,0,0,0,,0
1012435,0,1,0,0,0,0,0,,0,0,0,0,0,0,0,0,0,,0
1011349,0,1,0,0,0,0,0,,0,0,0,0,0,0,0,0,0,,0
1000785,4,2,1,1,1,1,0,2.0,0,0,0,0,0,0,0,0,0,,1
1003336,4,2,1,1,0,0,0,5.0,0,0,0,0,0,0,0,0,0,,1
1005119,0,1,0,0,0,0,0,,0,0,0,0,0,0,0,0,0,,0
1009594,4,2,1,1,1,0,0,,0,0,1,1,1,1,6,0,0,,1
1007633,0,0,0,0,0,0,0,,0,0,0,0,0,0,0,0,1,,1
1009876,0,1,0,0,0,0,0,,0,0,0,0,0,0,0,0,0,,0
1016245,0,1,0,0,0,0,0,,0,0,0,0,0,0,0,0,0,,0
1006502,0,1,0,0,0,0,0,,0,0,0,0,0,0,0,0,0,,0
1009568,4,2,1,1,0,0,0,10.0,0,0,0,1,0,0,2,0,0,,1
1007555,0,1,0,0,0,0,0,,0,0,0,0,0,0,0,0,0,,0
1011944,0,1,0,0,0,0,0,,0,0,0,0,0,0,0,0,0,,0
1011084,0,1,0,0,0,0,0,,0,0,0,0,0,0,0,0,0,,1
1005696,0,1,0,0,0,0,0,,0,0,0,0,0,0,0,0,0,,0
1000281,0,1,0,0,0,0,0,,0,0,0,0,0,0,0,0,0,,0
1011589,4,1,1,1,0,0,0,,0,0,0,0,0,0,0,1,1,,1
1008518,0,1,0,0,0,0,0,,0,0,0,0,0,0,0,0,0,,0
1002486,4,2,1,1,0,0,0,,0,0,0,0,0,0,0,1,1,,1
1015892,4,1,1,1,0,0,0,,0,0,0,0,0,0,0,1,1,,1
1010727,0,1,0,0,0,0,0,,0,0,0,0,0,0,0,0,0,,0
1009756,4,0,1,0,1,0,0,,0,0,0,0,0,0,0,1,1,,1
1009495,4,1,1,0,0,0,0,1.0,0,0,0,1,0,0,2,0,0,,1
1001093,4,0,1,0,0,0,0,,0,0,0,0,0,0,0,1,1,,1
1010849,4,1,1,1,0,0,0,,0,0,0,0,0,0,1,0,0,,1
1006973,0,1,0,0,0,0,0,,0,0,0,0,0,0,0,0,0,,0
1001739,0,1,0,0,0,0,0,,0,0,0,0,0,0,0,0,0,,0
1016475,0,1,0,0,0,0,0,,0,0,0,0,0,0,0,0,0,,0
1003084,3,1,1,0,1,0,0,,0,0,0,0,0,0,0,1,1,,1
1011898,0,1,0,0,0,0,0,,0,0,0,0,0,0,0,0,0,,0
1010426,4,2,1,0,0,1,0,10.0,1,0,0,0,0,0,1,0,0,,1
1013103,0,1,0,0,0,0,0,,0,0,0,0,0,0,0,0,0,,0
1016315,0,1,0,0,0,0,0,,0,0,0,0,0,0,0,0,0,,1
1002854,0,0,0,0,0,0,0,,0,0,0,0,0,0,0,0,1,,1
1006712,4,2,1,0,0,0,0,,0,0,0,0,0,0,0,0,0,,1
1000573,0,1,0,0,0,0,0,,0,0,0,0,0,0,0,0,0,,0
1011350,4,2,1,1,1,1,0,,0,0,0,0,0,0,0,0,0,,1
1014982,4,1,1,0,0,0,1,,0,0,0,1,0,0,2,1,1,,1
1004054,0,1,0,0,0,0,0,,0,0,0,0,0,0,0,0,0,,0
1010453,4,1,1,1,0,0,0,,0,0,1,0,0,0,2,0,0,,1
1015396,4,1,1,0,1,0,0,,0,0,0,1,0,0,1,0,1,,1
1003879,0,1,0,0,0,0,0,,0,0,0,0,0,0,0,0,0,,0
1002060,0,1,0,0,0,0,0,,0,0,0,0,0,0,0,0,0,,1
1003613,4,0,1,1,1,1,0,,0,0,0,0,0,0,0,0,0,,1
1017304,0,1,0,0,0,0,0,,0,0,0,0,0,0,0,0,0,,0
1008928,4,2,1,1,1,0,0,,0,0,1,1,1,1,6,0,0,,1
1001689,0,1,0,0,0,0,0,,0,0,0,0,0,0,0,0,0,,0
1006731,0,1,0,0,0,0,0,,0,0,0,0,0,0,0,0,0,,0
1010058,0,1,0,0,0,0,0,,0,0,0,0,0,0,0,0,0,,0
1012816,0,1,0,0,0,0,0,,0,0,0,0,0,0,0,0,0,,1
1000514,0,1,0,0,0,0,0,,0,0,0,0,0,0,0,0,0,,0
1004639,0,1,0,0,0,0,0,,0,0,0,0,0,0,0,0,0,,0
1001240,0,1,0,0,0,0,0,,0,0,0,0,0,0,0,0,0,,0
1013653,0,1,0,0,0,0,0,,0,0,0,0,0,0,0,0,0,,1
1007120,0,0,0,0,0,0,0,,0,0,0,0,0,0,0,0,1,,1
1005040,0,1,0,0,0,0,0,,0,0,0,0,0,0,0,0,0,,0
1009851,0,1,0,0,0,0,0,,0,0,0,0,0,0,0,0,0,,0
1004059,0,1,0,0,0,0,0,,0,0,0,0,0,0,0,0,0,,0
1007358,0,1,0,0,0,0,0,,0,0,0,0,0,0,0,0,0,,0
1005346,4,2,1,1,1,1,1,,0,0,0,0,0,0,0,0,0,,1
1007671,0,1,0,0,0,0,0,,0,0,0,0,0,0,0,0,0,,0
1001909,0,1,0,0,0,0,0,,0,0,0,0,0,0,0,0,0,,1
1010698,4,2,1,1,1,0,0,,0,0,1,1,1,1,6,0,0,,1
1011501,0,1,0,0,0,0,0,,0,0,0,0,0,0,0,0,0,,1
1013413,4,1,1,0,0,0,1,,0,0,0,1,0,0,2,0,0,,1
1008955,0,1,0,0,0,0,0,,0,0,0,0,0,0,0,0,0,,0
1014945,0,0,0,0,0,0,0,,0,0,0,0,0,0,0,0,0,,1
1011792,0,1,0,0,0,0,0,,0,0,0,0,0,0,0,0,0,,0
1015268,0,1,0,0,0,0,0,,0,0,0,0,0,0,0,0,0,,0
1008802,4,1,1,0,0,0,0,,0,0,0,0,0,0,1,0,0,,1
1007366,4,1,1,1,0,0,0,,0,0,0,0,0,0,0,1,1,,1
1007804,4,2,1,1,0,0,0,,0,0,1,1,1,1,6,0,0,,1
1011608,4,2,1,0,0,0,0,12.0,0,0,0,0,0,0,1,0,0,,1
1001553,4,0,1,1,1,0,1,,0,1,0,0,0,0,0,0,0,,1
1001136,4,0,1,0,0,0,1,,0,0,0,1,0,0,2,0,0,,1
1001099,0,1,0,0,0,0,0,,0,0,0,0,0,0,0,0,0,,0
1017327,0,1,0,0,0,0,0,,0,0,0,0,0,0,0,0,0,,1
1014014,0,1,0,0,0,0,0,,0,0,0,0,0,0,0,0,0,,0
1014326,4,0,1,1,1,0,0,,0,0,0,0,0,0,0,0,0,,1
1016300,0,1,0,0,0,0,0,,0,0,0,0,0,0,0,0,0,,0
1008228,0,1,0,0,0,0,0,,0,0,0,0,0,0,0,0,0,,0
1008354,0,1,0,0,0,0,0,,0,0,0,0,0,0,0,0,0,,0
1003315,0,1,0,0,0,0,0,,0,0,0,0,0,0,0,0,0,,0
1008700,0,1,0,0,0,0,0,,0,0,0,0,0,0,0,0,0,,0
1008495,0,1,0,0,0,0,0,,0,0,0,0,0,0,0,0,0,,0
1003111,0,1,0,0,0,0,0,,0,0,0,0,0,0,0,0,0,,1
1013451,0,1,0,0,0,0,0,,0,0,0,0,0,0,0,0,0,,0
1002402,0,1,0,0,0,0,0,,0,0,0,0,0,0,0,0,0,,0
1003087,0,1,0,0,0,0,0,,0,0,0,0,0,0,0,0,0,,1
1007341,0,1,0,0,0,0,0,,0,0,0,0,0,0,0,0,0,,0
1004797,0,1,0,0,0,0,0,,0,0,0,0,0,0,0,0,0,,0
1014141,0,1,0,0,0,0,0,,0,0,0,0,0,0,0,0,0,,0
1014701,0,1,0,0,0,0,0,,0,0,0,0,0,0,0,0,0,,1
1006279,0,1,0,0,0,0,0,,0,0,0,0,0,0,0,0,0,,0
1007879,0,1,0,0,0,0,0,,0,0,0,0,0,0,0,0,0,,0
1000276,0,0,0,0,0,0,0,,0,0,0,0,0,0,0,1,1,,1
1009699,0,1,0,0,0,0,0,,0,0,0,0,0,0,0,0,0,,0
1011395,4,2,1,0,0,0,0,,0,0,0,0,0,0,0,0,0,,1
1011276,4,2,1,0,0,0,0,,0,0,0,0,0,0,12,0,0,,1
1009871,4,2,1,1,0,0,0,2.0,0,0,0,0,0,0,4,0,0,,1
1003970,0,0,1,0,0,0,1,,0,0,0,0,0,0,0,1,1,,1
1002372,0,1,0,0,0,0,0,,0,0,0,0,0,0,0,0,0,,0
1012099,0,1,0,0,0,0,0,,0,0,0,0,0,0,0,0,0,,0
1012345,4,2,1,1,0,0,0,,0,0,0,1,0,0,2,0,0,,1
1000414,4,2,1,0,0,0,0,2.0,1,0,1,1,0,0,3,0,0,,1
1004225,0,1,0,0,0,0,0,,0,0,0,0,0,0,0,0,0,,0
1011464,0,1,0,0,0,0,0,,0,0,0,0,0,0,0,0,0,,0
1004039,0,1,0,0,0,0,0,,0,0,0,0,0,0,0,0,0,,0
1009089,0,1,0,0,0,0,0,,0,0,0,0,0,0,0,0,0,,0
1003619,0,1,0,0,0,0,0,,0,0,0,0,0,0,0,0,0,,0
1013572,0,1,0,0,0,0,0,,0,0,0,0,0,0,0,0,0,,0
1007488,0,1,0,0,0,0,0,,0,0,0,0,0,0,0,0,0,,0
1005760,0,1,0,0,0,0,0,,0,0,0,0,0,0,0,0,0,,0
1004897,0,1,0,0,0,0,0,,0,0,0,0,0,0,0,0,0,,0
1007744,0,1,0,0,0,0,0,,0,0,0,0,0,0,0,0,0,,0
1008188,0,1,0,0,0,0,0,,0,0,0,0,0,0,0,0,0,,0
1017359,0,1,0,0,0,0,0,,0,0,0,0,0,0,0,0,0,,1
1015549,0,1,0,0,0,0,0,,0,0,0,0,0,0,0,0,0,,0
1008178,0,1,0,0,0,0,0,,0,0,0,0,0,0,0,0,0,,0
1005182,0,1,0,0,0,0,0,,0,0,0,0,0,0,0,0,0,,0
1013450,0,1,0,0,0,0,0,,0,0,0,0,0,0,0,0,0,,0
1005771,0,1,0,0,0,0,0,,0,0,0,0,0,0,0,0,0,,0
1014677,0,1,0,0,0,0,0,,0,0,0,0,0,0,0,0,0,,0
1011635,0,1,0,0,0,0,0,,0,0,0,0,0,0,0,0,0,,0
1012506,4,2,1,0,0,0,0,,0,0,0,1,0,0,2,0,0,,1
1004932,0,1,0,0,0,0,0,,0,0,0,0,0,0,0,0,0,,0
1000900,0,1,0,0,0,0,0,,0,0,0,0,0,0,0,0,0,,0
1016826,4,2,1,1,1,0,0,,0,0,1,1,1,1,6,0,0,,1
1009465,0,0,0,0,0,0,0,,0,0,0,0,0,0,0,0,0,,1
1014144,4,2,1,1,0,0,0,12.0,0,0,0,0,0,0,0,0,0,,1
1000166,0,1,0,0,0,0,0,,0,0,0,0,0,0,0,0,0,,1
1012768,4,1,1,1,0,0,0,,0,0,0,0,0,0,0,1,1,,1
1003635,0,1,0,0,0,0,0,,0,0,0,0,0,0,0,0,0,,0
1014363,0,1,0,0,0,0,0,,0,0,0,0,0,0,0,0,0,,0
1016404,0,1,0,0,0,0,0,,0,0,0,0,0,0,0,0,0,,0
1008862,4,1,1,1,0,0,0,,0,0,1,1,0,0,3,0,0,,1
1017494,4,2,1,1,1,1,0,,0,0,0,0,0,0,0,0,0,,1
1005570,4,0,1,0,1,0,0,,0,0,0,0,0,0,0,1,1,,1
1005794,0,1,0,0,0,0,0,,0,0,0,0,0,0,0,0,0,,0
1008153,0,1,0,0,0,0,0,,0,0,0,0,0,0,0,0,0,,0
1016882,0,1,0,0,0,0,0,,0,0,0,0,0,0,0,0,0,,0
1004057,0,1,0,0,0,0,0,,0,0,0,0,0,0,0,0,0,,0
1002132,0,1,0,0,0,0,0,,0,0,0,0,0,0,0,0,0,,0
1007322,4,2,1,1,1,0,0,10.0,0,0,1,1,1,1,5,1,1,,1
1011726,0,1,0,0,0,0,0,,0,0,0,0,0,0,0,0,0,,0
1008950,4,1,1,1,0,0,0,1.0,0,0,0,1,1,0,3,0,0,,1
1016488,4,2,1,1,0,0,0,12.0,0,0,1,1,0,0,3,0,0,,1
1009218,0,1,0,0,0,0,0,,0,0,0,0,0,0,0,0,0,,0
1014416,0,1,0,0,0,0,0,,0,0,0,0,0,0,0,0,0,,1
1007046,0,1,0,0,0,0,0,,0,0,0,0,0,0,0,0,0,,0
1012158,0,1,0,0,0,0,0,,0,0,0,0,0,0,0,0,0,,0
1009682,0,1,0,0,0,0,0,,0,0,0,0,0,0,0,0,0,,1
1013938,4,2,1,1,0,0,0,20.0,0,0,0,0,0,0,0,0,0,,1
1015313,4,2,1,1,0,0,0,,0,0,0,1,0,0,2,0,0,,1
1010618,0,1,0,0,0,0,0,,0,0,0,0,0,0,0,0,0,,1
1000467,0,1,0,0,0,0,0,,0,0,0,0,0,0,0,0,0,,0
1004604,0,1,0,0,0,0,0,,0,0,0,0,0,0,0,0,0,,0
1012128,0,0,0,0,0,0,0,,0,0,0,0,0,0,0,0,0,,1
1010598,0,1,0,0,0,0,0,,0,0,0,0,0,0,0,0,0,,0
1014166,4,0,1,0,0,0,0,,0,0,0,0,0,0,0,1,1,,1
1015366,0,0,0,0,0,0,0,,0,0,0,0,0,0,0,1,1,,1
1011080,4,1,1,1,0,0,0,,0,0,0,0,0,0,0,1,1,,1
1005618,0,1,0,0,0,0,0,,0,0,0,0,0,0,0,0,0,,1
1004694,0,1,0,0,0,0,0,,0,0,0,0,0,0,0,0,0,,1
1002869,4,2,1,1,0,0,0,,0,0,0,0,0,0,0,0,0,,1
1008297,0,1,0,0,0,0,0,,0,0,0,0,0,0,0,0,0,,0
1009449,4,1,1,1,0,0,0,,0,0,0,0,0,0,0,1,1,,1
1005008,0,1,0,0,0,0,0,,0,0,0,0,0,0,0,0,0,,0
1008134,4,2,1,1,0,0,0,,0,0,0,0,0,0,5,0,0,,1
1013331,0,0,0,0,0,0,0,,0,0,0,0,0,0,0,1,1,,1
1003401,4,2,1,0,0,0,0,,0,0,0,1,0,0,2,0,0,,1
1000350,0,1,0,0,0,0,0,,0,0,0,0,0,0,0,0,0,,0
1013680,0,1,0,0,0,0,0,,0,0,0,0,0,0,0,0,0,,0
1010182,4,0,1,1,0,0,0,,0,0,0,0,0,0,0,1,1,,1
1015556,0,1,0,0,0,0,0,,0,0,0,0,0,0,0,0,0,,0
1016948,4,1,1,0,0,0,0,,0,0,0,0,0,0,1,0,0,,1
1009250,0,1,0,0,0,0,0,,0,0,0,0,0,0,0,0,0,,0
1008042,0,1,0,0,0,0,0,,0,0,0,0,0,0,0,0,0,,0
1005161,4,2,1,0,0,0,0,2.0,0,0,0,0,0,0,1,0,0,,1
1014385,4,2,1,0,0,0,0,1.0,0,1,0,0,0,0,2,0,0,,1
1010494,4,2,1,0,1,0,0,,0,0,0,1,1,0,3,0,0,,1
1002494,0,1,0,0,0,0,0,,0,0,0,0,0,0,0,0,0,,0
1002047,0,1,0,0,0,0,0,,0,0,0,0,0,0,0,0,0,,0
1013667,0,1,0,0,0,0,0,,0,0,0,0,0,0,0,0,0,,0
1008793,0,1,0,0,0,0,0,,0,0,0,0,0,0,0,0,0,,0
1012643,4,2,1,1,0,0,0,1.0,0,0,0,0,0,0,4,0,0,,1
1008003,4,2,1,1,1,0,0,2.0,0,1,0,0,0,0,6,0,0,,1
1002636,0,1,0,0,0,0,0,,0,0,0,0,0,0,0,0,0,,0
1014430,0,1,0,0,0,0,0,,0,0,0,0,0,0,0,0,0,,1
1008758,4,2,1,1,1,1,0,,0,0,0,0,0,0,0,0,0,,1
1013611,0,1,0,0,0,0,0,,0,0,0,0,0,0,0,0,0,,0
1003232,0,1,0,0,0,0,0,,0,0,0,0,0,0,0,0,0,,0
1000457,4,2,1,1,1,0,0,35.0,0,0,1,1,0,0,3,0,0,,1
1010111,0,1,0,0,0,0,0,,0,0,0,0,0,0,0,0,0,,0
1013897,0,1,0,0,0,0,0,,0,0,0,0,0,0,0,0,0,,0
1002801,0,1,0,0,0,0,0,,0,0,0,0,0,0,0,0,0,,0
1005168,0,1,0,0,0,0,0,,0,0,0,0,0,0,0,0,0,,0
1017324,4,2,1,1,1,0,0,,0,0,1,1,1,1,6,0,0,,1
1009217,0,1,0,0,0,0,0,,0,0,0,0,0,0,0,0,0,,0
1012964,4,1,1,1,0,0,0,,0,0,0,0,0,0,0,1,1,,1
1015000,0,1,0,0,0,0,0,,0,0,0,0,0,0,0,0,0,,0
1013057,0,1,0,0,0,0,0,,0,0,0,0,0,0,0,0,0,,0
1010136,0,1,0,0,0,0,0,,0,0,0,0,0,0,0,0,0,,0
1016749,0,1,0,0,0,0,0,,0,0,0,0,0,0,0,0,0,,0
1016466,0,1,0,0,0,0,0,,0,0,0,0,0,0,0,0,0,,0
1017490,0,1,1,0,0,0,0,2.0,0,0,0,0,0,0,1,0,0,,1
1009624,0,1,0,0,0,0,0,,0,0,0,0,0,0,0,0,0,,0
1005575,0,1,0,0,0,0,0,,0,0,0,0,0,0,0,0,0,,0
1008151,4,2,1,1,1,0,0,,0,0,1,1,1,1,6,0,0,,1
1011551,4,2,1,0,1,0,0,15.0,0,0,0,1,0,1,3,0,0,,1
1009417,4,0,1,0,1,0,0,,0,0,0,0,0,0,0,1,1,,1
1003490,0,1,0,0,0,0,0,,0,0,0,0,0,0,0,0,0,,0
1004844,4,1,1,1,0,0,0,,0,0,1,1,0,1,4,0,0,,1
1004653,0,1,1,0,0,0,1,2.0,0,0,0,0,0,0,0,0,1,,1
1009526,0,1,0,0,0,0,0,,0,0,0,0,0,0,0,0,0,,0
1004295,4,2,1,0,1,0,0,24.0,0,0,1,0,0,0,6,0,0,,1
1006857,0,1,0,0,0,0,0,,0,0,0,0,0,0,0,0,0,,0
1006269,0,1,0,0,0,0,0,,0,0,0,0,0,0,0,0,0,,1
1004983,0,1,0,0,0,0,0,,0,0,0,0,0,0,0,0,0,,0
1009053,0,1,0,0,0,0,0,,0,0,0,0,0,0,0,0,0,,0
1008824,0,1,0,0,0,0,0,,0,0,0,0,0,0,0,0,0,,0
1009358,0,1,0,0,0,0,0,,0,0,0,0,0,0,0,0,0,,0
1017142,0,1,0,0,0,0,0,,0,0,0,0,0,0,0,0,0,,1
1005032,4,0,1,0,0,0,0,,0,0,0,0,0,0,0,0,0,,1
1001440,0,1,0,0,0,0,0,,0,0,0,0,0,0,0,0,0,,0
1014459,0,1,0,0,0,0,0,,0,0,0,0,0,0,0,0,0,,0
1004795,0,1,0,0,0,0,0,,0,0,0,0,0,0,0,0,0,,0
1011066,0,1,0,0,0,0,0,,0,0,0,0,0,0,0,0,0,,0
1007316,0,1,0,0,0,0,0,,0,0,0,0,0,0,0,0,0,,0
1014177,0,1,0,0,0,0,0,,0,0,0,0,0,0,0,0,0,,0
1015743,0,1,0,0,0,0,0,,0,0,0,0,0,0,0,0,0,,0
1002158,0,1,0,0,0,0,0,,0,0,0,0,0,0,0,0,0,,0
1005257,0,1,0,0,0,0,0,,0,0,0,0,0,0,0,0,0,,0
1013278,0,1,0,0,0,0,0,,0,0,0,0,0,0,0,0,0,,0
1002102,0,1,0,0,0,0,0,,0,0,0,0,0,0,0,0,0,,1
1004597,4,2,1,1,0,0,0,12.0,0,0,1,1,1,1,6,0,0,,1
1010652,4,1,1,0,0,0,0,,0,0,0,0,0,0,1,0,0,,1
1003958,4,2,1,0,0,0,1,,0,0,0,1,0,0,2,0,0,,1
1011804,4,2,1,1,0,0,0,12.0,0,0,1,1,1,1,6,0,0,,1
1004719,4,2,1,0,1,0,0,1.0,0,0,0,0,0,0,3,0,0,,1
1009278,0,0,0,0,0,0,0,,0,0,0,0,0,0,0,0,0,,1
1000179,0,1,0,0,0,0,0,,0,0,0,0,0,0,0,0,0,,0
1013077,0,1,0,0,0,0,0,,0,0,0,0,0,0,0,0,0,,0
1006420,0,1,0,0,0,0,0,,0,0,0,0,0,0,0,0,0,,0
1007214,0,1,0,0,0,0,0,,0,0,0,0,0,0,0,0,0,,0
1008293,0,1,0,0,0,0,0,,0,0,0,0,0,0,0,0,0,,0
1012629,0,1,0,0,0,0,0,,0,0,0,0,0,0,0,0,0,,0
1007593,0,1,0,0,0,0,0,,0,0,0,0,0,0,0,0,0,,1
1004889,0,1,0,0,0,0,0,,0,0,0,0,0,0,0,0,0,,1
1008413,4,1,1,1,0,0,0,23.0,0,0,0,0,0,0,2,0,0,,1
1013776,0,1,0,0,0,0,0,,0,0,0,0,0,0,0,0,0,,0
1004226,4,0,1,1,0,0,0,,0,0,0,0,0,0,0,1,1,,1
1003005,4,0,1,0,0,0,1,10.0,0,0,0,0,0,0,0,0,0,,1
1006755,4,2,1,1,0,0,0,,0,0,1,1,1,1,6,0,0,,1
1014345,0,1,0,0,0,0,0,,0,0,0,0,0,0,0,0,0,,0
1013260,4,1,1,1,0,0,0,,0,0,0,0,0,0,0,1,1,,1
1015644,0,1,0,0,0,0,0,,0,0,0,0,0,0,0,0,0,,0
1011517,0,1,0,0,0,0,0,,0,0,0,0,0,0,0,0,0,,0
1010265,0,1,0,0,0,0,0,,0,0,0,0,0,0,0,0,0,,1
1007958,0,1,0,0,0,0,0,,0,0,0,0,0,0,0,0,0,,0
1012961,0,1,0,0,0,0,0,,0,0,0,0,0,0,0,0,0,,0
1014624,0,1,0,0,0,0,0,,0,0,0,0,0,0,0,0,0,,0
1012434,4,0,1,0,0,0,1,,0,0,0,1,0,0,2,1,1,,1
1007388,0,1,0,0,0,0,0,,0,0,0,0,0,0,0,0,0,,0
1012272,0,1,0,0,0,0,0,,0,0,0,0,0,0,0,0,0,,0
1010975,4,2,1,1,0,0,0,,0,0,1,1,1,1,6,0,0,,1
1006424,4,2,1,1,1,1,1,,0,0,1,1,1,1,6,0,0,,1
1003594,0,1,0,0,0,0,0,,0,0,0,0,0,0,0,0,0,,0
1000924,0,1,0,0,0,0,0,,0,0,0,0,0,0,0,0,0,,1
1014594,0,1,0,0,0,0,0,,0,0,0,0,0,0,0,0,0,,0
1002821,0,1,0,0,0,0,0,,0,0,0,0,0,0,0,0,0,,0
1001211,4,2,1,1,1,1,0,3.0,0,0,0,0,0,0,0,0,0,,1
1007161,4,2,1,0,1,0,1,,0,0,0,1,0,1,3,1,1,,1
1004516,0,1,0,0,0,0,0,,0,0,0,0,0,0,0,0,0,,0
1007721,0,1,0,0,0,0,0,,0,0,0,0,0,0,0,0,0,,0
1014420,0,1,0,0,0,0,0,,0,0,0,0,0,0,0,0,0,,0
1008142,4,2,1,1,1,1,0,,0,1,0,0,0,0,0,0,0,20.0,1
1008057,0,1,0,0,0,0,0,,0,0,0,0,0,0,0,0,0,,0
1001798,0,1,0,0,0,0,0,,0,0,0,0,0,0,0,0,0,,0
1004133,0,1,0,0,0,0,0,,0,0,0,0,0,0,0,0,0,,1
1001528,0,1,0,0,0,0,0,,0,0,0,0,0,0,0,0,0,,0
1004906,0,1,0,0,0,0,0,,0,0,0,0,0,0,0,0,0,,0
1002099,0,1,0,0,0,0,0,,0,0,0,0,0,0,0,0,0,,0
1002477,4,2,1,1,1,0,0,,0,1,0,1,0,0,2,0,0,,1
1000926,0,1,0,0,0,0,0,,0,0,0,0,0,0,0,0,0,,1
1004028,0,1,0,0,0,0,0,,0,0,0,0,0,0,0,0,0,,0
1002689,0,1,0,0,0,0,0,,0,0,0,0,0,0,0,0,0,,0
1007037,0,0,0,0,0,0,0,,0,0,0,0,0,0,0,0,0,,1
1007572,0,1,0,0,0,0,0,,0,0,0,0,0,0,0,0,0,,1
1007059,0,1,0,0,0,0,0,,0,0,0,0,0,0,0,0,0,,0
1007757,0,1,0,0,0,0,0,,0,0,0,0,0,0,0,0,0,,1
1012934,4,1,1,0,0,0,0,3.0,0,0,0,0,0,0,0,0,0,,1
1010237,0,1,0,0,0,0,0,,0,0,0,0,0,0,0,0,0,,0
1005797,0,1,0,0,0,0,0,,0,0,0,0,0,0,0,0,0,,1
1003267,4,1,1,0,0,0,0,3.0,0,0,0,0,0,0,1,0,0,,1
1011912,0,1,0,0,0,0,0,,0,0,0,0,0,0,0,0,0,,1
1000946,4,0,1,0,0,0,0,,0,0,0,0,1,0,1,0,0,,1
1007123,0,1,0,0,0,0,0,,0,0,0,0,0,0,0,0,0,,0
1009484,4,2,1,1,1,1,0,,0,0,0,0,0,0,0,0,0,,1
1011737,0,1,0,0,0,0,0,,0,0,0,0,0,0,0,0,0,,0
1006924,0,1,0,0,0,0,0,,0,0,0,0,0,0,0,0,0,,0
1000879,4,2,1,1,1,1,1,,0,0,0,0,0,0,5,0,0,,1
1003919,4,2,1,0,0,0,0,2.0,0,0,0,0,0,0,0,0,0,,1
1015688,0,1,0,0,0,0,0,,0,0,0,0,0,0,0,0,0,,1
1006781,0,1,0,0,0,0,0,,0,0,0,0,0,0,0,0,0,,0
1010035,4,0,1,0,1,0,1,10.0,0,0,1,1,1,1,6,0,1,,1
1001441,0,1,0,0,0,0,0,,0,0,0,0,0,0,0,0,0,,1
1011296,0,1,0,0,0,0,0,,0,0,0,0,0,0,0,0,0,,0
1017457,0,1,0,0,0,0,0,,0,0,0,0,0,0,0,0,0,,0
1012860,4,0,1,0,1,0,0,,0,0,0,0,0,0,0,1,1,,1
1001561,0,1,0,0,0,0,0,,0,0,0,0,0,0,0,0,0,,0
1001804,0,1,0,0,0,0,0,,0,0,0,0,0,0,0,0,0,,0
1013038,0,1,0,0,0,0,0,,0,0,0,0,0,0,0,0,0,,0
1007148,0,1,0,0,0,0,0,,0,0,0,0,0,0,0,0,0,,1
1011346,0,1,0,0,0,0,0,,0,0,0,0,0,0,0,0,0,,0
1009472,4,2,1,0,0,0,1,,0,0,0,1,0,0,5,0,0,,1
1001624,0,1,0,0,0,0,0,,0,0,0,0,0,0,0,0,0,,0
1013841,0,1,0,0,0,0,0,,0,0,0,0,0,0,0,0,0,,0
1002875,0,1,0,0,0,0,0,,0,0,0,0,0,0,0,0,0,,1
1009203,4,1,1,1,0,0,0,,0,0,0,0,0,0,0,1,1,,1
1005976,0,1,0,0,0,0,0,,0,0,0,0,0,0,0,0,0,,0
1013287,0,1,0,0,0,0,0,,0,0,0,0,0,0,0,0,0,,0
1012677,0,1,0,0,0,0,0,,0,0,0,0,0,0,0,0,0,,0
1014571,0,1,0,0,0,0,0,,0,0,0,0,0,0,0,0,0,,0
1001094,0,0,0,0,0,0,0,,0,0,0,0,0,0,0,0,1,,1
1013185,0,1,0,0,0,0,0,,0,0,0,0,0,0,0,0,0,,0
1006012,0,1,0,0,0,0,0,,0,0,0,0,0,0,0,0,0,,0
1003195,0,1,0,0,0,0,0,,0,0,0,0,0,0,0,0,0,,0
1006899,0,1,0,0,0,0,0,,0,0,0,0,0,0,0,0,0,,0
1007674,0,1,0,0,0,0,0,,0,0,0,0,0,0,0,0,0,,1
1001824,0,1,0,0,0,0,0,,0,0,0,0,0,0,0,0,0,,0
1012064,0,1,0,0,0,0,0,,0,0,0,0,0,0,0,0,0,,0
1016649,4,2,1,1,0,0,0,,0,0,1,1,1,1,6,0,0,,1
1002215,4,0,1,0,0,0,1,,0,0,0,0,0,0,0,0,1,,1
1006662,4,1,1,1,1,0,0,,0,0,0,0,0,0,0,0,0,,1
1015812,4,2,1,1,0,0,0,2.0,0,0,0,0,0,0,0,1,1,,1
1008926,4,2,1,1,1,0,0,,0,0,0,1,0,0,2,0,0,,1
1017126,4,1,1,0,1,0,0,,0,0,0,1,0,0,2,0,0,,1
1017097,4,2,1,0,1,0,0,,0,0,1,1,1,1,6,0,0,,1
1001600,0,1,0,0,0,0,0,,0,0,0,0,0,0,0,0,0,,0
1000402,4,2,1,1,1,0,0,3.0,0,0,1,1,1,1,6,0,0,,1
1007277,0,1,0,0,0,0,0,,0,0,0,0,0,0,0,0,0,,1
1006512,4,0,1,1,0,0,0,,0,0,0,0,0,0,0,0,1,,1
1001149,4,2,1,1,1,1,0,,0,0,0,0,0,0,0,0,0,,1
1014399,4,1,1,0,0,0,1,,0,0,0,1,0,0,2,0,0,,1
1012592,0,1,0,0,0,0,0,,0,0,0,0,0,0,0,0,0,,1
1007065,0,1,0,0,0,0,0,,0,0,0,0,0,0,0,0,0,,0
1009536,0,1,0,0,0,0,0,,0,0,0,0,0,0,0,0,0,,0
1005520,0,1,0,0,0,0,0,,0,0,0,0,0,0,0,0,0,,0
1002971,0,1,0,0,0,0,0,,0,0,0,0,0,0,0,0,0,,0
1002906,4,2,1,1,0,0,0,,0,0,1,1,0,0,3,0,0,,1
1006649,0,1,0,0,0,0,0,,0,0,0,0,0,0,0,0,0,,1
1016210,0,1,0,0,0,0,0,,0,0,0,0,0,0,0,0,0,,0
1004743,4,0,1,0,0,0,0,,0,0,0,0,0,0,0,0,0,,1
1002736,0,1,0,0,0,0,0,,0,0,0,0,0,0,0,0,0,,0
1012245,0,1,0,0,0,0,0,,0,0,0,0,0,0,0,0,0,,0
1003180,0,1,0,0,0,0,0,,0,0,0,0,0,0,0,0,0,,1
1005682,0,1,0,0,0,0,0,,0,0,0,0,0,0,0,0,0,,0
1012249,0,1,0,0,0,0,0,,0,0,0,0,0,0,0,0,0,,0
1000333,4,2,1,0,0,0,0,,0,0,1,1,0,0,3,0,0,,1
1005917,4,2,1,1,1,1,0,,0,0,0,0,0,0,5,0,0,,1
1003413,4,0,1,0,1,0,0,965.0,0,0,0,0,0,0,0,1,1,,1
1002454,0,1,0,0,0,0,0,,0,0,0,0,0,0,0,0,0,,0
1012920,0,1,0,0,0,0,0,,0,0,0,0,0,0,0,0,0,,0
1002264,0,1,0,0,0,0,0,,0,0,0,0,0,0,0,0,0,,1
1009366,4,2,1,1,1,1,0,3.0,0,0,1,1,1,1,6,0,0,,1
1013320,0,1,0,0,0,0,0,,0,0,0,0,0,0,0,0,0,,0
1008726,4,1,1,1,0,0,0,,0,0,0,0,0,0,0,1,1,,1
1011434,0,1,0,0,0,0,0,,0,0,0,0,0,0,0,0,0,,0
1017378,4,2,1,1,1,1,0,,0,0,0,0,0,0,0,0,0,,1
1016103,0,1,0,0,0,0,0,,0,0,0,0,0,0,0,0,0,,0
1011939,0,1,0,0,0,0,0,,0,0,0,0,0,0,0,0,0,,0
1002012,0,1,0,0,0,0,0,,0,0,0,0,0,0,0,0,0,,0
1003729,4,1,1,1,0,0,0,2.0,0,0,0,1,0,0,2,0,0,,1
1013770,0,1,0,0,0,0,0,,0,0,0,0,0,0,0,0,0,,0
1006518,0,0,0,0,0,0,0,,0,0,0,0,0,0,0,0,0,,1
1015326,4,2,1,1,0,0,0,2.0,0,0,0,0,0,0,0,0,0,,1
1002908,0,1,0,0,0,0,0,,0,0,0,0,0,0,0,0,0,,0
1008671,0,1,0,0,0,0,0,,0,0,0,0,0,0,0,0,0,,0
1015699,0,1,0,0,0,0,0,,0,0,0,0,0,0,0,0,0,,1
1001315,0,1,0,0,0,0,0,,0,0,0,0,0,0,0,0,0,,1
1014470,0,1,0,0,0,0,0,,0,0,0,0,0,0,0,0,0,,1
1006748,0,1,0,0,0,0,0,,0,0,0,0,0,0,0,0,0,,0
1001640,0,1,0,0,0,0,0,,0,0,0,0,0,0,0,0,0,,0
1015417,4,1,1,0,0,0,0,15.0,0,1,0,1,0,0,3,0,0,,1
1006561,0,1,0,0,0,0,0,,0,0,0,0,0,0,0,0,0,,0
1006373,0,1,0,0,0,0,0,,0,0,0,0,0,0,0,0,0,,0
1008561,4,1,1,1,0,0,0,,0,0,0,0,0,0,0,1,1,,1
1003176,4,1,1,0,0,0,0,10.0,0,0,0,0,0,0,1,0,0,,1
1008387,4,1,1,0,0,0,1,,0,0,0,1,0,0,2,1,1,,1
1001461,0,1,0,0,0,0,0,,0,0,0,0,0,0,0,0,0,,0
1014920,0,1,0,0,0,0,0,,0,0,0,0,0,0,0,0,0,,0
1004854,0,1,0,0,0,0,0,,0,0,0,0,0,0,0,0,0,,1
1014090,4,2,1,1,1,0,0,3.0,0,0,1,1,1,1,6,0,0,,1
1015372,0,1,0,0,0,0,0,,0,0,0,0,0,0,0,0,0,,0
1004136,0,1,0,0,0,0,0,,0,0,0,0,0,0,0,0,0,,1
1001143,0,1,0,0,0,0,0,,0,0,0,0,0,0,0,0,0,,1
1012674,4,2,1,0,1,0,0,,0,0,1,1,1,1,6,0,0,,1
1011189,4,2,1,0,0,0,1,,0,0,0,1,0,0,2,0,0,,1
1009679,0,1,0,0,0,0,0,,0,0,0,0,0,0,0,0,0,,0
1008381,0,1,0,0,0,0,0,,0,0,0,0,0,0,0,0,0,,0
1008636,0,1,0,0,0,0,0,,0,0,0,0,0,0,0,0,0,,1
1008041,0,1,0,0,0,0,0,,0,0,0,0,0,0,0,0,0,,0
1016744,0,1,0,0,0,0,0,,0,0,0,0,0,0,0,0,0,,0
1003663,0,1,0,0,0,0,0,,0,0,0,0,0,0,0,0,0,,0
1012827,0,1,0,0,0,0,0,,0,0,0,0,0,0,0,0,0,,0
1006449,4,2,1,1,0,0,0,944.0,1,0,0,0,0,0,0,0,0,,1
1015016,4,2,1,1,1,0,0,,0,0,0,0,0,0,7,0,0,,1
1012199,0,1,0,0,0,0,0,,0,0,0,0,0,0,0,0,0,,0
1004589,4,1,1,0,0,0,0,1.0,0,0,0,0,0,0,0,0,0,,1
1012297,0,1,0,0,0,0,0,,0,0,0,0,0,0,0,0,0,,0
1007718,0,1,0,0,0,0,0,,0,0,0,0,0,0,0,0,0,,0
1008588,0,1,0,0,0,0,0,,0,0,0,0,0,0,0,0,0,,1
1015201,4,0,1,1,0,0,0,,0,0,0,0,0,0,0,1,1,,1
1015168,0,1,0,0,0,0,0,,0,0,0,0,0,0,0,0,0,,0
1008322,0,0,0,0,0,0,0,,0,0,0,0,0,0,0,0,0,,1
1014109,0,1,0,0,0,0,0,,0,0,0,0,0,0,0,0,0,,0
1007943,0,1,0,0,0,0,0,,0,0,0,0,0,0,0,0,0,,0
1009635,4,2,1,1,1,0,0,,0,0,0,0,0,0,0,0,0,,1
1009657,0,1,0,0,0,0,0,,0,0,0,0,0,0,0,0,0,,0
1007639,0,1,0,0,0,0,0,,0,0,0,0,0,0,0,0,0,,0
1004024,0,1,0,0,0,0,0,,0,0,0,0,0,0,0,0,0,,0
1010382,0,1,0,0,0,0,0,,0,0,0,0,0,0,0,0,0,,0
1010994,0,1,0,0,0,0,0,,0,0,0,0,0,0,0,0,0,,1
1011717,0,1,0,0,0,0,0,,0,0,0,0,0,0,0,0,0,,0
1004888,0,1,0,0,0,0,0,,0,0,0,0,0,0,0,0,0,,1
1013315,4,0,1,1,0,0,0,10.0,0,0,0,0,0,0,3,0,0,,1
1004191,0,1,0,0,0,0,0,,0,0,0,0,0,0,0,0,0,,0
1012191,0,0,0,0,0,0,0,,0,0,0,0,0,0,0,0,1,,1
1008157,0,1,0,0,0,0,0,,0,0,0,0,0,0,0,0,0,,1
1016945,4,1,1,0,0,0,0,2.0,0,1,0,1,0,0,2,0,0,,1
1013567,0,1,0,0,0,0,0,,0,0,0,0,0,0,0,0,0,,0
1008113,4,0,1,1,1,1,0,,0,0,1,1,1,1,6,0,0,,1
1000199,4,2,1,1,1,0,0,,0,1,1,1,1,1,6,0,0,,1
1016868,4,2,1,1,1,1,1,,0,0,0,0,0,0,3,0,0,,1
1003075,0,1,0,0,0,0,0,,0,0,0,0,0,0,0,0,0,,0
1007622,0,1,0,0,0,0,0,,0,0,0,0,0,0,0,0,0,,0
1012637,0,0,0,0,0,0,0,,0,0,0,0,0,0,0,0,1,,1
1001787,0,1,0,0,0,0,0,,0,0,0,0,0,0,0,0,0,,0
1009731,0,1,0,0,0,0,0,,0,0,0,0,0,0,0,0,0,,0
1001891,0,1,0,0,0,0,0,,0,0,0,0,0,0,0,0,0,,0
1005456,0,1,0,0,0,0,0,,0,0,0,0,0,0,0,0,0,,0
1013645,0,1,0,0,0,0,0,,0,0,0,0,0,0,0,0,0,,0
1006453,0,1,0,0,0,0,0,,0,0,0,0,0,0,0,0,0,,0
1008445,0,1,0,0,0,0,0,,0,0,0,0,0,0,0,0,0,,0
1000595,0,1,0,0,0,0,0,,0,0,0,0,0,0,0,0,0,,1
1003137,0,1,0,0,0,0,0,,0,0,0,0,0,0,0,0,0,,0
1007960,0,1,0,0,0,0,0,,0,0,0,0,0,0,0,0,0,,1
1008081,0,1,0,0,0,0,0,,0,0,0,0,0,0,0,0,0,,0
1011746,4,2,1,0,0,0,0,,0,0,0,0,0,0,1,0,0,,1
1014710,0,1,0,0,0,0,0,,0,0,0,0,0,0,0,0,0,,1
1014563,4,2,1,0,0,0,0,10.0,0,0,0,0,0,0,1,0,0,,1
1010199,0,1,0,0,0,0,0,,0,0,0,0,0,0,0,0,0,,0
1009797,0,1,0,0,0,0,0,,0,0,0,0,0,0,0,0,0,,0
1017375,0,1,0,0,0,0,0,,0,0,0,0,0,0,0,0,0,,0
1015206,0,1,0,0,0,0,0,,0,0,0,0,0,0,0,0,0,,0
1014292,0,1,0,0,0,0,0,,0,0,0,0,0,0,0,0,0,,0
1005959,0,1,0,0,0,0,0,,0,0,0,0,0,0,0,0,0,,0
1006464,4,2,1,1,1,1,0,10.0,0,1,0,0,0,0,0,0,0,,1
1005241,0,1,0,0,0,0,0,,0,0,0,0,0,0,0,0,0,,0
1004354,0,1,0,0,0,0,0,,0,0,0,0,0,0,0,0,0,,0
1007450,0,1,0,0,0,0,0,,0,0,0,0,0,0,0,0,0,,0
1008363,0,1,0,0,0,0,0,,0,0,0,0,0,0,0,0,0,,0
1013700,0,1,0,0,0,0,0,,0,0,0,0,0,0,0,0,0,,0
1010418,4,2,1,1,1,0,0,,0,0,1,1,1,1,6,1,1,,1
1017175,0,1,0,0,0,0,0,,0,0,0,0,0,0,0,0,0,,1
1016062,0,0,0,0,0,0,0,,0,0,0,0,0,0,0,0,0,,1
1007307,0,1,0,0,0,0,0,,0,0,0,0,0,0,0,0,0,,1
1004435,0,1,0,0,0,0,0,,0,0,0,0,0,0,0,0,0,,0
1005337,0,1,0,0,0,0,0,,0,0,0,0,0,0,0,0,0,,1
1003491,0,1,0,0,0,0,0,,0,0,0,0,0,0,0,0,0,,1
1002513,0,1,0,0,0,0,0,,0,0,0,0,0,0,0,0,0,,0
1015346,0,0,0,0,0,0,0,,0,0,0,0,0,0,0,1,1,,1
1002388,4,2,1,1,0,0,0,10.0,0,0,0,1,1,1,4,0,0,,1
1011196,0,1,0,0,0,0,0,,0,0,0,0,0,0,0,0,0,,1
1005335,0,1,0,0,0,0,0,,0,0,0,0,0,0,0,0,0,,0
1014309,4,1,1,1,0,0,0,2092.0,0,0,0,0,0,0,0,0,0,,1
1014272,0,1,0,0,0,0,0,,0,0,0,0,0,0,0,0,0,,0
1000473,0,1,0,0,0,0,0,,0,0,0,0,0,0,0,0,0,,0
1017052,4,2,1,1,0,0,0,,0,0,0,0,0,0,0,1,1,,1
1006514,4,2,1,1,1,0,0,,0,0,1,1,1,1,6,0,0,,1
1007437,4,1,1,0,0,0,0,,0,0,0,0,0,0,1,0,0,,1
1005903,4,1,1,0,0,0,0,,0,0,0,0,0,0,0,0,0,,1
1009776,4,1,1,1,0,0,0,1161.0,0,0,0,0,0,0,0,1,1,,1
1013868,0,1,0,0,0,0,0,,0,0,0,0,0,0,0,0,0,,0
1013843,0,1,0,0,0,0,0,,0,0,0,0,0,0,0,0,0,,1
1001343,0,1,0,0,0,0,0,,0,0,0,0,0,0,0,0,0,,0
1000528,0,1,0,0,0,0,0,,0,0,0,0,0,0,0,0,0,,0
1009468,4,2,1,1,1,1,0,,0,0,1,1,1,1,6,0,0,,1
1000930,0,1,0,0,0,0,0,,0,0,0,0,0,0,0,0,0,,0
1011426,0,1,0,0,0,0,0,,0,0,0,0,0,0,0,0,0,,0
1004629,4,0,1,1,0,0,0,,0,0,0,0,0,0,0,1,1,,1
1007294,4,2,1,1,1,0,0,,0,0,1,1,1,0,5,0,0,,1
1005585,0,1,0,0,0,0,0,,0,0,0,0,0,0,0,0,0,,1
1001358,0,1,0,0,0,0,0,,0,0,0,0,0,0,0,0,0,,0
1014612,0,1,0,0,0,0,0,,0,0,0,0,0,0,0,0,0,,1
1016044,0,1,0,0,0,0,0,,0,0,0,0,0,0,0,0,0,,0
1001029,4,1,1,1,1,1,0,,0,0,0,0,0,0,0,0,0,,1
1008393,0,1,0,0,0,0,0,,0,0,0,0,0,0,0,0,0,,0
1001548,0,1,0,0,0,0,0,,0,0,0,0,0,0,0,0,0,,0
1003119,4,2,1,1,0,0,0,13.0,0,0,0,0,0,0,0,0,0,,1
1008460,0,1,0,0,0,0,0,,0,0,0,0,0,0,0,0,0,,0
1000983,4,2,1,1,1,0,0,14.0,0,0,0,0,0,0,5,0,0,,1
1017584,4,2,1,0,1,0,0,,0,0,0,0,0,0,8,0,0,,1
1017117,4,2,1,1,1,0,0,,0,0,1,1,1,1,6,0,0,,1
1006190,4,1,1,0,0,0,1,,0,0,0,1,0,0,2,1,1,,1
1001666,0,1,0,0,0,0,0,,0,0,0,0,0,0,0,0,0,,0
1015509,0,1,0,0,0,0,0,,0,0,0,0,0,0,0,0,0,,0
1016784,0,1,0,0,0,0,0,,0,0,0,0,0,0,0,0,0,,0
1006395,0,1,0,0,0,0,0,,0,0,0,0,0,0,0,0,0,,0
1007413,0,1,0,0,0,0,0,,0,0,0,0,0,0,0,0,0,,0
1000380,0,0,0,0,0,0,0,,0,0,0,0,0,0,0,1,1,,1
1003961,0,1,0,0,0,0,0,,0,0,0,0,0,0,0,0,0,,0
1003556,0,1,0,0,0,0,0,,0,0,0,0,0,0,0,0,0,,0
1015935,4,1,1,1,0,0,0,,0,0,0,0,0,0,0,1,1,,1
1014283,4,2,1,0,0,0,0,,0,0,0,1,0,0,2,0,0,,1
1002098,4,2,1,1,1,0,0,,0,0,0,1,0,0,2,0,0,,1
1007285,0,1,0,0,0,0,0,,0,0,0,0,0,0,0,0,0,,0
1007750,0,1,0,0,0,0,0,,0,0,0,0,0,0,0,0,0,,1
1000063,4,1,1,0,0,0,0,,0,0,0,1,0,0,2,0,0,,1
1007613,4,1,1,0,0,0,0,1.0,0,0,0,0,0,0,1,0,0,,1
1010421,0,1,0,0,0,0,0,,0,0,0,0,0,0,0,0,0,,0
1000481,0,1,0,0,0,0,0,,0,0,0,0,0,0,0,0,0,,0
1014940,0,1,0,0,0,0,0,,0,0,0,0,0,0,0,0,0,,0
1000497,0,1,0,0,0,0,0,,0,0,0,0,0,0,0,0,0,,0
1001105,4,1,1,1,0,0,0,2.0,0,0,0,0,0,0,3,0,0,,1
1002030,0,1,0,0,0,0,0,,0,0,0,0,0,0,0,0,0,,1
1008093,4,2,1,0,0,0,0,2.0,0,0,0,1,1,0,3,0,0,,1
1010597,0,1,0,0,0,0,0,,0,0,0,0,0,0,0,0,0,,0
1011248,0,1,0,0,0,0,0,,0,0,0,0,0,0,0,0,0,,0
1010217,4,2,1,1,1,1,0,,0,0,0,0,0,0,0,0,0,,1
1013880,4,2,1,0,1,1,0,,0,0,0,1,0,1,4,0,0,,1
1000543,0,1,0,0,0,0,0,,0,0,0,0,0,0,0,0,0,,0
1016234,4,2,1,1,1,1,0,,0,0,0,0,0,0,0,0,0,,1
1014992,4,2,1,0,0,1,1,10.0,0,0,1,1,1,1,6,1,1,,1
1003697,0,1,0,0,0,0,0,,0,0,0,0,0,0,0,0,0,,0
1008414,4,1,1,1,0,0,0,,0,0,0,0,0,0,0,1,1,,1
1006911,0,1,0,0,0,0,0,,0,0,0,0,0,0,0,0,0,,0
1005702,0,1,0,0,0,0,0,,0,0,0,0,0,0,0,0,0,,0
1002517,0,1,0,0,0,0,0,,0,0,0,0,0,0,0,0,0,,1
1001326,0,1,0,0,0,0,0,,0,0,0,0,0,0,0,0,0,,0
1011397,4,2,1,1,1,0,0,,0,0,0,0,0,0,3,0,0,,1
1004206,4,1,1,1,0,0,0,,0,0,0,0,0,0,0,1,1,,1
1011421,4,2,1,1,1,1,0,,0,0,0,0,0,0,0,0,0,,1
1002969,0,1,0,0,0,0,0,,0,0,0,0,0,0,0,0,0,,0
1004535,4,2,1,1,1,1,0,11.0,0,1,1,1,1,1,6,0,0,,1
1003981,0,0,0,0,0,0,0,,0,0,0,0,0,0,0,0,0,,1
1015448,0,1,0,0,0,0,0,,0,0,0,0,0,0,0,0,0,,0
1012921,0,1,0,0,0,0,0,,0,0,0,0,0,0,0,0,0,,0
1006922,0,1,0,0,0,0,0,,0,0,0,0,0,0,0,0,0,,1
1014685,0,1,0,0,0,0,0,,0,0,0,0,0,0,0,0,0,,0
1012260,4,1,1,0,0,0,0,3.0,0,0,0,0,0,0,1,0,0,,1
1002036,0,1,0,0,0,0,0,,0,0,0,0,0,0,0,0,0,,0
1013026,0,1,0,0,0,0,0,,0,0,0,0,0,0,0,0,0,,0
1012989,0,1,0,0,0,0,0,,0,0,0,0,0,0,0,0,0,,0
1009437,4,2,1,0,1,0,0,4.0,0,0,0,0,0,0,0,0,0,,1
1011909,0,1,0,0,0,0,0,,0,0,0,0,0,0,0,0,0,,0
1004466,0,1,0,0,0,0,0,,0,0,0,0,0,0,0,0,0,,1
1001554,0,1,0,0,0,0,0,,0,0,0,0,0,0,0,0,0,,0
1017464,4,2,1,1,0,0,0,12.0,0,0,0,0,0,0,0,1,1,,1
1000020,4,2,1,1,1,0,0,15.0,0,0,0,0,0,0,2,0,0,,1
1013314,4,1,1,1,0,0,0,,0,0,0,0,0,0,0,1,1,,1
1012365,4,1,1,1,0,0,0,,0,0,0,0,0,0,0,1,1,,1
1013476,0,1,0,0,0,0,0,,0,0,0,0,0,0,0,0,0,,0
1010951,0,1,0,0,0,0,0,,0,0,0,0,0,0,0,0,0,,0
1013803,4,2,1,1,1,1,0,1.0,0,0,1,1,1,1,7,0,0,,1
1010637,4,0,1,0,0,0,0,,0,0,0,0,0,0,0,1,1,,1
1008415,4,1,1,1,0,0,0,2.0,0,0,0,0,0,0,1,0,0,,1
1000429,0,1,0,0,0,0,0,,0,0,0,0,0,0,0,0,0,,0
1012933,4,2,1,1,0,0,0,2.0,0,0,0,1,0,0,4,0,0,,1
1014765,0,1,0,0,0,0,0,,0,0,0,0,0,0,0,0,0,,0
1000725,0,1,0,0,0,0,0,,0,0,0,0,0,0,0,0,0,,0
1012727,0,1,0,0,0,0,0,,0,0,0,0,0,0,0,0,0,,0
1004318,0,1,0,0,0,0,0,,0,0,0,0,0,0,0,0,0,,0
1016086,0,1,0,0,0,0,0,,0,0,0,0,0,0,0,0,0,,0
1009587,0,1,0,0,0,0,0,,0,0,0,0,0,0,0,0,0,,0
1002235,0,1,0,0,0,0,0,,0,0,0,0,0,0,0,0,0,,0
1007605,0,1,0,0,0,0,0,,0,0,0,0,0,0,0,0,0,,0
1012417,4,1,1,1,0,0,0,3.0,0,0,0,0,0,0,0,0,0,,1
1015471,0,1,0,0,0,0,0,,0,0,0,0,0,0,0,0,0,,0
1009407,0,1,0,0,0,0,0,,0,0,0,0,0,0,0,0,0,,0
1000186,4,2,1,0,1,0,0,,0,0,1,1,1,1,6,0,0,,1
1000719,0,1,0,0,0,0,0,,0,0,0,0,0,0,0,0,0,,0
1013863,4,2,1,0,1,1,0,,0,0,0,0,0,0,4,0,0,,1
1012780,0,1,0,0,0,0,0,,0,0,0,0,0,0,0,0,0,,0
1009018,0,1,0,0,0,0,0,,0,0,0,0,0,0,0,0,0,,0
1001436,0,1,0,0,0,0,0,,0,0,0,0,0,0,0,0,0,,0
1010988,4,0,1,1,1,0,0,,0,0,0,0,0,0,0,0,0,,1
1002184,0,1,0,0,0,0,0,,0,0,0,0,0,0,0,0,0,,0
1015717,4,1,1,1,0,0,0,,0,0,0,0,0,0,0,1,1,,1
1001346,0,1,0,0,0,0,0,,0,0,0,0,0,0,0,0,0,,0
1006728,4,2,1,1,1,0,0,,0,0,1,1,1,1,6,1,1,,1
1002644,0,1,0,0,0,0,0,,0,0,0,0,0,0,0,0,0,,0
1009198,0,1,0,0,0,0,0,,0,0,0,0,0,0,0,0,0,,0
1008339,0,1,0,0,0,0,0,,0,0,0,0,0,0,0,0,0,,0
1017567,0,1,0,0,0,0,0,,0,0,0,0,0,0,0,0,0,,0
1014281,4,2,1,0,0,0,0,,0,0,1,1,1,1,5,0,0,,1
1016770,0,1,0,0,0,0,0,,0,0,0,0,0,0,0,0,0,,0
1007599,4,2,1,1,0,0,0,2.0,0,0,1,1,1,1,6,0,0,,1
1015766,0,1,0,0,0,0,0,,0,0,0,0,0,0,0,0,0,,0
1011268,0,1,0,0,0,0,0,,0,0,0,0,0,0,0,0,0,,0
1015728,4,1,1,0,0,0,0,,0,0,0,1,0,0,2,0,0,,1
1005910,0,1,0,0,0,0,0,,0,0,0,0,0,0,0,0,0,,0
1012305,0,1,0,0,0,0,0,,0,0,0,0,0,0,0,0,0,,0
1000209,0,1,0,0,0,0,0,,0,0,0,0,0,0,0,0,0,,0
1011855,4,2,1,1,1,1,1,,0,0,1,1,1,1,6,0,0,,1
1012252,0,1,0,0,0,0,0,,0,0,0,0,0,0,0,0,0,,1
1010211,4,1,1,1,0,0,0,10.0,0,0,0,0,0,0,4,0,0,,1
1006401,0,1,0,0,0,0,0,,0,0,0,0,0,0,0,0,0,,0
1009723,0,1,0,0,0,0,0,,0,0,0,0,0,0,0,0,0,,1
1013941,0,1,0,0,0,0,0,,0,0,0,0,0,0,0,0,0,,1
1016219,0,1,0,0,0,0,0,,0,0,0,0,0,0,0,0,0,,0
1009350,0,1,0,0,0,0,0,,0,0,0,0,0,0,0,0,0,,0
1005071,0,0,0,0,0,0,0,,0,0,0,0,0,0,0,0,0,,1
1010399,4,1,1,1,1,1,0,,0,0,0,0,0,0,0,0,0,,1
1013189,4,2,1,0,1,0,0,,0,0,0,0,0,0,4,1,1,,1
1003138,0,1,0,0,0,0,0,,0,0,0,0,0,0,0,0,0,,0
1015723,0,1,0,0,0,0,0,,0,0,0,0,0,0,0,0,0,,0
1006247,4,2,1,1,0,0,0,,0,0,1,1,1,1,6,0,0,,1
1007478,0,1,0,0,0,0,0,,0,0,0,0,0,0,0,0,0,,0
1003685,4,2,1,0,0,0,1,,0,0,0,1,0,0,2,0,0,,1
1004764,0,1,0,0,0,0,0,,0,0,0,0,0,0,0,0,0,,0
1009233,0,1,0,0,0,0,0,,0,0,0,0,0,0,0,0,0,,0
1010893,0,1,0,0,0,0,0,,0,0,0,0,0,0,0,0,0,,0
1012091,0,1,0,0,0,0,0,,0,0,0,0,0,0,0,0,0,,0
1017092,4,2,1,1,0,0,0,,0,0,0,0,0,0,0,0,0,,1
1003069,4,0,1,0,0,0,0,35.0,0,0,0,1,0,0,3,0,0,,1
1012178,0,1,0,0,0,0,0,,0,0,0,0,0,0,0,0,0,,0
1006136,0,1,0,0,0,0,0,,0,0,0,0,0,0,0,0,0,,0
1003701,0,1,0,0,0,0,0,,0,0,0,0,0,0,0,0,0,,0
1002491,4,1,1,1,0,0,0,1.0,0,0,1,1,1,1,6,0,0,,1
1012167,0,1,0,0,0,0,0,,0,0,0,0,0,0,0,0,0,,0
1001683,0,1,0,0,0,0,0,,0,0,0,0,0,0,0,0,0,,0
1006785,0,1,0,0,0,0,0,,0,0,0,0,0,0,0,0,0,,1
1014002,0,1,0,0,0,0,0,,0,0,0,0,0,0,0,0,0,,0
1004666,4,1,1,1,0,0,0,3.0,0,0,0,0,0,0,1,0,0,,1
1016954,0,1,0,0,0,0,0,,0,0,0,0,0,0,0,0,0,,1
1012772,0,1,0,0,0,0,0,,0,0,0,0,0,0,0,0,0,,0
1010688,0,1,0,0,0,0,0,,0,0,0,0,0,0,0,0,0,,1
1012968,4,2,1,1,0,0,0,,0,0,1,1,0,0,3,0,0,,1
1001415,0,1,0,0,0,0,0,,0,0,0,0,0,0,0,0,0,,0
1011748,0,1,0,0,0,0,0,,0,0,0,0,0,0,0,0,0,,0
1007073,0,1,0,0,0,0,0,,0,0,0,0,0,0,0,0,0,,0
1004221,4,1,1,0,0,0,1,,0,0,0,1,0,0,2,1,1,,1
1010651,0,1,0,0,0,0,0,,0,0,0,0,0,0,0,0,0,,0
1005362,0,1,0,0,0,0,0,,0,0,0,0,0,0,0,0,0,,0
1012256,0,1,0,0,0,0,0,,0,0,0,0,0,0,0,0,0,,0
1000135,0,1,0,0,0,0,0,,0,0,0,0,0,0,0,0,0,,0
1010219,4,2,1,0,0,0,0,9.0,0,0,0,1,0,0,2,0,0,,1
1000261,0,1,0,0,0,0,0,,0,0,0,0,0,0,0,0,0,,1
1003779,0,1,0,0,0,0,0,,0,0,0,0,0,0,0,0,0,,0
1007814,0,1,0,0,0,0,0,,0,0,0,0,0,0,0,0,0,,0
1017541,4,0,1,0,1,0,0,,0,0,0,0,0,0,0,1,1,,1
1008693,0,1,0,0,0,0,0,,0,0,0,0,0,0,0,0,0,,0
1006051,0,1,0,0,0,0,0,,0,0,0,0,0,0,0,0,0,,1
1012475,0,1,0,0,0,0,0,,0,0,0,0,0,0,0,0,0,,1
1010967,0,1,0,0,0,0,0,,0,0,0,0,0,0,0,0,0,,0
1010153,0,1,0,0,0,0,0,,0,0,0,0,0,0,0,0,0,,0
1007854,0,1,0,0,0,0,0,,0,0,0,0,0,0,0,0,0,,0
1001543,0,1,0,0,0,0,0,,0,0,0,0,0,0,0,0,0,,0
1012709,0,1,0,0,0,0,0,,0,0,0,0,0,0,0,0,0,,0
1011522,0,1,0,0,0,0,0,,0,0,0,0,0,0,0,0,0,,0
1010467,4,2,1,1,0,0,0,12.0,0,0,0,0,0,0,0,0,0,,1
1016019,0,1,0,0,0,0,0,,0,0,0,0,0,0,0,0,0,,0
1011087,0,1,0,0,0,0,0,,0,0,0,0,0,0,0,0,0,,0
1011360,0,1,0,0,0,0,0,,0,0,0,0,0,0,0,0,0,,0
1011923,0,1,0,0,0,0,0,,0,0,0,0,0,0,0,0,0,,0
1013380,4,2,1,0,1,0,0,1400.0,0,0,0,0,0,0,0,0,0,,1
1010592,0,1,0,0,0,0,0,,0,0,0,0,0,0,0,0,0,,0
1011882,4,1,1,1,0,0,0,3.0,0,0,0,1,0,0,3,0,0,,1
1012814,0,1,0,0,0,0,0,,0,0,0,0,0,0,0,0,0,,1
1017039,0,1,0,0,0,0,0,,0,0,0,0,0,0,0,0,0,,0
1014089,4,2,1,1,0,0,0,,0,0,1,1,0,0,3,0,0,,1
1004163,3,1,1,0,0,0,0,,0,0,0,0,0,0,0,0,0,,1
1008400,0,1,0,0,0,0,0,,0,0,0,0,0,0,0,0,0,,0
1015904,4,2,1,1,0,0,0,5.0,0,0,1,1,1,1,6,0,0,,1
1006975,0,1,0,0,0,0,0,,0,0,0,0,0,0,0,0,0,,0
1001501,0,1,0,0,0,0,0,,0,0,0,0,0,0,0,0,0,,0
1010533,0,1,0,0,0,0,0,,0,0,0,0,0,0,0,0,0,,0
1007574,4,2,1,1,0,0,0,12.0,0,0,0,1,0,0,2,0,0,,1
1006887,0,1,0,0,0,0,0,,0,0,0,0,0,0,0,0,0,,0
1007117,4,2,1,1,1,1,0,,0,0,0,0,0,0,0,0,0,,1
1015872,0,1,0,0,0,0,0,,0,0,0,0,0,0,0,0,0,,1
1000949,0,1,0,0,0,0,0,,0,0,0,0,0,0,0,0,0,,0
1016984,0,1,0,0,0,0,0,,0,0,0,0,0,0,0,0,0,,0
1008493,0,1,0,0,0,0,0,,0,0,0,0,0,0,0,0,0,,0
1001066,4,2,1,1,0,0,0,12.0,0,0,0,1,0,0,2,0,0,,1
1014890,4,2,1,1,1,1,0,,0,0,0,0,0,0,0,0,0,,1
1009150,0,1,0,0,0,0,0,,0,0,0,0,0,0,0,0,0,,0
1015445,0,1,0,0,0,0,0,,0,0,0,0,0,0,0,0,0,,1
1003773,0,0,0,0,0,0,0,,0,0,0,0,0,0,0,1,1,,1
1000521,4,2,1,0,0,0,1,,0,0,0,1,0,0,2,0,0,,1
1009827,0,1,0,0,0,0,0,,0,0,0,0,0,0,0,0,0,,1
1007448,4,0,1,1,0,0,0,,0,0,1,1,1,1,6,0,1,,1
1004064,4,2,1,1,1,1,0,,0,0,0,0,0,0,0,0,0,,1
1013351,0,1,0,0,0,0,0,,0,0,0,0,0,0,0,0,0,,0
1007934,0,1,0,0,0,0,0,,0,0,0,0,0,0,0,0,0,,0
1005772,4,2,1,0,1,0,0,,0,0,0,0,0,0,3,0,0,,1
1012467,0,1,0,0,0,0,0,,0,0,0,0,0,0,0,0,0,,0
1009678,0,1,0,0,0,0,0,,0,0,0,0,0,0,0,0,0,,1
1003903,4,1,1,0,1,0,0,,0,0,0,0,0,0,0,1,1,,1
1007368,0,1,0,0,0,0,0,,0,0,0,0,0,0,0,0,0,,0
1001019,0,1,0,0,0,0,0,,0,0,0,0,0,0,0,0,0,,0
1015956,4,2,1,0,1,1,0,,0,0,0,1,0,0,4,0,0,,1
1007676,0,1,0,0,0,0,0,,0,0,0,0,0,0,0,0,0,,0
1003862,0,1,0,0,0,0,0,,0,0,0,0,0,0,0,0,0,,0
1009421,4,2,1,1,1,1,1,,0,0,1,1,1,1,6,0,0,,1
1008790,0,1,0,0,0,0,0,,0,0,0,0,0,0,0,0,0,,1
1016222,0,1,0,0,0,0,0,,0,0,0,0,0,0,0,0,0,,0
1011510,0,1,0,0,0,0,0,,0,0,0,0,0,0,0,0,0,,1
1003760,0,1,0,0,0,0,0,,0,0,0,0,0,0,0,0,0,,0
1010095,0,0,0,0,0,0,0,,0,0,0,0,0,0,0,0,0,,1
1016848,0,1,0,0,0,0,0,,0,0,0,0,0,0,0,0,0,,1
1007981,0,1,0,0,0,0,0,,0,0,0,0,0,0,0,0,0,,1
1001863,0,1,1,1,0,0,0,2024.0,0,0,1,1,0,0,3,0,0,,1
1017279,4,2,1,1,1,1,0,,0,0,1,1,1,1,6,0,0,,1
1000210,0,1,0,0,0,0,0,,0,0,0,0,0,0,0,0,0,,0
1009220,0,1,0,0,0,0,0,,0,0,0,0,0,0,0,0,0,,0
1000670,0,1,0,0,0,0,0,,0,0,0,0,0,0,0,0,0,,0
1011975,4,2,1,0,0,0,0,2.0,0,0,0,1,0,0,3,0,0,,1
1009650,4,0,1,0,0,0,0,,0,1,0,0,0,0,3,0,0,,1
1012244,4,2,1,1,1,0,0,,0,0,1,1,1,1,6,0,0,,1
1004490,0,1,0,0,0,0,0,,0,0,0,0,0,0,0,0,0,,1
1008783,4,1,1,0,0,0,1,,0,0,0,1,0,0,2,1,1,,1
1013050,4,2,1,0,0,0,0,2.0,0,1,0,0,0,0,0,1,1,,1
1014078,0,1,0,0,0,0,0,,0,0,0,0,0,0,0,0,0,,1
1014560,0,1,0,0,0,0,0,,0,0,0,0,0,0,0,0,0,,0
1011972,4,2,1,1,1,0,0,1.0,0,0,0,0,0,0,0,0,0,,1
1013813,0,1,0,0,0,0,0,,0,0,0,0,0,0,0,0,0,,0
1016790,0,1,0,0,0,0,0,,0,0,0,0,0,0,0,0,0,,0
1005284,0,1,0,0,0,0,0,,0,0,0,0,0,0,0,0,0,,0
1013954,4,2,1,0,0,0,0,,0,0,1,1,1,1,6,1,1,,1
1008243,0,1,0,0,0,0,0,,0,0,0,0,0,0,0,0,0,,0
1005551,4,2,1,1,1,1,0,,0,0,0,0,0,0,0,0,0,,1
1013022,0,1,0,0,0,0,0,,0,0,0,0,0,0,0,0,0,,0
1009326,0,1,0,0,0,0,0,,0,0,0,0,0,0,0,0,0,,0
1012559,0,1,0,0,0,0,0,,0,0,0,0,0,0,0,0,0,,0
1016326,0,1,0,0,0,0,0,,0,0,0,0,0,0,0,0,0,,0
1001392,0,1,0,0,0,0,0,,0,0,0,0,0,0,0,0,0,,0
1008539,4,0,1,0,0,0,0,,0,0,0,0,0,0,0,0,1,,1
1007707,0,1,0,0,0,0,0,,0,0,0,0,0,0,0,0,0,,0
1011195,0,1,0,0,0,0,0,,0,0,0,0,0,0,0,0,0,,0
1006858,0,1,0,0,0,0,0,,0,0,0,0,0,0,0,0,0,,0
1012325,0,1,0,0,0,0,0,,0,0,0,0,0,0,0,0,0,,0
1014033,0,1,0,0,0,0,0,,0,0,0,0,0,0,0,0,0,,1
1002285,0,1,0,0,0,0,0,,0,0,0,0,0,0,0,0,0,,0
1008722,0,1,0,0,0,0,0,,0,0,0,0,0,0,0,0,0,,1
1005675,0,1,0,0,0,0,0,,0,0,0,0,0,0,0,0,0,,0
1000444,0,1,0,0,0,0,0,,0,0,0,0,0,0,0,0,0,,0
1007793,0,1,0,0,0,0,0,,0,0,0,0,0,0,0,0,0,,1
1013869,4,0,1,1,0,0,0,,0,0,0,0,0,0,0,1,1,,1
1002067,4,2,1,0,0,0,0,,0,0,0,0,0,1,4,0,0,,1
1000680,0,1,0,0,0,0,0,,0,0,0,0,0,0,0,0,0,,0
1014261,0,1,0,0,0,0,0,,0,0,0,0,0,0,0,0,0,,0
1002004,0,1,0,0,0,0,0,,0,0,0,0,0,0,0,0,0,,1
1014357,0,1,0,0,0,0,0,,0,0,0,0,0,0,0,0,0,,1
1006564,0,1,0,0,0,0,0,,0,0,0,0,0,0,0,0,0,,0
1012486,0,1,0,0,0,0,0,,0,0,0,0,0,0,0,0,0,,0
1008327,0,1,0,0,0,0,0,,0,0,0,0,0,0,0,0,0,,0
1014927,4,1,1,1,0,0,0,,0,0,0,0,0,0,0,1,1,,1
1016358,0,1,0,0,0,0,0,,0,0,0,0,0,0,0,0,0,,0
1004321,0,1,0,0,0,0,0,,0,0,0,0,0,0,0,0,0,,0
1009489,4,2,1,1,0,0,0,,0,0,0,0,0,0,0,0,0,,1
1012778,4,0,1,0,0,0,0,,0,0,0,0,0,0,0,1,1,,1
1007474,0,1,0,0,0,0,0,,0,0,0,0,0,0,0,0,0,,0
1013121,0,1,0,0,0,0,0,,0,0,0,0,0,0,0,0,0,,1
1016128,0,1,0,0,0,0,0,,0,0,0,0,0,0,0,0,0,,1
1009970,4,0,1,0,0,0,0,1.0,0,0,0,0,0,0,0,0,0,,1
1012507,0,1,0,0,0,0,0,,0,0,0,0,0,0,0,0,0,,0
1003514,4,1,1,0,1,0,0,,0,0,0,0,0,0,0,1,1,,1
1008680,4,2,1,0,0,0,0,,0,0,0,0,0,0,3,0,0,,1
1001048,0,1,0,0,0,0,0,,0,0,0,0,0,0,0,0,0,,1
1009306,0,1,0,0,0,0,0,,0,0,0,0,0,0,0,0,0,,0
1002808,0,1,0,0,0,0,0,,0,0,0,0,0,0,0,0,0,,0
1013767,0,1,0,0,0,0,0,,0,0,0,0,0,0,0,0,0,,1
1003098,4,2,1,1,1,0,0,2433.0,0,0,0,0,0,0,0,0,0,,1
1015467,0,1,0,0,0,0,0,,0,0,0,0,0,0,0,0,0,,0
1000732,0,1,0,0,0,0,0,,0,0,0,0,0,0,0,0,0,,0
1012332,4,2,1,1,0,0,0,2.0,0,0,0,1,0,0,2,0,0,,1
1016463,0,1,0,0,0,0,0,,0,0,0,0,0,0,0,0,0,,0
1008306,4,2,1,1,1,1,0,,0,0,0,0,0,0,0,1,1,,1
1000082,0,1,0,0,0,0,0,,0,0,0,0,0,0,0,0,0,,0
1016942,4,2,1,0,0,0,0,,0,0,0,0,0,0,2,0,0,,1
1005131,0,1,0,0,0,0,0,,0,0,0,0,0,0,0,0,0,,0
1012116,0,1,0,0,0,0,0,,0,0,0,0,0,0,0,0,0,,0
1001352,0,0,0,0,0,0,0,,0,0,0,0,0,0,0,0,0,,1
1010888,4,2,1,1,1,1,1,,0,0,1,1,1,1,6,0,0,,1
1016602,4,2,1,0,0,0,0,,0,0,1,1,0,0,3,0,0,,1
1004492,4,2,1,1,0,0,0,10.0,0,0,0,0,0,0,0,1,1,,1
1005418,0,1,0,0,0,0,0,,0,0,0,0,0,0,0,0,0,,0
1013371,0,1,0,0,0,0,0,,0,0,0,0,0,0,0,0,0,,1
1015183,0,1,0,0,0,0,0,,0,0,0,0,0,0,0,0,0,,0
1005090,0,1,0,0,0,0,0,,0,0,0,0,0,0,0,0,0,,0
1016445,4,2,1,1,0,0,0,,0,0,0,0,0,0,1,0,0,,1
1011665,0,1,0,0,0,0,0,,0,0,0,0,0,0,0,0,0,,0
1008838,0,1,0,0,0,0,0,,0,0,0,0,0,0,0,0,0,,0
1008874,4,2,1,0,1,0,0,,0,1,0,0,0,0,0,0,0,,1
1012856,0,1,0,0,0,0,0,,0,0,0,0,0,0,0,0,0,,0
1001188,0,1,0,0,0,0,0,,0,0,0,0,0,0,0,0,0,,1
1001187,0,1,0,0,0,0,0,,0,0,0,0,0,0,0,0,0,,0
1008604,4,2,1,1,1,0,0,,0,0,1,1,1,1,6,0,0,,1
1014429,0,1,0,0,0,0,0,,0,0,0,0,0,0,0,0,0,,0
1002847,0,1,0,0,0,0,0,,0,0,0,0,0,0,0,0,0,,0
1001025,0,1,0,0,0,0,0,,0,0,0,0,0,0,0,0,0,,0
1015817,4,2,1,1,1,0,0,,0,1,0,0,0,0,0,0,0,,1
1005642,0,1,0,0,0,0,0,,0,0,0,0,0,0,0,0,0,,0
1006378,4,1,1,0,0,0,0,,0,0,0,0,0,0,0,1,2,,1
1001069,4,1,1,1,0,0,0,,0,0,0,0,0,0,0,1,1,,1
1014222,0,1,0,0,0,0,0,,0,0,0,0,0,0,0,0,0,,0
1016125,4,2,1,1,1,1,1,,0,1,0,0,0,0,0,0,0,,1
1002759,0,1,0,0,0,0,0,,0,0,0,0,0,0,0,0,0,,0
1011156,0,1,0,0,0,0,0,,0,0,0,0,0,0,0,0,0,,0
1011969,4,1,1,0,0,0,0,2.0,0,0,0,1,0,0,2,0,0,,1
1001545,4,0,1,0,0,0,0,,0,0,0,1,0,0,2,0,0,,1
1017127,0,1,0,0,0,0,0,,0,0,0,0,0,0,0,0,0,,0
1002355,0,1,0,0,0,0,0,,0,0,0,0,0,0,0,0,0,,0
1014169,0,1,0,0,0,0,0,,0,0,0,0,0,0,0,0,0,,0
1008570,0,0,0,0,0,0,0,,0,0,0,0,0,0,0,0,1,,1
1004005,0,1,0,0,0,0,0,,0,0,0,0,0,0,0,0,0,,0
1004894,4,1,1,1,0,0,0,5.0,0,0,0,0,0,0,1,0,0,,1
1012897,4,1,1,0,0,0,0,,0,0,0,0,0,0,0,0,0,,1
1003477,0,1,0,0,0,0,0,,0,0,0,0,0,0,0,0,0,,0
1016230,4,2,1,1,1,1,0,,0,0,0,0,0,0,0,0,0,,1
1002997,0,1,0,0,0,0,0,,0,0,0,0,0,0,0,0,0,,0
1009934,3,0,1,0,1,0,0,,0,0,0,0,0,0,0,0,0,,1
1009074,4,2,1,1,1,0,0,,0,0,0,0,0,0,0,0,0,,1
1017484,4,2,1,1,1,0,0,2.0,0,0,1,1,0,0,3,0,0,,1
1008101,4,1,1,0,0,0,0,10.0,0,0,0,1,0,0,2,0,0,,1
1002220,4,1,1,1,0,0,0,2.0,0,0,0,0,0,0,3,0,0,,1
1015864,0,1,0,0,0,0,0,,0,0,0,0,0,0,0,0,0,,1
1014237,0,1,0,0,0,0,0,,0,0,0,0,0,0,0,0,0,,0
1002982,0,1,0,0,0,0,0,,0,0,0,0,0,0,0,0,0,,0
1009718,0,1,0,0,0,0,0,,0,0,0,0,0,0,0,0,0,,0
1009757,4,2,1,0,0,0,0,,0,0,0,0,0,0,0,0,0,,1
1006687,0,1,0,0,0,0,0,,0,0,0,0,0,0,0,0,0,,0
1014726,4,2,1,1,0,0,0,,0,0,0,1,0,0,2,0,0,,1
1002009,0,1,0,0,0,0,0,,0,0,0,0,0,0,0,0,0,,0
1013798,0,1,0,0,0,0,0,,0,0,0,0,0,0,0,0,0,,0
1017131,4,0,1,0,0,0,1,,0,0,0,1,0,0,2,1,1,,1
1007602,0,1,0,0,0,0,0,,0,0,0,0,0,0,0,0,0,,0
1016980,0,1,0,0,0,0,0,,0,0,0,0,0,0,0,0,0,,0
1005173,4,1,1,1,0,0,0,1.0,0,0,0,0,0,0,2,0,0,,1
1016941,0,1,0,0,0,0,0,,0,0,0,0,0,0,0,0,0,,0
1002924,0,1,0,0,0,0,0,,0,0,0,0,0,0,0,0,0,,0
1009576,0,1,0,0,0,0,0,,0,0,0,0,0,0,0,0,0,,0
1002851,0,1,1,1,1,0,0,,0,0,1,1,1,1,6,0,0,,1
1008706,4,1,1,1,0,0,0,,0,0,0,0,0,0,0,1,1,,1
1017475,0,1,0,0,0,0,0,,0,0,0,0,0,0,0,0,0,,1
1004393,0,1,0,0,0,0,0,,0,0,0,0,0,0,0,0,0,,0
1009382,4,2,1,1,1,0,0,,0,0,0,1,0,0,2,0,0,,1
1003761,0,1,0,0,0,0,0,,0,0,0,0,0,0,0,0,0,,1
1010699,0,1,0,0,0,0,0,,0,0,0,0,0,0,0,0,0,,0
1013530,4,2,1,1,1,0,0,,0,0,1,1,1,1,6,0,0,,1
1002399,0,1,0,0,0,0,0,,0,0,0,0,0,0,0,0,0,,0
1015545,0,1,0,0,0,0,0,,0,0,0,0,0,0,0,0,0,,1
1008940,0,1,0,0,0,0,0,,0,0,0,0,0,0,0,0,0,,0
1002871,0,1,0,0,0,0,0,,0,0,0,0,0,0,0,0,0,,0
1006334,0,1,0,0,0,0,0,,0,0,0,0,0,0,0,0,0,,0
1010723,4,0,1,0,1,0,0,10.0,0,0,0,0,0,0,0,0,0,,1
1014722,4,1,1,0,0,0,1,,0,0,0,0,0,0,3,1,1,,1
1004260,0,1,0,0,0,0,0,,0,0,0,0,0,0,0,0,0,,1
1009453,4,2,1,1,0,0,0,,0,1,0,0,0,0,0,0,0,,1
1002785,4,1,1,0,0,0,0,1.0,0,0,0,0,0,0,0,1,1,,1
1010931,0,1,0,0,0,0,0,,0,0,0,0,0,0,0,0,0,,0
1002958,4,2,1,0,0,0,0,1.0,0,0,0,0,0,0,1,0,0,,1
1017144,4,1,1,1,0,0,0,1.0,0,0,0,0,0,0,1,0,0,,1
1006265,0,1,0,0,0,0,0,,0,0,0,0,0,0,0,0,0,,1
1008271,0,1,0,0,0,0,0,,0,0,0,0,0,0,0,0,0,,0
1006945,0,1,0,0,0,0,0,,0,0,0,0,0,0,0,0,0,,0
1008172,4,2,1,1,0,0,0,,0,0,0,1,0,0,3,0,0,,1
1008449,0,1,0,0,0,0,0,,0,0,0,0,0,0,0,0,0,,0
1014495,0,1,0,0,0,0,0,,0,0,0,0,0,0,0,0,0,,0
1011614,0,1,0,0,0,0,0,,0,0,0,0,0,0,0,0,0,,1
1009895,4,2,1,1,1,1,0,,0,0,1,1,1,1,6,0,0,,1
1010979,0,1,0,0,0,0,0,,0,0,0,0,0,0,0,0,0,,0
1008507,0,1,0,0,0,0,0,,0,0,0,0,0,0,0,0,0,,1
1015957,4,1,1,1,0,0,0,,0,0,0,0,0,0,0,1,1,,1
1001535,4,2,1,0,1,0,1,1.0,0,0,0,0,0,0,0,0,0,,1
1003583,4,1,1,0,0,0,0,,0,0,0,1,0,0,2,0,0,,1
1002687,4,2,1,0,0,0,1,,0,0,0,1,0,0,2,0,0,,1
1010112,4,2,1,1,0,0,0,,0,0,0,0,0,0,6,0,0,,1
1015560,0,1,0,0,0,0,0,,0,0,0,0,0,0,0,0,0,,1
1014494,0,1,0,0,0,0,0,,0,0,0,0,0,0,0,0,0,,0
1011340,4,2,1,1,1,1,0,,0,0,0,0,0,0,0,0,0,,1
1000258,0,1,0,0,0,0,0,,0,0,0,0,0,0,0,0,0,,0
1003971,0,1,0,0,0,0,0,,0,0,0,0,0,0,0,0,0,,1
1001035,4,2,1,0,0,0,1,,0,0,0,1,0,0,2,0,0,,1
1010408,4,0,1,0,0,0,0,,0,0,0,0,0,0,0,0,1,,1
1010056,0,1,0,0,0,0,0,,0,0,0,0,0,0,0,0,0,,0
1009680,0,0,0,0,0,0,0,,0,0,0,0,0,0,0,0,1,,1
1014770,0,1,0,0,0,0,0,,0,0,0,0,0,0,0,0,0,,0
1015729,0,1,0,0,0,0,0,,0,0,0,0,0,0,0,0,0,,0
1016113,4,2,1,1,1,0,0,,0,0,1,1,1,1,6,0,0,,1
1006018,4,0,1,0,0,0,0,,0,0,0,0,0,0,0,0,0,,1
1000288,0,1,0,0,0,0,0,,0,0,0,0,0,0,0,0,0,,0
1005715,0,1,0,0,0,0,0,,0,0,0,0,0,0,0,0,0,,0
1001051,0,1,0,0,0,0,0,,0,0,0,0,0,0,0,0,0,,0
1005120,0,1,0,0,0,0,0,,0,0,0,0,0,0,0,0,0,,0
1016506,0,1,0,0,0,0,0,,0,0,0,0,0,0,0,0,0,,0
1015788,4,2,1,1,0,0,0,,0,0,1,1,1,1,6,0,0,,1
1012567,0,1,0,0,0,0,0,,0,0,0,0,0,0,0,0,0,,0
1005501,0,1,0,0,0,0,0,,0,0,0,0,0,0,0,0,0,,0
1015647,4,1,1,1,0,0,0,12.0,0,0,0,1,0,1,3,0,0,,1
1006683,0,1,0,0,0,0,0,,0,0,0,0,0,0,0,0,0,,0
1010920,0,1,0,0,0,0,0,,0,0,0,0,0,0,0,0,0,,0
1008340,3,0,1,1,0,0,0,,0,0,0,0,0,0,0,1,1,,1
1006967,4,2,1,1,0,0,0,,0,0,0,1,0,0,2,0,0,,1
1014171,4,0,1,0,1,0,0,,0,0,0,0,0,0,0,1,1,,1
1012701,0,1,0,0,0,0,0,,0,0,0,0,0,0,0,0,0,,0
1000794,4,2,1,1,0,0,0,,0,0,0,0,0,0,0,1,1,,1
1011295,0,0,0,0,0,0,0,,0,0,0,0,0,0,0,0,0,,1
1006299,4,2,1,1,1,0,0,,0,1,0,0,0,0,3,0,0,,1
1008185,0,1,0,0,0,0,0,,0,0,0,0,0,0,0,0,0,,0
1014147,0,1,0,0,0,0,0,,0,0,0,0,0,0,0,0,0,,0
1005204,4,0,1,0,0,0,0,,0,0,0,0,0,0,1,0,0,,1
1016261,0,1,0,0,0,0,0,,0,0,0,0,0,0,0,0,0,,0
1006263,0,1,0,0,0,0,0,,0,0,0,0,0,0,0,0,0,,0
1015917,4,2,1,0,0,0,0,,0,0,0,1,0,0,2,0,0,,1
1004785,4,1,1,0,1,0,0,,0,0,0,0,0,0,0,1,1,,1
1006505,4,2,1,1,1,0,0,,0,0,0,0,0,0,0,0,0,,1
1011258,0,1,0,0,0,0,0,,0,0,0,0,0,0,0,0,0,,0
1000552,0,1,0,0,0,0,0,,0,0,0,0,0,0,0,0,0,,1
1014923,4,0,1,1,1,1,0,1.0,0,0,0,0,0,0,0,1,1,,1
1007880,0,1,0,0,0,0,0,,0,0,0,0,0,0,0,0,0,,0
1015400,4,2,1,1,0,0,0,10.0,0,1,0,0,0,0,0,0,0,,1
1009180,4,2,1,0,0,0,0,3.0,0,0,0,0,0,0,0,1,1,,1
1013396,0,1,0,0,0,0,0,,0,0,0,0,0,0,0,0,0,,0
1001661,0,1,0,0,0,0,0,,0,0,0,0,0,0,0,0,0,,0
1016813,0,1,0,0,0,0,0,,0,0,0,0,0,0,0,0,0,,0
1012556,0,1,0,0,0,0,0,,0,0,0,0,0,0,0,0,0,,0
1015223,4,0,1,1,0,0,0,,0,0,0,0,0,0,0,0,0,,1
1005332,4,2,1,0,0,0,0,,0,0,0,1,0,0,2,0,0,,1
1004594,0,1,0,0,0,0,0,,0,0,0,0,0,0,0,0,0,,0
1007812,0,1,0,0,0,0,0,,0,0,0,0,0,0,0,0,0,,0
1011192,4,2,1,1,1,1,0,,0,0,0,1,0,1,4,0,0,,1
1001841,0,1,0,0,0,0,0,,0,0,0,0,0,0,0,0,0,,0
1008180,0,1,0,0,0,0,0,,0,0,0,0,0,0,0,0,0,,1
1013870,0,1,0,0,0,0,0,,0,0,0,0,0,0,0,0,0,,0
1013079,4,1,1,0,0,0,0,,0,0,0,0,0,0,1,0,0,,1
1014975,0,1,0,0,0,0,0,,0,0,0,0,0,0,0,0,0,,0
1004098,0,1,0,0,0,0,0,,0,0,0,0,0,0,0,0,0,,0
1008774,0,1,0,0,0,0,0,,0,0,0,0,0,0,0,0,0,,0
1003191,4,1,1,1,1,0,0,,0,0,1,1,1,1,6,0,0,,1
1009068,0,1,0,0,0,0,0,,0,0,0,0,0,0,0,0,0,,1
1005009,0,0,0,0,0,0,0,,0,0,0,0,0,0,0,0,0,,1
1014303,0,1,0,0,0,0,0,,0,0,0,0,0,0,0,0,0,,0
1012081,0,1,0,0,0,0,0,,0,0,0,0,0,0,0,0,0,,1
1012925,0,0,0,0,0,0,0,,0,0,0,0,0,0,0,1,1,,1
1013875,4,2,1,0,0,0,0,,0,0,1,1,0,0,3,0,0,,1
1014159,0,1,0,0,0,0,0,,0,0,0,0,0,0,0,0,0,,0
1008231,4,2,1,1,0,0,0,12.0,0,0,0,0,0,0,0,0,0,,1
1000863,0,1,0,0,0,0,0,,0,0,0,0,0,0,0,0,0,,0
1004737,0,1,0,0,0,0,0,,0,0,0,0,0,0,0,0,0,,0
1000902,4,2,1,1,0,0,0,,0,0,1,1,1,1,6,0,0,,1
1013830,4,0,1,0,0,0,1,,0,0,0,0,0,0,0,1,1,,1
1004371,0,1,0,0,0,0,0,,0,0,0,0,0,0,0,0,0,,0
1017294,0,1,0,0,0,0,0,,0,0,0,0,0,0,0,0,0,,0
1006380,4,2,1,1,0,0,0,20.0,1,0,0,0,0,0,8,0,0,,1
1008036,0,1,0,0,0,0,0,,0,0,0,0,0,0,0,0,0,,1
1004739,4,1,1,0,1,0,0,3.0,0,0,0,0,0,0,0,1,1,,1
1000942,4,0,1,0,1,0,0,,0,0,0,0,0,0,0,1,1,,1
1002715,0,0,0,0,0,0,0,,0,0,0,0,0,0,0,0,0,,1
1011741,0,1,0,0,0,0,0,,0,0,0,0,0,0,0,0,0,,0
1011496,0,1,0,0,0,0,0,,0,0,0,0,0,0,0,0,0,,1
1004442,0,1,0,0,0,0,0,,0,0,0,0,0,0,0,0,0,,0
1007132,0,1,0,0,0,0,0,,0,0,0,0,0,0,0,0,0,,0
1004358,0,1,0,0,0,0,0,,0,0,0,0,0,0,0,0,0,,0
1002891,0,1,0,0,0,0,0,,0,0,0,0,0,0,0,0,0,,0
1013353,0,1,0,0,0,0,0,,0,0,0,0,0,0,0,0,0,,0
1016443,0,1,0,0,0,0,0,,0,0,0,0,0,0,0,0,0,,0
1003231,0,1,0,0,0,0,0,,0,0,0,0,0,0,0,0,0,,0
1004702,4,2,1,1,0,0,0,,0,0,0,0,0,0,0,0,0,,1
1004229,0,1,0,0,0,0,0,,0,0,0,0,0,0,0,0,0,,0
1004015,1,0,0,0,0,0,0,,0,1,0,0,0,0,0,1,1,,1
1010572,4,1,1,1,0,0,0,,0,0,0,0,0,0,0,1,1,,1
1001996,4,2,1,0,0,0,0,,0,0,1,1,1,1,6,0,0,,1
1009722,0,0,1,0,1,0,1,,0,0,0,0,0,0,0,0,0,,1
1006989,4,2,1,1,0,0,0,,0,0,1,1,0,0,3,0,0,,1
1005792,0,1,0,0,0,0,0,,0,0,0,0,0,0,0,0,0,,0
1002780,0,1,0,0,0,0,0,,0,0,0,0,0,0,0,0,0,,0
1005719,0,1,0,0,0,0,0,,0,0,0,0,0,0,0,0,0,,0
1004866,0,1,0,0,0,0,0,,0,0,0,0,0,0,0,0,0,,0
1002711,0,1,0,0,0,0,0,,0,0,0,0,0,0,0,0,0,,0
1016401,4,2,1,0,0,0,0,,0,0,0,1,0,0,3,0,0,,1
1006179,0,1,0,0,0,0,0,,0,0,0,0,0,0,0,0,0,,0
1008557,0,0,0,0,0,0,0,,0,0,0,0,0,0,0,0,0,,1
1008723,0,0,0,0,0,0,0,,0,0,0,0,0,0,0,0,0,,1
1006642,0,1,0,0,0,0,0,,0,0,0,0,0,0,0,0,0,,0
1014450,0,1,0,0,0,0,0,,0,0,0,0,0,0,0,0,0,,0
1008241,0,1,0,0,0,0,0,,0,0,0,0,0,0,0,0,0,,0
1006578,0,1,0,0,0,0,0,,0,0,0,0,0,0,0,0,0,,0
1007052,4,1,1,0,0,0,0,,0,0,0,0,0,0,0,0,0,,1
1010958,4,1,1,0,0,0,1,,0,0,0,1,0,0,2,1,1,,1
1017573,0,0,0,0,0,0,0,,0,0,0,0,0,0,0,0,0,,1
1009439,0,1,0,0,0,0,0,,0,0,0,0,0,0,0,0,0,,0
1016274,0,1,0,0,0,0,0,,0,0,0,0,0,0,0,0,0,,1
1001137,0,1,0,0,0,0,0,,0,0,0,0,0,0,0,0,0,,0
1000215,0,1,0,0,0,0,0,,0,0,0,0,0,0,0,0,0,,0
1012285,4,2,1,1,1,0,0,,0,0,1,1,1,1,6,0,0,,1
1014276,0,1,0,0,0,0,0,,0,0,0,0,0,0,0,0,0,,0
1013694,0,1,0,0,0,0,0,,0,0,0,0,0,0,0,0,0,,0
1009251,0,1,0,0,0,0,0,,0,0,0,0,0,0,0,0,0,,0
1009481,4,2,1,1,0,0,0,1.0,0,0,0,1,1,1,4,0,0,,1
1007043,0,1,0,0,0,0,0,,0,0,0,0,0,0,0,0,0,,1
1012141,0,1,0,0,0,0,0,,0,0,0,0,0,0,0,0,0,,0
1009059,0,1,0,0,0,0,0,,0,0,0,0,0,0,0,0,0,,0
1010871,0,1,0,0,0,0,0,,0,0,0,0,0,0,0,0,0,,1
1010325,0,1,0,0,0,0,0,,0,0,0,0,0,0,0,0,0,,0
1001892,0,1,0,0,0,0,0,,0,0,0,0,0,0,0,0,0,,1
1008412,4,1,1,1,0,0,0,,0,0,0,1,0,0,1,0,0,,1
1008786,4,2,1,0,0,0,0,,0,0,0,0,0,0,0,0,0,,1
1008526,0,1,0,0,0,0,0,,0,0,0,0,0,0,0,0,0,,0
1016026,4,1,1,0,0,0,0,,0,0,0,0,0,0,5,0,0,,1
1002297,4,0,1,0,0,0,0,,0,0,0,1,0,0,2,0,0,,1
1004564,4,0,1,0,1,0,0,2.0,0,0,0,0,0,0,0,0,1,,1
1014921,3,0,1,0,1,0,0,,0,0,0,0,0,0,0,1,1,,1
1009380,0,1,0,0,0,0,0,,0,0,0,0,0,0,0,0,0,,0
1004882,0,1,0,0,0,0,0,,0,0,0,0,0,0,0,0,0,,0
1012888,0,1,0,0,0,0,0,,0,0,0,0,0,0,0,0,0,,0
1000091,4,2,1,0,1,1,0,,0,0,1,1,1,1,6,0,0,,1
1001235,0,1,0,0,0,0,0,,0,0,0,0,0,0,0,0,0,,0
1010006,0,1,0,0,0,0,0,,0,0,0,0,0,0,0,0,0,,1
1015990,4,1,1,0,0,0,0,1.0,0,0,0,0,0,0,3,0,0,,1
1006666,4,1,1,0,0,0,0,,0,0,0,0,0,0,1,0,0,,1
1008012,4,2,1,1,1,1,0,2.0,0,0,1,1,1,1,6,0,0,,1
1008022,0,1,0,0,0,0,0,,0,0,0,0,0,0,0,0,0,,0
1004670,0,1,0,0,0,0,0,,0,0,0,0,0,0,0,0,0,,0
1015794,0,1,0,0,0,0,0,,0,0,0,0,0,0,0,0,0,,0
1007937,0,1,0,0,0,0,0,,0,0,0,0,0,0,0,0,0,,1
1010420,0,1,0,0,0,0,0,,0,0,0,0,0,0,0,0,0,,0
1003255,0,1,0,0,0,0,0,,0,0,0,0,0,0,0,0,0,,0
1005572,4,2,1,0,0,0,0,,0,0,0,0,0,0,7,1,1,,1
1006587,4,2,1,0,0,0,0,,0,0,1,1,1,1,6,1,1,,1
1004933,4,1,1,1,0,0,0,,0,0,0,0,0,0,0,1,1,,1
1015849,0,1,0,0,0,0,0,,0,0,0,0,0,0,0,0,0,,0
1004704,0,1,0,0,0,0,0,,0,0,0,0,0,0,0,0,0,,0
1001633,0,1,0,0,0,0,0,,0,0,0,0,0,0,0,0,0,,0
1005861,0,1,0,0,0,0,0,,0,0,0,0,0,0,0,0,0,,0
1013674,0,1,0,0,0,0,0,,0,0,0,0,0,0,0,0,0,,0
1005528,0,1,0,0,0,0,0,,0,0,0,0,0,0,0,0,0,,0
1004555,0,1,0,0,0,0,0,,0,0,0,0,0,0,0,0,0,,0
1004559,0,1,0,0,0,0,0,,0,0,0,0,0,0,0,0,0,,0
1001159,0,1,0,0,0,0,0,,0,0,0,0,0,0,0,0,0,,0
1000193,0,1,0,0,0,0,0,,0,0,0,0,0,0,0,0,0,,1
1009611,4,2,1,0,0,0,0,,0,0,0,0,0,0,1,0,0,,1
1016068,4,2,1,1,0,0,0,,0,0,0,0,0,0,0,0,0,,1
1014111,0,1,0,0,0,0,0,,0,0,0,0,0,0,0,0,0,,0
1014140,4,2,1,0,0,0,0,,0,0,0,1,0,1,3,0,0,,1
1003803,4,1,1,0,0,0,1,1.0,0,0,0,0,0,0,0,1,1,,1
1000474,4,2,1,1,1,1,0,,0,0,0,0,0,0,0,0,0,,1
1007635,0,1,0,0,0,0,0,,0,0,0,0,0,0,0,0,0,,0
1000666,0,1,0,0,0,0,0,,0,0,0,0,0,0,0,0,0,,0
1016664,4,2,1,1,0,0,0,2.0,0,0,0,0,0,0,3,0,0,,1
1008787,0,1,0,0,0,0,0,,0,0,0,0,0,0,0,0,0,,0
1017418,0,1,0,0,0,0,0,,0,0,0,0,0,0,0,0,0,,0
1007575,0,1,0,0,0,0,0,,0,0,0,0,0,0,0,0,0,,0
1004543,0,1,0,0,0,0,0,,0,0,0,0,0,0,0,0,0,,1
1014053,0,1,0,0,0,0,0,,0,0,0,0,0,0,0,0,0,,0
1007087,0,1,0,0,0,0,0,,0,0,0,0,0,0,0,0,0,,1
1014764,0,1,0,0,0,0,0,,0,0,0,0,0,0,0,0,0,,0
1009695,4,2,1,0,0,0,1,,0,0,0,1,0,0,2,0,0,,1
1011012,0,1,0,0,0,0,0,,0,0,0,0,0,0,0,0,0,,0
1003139,0,1,0,0,0,0,0,,0,0,0,0,0,0,0,0,0,,1
1013646,0,1,0,0,0,0,0,,0,0,0,0,0,0,0,0,0,,0
1002770,0,1,0,0,0,0,0,,0,0,0,0,0,0,0,0,0,,1
1009494,0,1,0,0,0,0,0,,0,0,0,0,0,0,0,0,0,,0
1005359,0,1,0,0,0,0,0,,0,0,0,0,0,0,0,0,0,,0
1006824,4,1,1,0,1,0,0,,0,0,1,1,1,1,6,0,1,,1
1002202,0,1,0,0,0,0,0,,0,0,0,0,0,0,0,0,0,,0
1001433,0,1,0,0,0,0,0,,0,0,0,0,0,0,0,0,0,,0
1005438,0,1,0,0,0,0,0,,0,0,0,0,0,0,0,0,0,,1
1016060,0,1,0,0,0,0,0,,0,0,0,0,0,0,0,0,0,,0
1014376,0,0,0,0,0,0,0,,0,0,0,0,0,0,0,0,0,,1
1016690,0,1,0,0,0,0,0,,0,0,0,0,0,0,0,0,0,,0
1002392,0,1,0,0,0,0,0,,0,0,0,0,0,0,0,0,0,,1
1010672,4,2,1,1,1,0,0,2.0,0,0,0,1,0,0,8,1,1,,1
1015019,0,1,0,0,0,0,0,,0,0,0,0,0,0,0,0,0,,1
1000460,4,2,1,1,0,0,0,,0,0,0,1,0,0,3,0,0,,1
1000792,0,1,0,0,0,0,0,,0,0,0,0,0,0,0,0,0,,0
1000266,4,1,1,0,0,0,0,,0,0,0,0,0,0,0,1,2,,1
1006859,4,2,1,0,0,0,0,,0,0,0,1,0,0,2,0,0,,1
1000477,0,1,0,0,0,0,0,,0,0,0,0,0,0,0,0,0,,0
1005860,0,1,0,0,0,0,0,,0,0,0,0,0,0,0,0,0,,0
1012946,0,1,0,0,0,0,0,,0,0,0,0,0,0,0,0,0,,0
1011005,4,1,1,1,0,0,0,1.0,0,0,0,1,0,0,2,0,0,,1
1002483,0,1,0,0,0,0,0,,0,0,0,0,0,0,0,0,0,,0
1005505,0,1,0,0,0,0,0,,0,0,0,0,0,0,0,0,0,,0
1012215,4,2,1,1,1,1,0,,0,0,1,1,1,1,6,0,0,,1
1008248,4,2,1,0,0,0,0,,0,0,1,1,1,1,6,0,0,,1
1011694,4,1,1,1,1,0,0,4.0,0,0,0,1,0,0,3,0,0,,1
1001453,4,1,1,1,0,0,0,1086.0,0,0,0,0,0,0,0,1,1,,1
1015557,4,1,1,0,0,0,0,,0,0,0,0,0,0,1,0,0,,1
1009299,0,1,0,0,0,0,0,,0,0,0,0,0,0,0,0,0,,0
1007012,0,1,0,0,0,0,0,,0,0,0,0,0,0,0,0,0,,0
1016587,4,0,1,0,0,0,0,,0,0,1,1,1,1,6,0,0,,1
1011931,4,2,1,1,1,0,0,,0,0,0,1,0,0,2,0,0,,1
1013903,0,1,0,0,0,0,0,,0,0,0,0,0,0,0,0,0,,0
1009087,4,2,1,1,0,0,0,,0,0,0,1,0,0,2,0,0,,1
1002034,4,2,1,1,0,0,0,,0,0,0,0,0,0,0,0,0,,1
1007116,0,1,0,0,0,0,0,,0,0,0,0,0,0,0,0,0,,0
1016130,0,1,0,0,0,0,0,,0,0,0,0,0,0,0,0,0,,0
1009212,4,1,1,0,0,0,1,,0,0,0,1,0,0,2,1,1,,1
1006644,4,0,1,0,1,0,0,,0,0,0,0,0,0,0,1,1,,1
1011738,0,1,0,0,0,0,0,,0,0,0,0,0,0,0,0,0,,1
1004363,4,2,1,1,1,0,0,,0,1,1,1,1,1,6,0,0,,1
1002428,0,1,0,0,0,0,0,,0,0,0,0,0,0,0,0,0,,0
1001088,0,1,0,0,0,0,0,,0,0,0,0,0,0,0,0,0,,1
1003238,0,1,0,0,0,0,0,,0,0,0,0,0,0,0,0,0,,0
1006042,4,1,1,0,1,0,0,1.0,0,0,0,1,1,0,3,0,0,,1
1003625,0,1,0,0,0,0,0,,0,0,0,0,0,0,0,0,0,,0
1013363,0,1,0,0,0,0,0,,0,0,0,0,0,0,0,0,0,,0
1002015,0,1,0,0,0,0,0,,0,0,0,0,0,0,0,0,0,,0
1006408,0,1,0,0,0,0,0,,0,0,0,0,0,0,0,0,0,,0
1001411,0,1,0,0,0,0,0,,0,0,0,0,0,0,0,0,0,,0
1002762,0,0,0,0,0,0,0,,0,0,0,0,0,0,0,0,0,,1
1003285,0,1,0,0,0,0,0,,0,0,0,0,0,0,0,0,0,,0
1016938,0,1,0,0,0,0,0,,0,0,0,0,0,0,0,0,0,,0
1006078,4,2,1,1,1,0,0,,0,0,0,0,0,0,0,0,0,,1
1016115,0,1,0,0,0,0,0,,0,0,0,0,0,0,0,0,0,,0
1000882,4,2,1,0,0,0,1,,0,0,0,1,0,0,2,0,0,,1
1000929,4,2,1,1,1,0,0,,0,0,0,0,0,0,5,0,0,,1
1002799,4,1,1,1,0,0,0,,0,0,0,0,0,0,0,1,1,,1
1002815,0,1,0,0,0,0,0,,0,0,0,0,0,0,0,0,0,,1
1011371,0,1,0,0,0,0,0,,0,0,0,0,0,0,0,0,0,,0
1016625,0,1,0,0,0,0,0,,0,0,0,0,0,0,0,0,0,,0
1011574,0,1,0,0,0,0,0,,0,0,0,0,0,0,0,0,0,,0
1011936,4,2,1,1,1,0,0,,0,0,1,1,1,1,6,0,0,,1
1013730,0,1,0,0,0,0,0,,0,0,0,0,0,0,0,0,0,,0
1002143,0,1,0,0,0,0,0,,0,0,0,0,0,0,0,0,0,,0
1011452,0,1,0,0,0,0,0,,0,0,0,0,0,0,0,0,0,,1
1009384,0,1,0,0,0,0,0,,0,0,0,0,0,0,0,0,0,,0
1011071,4,2,1,1,1,1,1,,0,0,0,0,0,0,5,0,0,,1
1013508,0,1,0,0,0,0,0,,0,0,0,0,0,0,0,0,0,,1
1003833,0,1,0,0,0,0,0,,0,0,0,0,0,0,0,0,0,,1
1014611,0,1,0,0,0,0,0,,0,0,0,0,0,0,0,0,0,,0
1002336,0,1,0,0,0,0,0,,0,0,0,0,0,0,0,0,0,,0
1000631,0,1,0,0,0,0,0,,0,0,0,0,0,0,0,0,0,,0
1001374,0,1,0,0,0,0,0,,0,0,0,0,0,0,0,0,0,,0
1012570,0,1,0,0,0,0,0,,0,0,0,0,0,0,0,0,0,,1
1003032,4,2,1,1,1,1,0,,0,0,0,0,0,0,0,0,0,,1
1014027,0,1,0,0,0,0,0,,0,0,0,0,0,0,0,0,0,,0
1015121,4,0,1,0,0,0,1,,0,0,0,1,0,0,2,0,0,,1
1010746,0,1,0,0,0,0,0,,0,0,0,0,0,0,0,0,0,,0
1004907,0,1,1,1,0,0,0,2.0,0,0,0,0,0,0,0,0,0,,1
1012477,0,1,0,0,0,0,0,,0,0,0,0,0,0,0,0,0,,1
1009751,4,2,1,0,0,0,0,,0,0,0,0,0,0,6,0,0,,1
1005212,0,1,0,0,0,0,0,,0,0,0,0,0,0,0,0,0,,0
1004911,0,1,0,0,0,0,0,,0,0,0,0,0,0,0,0,0,,0
1001059,4,2,1,1,1,0,0,1.0,0,1,0,1,0,0,6,1,1,,1
1004650,4,2,1,0,0,0,0,,0,0,0,1,0,0,3,0,0,,1
1012287,0,1,0,0,0,0,0,,0,0,0,0,0,0,0,0,0,,0
1003965,4,1,1,1,0,0,0,1.0,0,0,0,0,0,0,2,0,0,,1
1009684,0,1,0,0,0,0,0,,0,0,0,0,0,0,0,0,0,,1
1006603,0,1,0,0,0,0,0,,0,0,0,0,0,0,0,0,0,,1
1003574,0,1,0,0,0,0,0,,0,0,0,0,0,0,0,0,0,,0
1012086,0,1,0,0,0,0,0,,0,0,0,0,0,0,0,0,0,,0
1009892,4,2,1,1,0,0,0,10.0,0,1,0,0,0,0,0,1,1,,1
1001697,0,1,0,0,0,0,0,,0,0,0,0,0,0,0,0,0,,0
1012929,4,2,1,1,0,0,0,,0,0,1,1,1,0,4,0,0,,1
1006823,0,1,0,0,0,0,0,,0,0,0,0,0,0,0,0,0,,1
1002419,0,1,0,0,0,0,0,,0,0,0,0,0,0,0,0,0,,0
1009266,0,1,0,0,0,0,0,,0,0,0,0,0,0,0,0,0,,1
1003575,0,1,0,0,0,0,0,,0,0,0,0,0,0,0,0,0,,0
1013746,4,2,1,0,0,0,0,,0,0,0,1,0,0,2,0,0,,1
1015919,0,1,0,0,0,0,0,,0,0,0,0,0,0,0,0,0,,0
1011481,0,1,0,0,0,0,0,,0,0,0,0,0,0,0,0,0,,0
1006726,0,1,0,0,0,0,0,,0,0,0,0,0,0,0,0,0,,0
1010531,0,1,0,0,0,0,0,,0,0,0,0,0,0,0,0,0,,0
1000604,0,1,0,0,0,0,0,,0,0,0,0,0,0,0,0,0,,0
1000601,0,1,0,0,0,0,0,,0,0,0,0,0,0,0,0,0,,0
1017020,0,1,0,0,0,0,0,,0,0,0,0,0,0,0,0,0,,0
1003117,0,1,0,0,0,0,0,,0,0,0,0,0,0,0,0,0,,0
1010985,0,1,0,0,0,0,0,,0,0,0,0,0,0,0,0,0,,0
1013934,0,1,0,0,0,0,0,,0,0,0,0,0,0,0,0,0,,0
1000140,4,2,1,0,0,0,0,,0,0,1,1,1,1,6,0,0,,1
1010207,0,1,0,0,0,0,0,,0,0,0,0,0,0,0,0,0,,0
1013666,0,1,0,0,0,0,0,,0,0,0,0,0,0,0,0,0,,0
1013972,0,1,0,0,0,0,0,,0,0,0,0,0,0,0,0,0,,0
1004121,4,2,1,1,1,1,0,,0,0,0,0,0,0,4,0,0,,1
1002456,4,2,1,0,0,0,0,,0,0,0,0,0,0,1,0,0,,1
1003292,0,1,0,0,0,0,0,,0,0,0,0,0,0,0,0,0,,0
1004387,0,1,0,0,0,0,0,,0,0,0,0,0,0,0,0,0,,1
1008853,0,1,0,0,0,0,0,,0,0,0,0,0,0,0,0,0,,1
1004437,0,1,0,0,0,0,0,,0,0,0,0,0,0,0,0,0,,0
1002272,0,1,0,0,0,0,0,,0,0,0,0,0,0,0,0,0,,0
1016387,0,1,0,0,0,0,0,,0,0,0,0,0,0,0,0,0,,0
1000596,4,2,1,1,1,0,0,2.0,0,0,1,1,0,0,3,0,0,,1
1010329,0,1,0,0,0,0,0,,0,0,0,0,0,0,0,0,0,,0
1010762,0,1,0,0,0,0,0,,0,0,0,0,0,0,0,0,0,,1
1003762,4,2,1,0,0,0,0,2.0,0,0,0,1,0,0,2,0,0,,1
1011825,4,2,1,1,0,0,0,,0,0,1,1,0,0,3,0,0,,1
1015429,0,1,0,0,0,0,0,,0,0,0,0,0,0,0,0,0,,0
1005408,1,1,1,0,0,0,0,,0,0,0,0,0,0,0,0,1,,1
1014570,0,1,0,0,0,0,0,,0,0,0,0,0,0,0,0,0,,0
1005024,4,2,1,1,1,1,0,,0,0,0,0,0,0,0,0,0,,1
1006597,4,0,1,1,0,0,0,10.0,0,0,0,0,0,0,0,1,1,,1
1017510,0,1,0,0,0,0,0,,0,0,0,0,0,0,0,0,0,,0
1015370,0,1,0,0,0,0,0,,0,0,0,0,0,0,0,0,0,,1
1014556,0,1,0,0,0,0,0,,0,0,0,0,0,0,0,0,0,,0
1010108,0,1,0,0,0,0,0,,0,0,0,0,0,0,0,0,0,,1
1006184,0,1,0,0,0,0,0,,0,0,0,0,0,0,0,0,0,,0
1002171,0,1,0,0,0,0,0,,0,0,0,0,0,0,0,0,0,,0
1005064,4,2,1,1,1,1,1,,0,0,0,0,0,0,0,0,0,,1
1017434,4,2,1,1,0,0,0,,0,1,0,0,0,0,0,0,0,,1
1004351,0,1,0,0,0,0,0,,0,0,0,0,0,0,0,0,0,,0
1000510,4,1,1,0,0,0,0,12.0,0,0,0,1,0,0,3,0,0,,1
1003834,0,1,0,0,0,0,0,,0,0,0,0,0,0,0,0,0,,0
1016859,0,1,0,0,0,0,0,,0,0,0,0,0,0,0,0,0,,0
1012323,0,0,0,0,0,0,0,,0,0,0,0,0,0,0,0,0,,1
1003383,0,1,0,0,0,0,0,,0,0,0,0,0,0,0,0,0,,0
1012009,0,1,0,0,0,0,0,,0,0,0,0,0,0,0,0,0,,0
1000039,0,1,0,0,0,0,0,,0,0,0,0,0,0,0,0,0,,0
1009764,4,1,1,0,0,0,0,2.0,0,0,0,1,0,0,2,0,0,,1
1006987,4,1,1,1,0,0,0,,0,0,0,0,0,0,0,1,1,,1
1009598,4,2,1,1,0,0,0,2.0,0,0,0,1,0,0,2,0,0,,1
1017394,4,2,1,0,0,0,0,,0,1,1,1,1,1,6,0,0,,1
1009333,4,1,1,0,1,0,0,,0,0,0,0,0,0,0,1,1,,1
1009865,0,1,0,0,0,0,0,,0,0,0,0,0,0,0,0,0,,0
1014258,4,2,1,1,1,1,0,,0,0,0,0,0,0,0,0,0,,1
1017356,0,1,0,0,0,0,0,,0,0,0,0,0,0,0,0,0,,0
1012182,4,2,1,0,1,0,0,10.0,0,1,0,1,0,0,2,0,0,,1
1005691,0,1,0,0,0,0,0,,0,0,0,0,0,0,0,0,0,,0
1003976,0,1,0,0,0,0,0,,0,0,0,0,0,0,0,0,0,,0
1006971,0,1,0,0,0,0,0,,0,0,0,0,0,0,0,0,0,,0
1001128,0,1,0,0,0,0,0,,0,0,0,0,0,0,0,0,0,,0
1012895,0,1,0,0,0,0,0,,0,0,0,0,0,0,0,0,0,,1
1007070,0,1,0,0,0,0,0,,0,0,0,0,0,0,0,0,0,,1
1016837,0,1,0,0,0,0,0,,0,0,0,0,0,0,0,0,0,,0
1010190,0,1,0,0,0,0,0,,0,0,0,0,0,0,0,0,0,,0
1004815,0,1,0,0,0,0,0,,0,0,0,0,0,0,0,0,0,,1
1010916,0,1,0,0,0,0,0,,0,0,0,0,0,0,0,0,0,,1
1011136,4,0,1,1,0,0,0,,0,0,0,0,0,0,3,0,0,,1
1007306,4,2,1,1,1,0,0,,0,0,1,1,1,1,6,0,0,,1
1009341,4,2,1,0,0,1,0,24.0,0,1,1,1,1,1,6,0,0,,1
1004204,0,1,0,0,0,0,0,,0,0,0,0,0,0,0,0,0,,0
1006894,0,1,0,0,0,0,0,,0,0,0,0,0,0,0,0,0,,0
1008985,4,2,1,1,0,0,0,,0,0,1,1,1,1,6,0,0,,1
1013456,4,2,1,0,1,0,0,,0,0,0,0,0,0,6,0,0,,1
1002179,0,1,0,0,0,0,0,,0,0,0,0,0,0,0,0,0,,1
1012926,4,1,1,1,1,0,0,2.0,0,0,0,1,1,1,10,0,0,,1
1001245,0,1,0,0,0,0,0,,0,0,0,0,0,0,0,0,0,,0
1012842,0,1,0,0,0,0,0,,0,0,0,0,0,0,0,0,0,,0
1006940,4,1,1,0,0,0,1,,0,0,0,1,0,0,2,1,1,,1
1005827,4,2,1,1,0,0,0,4.0,0,0,0,1,0,0,2,0,0,,1
1016849,0,1,0,0,0,0,0,,0,0,0,0,0,0,0,0,0,,0
1003931,0,1,0,0,0,0,0,,0,0,0,0,0,0,0,0,0,,0
1002543,0,1,0,0,0,0,0,,0,0,0,0,0,0,0,0,0,,0
1016933,4,2,1,1,1,1,0,,0,0,1,1,1,1,6,0,0,,1
1012346,0,1,0,0,0,0,0,,0,0,0,0,0,0,0,0,0,,0
1001439,0,1,0,0,0,0,0,,0,0,0,0,0,0,0,0,0,,0
1008593,4,2,1,1,0,0,0,12.0,0,1,0,0,0,0,0,0,0,,1
1010352,0,1,0,0,0,0,0,,0,0,0,0,0,0,0,0,0,,0
1009007,0,0,0,0,0,0,0,,0,0,0,0,0,0,0,0,0,,1
1010663,0,1,0,0,0,0,0,,0,0,0,0,0,0,0,0,0,,0
1014236,4,1,1,0,0,0,0,2.0,0,0,0,0,0,0,0,0,0,,1
1012447,0,1,0,0,0,0,0,,0,0,0,0,0,0,0,0,0,,0
1002393,0,1,0,0,0,0,0,,0,0,0,0,0,0,0,0,0,,0
1013817,0,1,0,0,0,0,0,,0,0,0,0,0,0,0,0,0,,1
1012169,4,2,1,1,0,0,0,,0,0,0,1,1,1,4,0,0,,1
1013462,0,1,0,0,0,0,0,,0,0,0,0,0,0,0,0,0,,0
1000318,0,1,0,0,0,0,0,,0,0,0,0,0,0,0,0,0,,0
1008603,3,1,1,0,1,0,0,,0,0,0,0,0,0,0,1,1,,1
1016279,0,1,0,0,0,0,0,,0,0,0,0,0,0,0,0,0,,0
1000496,0,1,0,0,0,0,0,,0,0,0,0,0,0,0,0,0,,0
1001421,0,1,0,0,0,0,0,,0,0,0,0,0,0,0,0,0,,1
1008833,0,1,0,0,0,0,0,,0,0,0,0,0,0,0,0,0,,1
1013397,0,1,0,0,0,0,0,,0,0,0,0,0,0,0,0,0,,0
1008069,0,1,0,0,0,0,0,,0,0,0,0,0,0,0,0,0,,0
1013274,0,1,0,0,0,0,0,,0,0,0,0,0,0,0,0,0,,0
1012371,4,2,1,0,0,0,0,,0,0,0,0,0,0,0,0,0,,1
1014573,4,2,1,0,1,0,1,16.0,0,0,1,1,1,1,5,0,0,,1
1006458,0,1,0,0,0,0,0,,0,0,0,0,0,0,0,0,0,,1
1004065,0,1,0,0,0,0,0,,0,0,0,0,0,0,0,0,0,,1
1000392,0,1,0,0,0,0,0,,0,0,0,0,0,0,0,0,0,,0
1007965,4,1,1,0,0,0,1,,0,0,0,1,0,0,2,1,1,,1
1003649,0,1,0,0,0,0,0,,0,0,0,0,0,0,0,0,0,,0
1001330,4,1,1,1,1,1,0,4.0,0,0,0,1,1,1,16,0,0,,1
1013356,0,1,0,0,0,0,0,,0,0,0,0,0,0,0,0,0,,0
1017140,4,2,1,1,0,0,0,3.0,0,1,0,0,0,0,0,0,0,,1
1008806,0,1,0,0,0,0,0,,0,0,0,0,0,0,0,0,0,,0
1009965,4,0,1,0,0,0,0,,0,0,0,0,0,0,0,1,1,,1
1012111,0,1,0,0,0,0,0,,0,0,0,0,0,0,0,0,0,,0
1000191,4,2,1,1,1,0,0,,0,0,1,1,1,1,6,1,1,,1
1017110,0,1,0,0,0,0,0,,0,0,0,0,0,0,0,0,0,,1
1002113,4,2,1,1,1,0,0,,0,0,0,1,1,0,3,0,0,,1
1000663,0,1,0,0,0,0,0,,0,0,0,0,0,0,0,0,0,,0
1006094,0,1,0,0,0,0,0,,0,0,0,0,0,0,0,0,0,,0
1013277,0,1,0,0,0,0,0,,0,0,0,0,0,0,0,0,0,,0
1012935,4,2,1,1,0,0,0,,0,0,1,1,1,1,6,0,0,,1
1006120,0,1,0,0,0,0,0,,0,0,0,0,0,0,0,0,0,,0
1016601,0,1,0,0,0,0,0,,0,0,0,0,0,0,0,0,0,,1
1008890,4,0,1,0,0,0,1,,0,0,0,0,0,0,0,1,1,,1
1005972,0,1,0,0,0,0,0,,0,0,0,0,0,0,0,0,0,,0
1008897,0,1,0,0,0,0,0,,0,0,0,0,0,0,0,0,0,,0
1015337,0,1,0,0,0,0,0,,0,0,0,0,0,0,0,0,0,,0
1002408,0,1,0,0,0,0,0,,0,0,0,0,0,0,0,0,0,,0
1010815,0,1,0,0,0,0,0,,0,0,0,0,0,0,0,0,0,,0
1006969,0,1,0,0,0,0,0,,0,0,0,0,0,0,0,0,0,,0
1015480,0,1,0,0,0,0,0,,0,0,0,0,0,0,0,0,0,,1
1002966,0,1,0,0,0,0,0,,0,0,0,0,0,0,0,0,0,,0
1000451,0,1,0,0,0,0,0,,0,0,0,0,0,0,0,0,0,,0
1013268,4,1,1,1,0,0,0,,0,0,0,0,0,0,0,1,1,,1
1001214,3,1,1,1,0,0,0,,0,0,0,0,0,0,0,0,0,,1
1004267,4,2,1,1,0,0,0,2.0,0,0,0,0,0,0,2,0,0,,1
1006851,4,0,1,0,0,0,1,,0,0,0,0,0,0,0,1,1,,1
1014190,4,2,1,1,1,0,0,12.0,0,0,0,1,0,0,2,0,0,,1
1001390,0,1,0,0,0,0,0,,0,0,0,0,0,0,0,0,0,,0
1008384,4,2,1,1,0,0,0,10.0,0,0,0,1,0,0,2,0,0,,1
1000633,4,0,1,1,0,0,0,1.0,0,1,0,0,0,0,4,0,0,,1
1000058,0,1,0,0,0,0,0,,0,0,0,0,0,0,0,0,0,,1
1015540,0,1,0,0,0,0,0,,0,0,0,0,0,0,0,0,0,,0
1001328,0,1,0,0,0,0,0,,0,0,0,0,0,0,0,0,0,,0
1010098,4,1,1,1,0,0,0,,0,0,0,0,0,0,0,1,1,,1
1013453,0,1,0,0,0,0,0,,0,0,0,0,0,0,0,0,0,,1
1014050,0,1,0,0,0,0,0,,0,0,0,0,0,0,0,0,0,,0
1004898,0,0,0,0,0,0,0,,0,0,0,0,0,0,0,0,0,,1
1009643,0,1,0,0,0,0,0,,0,0,0,0,0,0,0,0,0,,0
1000408,0,1,0,0,0,0,0,,0,0,0,0,0,0,0,0,0,,0
1012606,0,1,0,0,0,0,0,,0,0,0,0,0,0,0,0,0,,0
1001322,4,2,1,1,1,0,0,12.0,1,0,0,0,0,0,0,0,0,,1
1011370,0,1,0,0,0,0,0,,0,0,0,0,0,0,0,0,0,,0
1014252,0,1,0,0,0,0,0,,0,0,0,0,0,0,0,0,0,,0
1003688,0,1,0,0,0,0,0,,0,0,0,0,0,0,0,0,0,,0
1002676,4,0,1,0,0,0,0,3.0,0,1,0,0,0,0,0,0,0,,1
1010786,0,1,0,0,0,0,0,,0,0,0,0,0,0,0,0,0,,0
1003204,0,0,0,0,0,0,0,,0,0,0,0,0,0,0,0,0,,1
1012586,0,1,0,0,0,0,0,,0,0,0,0,0,0,0,0,0,,1
1016307,0,1,0,0,0,0,0,,0,0,0,0,0,0,0,0,0,,0
1001013,0,1,0,0,0,0,0,,0,0,0,0,0,0,0,0,0,,0
1007174,0,1,0,0,0,0,0,,0,0,0,0,0,0,0,0,0,,0
1013661,0,1,0,0,0,0,0,,0,0,0,0,0,0,0,0,0,,0
1009878,4,1,1,0,0,0,0,,0,0,0,0,0,0,1,0,0,,1
1001273,0,1,0,0,0,0,0,,0,0,0,0,0,0,0,0,0,,0
1000141,3,1,1,0,1,0,0,2.0,0,0,0,0,0,0,0,1,1,,1
1002717,4,2,1,1,1,0,0,5.0,0,0,1,1,0,0,3,0,0,,1
1013588,0,1,0,0,0,0,0,,0,0,0,0,0,0,0,0,0,,0
1016843,0,1,0,0,0,0,0,,0,0,0,0,0,0,0,0,0,,0
1007911,4,2,1,1,0,0,0,,0,0,0,1,0,0,2,0,0,,1
1003453,0,1,0,0,0,0,0,,0,0,0,0,0,0,0,0,0,,0
1004400,0,1,0,0,0,0,0,,0,0,0,0,0,0,0,0,0,,0
1015056,0,1,0,0,0,0,0,,0,0,0,0,0,0,0,0,0,,0
1003245,0,1,0,0,0,0,0,,0,0,0,0,0,0,0,0,0,,1
1012157,0,1,0,0,0,0,0,,0,0,0,0,0,0,0,0,0,,1
1015068,0,1,0,0,0,0,0,,0,0,0,0,0,0,0,0,0,,0
1000202,0,1,0,0,0,0,0,,0,0,0,0,0,0,0,0,0,,0
1013828,0,1,0,0,0,0,0,,0,0,0,0,0,0,0,0,0,,1
1005079,0,1,0,0,0,0,0,,0,0,0,0,0,0,0,0,0,,0
1005602,0,1,0,0,0,0,0,,0,0,0,0,0,0,0,0,0,,0
1011057,0,1,0,0,0,0,0,,0,0,0,0,0,0,0,0,0,,0
1016785,0,1,0,0,0,0,0,,0,0,0,0,0,0,0,0,0,,0
1014405,4,0,1,1,0,0,0,1.0,0,0,0,0,0,0,0,1,1,,1
1003610,0,1,0,0,0,0,0,,0,0,0,0,0,0,0,0,0,,0
1001744,4,1,1,1,0,0,0,,0,0,0,0,0,0,0,1,1,,1
1015441,0,0,0,0,0,0,0,,0,0,0,0,0,0,0,0,0,,1
1005750,0,1,0,0,0,0,0,,0,0,0,0,0,0,0,0,0,,1
1005579,0,1,0,0,0,0,0,,0,0,0,0,0,0,0,0,0,,0
1004075,0,1,0,0,0,0,0,,0,0,0,0,0,0,0,0,0,,1
1012705,0,1,0,0,0,0,0,,0,0,0,0,0,0,0,0,0,,0
1008980,0,1,0,0,0,0,0,,0,0,0,0,0,0,0,0,0,,0
1008628,4,2,1,1,0,0,0,,0,0,1,1,1,1,6,0,0,,1
1010183,0,1,0,0,0,0,0,,0,0,0,0,0,0,0,0,0,,0
1006947,0,1,0,0,0,0,0,,0,0,0,0,0,0,0,0,0,,1
1000475,0,1,0,0,0,0,0,,0,0,0,0,0,0,0,0,0,,0
1006019,0,1,0,0,0,0,0,,0,0,0,0,0,0,0,0,0,,0
1004355,3,0,1,0,1,0,0,,0,0,0,0,0,0,0,1,1,,1
1011207,4,2,1,1,0,0,0,,0,0,1,1,1,1,6,0,0,,1
1006293,0,1,0,0,0,0,0,,0,0,0,0,0,0,0,0,0,,1
1000964,0,1,0,0,0,0,0,,0,0,0,0,0,0,0,0,0,,0
1009648,4,1,1,1,0,0,0,,0,0,0,0,0,0,0,1,1,,1
1005363,0,1,0,0,0,0,0,,0,0,0,0,0,0,0,0,0,,0
1010842,0,1,0,0,0,0,0,,0,0,0,0,0,0,0,0,0,,0
1016658,4,2,1,0,0,0,0,,0,0,1,1,1,1,6,0,0,,1
1008418,0,1,0,0,0,0,0,,0,0,0,0,0,0,0,0,0,,0
1003880,0,0,0,0,0,0,0,,0,0,0,0,0,0,0,0,0,,1
1016024,0,1,0,0,0,0,0,,0,0,0,0,0,0,0,0,0,,0
1011525,4,2,1,1,0,0,0,,0,0,1,1,1,1,6,0,0,,1
1005833,0,1,0,0,0,0,0,,0,0,0,0,0,0,0,0,0,,1
1003391,4,0,1,0,0,0,0,1000.0,0,0,0,1,0,0,2,0,0,,1
1000815,0,1,0,0,0,0,0,,0,0,0,0,0,0,0,0,0,,0
1007898,4,1,1,0,0,0,0,,0,0,0,1,0,0,2,0,0,,1
1015070,0,1,0,0,0,0,0,,0,0,0,0,0,0,0,0,0,,0
1002654,0,1,0,0,0,0,0,,0,0,0,0,0,0,0,0,0,,1
1015925,4,1,1,0,0,0,0,12.0,0,1,0,1,1,0,3,0,0,,1
1006609,0,1,0,0,0,0,0,,0,0,0,0,0,0,0,0,0,,0
1011752,0,1,0,0,0,0,0,,0,0,0,0,0,0,0,0,0,,0
1015883,0,1,0,0,0,0,0,,0,0,0,0,0,0,0,0,0,,0
1013113,0,1,0,0,0,0,0,,0,0,0,0,0,0,0,0,0,,0
1006382,0,1,0,0,0,0,0,,0,0,0,0,0,0,0,0,0,,0
1012811,0,1,0,0,0,0,0,,0,0,0,0,0,0,0,0,0,,1
1006360,4,2,1,1,1,1,0,,0,1,1,1,1,1,5,0,0,,1
1005440,0,1,0,0,0,0,0,,0,0,0,0,0,0,0,0,0,,0
1005112,0,1,0,0,0,0,0,,0,0,0,0,0,0,0,0,0,,1
1008627,0,1,0,0,0,0,0,,0,0,0,0,0,0,0,0,0,,0
1009955,4,1,1,1,0,0,0,,0,0,0,0,0,0,0,1,1,,1
1000682,0,1,0,0,0,0,0,,0,0,0,0,0,0,0,0,0,,0
1008504,0,1,0,0,0,0,0,,0,0,0,0,0,0,0,0,0,,0
1005890,0,1,0,0,0,0,0,,0,0,0,0,0,0,0,0,0,,0
1009781,0,1,0,0,0,0,0,,0,0,0,0,0,0,0,0,0,,0
1007261,0,1,0,0,0,0,0,,0,0,0,0,0,0,0,0,0,,0
1014321,0,1,0,0,0,0,0,,0,0,0,0,0,0,0,0,0,,1
1017245,4,2,1,0,1,0,1,2.0,0,0,1,1,1,1,8,0,0,,1
1005357,0,1,0,0,0,0,0,,0,0,0,0,0,0,0,0,0,,0
1016373,0,0,0,0,0,0,0,,0,0,0,0,0,0,0,0,1,,1
1008525,0,1,0,0,0,0,0,,0,0,0,0,0,0,0,0,0,,0
1016979,0,1,0,0,0,0,0,,0,0,0,0,0,0,0,0,0,,1
1017102,4,2,1,1,0,0,0,,0,0,1,1,1,1,6,0,0,,1
1010922,0,1,0,0,0,0,0,,0,0,0,0,0,0,0,0,0,,0
1014904,4,1,1,1,0,0,0,2.0,0,0,0,1,0,0,2,0,0,,1
1001274,4,1,1,1,0,0,0,2.0,0,0,0,1,0,0,1,0,0,,1
1013738,0,1,0,0,0,0,0,,0,0,0,0,0,0,0,0,0,,0
1000038,0,0,0,0,0,0,0,,0,0,0,0,0,0,0,0,1,,1
1008641,4,1,1,1,0,0,0,1.0,0,0,0,0,0,0,3,0,0,,1
1001133,0,1,0,0,0,0,0,,0,0,0,0,0,0,0,0,0,,1
1011205,0,1,0,0,0,0,0,,0,0,0,0,0,0,0,0,0,,0
1013969,0,1,0,0,0,0,0,,0,0,0,0,0,0,0,0,0,,0
1008818,4,2,1,1,1,1,0,,0,0,0,1,1,1,6,0,0,,1
1014654,0,1,0,0,0,0,0,,0,0,0,0,0,0,0,0,0,,0
1015153,0,1,0,0,0,0,0,,0,0,0,0,0,0,0,0,0,,0
1008417,0,1,0,0,0,0,0,,0,0,0,0,0,0,0,0,0,,0
1006362,4,1,1,0,0,0,0,825.0,0,0,0,0,0,0,0,1,1,,1
1014549,0,1,0,0,0,0,0,,0,0,0,0,0,0,0,0,0,,0
1017366,0,0,0,0,0,0,0,,0,0,0,0,0,0,0,0,0,,1
1000132,4,2,1,1,1,0,0,,0,0,0,0,0,0,7,0,0,,1
1006675,0,1,0,0,0,0,0,,0,0,0,0,0,0,0,0,0,,1
1009656,4,1,1,0,0,0,0,2.0,0,0,0,0,0,0,0,0,0,,1
1002733,4,2,1,1,1,1,0,,0,0,0,0,0,0,0,0,0,,1
1003695,4,2,1,1,0,0,0,,0,0,1,1,0,0,3,0,0,,1
1002791,0,1,0,0,0,0,0,,0,0,0,0,0,0,0,0,0,,0
1008900,0,1,0,0,0,0,0,,0,0,0,0,0,0,0,0,0,,0
1004201,0,1,0,0,0,0,0,,0,0,0,0,0,0,0,0,0,,0
1003050,0,1,0,0,0,0,0,,0,0,0,0,0,0,0,0,0,,0
1007896,0,1,0,0,0,0,0,,0,0,0,0,0,0,0,0,0,,0
1013900,0,1,0,0,0,0,0,,0,0,0,0,0,0,0,0,0,,0
1006447,4,2,1,1,1,0,0,,0,0,0,0,0,0,0,0,0,,1
1017063,0,1,0,0,0,0,0,,0,0,0,0,0,0,0,0,0,,0
1001222,0,1,0,0,0,0,0,,0,0,0,0,0,0,0,0,0,,0
1014305,0,1,0,0,0,0,0,,0,0,0,0,0,0,0,0,0,,1
1009329,0,1,0,0,0,0,0,,0,0,0,0,0,0,0,0,0,,0
1008278,0,1,0,0,0,0,0,,0,0,0,0,0,0,0,0,0,,0
1011775,4,2,1,1,1,0,0,3.0,0,0,1,1,1,1,6,1,1,,1
1003589,0,1,0,0,0,0,0,,0,0,0,0,0,0,0,0,0,,0
1003818,0,1,0,0,0,0,0,,0,0,0,0,0,0,0,0,0,,0
1007458,0,1,0,0,0,0,0,,0,0,0,0,0,0,0,0,0,,1
1006670,0,1,0,0,0,0,0,,0,0,0,0,0,0,0,0,0,,0
1007257,0,1,0,0,0,0,0,,0,0,0,0,0,0,0,0,0,,0
1007765,0,1,0,0,0,0,0,,0,0,0,0,0,0,0,0,0,,1
1006289,0,1,0,0,0,0,0,,0,0,0,0,0,0,0,0,0,,0
1011895,4,2,1,1,0,0,0,,0,0,0,0,0,0,3,0,0,,1
1012145,0,1,0,0,0,0,0,,0,0,0,0,0,0,0,0,0,,0
1012364,0,1,0,0,0,0,0,,0,0,0,0,0,0,0,0,0,,1
1010114,4,0,1,0,0,0,0,,0,0,0,0,0,0,0,0,1,,1
1015374,4,1,1,0,0,0,1,2.0,0,0,0,1,0,0,2,0,0,,1
1001102,0,1,0,0,0,0,0,,0,0,0,0,0,0,0,0,0,,1
1012481,0,1,0,0,0,0,0,,0,0,0,0,0,0,0,0,0,,0
1016017,0,1,0,0,0,0,0,,0,0,0,0,0,0,0,0,0,,0
1008656,4,2,1,1,0,0,0,,0,0,0,0,0,0,4,0,0,,1
1002594,0,0,0,0,0,0,0,,0,0,0,0,0,0,0,0,0,,1
1007395,4,2,1,1,1,0,0,,0,0,0,1,0,0,5,0,0,,1
1008116,0,1,0,0,0,0,0,,0,0,0,0,0,0,0,0,0,,0
1013316,0,1,0,0,0,0,0,,0,0,0,0,0,0,0,0,0,,0
1005157,0,0,0,0,0,0,0,,0,0,0,0,0,0,2,0,0,,1
1005276,4,2,1,0,0,0,0,,0,0,1,1,0,0,3,0,0,,1
1017602,0,1,0,0,0,0,0,,0,0,0,0,0,0,0,0,0,,0
1013927,0,0,0,0,0,0,0,,0,0,0,0,0,0,0,1,1,,1
1002391,0,1,0,0,0,0,0,,0,0,0,0,0,0,0,0,0,,0
1016586,0,1,0,0,0,0,0,,0,0,0,0,0,0,0,0,0,,1
1014627,0,1,0,0,0,0,0,,0,0,0,0,0,0,0,0,0,,0
1013475,0,1,0,0,0,0,0,,0,0,0,0,0,0,0,0,0,,0
1008908,4,2,1,1,1,1,0,,0,1,1,1,1,1,6,0,0,,1
1013153,0,1,0,0,0,0,0,,0,0,0,0,0,0,0,0,0,,0
1012485,0,1,0,0,0,0,0,,0,0,0,0,0,0,0,0,0,,1
1011808,0,1,0,0,0,0,0,,0,0,0,0,0,0,0,0,0,,0
1006617,0,1,0,0,0,0,0,,0,0,0,0,0,0,0,0,0,,1
1001742,0,1,0,0,0,0,0,,0,0,0,0,0,0,0,0,0,,0
1004209,0,1,0,0,0,0,0,,0,0,0,0,0,0,0,0,0,,1
1002453,0,1,0,0,0,0,0,,0,0,0,0,0,0,0,0,0,,0
1014157,0,1,0,0,0,0,0,,0,0,0,0,0,0,0,0,0,,1
1001793,0,1,0,0,0,0,0,,0,0,0,0,0,0,0,0,0,,0
1013238,0,1,0,0,0,0,0,,0,0,0,0,0,0,0,0,0,,0
1010326,0,1,0,0,0,0,0,,0,0,0,0,0,0,0,0,0,,0
1016597,0,1,0,0,0,0,0,,0,0,0,0,0,0,0,0,0,,0
1009287,0,1,0,0,0,0,0,,0,0,0,0,0,0,0,0,0,,0
1006390,0,1,0,0,0,0,0,,0,0,0,0,0,0,0,0,0,,0
1002072,0,1,0,0,0,0,0,,0,0,0,0,0,0,0,0,0,,1
1001524,0,0,0,0,0,0,0,,0,0,0,0,0,0,0,0,1,,1
1000233,0,1,0,0,0,0,0,,0,0,0,0,0,0,0,0,0,,0
1010899,4,2,1,0,1,0,0,,0,0,0,1,1,0,3,0,0,,1
1013066,4,2,1,0,1,0,0,12.0,0,0,0,1,0,0,2,0,0,,1
1013684,0,1,0,0,0,0,0,,0,0,0,0,0,0,0,0,0,,0
1017103,0,1,0,0,0,0,0,,0,0,0,0,0,0,0,0,0,,1
1013993,4,2,1,1,0,0,0,2.0,0,0,0,0,0,0,0,1,1,,1
1017192,0,0,0,0,0,0,0,,0,0,0,0,0,0,0,0,0,,1
1002813,0,1,0,0,0,0,0,,0,0,0,0,0,0,0,0,0,,0
1000445,0,1,0,0,0,0,0,,0,0,0,0,0,0,0,0,0,,0
1015764,4,1,1,1,0,0,0,,0,0,0,0,0,0,0,1,1,,1
1007031,4,0,1,0,0,0,1,3.0,0,0,0,0,0,0,0,1,1,,1
1004101,4,2,1,0,1,0,0,,0,0,0,1,0,0,5,0,0,,1
1015724,0,1,0,0,0,0,0,,0,0,0,0,0,0,0,0,0,,1
1014745,4,2,1,1,1,0,0,,0,0,0,1,0,1,3,0,0,,1
1012666,0,1,0,0,0,0,0,,0,0,0,0,0,0,0,0,0,,0
1011529,0,1,0,0,0,0,0,,0,0,0,0,0,0,0,0,0,,0
1015943,4,0,1,1,1,1,1,2.0,0,0,0,0,0,0,0,0,0,,1
1006729,4,2,1,1,1,1,0,,0,0,0,0,0,0,4,0,0,,1
1007472,0,1,0,0,0,0,0,,0,0,0,0,0,0,0,0,0,,0
1005062,0,0,0,0,0,0,0,,0,0,0,0,0,0,0,0,1,,1
1005683,4,2,1,1,1,1,1,,0,1,0,1,0,1,4,0,0,,1
1005013,0,1,0,0,0,0,0,,0,0,0,0,0,0,0,0,0,,0
1001138,0,1,0,0,0,0,0,,0,0,0,0,0,0,0,0,0,,0
1014851,4,1,1,0,1,0,0,1477.0,0,0,0,0,0,0,0,1,1,,1
1014629,0,1,0,0,0,0,0,,0,0,0,0,0,0,0,0,0,,0
1017221,4,1,1,0,1,0,0,3.0,0,0,0,0,0,0,0,0,0,,1
1006855,0,1,0,0,0,0,0,,0,0,0,0,0,0,0,0,0,,0
1003676,0,1,0,0,0,0,0,,0,0,0,0,0,0,0,0,0,,1
1006141,0,1,0,0,0,0,0,,0,0,0,0,0,0,0,0,0,,0
1015954,0,1,0,0,0,0,0,,0,0,0,0,0,0,0,0,0,,0
1012502,0,1,0,0,0,0,0,,0,0,0,0,0,0,0,0,0,,0
1000249,0,1,0,0,0,0,0,,0,0,0,0,0,0,0,0,0,,0
1011524,0,1,0,0,0,0,0,,0,0,0,0,0,0,0,0,0,,0
1012574,0,1,0,0,0,0,0,,0,0,0,0,0,0,0,0,0,,0
1014057,0,1,0,0,0,0,0,,0,0,0,0,0,0,0,0,0,,1
1008023,0,1,0,0,0,0,0,,0,0,0,0,0,0,0,0,0,,0
1002096,0,1,0,0,0,0,0,,0,0,0,0,0,0,0,0,0,,0
1005002,4,2,1,1,0,0,0,3.0,0,1,0,1,0,0,2,0,0,,1
1014938,0,1,0,0,0,0,0,,0,0,0,0,0,0,0,0,0,,0
1012130,0,1,0,0,0,0,0,,0,0,0,0,0,0,0,0,0,,0
1010665,0,1,0,0,0,0,0,,0,0,0,0,0,0,0,0,0,,0
1007405,0,1,0,0,0,0,0,,0,0,0,0,0,0,0,0,0,,0
1000561,0,1,0,0,0,0,0,,0,0,0,0,0,0,0,0,0,,0
1013783,0,1,0,0,0,0,0,,0,0,0,0,0,0,0,0,0,,0
1009383,0,1,0,0,0,0,0,,0,0,0,0,0,0,0,0,0,,0
1010164,0,1,0,0,0,0,0,,0,0,0,0,0,0,0,0,0,,0
1014893,4,0,1,0,0,0,1,,0,0,0,1,0,0,2,0,0,,1
1016133,0,1,0,0,0,0,0,,0,0,0,0,0,0,0,0,0,,0
1007166,0,0,0,0,0,0,0,,0,0,0,0,0,0,0,1,1,,1
1001884,0,1,0,0,0,0,0,,0,0,0,0,0,0,0,0,0,,0
1015959,4,2,1,0,0,0,0,,0,0,0,1,0,0,2,0,0,,1
1009375,0,1,0,0,0,0,0,,0,0,0,0,0,0,0,0,0,,0
1002832,4,2,1,0,0,0,0,,0,0,0,1,0,0,2,0,0,,1
1014833,4,1,1,0,1,0,0,,0,0,0,0,0,0,0,1,1,,1
1008111,0,1,0,0,0,0,0,,0,0,0,0,0,0,0,0,0,,0
1009888,4,2,1,1,0,0,0,15.0,0,0,0,1,0,0,3,0,0,,1
1002534,3,0,1,0,0,0,0,,0,0,0,0,0,0,0,1,1,,1
1014799,0,1,0,0,0,0,0,,0,0,0,0,0,0,0,0,0,,0
1006333,0,1,0,0,0,0,0,,0,0,0,0,0,0,0,0,0,,0
1005392,0,1,0,0,0,0,0,,0,0,0,0,0,0,0,0,0,,0
1009293,0,1,0,0,0,0,0,,0,0,0,0,0,0,0,0,0,,0
1011335,0,1,0,0,0,0,0,,0,0,0,0,0,0,0,0,0,,0
1009448,0,1,0,0,0,0,0,,0,0,0,0,0,0,0,0,0,,0
1013329,0,1,0,0,0,0,0,,0,0,0,0,0,0,0,0,0,,1
1014242,4,2,1,0,0,0,0,,0,0,0,1,0,0,2,0,0,,1
1015288,4,2,1,0,0,0,0,1.0,0,0,0,0,0,0,6,0,0,,1
1016688,0,0,0,0,0,0,0,,0,0,0,0,0,0,0,0,0,,1
1015159,0,1,0,0,0,0,0,,0,0,0,0,0,0,0,0,0,,0
1002063,4,2,1,0,1,0,1,,0,1,1,1,1,1,6,0,0,,1
1005978,4,1,1,0,0,0,0,2.0,0,0,0,1,0,0,2,0,0,,1
1002578,4,0,1,0,0,0,0,,0,0,0,0,0,0,0,0,1,,1
1013144,0,1,0,0,0,0,0,,0,0,0,0,0,0,0,0,0,,0
1006632,0,1,0,0,0,0,0,,0,0,0,0,0,0,0,0,0,,0
1015589,4,2,1,1,1,1,0,,0,0,0,0,0,0,0,0,0,,1
1003547,4,1,1,1,0,0,0,3.0,0,0,1,1,0,0,3,0,0,,1
1008052,0,1,0,0,0,0,0,,0,0,0,0,0,0,0,0,0,,0
1007858,4,2,1,1,1,1,1,,0,0,0,0,0,0,0,0,0,,1
1001972,0,1,0,0,0,0,0,,0,0,0,0,0,0,0,0,0,,1
1005317,4,2,1,0,0,0,0,,0,0,0,0,0,0,1,0,0,,1
1008346,0,1,0,0,0,0,0,,0,0,0,0,0,0,0,0,0,,0
1005732,0,1,0,0,0,0,0,,0,0,0,0,0,0,0,0,0,,0
1003302,4,2,1,1,1,1,0,,0,0,0,0,0,0,0,0,0,,1
1015436,0,1,0,0,0,0,0,,0,0,0,0,0,0,0,0,0,,0
1008986,0,1,0,0,0,0,0,,0,0,0,0,0,0,0,0,0,,0
1009941,0,1,0,0,0,0,0,,0,0,0,0,0,0,0,0,0,,1
1006798,0,1,0,0,0,0,0,,0,0,0,0,0,0,0,0,0,,0
1011257,4,0,1,0,0,0,1,,0,0,0,1,0,0,2,0,0,,1
1006160,0,1,0,0,0,0,0,,0,0,0,0,0,0,0,0,0,,0
1013514,0,0,0,0,0,0,0,,0,0,0,0,0,0,0,0,0,,1
1015096,0,1,0,0,0,0,0,,0,0,0,0,0,0,0,0,0,,0
1003344,4,2,1,1,1,0,0,,0,0,0,0,0,0,0,0,0,,1
1016309,0,1,0,0,0,0,0,,0,0,0,0,0,0,0,0,0,,1
1014439,0,1,0,0,0,0,0,,0,0,0,0,0,0,0,0,0,,0
1003968,0,1,0,0,0,0,0,,0,0,0,0,0,0,0,0,0,,0
1016392,0,1,0,0,0,0,0,,0,0,0,0,0,0,0,0,0,,1
1010554,0,1,0,0,0,0,0,,0,0,0,0,0,0,0,0,0,,0
1000985,0,1,0,0,0,0,0,,0,0,0,0,0,0,0,0,0,,0
1016657,0,1,0,0,0,0,0,,0,0,0,0,0,0,0,0,0,,0
1008075,4,1,1,0,1,0,0,3.0,0,0,0,1,0,0,2,0,0,,1
1007342,0,1,0,0,0,0,0,,0,0,0,0,0,0,0,0,0,,0
1012919,0,1,0,0,0,0,0,,0,0,0,0,0,0,0,0,0,,0
1002311,0,1,0,0,0,0,0,,0,0,0,0,0,0,0,0,0,,0
1007839,4,1,1,1,1,1,0,3.0,0,1,1,1,1,1,8,0,0,,1
1004339,0,1,0,0,0,0,0,,0,0,0,0,0,0,0,0,0,,0
1008712,0,1,0,0,0,0,0,,0,0,0,0,0,0,0,0,0,,0
1016881,4,2,1,1,1,1,0,,0,0,0,0,0,0,4,0,0,,1
1010848,0,1,0,0,0,0,0,,0,0,0,0,0,0,0,0,0,,0
1012731,0,1,0,0,0,0,0,,0,0,0,0,0,0,0,0,0,,0
1006191,0,1,0,0,0,0,0,,0,0,0,0,0,0,0,0,0,,0
1001565,4,2,1,1,1,0,1,,0,0,0,0,0,0,0,0,0,,1
1005800,0,1,0,0,0,0,0,,0,0,0,0,0,0,0,0,0,,0
1010969,0,1,0,0,0,0,0,,0,0,0,0,0,0,0,0,0,,0
1002471,0,1,1,0,0,0,0,20.0,0,0,0,1,0,0,2,0,0,,1
1005087,0,1,0,0,0,0,0,,0,0,0,0,0,0,0,0,0,,0
1001611,4,2,1,1,0,0,0,1.0,0,0,0,1,0,0,2,0,0,,1
1010585,4,2,1,0,0,0,0,,0,0,1,1,1,1,6,0,0,,1
1000903,0,1,0,0,0,0,0,,0,0,0,0,0,0,0,0,0,,0
1016871,0,1,0,0,0,0,0,,0,0,0,0,0,0,0,0,0,,0
1009103,4,2,1,1,1,0,0,,0,0,0,0,0,0,0,0,0,,1
1001014,4,1,1,1,0,0,0,,0,0,0,0,0,0,0,1,1,,1
1009599,0,1,0,0,0,0,0,,0,0,0,0,0,0,0,0,0,,0
1001327,0,1,0,0,0,0,0,,0,0,0,0,0,0,0,0,0,,0
1013470,0,1,0,0,0,0,0,,0,0,0,0,0,0,0,0,0,,0
1007518,0,1,0,0,0,0,0,,0,0,0,0,0,0,0,0,0,,0
1000625,0,1,0,0,0,0,0,,0,0,0,0,0,0,0,0,0,,1
1011169,4,2,1,1,1,1,0,,0,0,1,1,1,1,6,0,0,,1
1006831,0,1,0,0,0,0,0,,0,0,0,0,0,0,0,0,0,,0
1004131,0,1,0,0,0,0,0,,0,0,0,0,0,0,0,0,0,,1
1005544,4,2,1,0,0,0,0,,0,1,1,1,0,0,5,0,0,,1
1011843,0,1,0,0,0,0,0,,0,0,0,0,0,0,0,0,0,,1
1010897,0,1,0,0,0,0,0,,0,0,0,0,0,0,0,0,0,,0
1005329,4,1,1,1,1,1,0,3.5,0,1,0,1,0,1,8,0,0,,1
1012273,0,1,0,0,0,0,0,,0,0,0,0,0,0,0,0,0,,0
1006251,0,0,0,0,0,0,0,,0,0,0,0,0,0,0,0,0,,1
1015575,0,1,0,0,0,0,0,,0,0,0,0,0,0,0,0,0,,0
1006640,0,1,0,0,0,0,0,,0,0,0,0,0,0,0,0,0,,0
1011988,4,2,1,1,1,0,0,,0,0,1,1,1,1,6,1,1,,1
1000506,4,2,1,1,1,0,0,,0,0,0,0,0,0,0,0,0,,1
1004462,0,1,0,0,0,0,0,,0,0,0,0,0,0,0,0,0,,0
1001109,4,2,1,1,1,1,0,,0,0,1,1,1,1,6,0,0,,1
1012843,0,1,0,0,0,0,0,,0,0,0,0,0,0,0,0,0,,0
1007894,0,1,0,0,0,0,0,,0,0,0,0,0,0,0,0,0,,0
1012017,4,2,1,1,0,0,0,,0,0,0,0,0,0,0,0,0,,1
1008347,0,1,0,0,0,0,0,,0,0,0,0,0,0,0,0,0,,0
1016606,4,1,1,0,0,0,0,2.0,0,0,0,0,0,0,0,0,0,,1
1009071,0,1,0,0,0,0,0,,0,0,0,0,0,0,0,0,0,,0
1004835,4,2,1,1,0,0,0,2.0,0,0,1,1,0,0,3,0,0,,1
1012757,0,1,0,0,0,0,0,,0,0,0,0,0,0,0,0,0,,0
1007319,0,1,0,0,0,0,0,,0,0,0,0,0,0,0,0,0,,0
1012101,4,2,1,0,0,0,0,,0,0,0,0,0,0,0,0,0,,1
1001488,0,0,0,0,0,0,0,,0,0,0,0,0,0,0,0,0,,1
1008626,4,1,1,0,0,0,1,20.0,1,0,1,1,1,1,6,0,0,,1
1000165,0,1,0,0,0,0,0,,0,0,0,0,0,0,0,0,0,,1
1009966,0,1,0,0,0,0,0,,0,0,0,0,0,0,0,0,0,,0
1003524,0,1,0,0,0,0,0,,0,0,0,0,0,0,0,0,0,,0
1001693,0,1,0,0,0,0,0,,0,0,0,0,0,0,0,0,0,,0
1016457,0,1,0,0,0,0,0,,0,0,0,0,0,0,0,0,0,,0
1010347,0,1,0,0,0,0,0,,0,0,0,0,0,0,0,0,0,,0
1006260,0,1,0,0,0,0,0,,0,0,0,0,0,0,0,0,0,,0
1014907,0,1,0,0,0,0,0,,0,0,0,0,0,0,0,0,0,,0
1009392,4,2,1,0,1,0,0,,0,0,1,1,1,1,6,0,0,,1
1006993,4,2,1,0,0,0,0,,0,0,0,1,0,0,2,0,0,,1
1010734,0,1,0,0,0,0,0,,0,0,0,0,0,0,0,0,0,,0
1008285,0,1,0,0,0,0,0,,0,0,0,0,0,0,0,0,0,,0
1005458,0,1,0,0,0,0,0,,0,0,0,0,0,0,0,0,0,,0
1001483,4,2,1,0,1,0,0,30.0,1,0,0,0,0,0,0,0,0,,1
1011531,4,2,1,1,1,0,0,2.0,0,0,1,1,1,1,6,0,0,,1
1016384,0,1,0,0,0,0,0,,0,0,0,0,0,0,0,0,0,,0
1004937,4,2,1,0,0,0,1,,0,0,0,1,0,0,2,0,0,,1
1005221,0,1,0,0,0,0,0,,0,0,0,0,0,0,0,0,0,,0
1006604,4,0,1,1,0,0,0,,0,0,0,1,0,0,3,0,0,,1
1000969,4,0,1,0,0,0,0,,0,0,0,0,0,0,1,0,0,,1
1012755,0,1,0,0,0,0,0,,0,0,0,0,0,0,0,0,0,,0
1013175,0,1,0,0,0,0,0,,0,0,0,0,0,0,0,0,0,,0
1003462,0,1,0,0,0,0,0,,0,0,0,0,0,0,0,0,0,,0
1003599,4,0,1,1,1,1,0,2.0,0,0,0,0,0,0,0,1,1,,1
1015821,0,1,0,0,0,0,0,,0,0,0,0,0,0,0,0,0,,0
1016158,0,1,0,0,0,0,0,,0,0,0,0,0,0,0,0,0,,1
1002742,4,2,1,1,1,1,1,,0,1,0,0,0,0,0,0,0,,1
1016123,0,1,0,0,0,0,0,,0,0,0,0,0,0,0,0,0,,0
1004724,0,1,0,0,0,0,0,,0,0,0,0,0,0,0,0,0,,0
1009519,4,1,1,0,0,0,1,,0,0,0,1,0,0,2,1,1,,1
1016499,0,1,0,0,0,0,0,,0,0,0,0,0,0,0,0,0,,0
1012231,0,1,0,0,0,0,0,,0,0,0,0,0,0,0,0,0,,0
1005785,0,1,0,0,0,0,0,,0,0,0,0,0,0,0,0,0,,0
1014845,4,0,1,0,0,0,0,,0,0,0,0,0,0,1,0,0,,1
1000077,0,1,0,0,0,0,0,,0,0,0,0,0,0,0,0,0,,0
1013341,4,1,1,1,0,0,0,,0,0,0,0,0,0,0,1,1,,1
1001003,0,1,0,0,0,0,0,,0,0,0,0,0,0,0,0,0,,0
1000810,4,2,1,0,1,0,1,,0,0,0,0,0,0,0,0,0,,1
1016566,0,1,0,0,0,0,0,,0,0,0,0,0,0,0,0,0,,0
1001695,0,1,0,0,0,0,0,,0,0,0,0,0,0,0,0,0,,0
1007508,0,1,0,0,0,0,0,,0,0,0,0,0,0,0,0,0,,1
1005037,0,1,0,0,0,0,0,,0,0,0,0,0,0,0,0,0,,1
1006255,0,1,0,0,0,0,0,,0,0,0,0,0,0,0,0,0,,0
1003452,0,1,0,0,0,0,0,,0,0,0,0,0,0,0,0,0,,0
1012529,4,2,1,1,0,0,0,2.0,0,0,1,1,0,0,3,0,0,,1
1015646,0,1,0,0,0,0,0,,0,0,0,0,0,0,0,0,0,,0
1011457,0,1,0,0,0,0,0,,0,0,0,0,0,0,0,0,0,,0
1008832,4,2,1,1,0,0,0,2.0,0,1,1,1,1,1,5,0,0,,1
1003819,0,1,0,0,0,0,0,,0,0,0,0,0,0,0,0,0,,0
1001454,0,1,0,0,0,0,0,,0,0,0,0,0,0,0,0,0,,0
1009805,0,1,0,0,0,0,0,,0,0,0,0,0,0,0,0,0,,1
1010283,0,1,0,0,0,0,0,,0,0,0,0,0,0,0,0,0,,0
1007284,4,0,1,1,0,0,0,1.0,0,0,0,1,0,0,2,0,0,,1
1005725,0,1,0,0,0,0,0,,0,0,0,0,0,0,0,0,0,,0
1002318,0,1,0,0,0,0,0,,0,0,0,0,0,0,0,0,0,,0
1010991,0,1,0,0,0,0,0,,0,0,0,0,0,0,0,0,0,,0
1008356,0,1,0,0,0,0,0,,0,0,0,0,0,0,0,0,0,,0
1002314,4,2,1,1,0,0,0,,0,0,0,0,0,0,0,0,0,18.0,1
1002413,0,1,1,0,0,0,1,2.0,0,0,0,1,0,0,2,0,0,,1
1017537,4,2,1,0,0,0,0,,0,0,0,0,0,0,0,0,0,,1
1015694,4,1,1,1,0,0,0,2.0,0,0,0,1,0,0,2,0,0,,1
1013850,4,1,1,0,0,0,0,10.0,0,0,0,0,0,0,2,0,0,,1
1003059,4,1,1,1,1,0,1,2.0,0,0,0,0,0,0,0,0,0,,1
1010999,4,1,1,1,1,0,0,,0,0,0,0,0,0,0,0,0,,1
1004438,0,1,0,0,0,0,0,,0,0,0,0,0,0,0,0,0,,0
1009675,0,1,0,0,0,0,0,,0,0,0,0,0,0,0,0,0,,0
1012583,0,1,0,0,0,0,0,,0,0,0,0,0,0,0,0,0,,0
1010319,0,1,0,0,0,0,0,,0,0,0,0,0,0,0,0,0,,0
1017273,0,1,0,0,0,0,0,,0,0,0,0,0,0,0,0,0,,1
1008296,0,1,0,0,0,0,0,,0,0,0,0,0,0,0,0,0,,0
1008372,0,1,0,0,0,0,0,,0,0,0,0,0,0,0,0,0,,0
1004830,0,1,0,0,0,0,0,,0,0,0,0,0,0,0,0,0,,0
1012523,0,1,0,0,0,0,0,,0,0,0,0,0,0,0,0,0,,0
1005048,0,1,0,0,0,0,0,,0,0,0,0,0,0,0,0,0,,0
1007722,0,1,0,0,0,0,0,,0,0,0,0,0,0,0,0,0,,0
1016906,0,1,0,0,0,0,0,,0,0,0,0,0,0,0,0,0,,0
1013101,0,1,0,0,0,0,0,,0,0,0,0,0,0,0,0,0,,0
1008729,0,1,0,0,0,0,0,,0,0,0,0,0,0,0,0,0,,0
1013193,0,1,0,0,0,0,0,,0,0,0,0,0,0,0,0,0,,0
1013809,0,1,0,0,0,0,0,,0,0,0,0,0,0,0,0,0,,1
1001373,4,0,1,0,1,0,0,2.0,0,0,0,0,0,0,0,0,0,,1
1006693,0,1,0,0,0,0,0,,0,0,0,0,0,0,0,0,0,,1
1012565,0,0,0,0,0,0,0,,0,0,0,0,0,0,0,0,0,,1
1016145,0,1,0,0,0,0,0,,0,0,0,0,0,0,0,0,0,,0
1000146,0,1,0,0,0,0,0,,0,0,0,0,0,0,0,0,0,,0
1007982,0,1,0,0,0,0,0,,0,0,0,0,0,0,0,0,0,,0
1008738,0,1,0,0,0,0,0,,0,0,0,0,0,0,0,0,0,,0
1010574,0,1,0,0,0,0,0,,0,0,0,0,0,0,0,0,0,,0
1014143,4,2,1,1,1,0,0,,0,0,1,1,1,1,6,0,0,,1
1006555,0,1,0,0,0,0,0,,0,0,0,0,0,0,0,0,0,,0
1011725,0,1,0,0,0,0,0,,0,0,0,0,0,0,0,0,0,,0
1009406,0,1,0,0,0,0,0,,0,0,0,0,0,0,0,0,0,,0
1009367,0,1,0,0,0,0,0,,0,0,0,0,0,0,0,0,0,,0
1005459,0,1,0,0,0,0,0,,0,0,0,0,0,0,0,0,0,,0
1017288,0,1,0,0,0,0,0,,0,0,0,0,0,0,0,0,0,,0
1002873,0,1,0,0,0,0,0,,0,0,0,0,0,0,0,0,0,,1
1005466,4,2,1,1,1,0,0,,0,0,1,0,0,0,8,0,0,,1
1006496,4,2,1,1,1,1,0,,0,0,1,1,1,1,6,0,0,,1
1015144,0,1,0,0,0,0,0,,0,0,0,0,0,0,0,0,0,,0
1008614,0,1,0,0,0,0,0,,0,0,0,0,0,0,0,0,0,,0
1010816,0,1,0,0,0,0,0,,0,0,0,0,0,0,0,0,0,,0
1003750,0,1,0,0,0,0,0,,0,0,0,0,0,0,0,0,0,,0
1006347,0,1,0,0,0,0,0,,0,0,0,0,0,0,0,0,0,,1
1004507,0,1,0,0,0,0,0,,0,0,0,0,0,0,0,0,0,,0
1011000,0,1,0,0,0,0,0,,0,0,0,0,0,0,0,0,0,,1
1009709,0,1,0,0,0,0,0,,0,0,0,0,0,0,0,0,0,,1
1014320,0,1,0,0,0,0,0,,0,0,0,0,0,0,0,0,0,,0
1005364,0,1,0,0,0,0,0,,0,0,0,0,0,0,0,0,0,,0
1012657,0,1,0,0,0,0,0,,0,0,0,0,0,0,0,0,0,,0
1011355,0,1,0,0,0,0,0,,0,0,0,0,0,0,0,0,0,,0
1004961,0,1,0,0,0,0,0,,0,0,0,0,0,0,0,0,0,,0
1010771,3,0,1,0,1,0,0,,0,0,0,0,0,0,0,1,1,,1
1001778,4,2,1,1,1,0,0,,0,0,0,1,1,0,3,0,0,,1
1015295,4,1,1,1,0,0,0,,0,0,1,1,0,0,2,0,0,,1
1013304,4,2,1,1,0,0,0,,0,0,0,0,0,0,2,0,0,,1
1005413,0,1,0,0,0,0,0,,0,0,0,0,0,0,0,0,0,,0
1016679,0,1,0,0,0,0,0,,0,0,0,0,0,0,0,0,0,,0
1003551,0,1,0,0,0,0,0,,0,0,0,0,0,0,0,0,0,,0
1009482,0,1,0,0,0,0,0,,0,0,0,0,0,0,0,0,0,,1
1000270,0,1,0,0,0,0,0,,0,0,0,0,0,0,0,0,0,,1
1008055,0,1,0,0,0,0,0,,0,0,0,0,0,0,0,0,0,,0
1009999,4,1,1,1,0,0,0,1.0,0,0,1,0,0,0,6,0,0,,1
1010310,0,1,0,0,0,0,0,,0,0,0,0,0,0,0,0,0,,0
1014712,0,1,0,0,0,0,0,,0,0,0,0,0,0,0,0,0,,0
1012782,0,1,0,0,0,0,0,,0,0,0,0,0,0,0,0,0,,0
1010054,0,1,0,0,0,0,0,,0,0,0,0,0,0,0,0,0,,0
1004089,0,1,0,0,0,0,0,,0,0,0,0,0,0,0,0,0,,0
1015940,0,1,0,0,0,0,0,,0,0,0,0,0,0,0,0,0,,0
1000021,0,1,0,0,0,0,0,,0,0,0,0,0,0,0,0,0,,0
1007978,0,1,0,0,0,0,0,,0,0,0,0,0,0,0,0,0,,1
1005961,0,1,0,0,0,0,0,,0,0,0,0,0,0,0,0,0,,1
1008804,4,2,1,1,1,1,0,4.0,0,0,1,1,1,1,6,0,0,,1
1014909,0,1,0,0,0,0,0,,0,0,0,0,0,0,0,0,0,,0
1008195,0,1,0,0,0,0,0,,0,0,0,0,0,0,0,0,0,,0
1013614,4,0,1,1,0,0,0,12.0,0,0,1,1,0,0,3,0,0,,1
1007917,4,2,1,0,0,0,0,2.0,0,1,0,1,0,0,3,0,0,,1
1012881,4,1,1,1,0,0,0,,0,0,0,0,0,0,0,1,1,,1
1010269,0,1,0,0,0,0,0,,0,0,0,0,0,0,0,0,0,,0
1016241,0,1,0,0,0,0,0,,0,0,0,0,0,0,0,0,0,,1
1011400,0,1,0,0,0,0,0,,0,0,0,0,0,0,0,0,0,,0
1014322,0,1,0,0,0,0,0,,0,0,0,0,0,0,0,0,0,,0
1001178,0,0,0,0,0,0,0,,0,0,0,0,0,0,0,0,0,,1
1010775,0,1,0,0,0,0,0,,0,0,0,0,0,0,0,0,0,,0
1006475,0,1,0,0,0,0,0,,0,0,0,0,0,0,0,0,0,,0
1006314,0,1,0,0,0,0,0,,0,0,0,0,0,0,0,0,0,,0
1012904,0,1,0,0,0,0,0,,0,0,0,0,0,0,0,0,0,,0
1017252,4,1,1,1,0,0,0,163.0,0,0,0,1,0,0,2,0,0,,1
1012603,4,2,1,0,1,0,0,,0,0,0,0,0,0,3,1,2,,1
1005944,0,1,0,0,0,0,0,,0,0,0,0,0,0,0,0,0,,0
1013073,0,1,0,0,0,0,0,,0,0,0,0,0,0,0,0,0,,0
1015898,0,1,0,0,0,0,0,,0,0,0,0,0,0,0,0,0,,0
1012250,4,2,1,0,0,0,1,,0,0,0,1,0,0,2,0,0,,1
1015338,4,1,1,0,0,0,0,3.0,0,0,0,0,0,0,1,0,0,,1
1003510,0,1,0,0,0,0,0,,0,0,0,0,0,0,0,0,0,,0
1008355,0,1,0,0,0,0,0,,0,0,0,0,0,0,0,0,0,,0
1012032,4,2,1,1,1,1,0,,0,0,0,0,0,0,0,0,0,,1
1014456,0,1,0,0,0,0,0,,0,0,0,0,0,0,0,0,0,,0
1003572,4,2,1,1,0,0,0,,0,0,0,0,0,0,1,0,0,,1
1008202,4,1,1,0,1,0,0,,0,0,0,0,0,0,0,1,1,,1
1000373,0,1,0,0,0,0,0,,0,0,0,0,0,0,0,0,0,,0
1016408,0,1,0,0,0,0,0,,0,0,0,0,0,0,0,0,0,,0
1011267,0,1,0,0,0,0,0,,0,0,0,0,0,0,0,0,0,,0
1014225,0,1,0,0,0,0,0,,0,0,0,0,0,0,0,0,0,,0
1007155,0,1,0,0,0,0,0,,0,0,0,0,0,0,0,0,0,,0
1001556,0,1,0,0,0,0,0,,0,0,0,0,0,0,0,0,0,,1
1005036,0,1,0,0,0,0,0,,0,0,0,0,0,0,0,0,0,,0
1008038,0,1,0,0,0,0,0,,0,0,0,0,0,0,0,0,0,,0
1010346,0,1,0,0,0,0,0,,0,0,0,0,0,0,0,0,0,,0
1004722,0,1,0,0,0,0,0,,0,0,0,0,0,0,0,0,0,,0
1006386,4,2,1,0,0,0,0,,0,1,0,1,0,0,2,0,0,,1
1008010,4,2,1,0,0,0,0,,0,0,0,0,0,0,0,0,0,,1
1015844,0,1,0,0,0,0,0,,0,0,0,0,0,0,0,0,0,,0
1007702,0,1,0,0,0,0,0,,0,0,0,0,0,0,0,0,0,,0
1017396,4,1,1,1,0,0,0,1477.0,0,0,0,0,0,0,0,1,1,,1
1016910,0,1,0,0,0,0,0,,0,0,0,0,0,0,0,0,0,,1
1013885,0,1,0,0,0,0,0,,0,0,0,0,0,0,0,0,0,,0
1016266,0,1,0,0,0,0,0,,0,0,0,0,0,0,0,0,0,,1
1004518,0,1,0,0,0,0,0,,0,0,0,0,0,0,0,0,0,,0
1011491,0,1,0,0,0,0,0,,0,0,0,0,0,0,0,0,0,,0
1003944,4,2,1,0,0,0,1,,0,0,0,1,0,0,2,0,0,,1
1013017,0,1,0,0,0,0,0,,0,0,0,0,0,0,0,0,0,,0
1001857,0,1,0,0,0,0,0,,0,0,0,0,0,0,0,0,0,,0
1016892,0,1,0,0,0,0,0,,0,0,0,0,0,0,0,0,0,,0
1003070,0,1,0,0,0,0,0,,0,0,0,0,0,0,0,0,0,,0
1001520,0,1,0,0,0,0,0,,0,0,0,0,0,0,0,0,0,,1
1001321,0,1,0,0,0,0,0,,0,0,0,0,0,0,0,0,0,,0
1007072,4,2,1,0,0,0,0,2.0,0,0,0,0,0,0,1,0,0,,1
1000264,0,1,0,0,0,0,0,,0,0,0,0,0,0,0,0,0,,0
1015671,0,1,0,0,0,0,0,,0,0,0,0,0,0,0,0,0,,1
1015770,0,1,0,0,0,0,0,,0,0,0,0,0,0,0,0,0,,1
1014139,0,1,0,0,0,0,0,,0,0,0,0,0,0,0,0,0,,0
1001306,4,0,1,0,0,0,0,10.0,0,0,0,1,0,0,2,0,0,,1
1010685,0,1,0,0,0,0,0,,0,0,0,0,0,0,0,0,0,,0
1008861,4,2,1,1,1,0,0,,0,0,1,1,1,1,6,0,0,,1
1003850,0,0,0,0,0,0,0,,0,0,0,0,0,0,0,0,0,,1
1009824,0,1,0,0,0,0,0,,0,0,0,0,0,0,0,0,0,,0
1007688,0,1,0,0,0,0,0,,0,0,0,0,0,0,0,0,0,,0
1015863,0,1,0,0,0,0,0,,0,0,0,0,0,0,0,0,0,,1
1006770,4,1,1,0,0,0,0,,0,0,0,0,0,0,0,1,1,,1
1013352,4,1,1,1,1,1,0,3.0,0,0,0,0,0,0,0,0,0,,1
1000618,4,2,1,1,0,0,0,,0,0,0,0,0,0,0,0,0,,1
1014959,0,1,0,0,0,0,0,,0,0,0,0,0,0,0,0,0,,0
1002535,0,1,0,0,0,0,0,,0,0,0,0,0,0,0,0,0,,0
1012948,0,1,0,0,0,0,0,,0,0,0,0,0,0,0,0,0,,1
1000124,0,1,0,0,0,0,0,,0,0,0,0,0,0,0,0,0,,0
1005693,0,1,0,0,0,0,0,,0,0,0,0,0,0,0,0,0,,0
1008966,0,1,0,0,0,0,0,,0,0,0,0,0,0,0,0,0,,0
1008037,0,1,0,0,0,0,0,,0,0,0,0,0,0,0,0,0,,0
1001732,0,1,0,0,0,0,0,,0,0,0,0,0,0,0,0,0,,0
1011459,0,1,0,0,0,0,0,,0,0,0,0,0,0,0,0,0,,0
1015624,4,2,1,1,1,0,0,,0,0,0,0,0,0,0,0,0,,1
1013219,0,1,0,0,0,0,0,,0,0,0,0,0,0,0,0,0,,0
1008408,4,2,1,1,1,0,0,,0,0,1,1,1,1,6,1,1,,1
1015114,0,1,0,0,0,0,0,,0,0,0,0,0,0,0,0,0,,0
1004211,0,1,0,0,0,0,0,,0,0,0,0,0,0,0,0,0,,0
1006441,0,1,0,0,0,0,0,,0,0,0,0,0,0,0,0,0,,0
1004700,4,1,1,0,0,0,1,,0,0,0,1,0,0,2,1,1,,1
1016526,0,1,0,0,0,0,0,,0,0,0,0,0,0,0,0,0,,0
1010935,0,1,0,0,0,0,0,,0,0,0,0,0,0,0,0,0,,0
1006523,3,0,1,0,0,0,1,,0,0,0,0,0,0,0,1,1,,1
1008822,0,1,0,0,0,0,0,,0,0,0,0,0,0,0,0,0,,0
1003349,4,2,1,1,1,1,1,,0,0,0,0,0,0,4,0,0,,1
1012952,0,1,0,0,0,0,0,,0,0,0,0,0,0,0,0,0,,0
1016237,0,1,0,0,0,0,0,,0,0,0,0,0,0,0,0,0,,0
1013447,4,2,1,1,0,0,0,3.0,0,0,1,1,1,1,6,0,0,,1
1013289,0,1,0,0,0,0,0,,0,0,0,0,0,0,0,0,0,,0
1013496,0,1,0,0,0,0,0,,0,0,0,0,0,0,0,0,0,,0
1011985,4,2,1,1,0,0,0,1.0,0,0,0,0,0,0,0,0,0,,1
1008805,0,1,0,0,0,0,0,,0,0,0,0,0,0,0,0,0,,0
1014673,0,1,0,0,0,0,0,,0,0,0,0,0,0,0,0,0,,1
1010563,4,2,1,1,0,0,0,,0,0,0,0,0,0,0,0,0,,1
1013282,4,2,1,1,1,1,1,,0,0,0,0,0,0,0,0,0,,1
1004928,0,1,0,0,0,0,0,,0,0,0,0,0,0,0,0,0,,0
1015524,0,1,0,0,0,0,0,,0,0,0,0,0,0,0,0,0,,1
1012569,4,2,1,1,0,0,0,2.0,0,0,1,1,1,1,6,0,0,,1
1017454,0,1,0,0,0,0,0,,0,0,0,0,0,0,0,0,0,,0
1007017,0,1,0,0,0,0,0,,0,0,0,0,0,0,0,0,0,,0
1010028,0,1,0,0,0,0,0,,0,0,0,0,0,0,0,0,0,,0
1000690,4,1,1,1,1,1,1,,0,0,0,0,0,0,0,0,0,,1
1015489,4,2,1,1,1,1,0,,0,0,0,0,0,0,0,0,0,,1
1006409,4,1,1,1,0,0,0,,0,0,1,1,0,0,3,0,0,,1
1001360,4,1,1,1,0,0,0,,0,0,0,0,0,0,0,1,1,,1
1013874,0,1,0,0,0,0,0,,0,0,0,0,0,0,0,0,0,,0
1008106,0,1,0,0,0,0,0,,0,0,0,0,0,0,0,0,0,,0
1016867,0,1,0,0,0,0,0,,0,0,0,0,0,0,0,0,0,,0
1016461,0,1,0,0,0,0,0,,0,0,0,0,0,0,0,0,0,,0
1011605,4,2,1,0,1,0,0,,0,0,1,1,1,1,6,0,0,,1
1009226,0,1,0,0,0,0,0,,0,0,0,0,0,0,0,0,0,,1
1005815,0,1,0,0,0,0,0,,0,0,0,0,0,0,0,0,0,,0
1013119,4,2,1,1,1,1,1,4.0,0,0,1,1,1,1,6,0,0,,1
1011492,0,1,0,0,0,0,0,,0,0,0,0,0,0,0,0,0,,0
1010252,4,2,1,1,0,0,0,2.0,0,0,0,0,0,0,0,0,0,,1
1000400,0,1,0,0,0,0,0,,0,0,0,0,0,0,0,0,0,,0
1012451,0,1,0,0,0,0,0,,0,0,0,0,0,0,0,0,0,,0
1014324,0,1,0,0,0,0,0,,0,0,0,0,0,0,0,0,0,,0
1007369,0,1,0,0,0,0,0,,0,0,0,0,0,0,0,0,0,,0
1001848,0,1,0,0,0,0,0,,0,0,0,0,0,0,0,0,0,,0
1003587,4,1,1,0,0,0,0,,0,0,0,0,0,0,1,0,0,,1
1016876,0,1,0,0,0,0,0,,0,0,0,0,0,0,0,0,0,,0
1010353,0,1,0,0,0,0,0,,0,0,0,0,0,0,0,0,0,,0
1012097,4,2,1,1,1,0,0,,0,0,1,1,1,1,6,1,1,,1
1012208,4,2,1,1,1,1,0,,0,0,0,0,0,0,0,0,0,,1
1011135,0,1,0,0,0,0,0,,0,0,0,0,0,0,0,0,0,,0
1002327,4,2,1,0,1,0,0,,0,0,1,1,0,0,3,0,0,,1
1016280,0,1,0,0,0,0,0,,0,0,0,0,0,0,0,0,0,,0
1007298,0,1,0,0,0,0,0,,0,0,0,0,0,0,0,0,0,,0
1015546,4,2,1,0,0,0,1,,0,0,0,0,0,0,0,0,0,,1
1009219,0,1,0,0,0,0,0,,0,0,0,0,0,0,0,0,0,,1
1005954,0,1,0,0,0,0,0,,0,0,0,0,0,0,0,0,0,,0
1000419,4,0,1,0,0,0,0,,0,0,0,0,0,0,0,1,1,,1
1010432,4,2,1,1,1,1,0,,0,1,0,0,0,0,0,0,0,,1
1017133,4,1,1,1,0,0,0,,0,0,0,0,0,0,0,1,1,,1
1012299,4,2,1,1,1,0,0,,0,0,0,0,0,0,0,0,0,,1
1000567,0,1,0,0,0,0,0,,0,0,0,0,0,0,0,0,0,,0
1003955,0,1,0,0,0,0,0,,0,0,0,0,0,0,0,0,0,,0
1004426,0,1,0,0,0,0,0,,0,0,0,0,0,0,0,0,0,,0
1015612,0,1,0,0,0,0,0,,0,0,0,0,0,0,0,0,0,,0
1017114,4,2,1,1,0,0,0,12.0,0,0,0,0,0,0,0,0,0,,1
1005761,4,2,1,1,0,0,0,1.0,0,0,0,1,0,0,2,0,0,,1
1013760,4,1,1,1,1,1,0,2.0,0,0,0,0,0,0,0,0,0,,1
1010720,4,1,1,0,0,0,0,3.0,0,0,0,0,0,0,1,0,0,,1
1016208,0,1,0,0,0,0,0,,0,0,0,0,0,0,0,0,0,,0
1001710,4,2,1,0,1,0,1,,0,0,0,0,0,0,0,0,0,,1
1005126,0,1,0,0,0,0,0,,0,0,0,0,0,0,0,0,0,,0
1002619,4,1,1,0,1,0,0,,0,0,0,0,0,0,0,1,1,,1
1000779,0,1,0,0,0,0,0,,0,0,0,0,0,0,0,0,0,,0
1015564,0,1,0,0,0,0,0,,0,0,0,0,0,0,0,0,0,,0
1002613,0,1,0,0,0,0,0,,0,0,0,0,0,0,0,0,0,,0
1013563,4,2,1,1,1,0,0,,0,0,1,1,1,1,6,0,0,,1
1010286,4,0,1,1,0,0,0,8.0,0,0,0,0,0,0,0,1,1,,1
1010180,0,1,0,0,0,0,0,,0,0,0,0,0,0,0,0,0,,0
1006992,0,1,0,0,0,0,0,,0,0,0,0,0,0,0,0,0,,0
1013564,0,1,0,0,0,0,0,,0,0,0,0,0,0,0,0,0,,0
1014228,0,1,0,0,0,0,0,,0,0,0,0,0,0,0,0,0,,1
1014219,0,1,0,0,0,0,0,,0,0,0,0,0,0,0,0,0,,0
1006585,4,1,1,1,0,0,0,,0,0,0,1,0,0,3,0,0,,1
1014492,0,1,0,0,0,0,0,,0,0,0,0,0,0,0,0,0,,0
1008522,4,0,1,0,0,0,0,,0,0,0,1,0,0,2,0,0,,1
1008752,0,1,0,0,0,0,0,,0,0,0,0,0,0,0,0,0,,0
1005916,0,1,0,0,0,0,0,,0,0,0,0,0,0,0,0,0,,0
1006629,0,1,0,0,0,0,0,,0,0,0,0,0,0,0,0,0,,0
1015685,4,1,1,0,0,0,1,,0,0,0,1,0,0,2,1,1,,1
1003206,0,1,0,0,0,0,0,,0,0,0,0,0,0,0,0,0,,0
1013597,0,1,0,0,0,0,0,,0,0,0,0,0,0,0,0,0,,0
1001992,0,1,0,0,0,0,0,,0,0,0,0,0,0,0,0,0,,0
1010043,0,1,0,0,0,0,0,,0,0,0,0,0,0,0,0,0,,0
1013343,4,2,1,1,1,1,1,1.0,0,0,0,0,0,0,5,0,0,,1
1000087,4,0,1,1,0,0,0,,0,0,0,0,0,0,0,0,0,,1
1008358,0,1,0,0,0,0,0,,0,0,0,0,0,0,0,0,0,,0
1012383,0,1,0,0,0,0,0,,0,0,0,0,0,0,0,0,0,,0
1000533,0,1,0,0,0,0,0,,0,0,0,0,0,0,0,0,0,,0
1001546,4,2,1,1,0,0,0,10.0,0,0,0,1,0,0,2,0,0,,1
1006462,4,2,1,1,1,0,1,,0,0,0,0,0,0,0,0,0,,1
1016132,4,0,1,1,0,0,0,3.0,0,0,0,0,0,0,0,1,1,,1
1004850,4,2,1,1,0,0,0,2.0,0,0,1,1,0,0,3,0,0,,1
1007598,0,1,0,0,0,0,0,,0,0,0,0,0,0,0,0,0,,1
1016593,0,1,0,0,0,0,0,,0,0,0,0,0,0,0,0,0,,0
1009271,0,1,0,0,0,0,0,,0,0,0,0,0,0,0,0,0,,1
1006913,4,2,1,0,1,0,0,,0,0,1,1,1,1,6,0,0,,1
1017369,0,1,0,0,0,0,0,,0,0,0,0,0,0,0,0,0,,1
1000695,0,1,0,0,0,0,0,,0,0,0,0,0,0,0,0,0,,0
1010383,0,1,0,0,0,0,0,,0,0,0,0,0,0,0,0,0,,0
1013337,0,1,0,0,0,0,0,,0,0,0,0,0,0,0,0,0,,0
1009671,4,2,1,0,1,1,0,,0,0,1,1,1,1,10,0,0,,1
1004415,4,1,1,1,0,0,0,,0,0,0,0,0,0,0,1,1,,1
1005278,0,1,0,0,0,0,0,,0,0,0,0,0,0,0,0,0,,0
1010695,0,1,0,0,0,0,0,,0,0,0,0,0,0,0,0,0,,0
1000017,0,1,0,0,0,0,0,,0,0,0,0,0,0,0,0,0,,1
1003664,0,1,0,0,0,0,0,,0,0,0,0,0,0,0,0,0,,0
1009571,0,1,0,0,0,0,0,,0,0,0,0,0,0,0,0,0,,0
1005581,4,1,1,1,0,0,0,3.0,0,0,0,0,0,0,0,1,1,,1
1001009,0,1,0,0,0,0,0,,0,0,0,0,0,0,0,0,0,,1
1016708,0,1,0,0,0,0,0,,0,0,0,0,0,0,0,0,0,,0
1013833,0,1,0,0,0,0,0,,0,0,0,0,0,0,0,0,0,,0
1017502,0,1,0,0,0,0,0,,0,0,0,0,0,0,0,0,0,,0
1001479,0,1,0,0,0,0,0,,0,0,0,0,0,0,0,0,0,,0
1000712,0,1,0,0,0,0,0,,0,0,0,0,0,0,0,0,0,,0
1015143,0,1,0,0,0,0,0,,0,0,0,0,0,0,0,0,0,,0
1004372,0,1,0,0,0,0,0,,0,0,0,0,0,0,0,0,0,,0
1006958,0,1,0,0,0,0,0,,0,0,0,0,0,0,0,0,0,,0
1001536,0,1,0,0,0,0,0,,0,0,0,0,0,0,0,0,0,,0
1015842,4,1,1,0,0,0,0,,0,0,1,1,1,1,6,0,0,,1
1002805,0,1,0,0,0,0,0,,0,0,0,0,0,0,0,0,0,,0
1017449,0,1,0,0,0,0,0,,0,0,0,0,0,0,0,0,0,,0
1005530,0,1,0,0,0,0,0,,0,0,0,0,0,0,0,0,0,,0
1006880,4,2,1,1,0,0,0,10.0,0,0,0,0,0,0,0,0,0,,1
1005039,0,0,0,0,0,0,0,,0,0,0,0,0,0,0,0,0,,1
1004074,0,1,0,0,0,0,0,,0,0,0,0,0,0,0,0,0,,0
1003956,0,1,0,0,0,0,0,,0,0,0,0,0,0,0,0,0,,0
1011707,0,1,0,0,0,0,0,,0,0,0,0,0,0,0,0,0,,0
1011593,4,2,1,0,0,0,0,,0,0,0,1,0,0,2,0,0,,1
1011601,3,0,1,0,0,0,0,,0,0,0,0,0,0,1,0,0,,1
1005632,0,1,0,0,0,0,0,,0,0,0,0,0,0,0,0,0,,0
1003199,4,2,1,1,1,1,0,,0,0,0,0,0,0,0,0,0,,1
1005305,0,1,0,0,0,0,0,,0,0,0,0,0,0,0,0,0,,0
1012698,3,0,0,0,0,0,0,,0,0,0,0,0,0,0,0,1,,1
1005808,4,2,1,0,0,0,0,,0,0,1,1,0,0,3,0,0,,1
1011771,0,1,0,0,0,0,0,,0,0,0,0,0,0,0,0,0,,0
1005407,0,1,0,0,0,0,0,,0,0,0,0,0,0,0,0,0,,0
1004738,0,1,0,0,0,0,0,,0,0,0,0,0,0,0,0,0,,0
1004826,0,1,0,0,0,0,0,,0,0,0,0,0,0,0,0,0,,0
1002186,4,2,1,1,0,0,0,,0,0,0,0,0,0,0,0,0,,1
1005365,0,1,0,0,0,0,0,,0,0,0,0,0,0,0,0,0,,0
1000951,0,1,0,0,0,0,0,,0,0,0,0,0,0,0,0,0,,1
1009700,0,1,0,0,0,0,0,,0,0,0,0,0,0,0,0,0,,1
1004776,0,1,0,0,0,0,0,,0,0,0,0,0,0,0,0,0,,0
1013844,4,1,1,1,0,0,0,,0,0,1,1,0,0,2,0,0,,1
1000588,0,0,0,0,0,0,0,,0,0,0,0,0,0,0,0,0,,1
1000819,4,1,1,0,0,0,0,,0,0,0,1,1,0,3,0,0,,1
1002590,0,1,0,0,0,0,0,,0,0,0,0,0,0,0,0,0,,1
1003918,4,2,1,1,0,0,0,,0,0,0,0,0,0,0,0,0,,1
1011060,0,1,0,0,0,0,0,,0,0,0,0,0,0,0,0,0,,0
1015226,0,1,0,0,0,0,0,,0,0,0,0,0,0,0,0,0,,0
1000151,4,1,1,0,0,0,0,10.0,0,0,0,0,0,0,0,1,1,,1
1008982,0,1,0,0,0,0,0,,0,0,0,0,0,0,0,0,0,,1
1012015,0,1,0,0,0,0,0,,0,0,0,0,0,0,0,0,0,,0
1010837,0,1,0,0,0,0,0,,0,0,0,0,0,0,0,0,0,,0
1017422,4,2,1,0,0,0,1,,0,0,0,1,0,0,2,0,0,,1
1004878,0,1,0,0,0,0,0,,0,0,0,0,0,0,0,0,0,,0
1001722,0,1,0,0,0,0,0,,0,0,0,0,0,0,0,0,0,,0
1003536,4,0,1,1,0,0,0,,0,0,0,0,0,0,0,1,1,,1
1005681,0,1,0,0,0,0,0,,0,0,0,0,0,0,0,0,0,,0
1015082,0,1,0,0,0,0,0,,0,0,0,0,0,0,0,0,0,,0
1009149,4,2,1,1,1,1,0,,1,0,0,0,0,0,0,0,0,,1
1015582,4,2,1,1,1,1,0,,0,0,0,0,0,0,0,0,0,,1
1003116,0,1,0,0,0,0,0,,0,0,0,0,0,0,0,0,0,,0
1016438,4,1,1,1,1,0,0,,0,0,0,0,0,0,0,0,0,,1
1000746,0,1,0,0,0,0,0,,0,0,0,0,0,0,0,0,0,,0
1005923,0,1,0,0,0,0,0,,0,0,0,0,0,0,0,0,0,,0
1002979,4,2,1,1,1,0,0,,0,0,1,1,1,1,6,0,0,,1
1006174,0,1,0,0,0,0,0,,0,0,0,0,0,0,0,0,0,,0
1014454,4,0,1,1,1,1,0,,0,0,0,0,0,0,0,0,0,,1
1011089,0,1,0,0,0,0,0,,0,0,0,0,0,0,0,0,0,,0
1013400,0,1,0,0,0,0,0,,0,0,0,0,0,0,0,0,0,,0
1014115,0,1,0,0,0,0,0,,0,0,0,0,0,0,0,0,0,,0
1014052,4,1,1,0,0,0,0,3.0,0,0,0,1,0,0,1,0,0,,1
1007041,4,2,1,1,1,0,0,12.0,0,0,1,1,1,1,6,0,0,,1
1016039,4,1,1,0,0,0,0,,0,0,0,0,0,0,1,0,0,,1
1007099,4,0,1,0,0,0,0,,0,0,0,0,0,0,0,0,0,,1
1002221,4,0,1,0,1,0,0,,0,0,0,0,0,0,0,1,1,,1
1000836,0,1,0,0,0,0,0,,0,0,0,0,0,0,0,0,0,,0
1017005,0,1,0,0,0,0,0,,0,0,0,0,0,0,0,0,0,,0
1015594,0,1,0,0,0,0,0,,0,0,0,0,0,0,0,0,0,,0
1004171,0,1,0,0,0,0,0,,0,0,0,0,0,0,0,0,0,,0
1015319,4,2,1,1,0,0,0,,0,1,0,0,0,0,0,0,0,,1
1007617,0,1,0,0,0,0,0,,0,0,0,0,0,0,0,0,0,,0
1017106,0,1,0,0,0,0,0,,0,0,0,0,0,0,0,0,0,,0
1004498,0,1,0,0,0,0,0,,0,0,0,0,0,0,0,0,0,,1
1011307,0,1,0,0,0,0,0,,0,0,0,0,0,0,0,0,0,,1
1016944,0,1,0,0,0,0,0,,0,0,0,0,0,0,0,0,0,,0
1011739,4,2,1,0,0,0,1,,0,0,0,1,0,0,2,0,0,,1
1002093,0,1,0,0,0,0,0,,0,0,0,0,0,0,0,0,0,,1
1000546,0,1,0,0,0,0,0,,0,0,0,0,0,0,0,0,0,,0
1012936,0,1,0,0,0,0,0,,0,0,0,0,0,0,0,0,0,,1
1008709,4,1,1,1,0,0,0,10.0,0,0,1,1,0,0,3,0,0,,1
1011595,0,1,0,0,0,0,0,,0,0,0,0,0,0,0,0,0,,1
1010567,0,1,0,0,0,0,0,,0,0,0,0,0,0,0,0,0,,0
1006841,4,1,1,0,1,0,0,,0,0,0,0,0,0,0,1,1,,1
1002781,4,0,1,0,0,0,1,,0,0,0,1,0,0,2,0,0,,1
1008204,0,1,0,0,0,0,0,,0,0,0,0,0,0,0,0,0,,0
1014087,4,1,1,1,1,0,0,1500.0,1,0,1,1,1,1,6,0,0,,1
1007971,4,1,1,1,0,0,0,936.0,0,0,0,0,0,0,0,1,1,,1
1007556,0,1,0,0,0,0,0,,0,0,0,0,0,0,0,0,0,,0
1014980,0,1,0,0,0,0,0,,0,0,0,0,0,0,0,0,0,,0
1004198,0,1,0,0,0,0,0,,0,0,0,0,0,0,0,0,0,,0
1002921,0,1,0,0,0,0,0,,0,0,0,0,0,0,0,0,0,,0
1003498,0,0,1,1,0,0,0,,0,0,0,0,0,0,0,1,1,,1
1015105,0,1,0,0,0,0,0,,0,0,0,0,0,0,0,0,0,,0
1002062,4,2,1,1,1,1,0,,0,1,1,1,1,1,6,0,0,,1
1013812,0,1,0,0,0,0,0,,0,0,0,0,0,0,0,0,0,,1
1016569,0,1,0,0,0,0,0,,0,0,0,0,0,0,0,0,0,,1
1006241,0,1,0,0,0,0,0,,0,0,0,0,0,0,0,0,0,,0
1013910,0,1,0,0,0,0,0,,0,0,0,0,0,0,0,0,0,,0
1014517,4,1,1,1,0,0,0,,0,0,0,0,0,0,0,1,1,,1
1003107,0,1,0,0,0,0,0,,0,0,0,0,0,0,0,0,0,,0
1017325,0,1,0,0,0,0,0,,0,0,0,0,0,0,0,0,0,,0
1014455,0,1,0,0,0,0,0,,0,0,0,0,0,0,0,0,0,,0
1009038,4,2,1,0,0,0,1,,0,0,0,1,0,0,2,0,0,,1
1008373,4,1,1,1,0,0,0,,0,0,0,0,0,0,2,0,0,,1
1006669,4,2,1,1,1,0,0,,0,0,1,1,1,1,6,0,0,,1
1010933,0,1,0,0,0,0,0,,0,0,0,0,0,0,0,0,0,,0
1001208,0,1,0,0,0,0,0,,0,0,0,0,0,0,0,0,0,,0
1004491,0,1,0,0,0,0,0,,0,0,0,0,0,0,0,0,0,,0
1011578,3,0,1,0,0,0,0,,0,0,0,0,0,0,0,0,0,,1
1005598,0,1,0,0,0,0,0,,0,0,0,0,0,0,0,0,0,,1
1005596,0,1,0,0,0,0,0,,0,0,0,0,0,0,0,0,0,,1
1014691,4,1,1,0,0,0,0,2.0,0,0,0,0,0,0,0,0,0,,1
1004018,0,1,0,0,0,0,0,,0,0,0,0,0,0,0,0,0,,0
1013468,0,1,0,0,0,0,0,,0,0,0,0,0,0,0,0,0,,0
1009012,0,1,0,0,0,0,0,,0,0,0,0,0,0,0,0,0,,0
1008192,0,0,0,0,0,0,0,,0,0,0,0,0,0,0,0,0,,1
1013982,4,2,1,0,1,0,0,,0,0,0,0,0,0,0,0,0,,1
1005892,0,1,0,0,0,0,0,,0,0,0,0,0,0,0,0,0,,0
1009940,0,1,0,0,0,0,0,,0,0,0,0,0,0,0,0,0,,0
1004563,0,0,0,0,0,0,0,,0,0,0,0,0,0,0,0,0,,1
1006840,0,1,0,0,0,0,0,,0,0,0,0,0,0,0,0,0,,0
1006223,0,1,0,0,0,0,0,,0,0,0,0,0,0,0,0,0,,0
1012492,0,0,0,0,0,0,0,,0,0,0,0,0,0,0,0,0,,1
1011534,4,2,1,0,0,0,0,1.0,0,0,0,1,0,1,3,0,0,,1
1009202,4,2,1,1,0,0,0,10.0,0,0,1,1,1,1,6,0,0,,1
1001967,0,1,0,0,0,0,0,,0,0,0,0,0,0,0,0,0,,0
1007118,3,1,1,0,0,0,0,,0,0,0,1,0,0,1,1,1,,1
1003537,0,1,0,0,0,0,0,,0,0,0,0,0,0,0,0,0,,0
1001887,0,1,0,0,0,0,0,,0,0,0,0,0,0,0,0,0,,0
1005816,0,1,0,0,0,0,0,,0,0,0,0,0,0,0,0,0,,0
1003148,4,2,1,1,1,1,0,,0,0,0,0,0,0,0,1,1,,1
1011609,0,1,0,0,0,0,0,,0,0,0,0,0,0,0,0,0,,0
1013072,0,1,0,0,0,0,0,,0,0,0,0,0,0,0,0,0,,1
1016400,0,1,0,0,0,0,0,,0,0,0,0,0,0,0,0,0,,0
1015833,4,2,1,1,1,1,0,,0,0,0,0,0,0,0,0,0,,1
1015678,4,0,1,0,0,0,0,,0,0,0,0,0,0,0,0,1,,1
1017522,4,2,1,1,0,0,0,2.0,0,0,0,0,0,0,0,0,0,,1
1010898,4,2,1,0,1,0,0,,0,1,1,1,1,1,6,0,0,,1
1015899,0,1,0,0,0,0,0,,0,0,0,0,0,0,0,0,0,,0
1015590,0,1,0,0,0,0,0,,0,0,0,0,0,0,0,0,0,,0
1004885,0,1,0,0,0,0,0,,0,0,0,0,0,0,0,0,0,,0
1016434,0,1,0,0,0,0,0,,0,0,0,0,0,0,0,0,0,,1
1015128,0,1,0,0,0,0,0,,0,0,0,0,0,0,0,0,0,,0
1007081,0,1,0,0,0,0,0,,0,0,0,0,0,0,0,0,0,,0
1014993,4,1,1,1,0,0,0,,0,0,0,0,0,0,0,1,1,,1
1000289,0,1,0,0,0,0,0,,0,0,0,0,0,0,0,0,0,,0
1002955,4,2,1,1,1,0,0,1.0,0,0,1,1,1,1,6,0,0,,1
1011598,0,1,0,0,0,0,0,,0,0,0,0,0,0,0,0,0,,0
1017060,0,1,0,0,0,0,0,,0,0,0,0,0,0,0,0,0,,0
1011643,4,2,1,1,0,0,0,,0,0,1,1,1,1,6,1,1,,1
1008064,4,2,1,1,1,0,0,3.0,0,0,0,0,0,0,0,0,0,,1
1006540,0,1,0,0,0,0,0,,0,0,0,0,0,0,0,0,0,,1
1013512,0,1,0,0,0,0,0,,0,0,0,0,0,0,0,0,0,,0
1011586,4,2,1,1,0,0,0,,0,0,0,0,0,0,4,0,0,,1
1007864,0,1,0,0,0,0,0,,0,0,0,0,0,0,0,0,0,,0
1012227,0,1,0,0,0,0,0,,0,0,0,0,0,0,0,0,0,,0
1007625,0,1,0,0,0,0,0,,0,0,0,0,0,0,0,0,0,,0
1009355,0,1,0,0,0,0,0,,0,0,0,0,0,0,0,0,0,,0
1011293,4,2,1,1,0,0,0,10.0,0,0,1,1,1,1,6,0,0,,1
1014433,0,1,0,0,0,0,0,,0,0,0,0,0,0,0,0,0,,0
1000499,0,1,0,0,0,0,0,,0,0,0,0,0,0,0,0,0,,0
1014010,0,1,0,0,0,0,0,,0,0,0,0,0,0,0,0,0,,0
1016981,0,1,0,0,0,0,0,,0,0,0,0,0,0,0,0,0,,0
1004009,4,2,1,1,0,0,0,6.0,0,1,0,0,0,0,3,0,0,,1
1000587,0,1,0,0,0,0,0,,0,0,0,0,0,0,0,0,0,,1
1017125,4,0,1,1,1,0,0,4.0,0,0,0,0,0,0,0,1,1,,1
1016065,0,1,0,0,0,0,0,,0,0,0,0,0,0,0,0,0,,0
1013114,4,1,1,1,0,0,0,1.0,0,0,0,1,0,0,2,0,0,,1
1007728,4,1,1,1,0,0,0,2.0,0,0,0,0,0,0,0,1,1,,1
1010351,0,1,0,0,0,0,0,,0,0,0,0,0,0,0,0,0,,0
1008717,0,1,0,0,0,0,0,,0,0,0,0,0,0,0,0,0,,0
1008995,0,1,0,0,0,0,0,,0,0,0,0,0,0,0,0,0,,0
1001450,0,1,0,0,0,0,0,,0,0,0,0,0,0,0,0,0,,0
1006939,0,1,0,0,0,0,0,,0,0,0,0,0,0,0,0,0,,0
1002347,0,1,0,0,0,0,0,,0,0,0,0,0,0,0,0,0,,0
1010228,0,1,0,0,0,0,0,,0,0,0,0,0,0,0,0,0,,0
1004867,0,0,0,0,0,0,0,,0,0,0,0,0,0,0,0,0,,1
1001675,4,2,1,0,0,0,1,,0,0,0,1,0,0,2,0,0,,1
1008988,0,1,0,0,0,0,0,,0,0,0,0,0,0,0,0,0,,0
1014554,4,2,1,1,1,1,0,,0,0,0,0,0,0,0,1,1,,1
1016314,4,1,1,1,0,0,0,3.0,0,0,1,1,1,0,4,0,0,,1
1009820,0,1,0,0,0,0,0,,0,0,0,0,0,0,0,0,0,,0
1015609,4,2,1,1,1,0,0,1.0,0,1,1,1,1,1,6,0,0,,1
1016896,0,0,0,0,0,0,0,,0,0,0,0,0,0,0,1,1,,1
1003057,4,2,1,1,1,0,0,,0,0,1,1,1,1,6,0,0,,1
1000639,0,1,0,0,0,0,0,,0,0,0,0,0,0,0,0,0,,0
1003172,0,1,0,0,0,0,0,,0,0,0,0,0,0,0,0,0,,0
1016560,0,1,0,0,0,0,0,,0,0,0,0,0,0,0,0,0,,0
1008514,3,1,1,0,0,0,0,,0,0,0,0,0,0,0,0,0,,1
1005876,4,2,1,1,1,0,0,2.0,0,0,1,1,1,1,6,0,0,,1
1003210,0,1,0,0,0,0,0,,0,0,0,0,0,0,0,0,0,,0
1006878,0,1,0,0,0,0,0,,0,0,0,0,0,0,0,0,0,,1
1002107,0,1,0,0,0,0,0,,0,0,0,0,0,0,0,0,0,,0
1007313,4,2,1,0,0,0,0,,0,0,1,1,1,1,6,0,0,,1
1012026,0,1,0,0,0,0,0,,0,0,0,0,0,0,0,0,0,,0
1006202,0,1,0,0,0,0,0,,0,0,0,0,0,0,0,0,0,,0
1005429,0,1,0,0,0,0,0,,0,0,0,0,0,0,0,0,0,,0
1008727,4,1,1,0,1,0,0,12.0,0,0,1,1,1,1,6,0,0,,1
1011362,4,2,1,1,1,1,0,,0,1,1,1,1,1,6,0,0,,1
1010670,4,2,1,0,1,0,0,,0,0,0,0,0,0,3,0,0,,1
1006053,4,2,1,1,1,1,1,,0,0,0,0,0,0,2,0,0,,1
1015789,0,1,0,0,0,0,0,,0,0,0,0,0,0,0,0,0,,0
1006236,0,1,0,0,0,0,0,,0,0,0,0,0,0,0,0,0,,1
1016600,0,1,0,0,0,0,0,,0,0,0,0,0,0,0,0,0,,0
1016394,0,1,0,0,0,0,0,,0,0,0,0,0,0,0,0,0,,0
1012770,0,1,0,0,0,0,0,,0,0,0,0,0,0,0,0,0,,0
1005780,0,1,0,0,0,0,0,,0,0,0,0,0,0,0,0,0,,1
1010196,0,1,0,0,0,0,0,,0,0,0,0,0,0,0,0,0,,0
1015386,0,1,0,0,0,0,0,,0,0,0,0,0,0,0,0,0,,1
1009030,0,0,0,0,0,0,0,,0,0,0,0,0,0,0,0,1,,1
1006328,0,1,0,0,0,0,0,,0,0,0,0,0,0,0,0,0,,0
1015142,0,1,0,0,0,0,0,,0,0,0,0,0,0,0,0,0,,0
1015866,4,2,1,0,1,0,0,,0,0,1,1,1,1,6,0,0,,1
1005635,0,1,0,0,0,0,0,,0,0,0,0,0,0,0,0,0,,0
1007848,0,1,0,0,0,0,0,,0,0,0,0,0,0,0,0,0,,0
1013480,0,1,0,0,0,0,0,,0,0,0,0,0,0,0,0,0,,0
1010232,0,0,0,0,0,0,0,,0,0,0,0,0,0,0,0,0,,1
1002800,4,0,1,0,0,0,0,,0,0,0,0,0,0,0,0,0,,1
1007819,0,1,0,0,0,0,0,,0,0,0,0,0,0,0,0,0,,0
1005114,0,1,0,0,0,0,0,,0,0,0,0,0,0,0,0,0,,0
1000574,0,1,0,0,0,0,0,,0,0,0,0,0,0,0,0,0,,0
1014877,0,1,0,0,0,0,0,,0,0,0,0,0,0,0,0,0,,1
1004364,4,0,1,0,1,0,0,24.0,0,0,0,1,0,0,2,0,0,,1
1012057,4,2,1,1,1,0,0,,0,0,1,1,1,1,5,0,0,,1
1010464,0,1,0,0,0,0,0,,0,0,0,0,0,0,0,0,0,,0
1001504,0,1,0,0,0,0,0,,0,0,0,0,0,0,0,0,0,,0
1002870,0,1,0,0,0,0,0,,0,0,0,0,0,0,0,0,0,,0
1015587,4,0,1,0,0,0,0,12.0,0,0,0,0,0,0,1,0,0,,1
1008809,4,2,1,0,0,0,0,,0,0,1,1,1,1,6,0,0,,1
1001200,0,1,0,0,0,0,0,,0,0,0,0,0,0,0,0,0,,0
1017278,0,1,0,0,0,0,0,,0,0,0,0,0,0,0,0,0,,0
1010405,0,1,0,0,0,0,0,,0,0,0,0,0,0,0,0,0,,0
1006069,0,0,0,0,0,0,0,,0,0,0,0,0,0,0,1,1,,1
1002267,4,2,1,1,0,0,0,,0,0,1,1,1,1,6,0,0,,1
1001196,4,2,1,0,1,0,0,149.0,0,0,1,0,0,0,2,0,0,,1
1015202,0,1,0,0,0,0,0,,0,0,0,0,0,0,0,0,0,,0
1004513,0,1,0,0,0,0,0,,0,0,0,0,0,0,0,0,0,,0
1009228,4,2,1,0,0,0,0,140.0,0,0,0,0,0,0,1,0,0,,1
1003638,0,1,0,0,0,0,0,,0,0,0,0,0,0,0,0,0,,0
1004480,0,1,0,0,0,0,0,,0,0,0,0,0,0,0,0,0,,0
1014850,4,0,1,1,0,0,0,1.0,0,0,0,0,0,0,0,0,0,,1
1008240,4,1,1,0,1,0,0,,0,0,0,0,0,0,0,1,1,,1
1015269,4,1,1,1,0,0,0,,0,0,0,0,0,0,0,1,1,,1
1008302,0,1,0,0,0,0,0,,0,0,0,0,0,0,0,0,0,,1
1002549,4,1,1,1,0,0,0,,0,0,0,0,0,0,0,1,1,,1
1008549,4,1,1,0,0,0,0,2.0,0,0,0,0,0,0,1,0,0,,1
1009848,0,1,0,0,0,0,0,,0,0,0,0,0,0,0,0,0,,1
1002353,0,1,0,0,0,0,0,,0,0,0,0,0,0,0,0,0,,1
1010129,0,1,0,0,0,0,0,,0,0,0,0,0,0,0,0,0,,0
1000216,0,1,0,0,0,0,0,,0,0,0,0,0,0,0,0,0,,0
1017474,4,1,1,0,0,0,0,1.0,0,1,0,0,0,0,0,1,1,,1
1000705,0,1,0,0,0,0,0,,0,0,0,0,0,0,0,0,0,,0
1003118,0,1,0,0,0,0,0,,0,0,0,0,0,0,0,0,0,,1
1013542,0,1,0,0,0,0,0,,0,0,0,0,0,0,0,0,0,,0
1016865,4,2,1,0,1,0,1,,0,0,0,1,0,1,3,0,0,,1
1002540,0,1,0,0,0,0,0,,0,0,0,0,0,0,0,0,0,,0
1008420,0,0,0,0,0,0,0,,0,0,0,0,0,0,0,0,0,,1
1015668,4,1,1,1,1,0,0,,0,0,0,0,0,0,0,1,1,,1
1015944,0,0,0,0,0,0,0,,0,0,0,0,0,0,0,0,0,,1
1000960,0,1,0,0,0,0,0,,0,0,0,0,0,0,0,0,0,,0
1002000,0,1,0,0,0,0,0,,0,0,0,0,0,0,0,0,0,,0
1001784,4,2,1,0,0,0,0,10.0,0,1,0,1,0,1,3,0,0,,1
1016595,4,2,1,0,1,1,0,,0,1,1,1,1,1,6,0,0,,1
1017407,4,1,1,0,1,0,0,,0,0,0,1,0,0,2,1,1,,1
1010371,0,1,0,0,0,0,0,,0,0,0,0,0,0,0,0,0,,0
1009061,0,1,0,0,0,0,0,,0,0,0,0,0,0,0,0,0,,0
1000175,0,1,0,0,0,0,0,,0,0,0,0,0,0,0,0,0,,0
1004173,0,1,0,0,0,0,0,,0,0,0,0,0,0,0,0,0,,0
1014072,4,1,1,1,0,0,0,,0,0,0,0,0,0,0,1,1,,1
1010278,4,2,1,1,0,0,0,,0,0,0,0,0,0,3,0,0,,1
1006146,0,1,0,0,0,0,0,,0,0,0,0,0,0,0,0,0,,0
1006721,0,1,0,0,0,0,0,,0,0,0,0,0,0,0,0,0,,1
1010142,3,1,1,0,0,0,0,,0,0,0,0,0,0,0,1,1,,1
1007259,0,1,0,0,0,0,0,,0,0,0,0,0,0,0,0,0,,0
1004290,0,1,0,0,0,0,0,,0,0,0,0,0,0,0,0,0,,0
1015640,4,2,1,1,1,1,0,3.0,0,0,0,0,0,0,0,0,0,,1
1016767,4,2,1,1,1,1,1,1.0,0,1,0,0,0,0,0,0,0,,1
1005823,4,0,1,0,0,0,1,1951.0,0,0,0,1,0,0,2,0,0,,1
1009347,0,1,0,0,0,0,0,,0,0,0,0,0,0,0,0,0,,1
1016150,0,1,0,0,0,0,0,,0,0,0,0,0,0,0,0,0,,0
1017379,0,1,0,0,0,0,0,,0,0,0,0,0,0,0,0,0,,0
1016759,0,1,0,0,0,0,0,,0,0,0,0,0,0,0,0,0,,0
1006664,0,1,0,0,0,0,0,,0,0,0,0,0,0,0,0,0,,0
1005184,0,1,0,0,0,0,0,,0,0,0,0,0,0,0,0,0,,0
1014162,0,1,0,0,0,0,0,,0,0,0,0,0,0,0,0,0,,0
1015302,0,1,0,0,0,0,0,,0,0,0,0,0,0,0,0,0,,0
1012734,4,1,1,0,0,0,0,,0,0,0,0,0,0,1,0,0,,1
1007159,0,1,0,0,0,0,0,,0,0,0,0,0,0,0,0,0,,1
1001716,4,2,1,0,0,0,0,10.0,0,0,0,1,0,0,2,0,0,,1
1014839,0,1,0,0,0,0,0,,0,0,0,0,0,0,0,0,0,,0
1014224,4,0,1,0,0,0,0,3.0,0,0,0,1,0,0,2,0,0,,1
1001768,4,0,1,1,0,0,0,12.0,0,0,0,0,0,0,0,0,0,,1
1003742,4,2,1,1,1,0,0,,0,0,0,0,0,0,0,0,0,,1
1000227,0,1,0,0,0,0,0,,0,0,0,0,0,0,0,0,0,,1
1005493,0,1,0,0,0,0,0,,0,0,0,0,0,0,0,0,0,,0
1012985,4,1,1,0,0,0,0,1.0,0,0,0,1,0,0,2,0,0,,1
1008612,4,1,1,0,0,0,0,,0,0,0,1,0,0,2,0,0,,1
1006187,0,1,0,0,0,0,0,,0,0,0,0,0,0,0,0,0,,0
1007302,4,1,1,1,0,0,0,,0,0,0,0,0,0,0,1,1,,1
1007899,0,1,0,0,0,0,0,,0,0,0,0,0,0,0,0,0,,1
1016510,4,1,1,1,0,0,0,,0,0,0,0,0,0,0,0,0,,1
1004691,0,1,0,0,0,0,0,,0,0,0,0,0,0,0,0,0,,0
1009893,0,1,0,0,0,0,0,,0,0,0,0,0,0,0,0,0,,0
1012138,0,1,0,0,0,0,0,,0,0,0,0,0,0,0,0,0,,0
1001981,4,1,1,0,0,0,1,,0,0,0,1,0,0,2,1,1,,1
1008782,0,1,0,0,0,0,0,,0,0,0,0,0,0,0,0,0,,0
1007679,0,1,0,0,0,0,0,,0,0,0,0,0,0,0,0,0,,0
1012348,0,1,0,0,0,0,0,,0,0,0,0,0,0,0,0,0,,0
1003960,0,1,0,0,0,0,0,,0,0,0,0,0,0,0,0,0,,0
1003888,4,2,1,1,0,0,0,10.0,0,1,1,1,1,1,6,0,0,,1
1013485,4,2,1,0,0,1,0,12.0,0,1,0,0,0,0,7,0,0,,1
1008816,4,2,1,1,0,0,0,1.0,1,0,1,1,0,0,3,0,0,,1
1011537,4,1,1,0,0,0,0,3.0,0,0,0,1,0,0,2,0,0,,1
1008876,4,2,1,0,1,0,0,10.0,0,1,0,0,0,0,0,0,0,,1
1004790,0,1,0,0,0,0,0,,0,0,0,0,0,0,0,0,0,,0
1015347,0,1,0,0,0,0,0,,0,0,0,0,0,0,0,0,0,,0
1007578,0,1,0,0,0,0,0,,0,0,0,0,0,0,0,0,0,,0
1002659,0,1,0,0,0,0,0,,0,0,0,0,0,0,0,0,0,,0
1009041,4,1,1,1,0,0,0,1.0,0,0,0,0,0,0,3,0,0,,1
1004150,0,1,0,0,0,0,0,,0,0,0,0,0,0,0,0,0,,0
1003675,0,1,0,0,0,0,0,,0,0,0,0,0,0,0,0,0,,1
1000136,0,1,0,0,0,0,0,,0,0,0,0,0,0,0,0,0,,0
1014848,4,1,1,0,1,0,0,12.0,0,0,0,1,0,0,5,0,0,,1
1001918,4,2,1,1,1,1,1,,0,0,0,0,0,0,4,0,0,,1
1002406,0,1,0,0,0,0,0,,0,0,0,0,0,0,0,0,0,,0
1000012,0,1,0,0,0,0,0,,0,0,0,0,0,0,0,0,0,,0
1006418,0,0,0,0,0,0,0,,0,0,0,0,0,0,0,0,0,,1
1005790,0,1,0,0,0,0,0,,0,0,0,0,0,0,0,0,0,,1
1012912,0,1,0,0,0,0,0,,0,0,0,0,0,0,0,0,0,,0
1006545,4,2,1,1,0,0,0,,0,0,0,1,0,0,2,0,0,,1
1009726,0,1,0,0,0,0,0,,0,0,0,0,0,0,0,0,0,,0
1010918,0,1,0,0,0,0,0,,0,0,0,0,0,0,0,0,0,,0
1002577,4,0,1,0,1,0,0,,0,0,0,1,0,0,2,0,0,,1
1010304,0,1,0,0,0,0,0,,0,0,0,0,0,0,0,0,0,,0
1012223,4,0,1,0,0,0,0,,0,0,0,0,0,0,0,1,1,,1
1003623,0,1,0,0,0,0,0,,0,0,0,0,0,0,0,0,0,,0
1013626,0,1,0,0,0,0,0,,0,0,0,0,0,0,0,0,0,,0
1003647,4,2,1,1,1,1,1,,0,0,0,0,0,0,0,0,0,,1
1006876,0,0,1,0,0,0,0,2.0,0,0,0,0,0,0,0,1,1,,1
1015989,0,1,0,0,0,0,0,,0,0,0,0,0,0,0,0,0,,0
1000495,0,1,0,0,0,0,0,,0,0,0,0,0,0,0,0,0,,0
1007645,0,1,0,0,0,0,0,,0,0,0,0,0,0,0,0,0,,0
1009286,0,1,0,0,0,0,0,,0,0,0,0,0,0,0,0,0,,0
1003809,0,1,0,0,0,0,0,,0,0,0,0,0,0,0,0,0,,0
1002556,4,2,1,0,1,0,1,3.0,1,0,0,1,0,0,2,0,0,,1
1000605,4,2,1,1,0,0,0,,0,0,0,0,0,0,0,1,1,,1
1016057,4,1,1,1,0,0,0,,0,0,0,0,0,0,0,1,1,,1
1010834,0,1,0,0,0,0,0,,0,0,0,0,0,0,0,0,0,,0
1011779,4,0,1,0,1,0,0,,0,0,0,0,0,0,0,0,0,,1
1002359,4,1,1,1,0,0,0,,0,0,0,0,0,0,0,1,1,,1
1006789,4,1,1,0,0,0,1,,0,0,0,1,0,0,1,0,0,,1
1001062,4,2,1,1,1,0,0,,0,0,1,1,1,1,5,1,1,,1
1004138,0,1,0,0,0,0,0,,0,0,0,0,0,0,0,0,0,,0
1002585,4,1,1,0,1,0,0,4.0,0,0,0,0,0,0,0,1,1,,1
1015631,0,1,0,0,0,0,0,,0,0,0,0,0,0,0,0,0,,0
1000478,0,1,0,0,0,0,0,,0,0,0,0,0,0,0,0,0,,0
1013577,4,2,1,1,0,0,0,1.0,0,0,1,1,1,1,5,0,0,,1
1010493,0,0,0,0,0,0,0,,0,0,0,0,0,0,0,1,1,,1
1010777,4,2,1,1,1,1,0,,0,0,0,0,0,0,0,0,0,,1
1010466,4,1,1,1,0,0,0,1.0,0,0,1,1,0,0,3,0,0,,1
1012464,0,0,1,0,0,0,0,,0,0,0,0,0,0,0,1,1,,1
1004111,0,1,0,0,0,0,0,,0,0,0,0,0,0,0,0,0,,0
1000620,0,1,0,0,0,0,0,,0,0,0,0,0,0,0,0,0,,0
1014754,4,2,1,1,1,0,0,,0,0,0,0,0,0,4,0,0,,1
1013432,4,1,1,0,1,0,0,791.0,0,0,0,0,0,0,0,1,1,,1
1013689,0,1,0,0,0,0,0,,0,0,0,0,0,0,0,0,0,,1
1015561,0,1,0,0,0,0,0,,0,0,0,0,0,0,0,0,0,,0
1008409,4,2,1,1,0,0,0,,0,0,1,1,1,1,6,0,0,,1
1012355,4,2,1,1,0,0,0,1.0,0,0,1,1,1,1,6,0,0,,1
1001485,0,1,0,0,0,0,0,,0,0,0,0,0,0,0,0,0,,0
1001046,0,1,0,0,0,0,0,,0,0,0,0,0,0,0,0,0,,1
1002156,0,1,0,0,0,0,0,,0,0,0,0,0,0,0,0,0,,0
1011902,0,1,0,0,0,0,0,,0,0,0,0,0,0,0,0,0,,0
1000161,0,1,0,0,0,0,0,,0,0,0,0,0,0,0,0,0,,1
1007380,0,1,0,0,0,0,0,,0,0,0,0,0,0,0,0,0,,0
1004469,0,1,0,0,0,0,0,,0,0,0,0,0,0,0,0,0,,0
1016934,0,1,0,0,0,0,0,,0,0,0,0,0,0,0,0,0,,0
1012450,0,1,0,0,0,0,0,,0,0,0,0,0,0,0,0,0,,0
1008029,4,1,1,0,1,0,0,,0,0,0,0,0,0,0,0,0,,1
1013550,0,1,0,0,0,0,0,,0,0,0,0,0,0,0,0,0,,0
1014715,0,1,0,0,0,0,0,,0,0,0,0,0,0,0,0,0,,0
1006988,4,1,1,0,0,0,0,,0,0,0,0,0,0,1,0,0,,1
1007194,0,1,0,0,0,0,0,,0,0,0,0,0,0,0,0,0,,0
1014317,0,1,0,0,0,0,0,,0,0,0,0,0,0,0,0,0,,0
1017059,0,1,0,0,0,0,0,,0,0,0,0,0,0,0,0,0,,0
1005534,0,1,0,0,0,0,0,,0,0,0,0,0,0,0,0,0,,1
1004135,0,1,0,0,0,0,0,,0,0,0,0,0,0,0,0,0,,0
1013989,0,1,0,0,0,0,0,,0,0,0,0,0,0,0,0,0,,0
1000700,0,1,0,0,0,0,0,,0,0,0,0,0,0,0,0,0,,0
1012959,0,0,0,0,0,0,0,,0,0,0,0,0,0,0,0,0,,1
1002110,4,2,1,0,0,0,0,,0,1,1,1,1,1,6,0,0,,1
1010885,2,0,1,0,0,0,0,,0,0,0,0,0,0,0,1,1,,1
1008701,4,1,1,1,0,0,0,,0,0,0,0,0,0,0,1,1,,1
1009183,4,1,1,1,0,0,0,,0,0,0,0,0,0,0,1,1,,1
1004718,0,1,0,0,0,0,0,,0,0,0,0,0,0,0,0,0,,0
1016038,4,0,1,0,0,0,0,,0,0,0,0,0,0,1,0,0,,1
1008067,0,1,0,0,0,0,0,,0,0,0,0,0,0,0,0,0,,0
1017400,0,1,0,0,0,0,0,,0,0,0,0,0,0,0,0,0,,0
1008193,0,1,0,0,0,0,0,,0,0,0,0,0,0,0,0,0,,0
1006481,0,1,0,0,0,0,0,,0,0,0,0,0,0,0,0,0,,0
1010804,4,2,1,0,0,0,0,,0,0,0,0,0,0,0,0,0,,1
1014636,0,1,0,0,0,0,0,,0,0,0,0,0,0,0,0,0,,1
1007692,0,1,0,0,0,0,0,,0,0,0,0,0,0,0,0,0,,0
1000943,0,1,0,0,0,0,0,,0,0,0,0,0,0,0,0,0,,1
1013984,0,1,0,0,0,0,0,,0,0,0,0,0,0,0,0,0,,0
1005232,0,1,0,0,0,0,0,,0,0,0,0,0,0,0,0,0,,1
1002977,0,1,0,0,0,0,0,,0,0,0,0,0,0,0,0,0,,0
1016138,4,2,1,1,1,0,0,,0,0,0,0,0,0,0,0,0,,1
1009144,0,0,0,0,0,0,0,,0,0,0,0,0,0,0,0,0,,1
1011197,0,1,0,0,0,0,0,,0,0,0,0,0,0,0,0,0,,0
1002692,0,1,0,0,0,0,0,,0,0,0,0,0,0,0,0,0,,0
1016562,0,1,0,0,0,0,0,,0,0,0,0,0,0,0,0,0,,0
1015712,4,2,1,0,0,0,0,,1,0,0,1,0,1,3,0,0,,1
1012766,4,2,1,0,0,0,0,,0,0,0,1,0,0,2,0,0,,1
1013578,0,1,0,0,0,0,0,,0,0,0,0,0,0,0,0,0,,0
1014096,4,1,1,0,0,0,1,,0,0,0,1,0,0,2,1,1,,1
1003726,4,2,1,1,1,0,1,2.0,0,0,0,1,0,1,4,0,0,,1
1001316,0,1,0,0,0,0,0,,0,0,0,0,0,0,0,0,0,,0
1013251,4,1,1,1,0,0,0,,0,0,0,0,0,0,0,1,1,,1
1012368,0,1,0,0,0,0,0,,0,0,0,0,0,0,0,0,0,,0
1017303,4,2,1,1,1,1,0,,0,0,0,0,0,0,0,0,0,,1
1013384,4,2,1,1,0,0,0,12.0,0,0,1,1,1,1,5,0,0,,1
1008026,4,2,1,0,0,0,0,4.0,0,0,0,0,0,0,1,1,1,,1
1003810,0,1,0,0,0,0,0,,0,0,0,0,0,0,0,0,0,,0
1000072,0,1,0,0,0,0,0,,0,0,0,0,0,0,0,0,0,,0
1012572,0,1,0,0,0,0,0,,0,0,0,0,0,0,0,0,0,,0
1013176,4,0,1,1,0,0,0,1.0,0,0,0,0,0,0,0,1,1,,1
1009644,0,0,0,0,0,0,0,,0,0,0,0,0,0,0,1,1,,1
1012093,4,1,1,0,0,0,1,,0,0,0,1,0,0,2,1,1,,1
1002146,0,1,0,0,0,0,0,,0,0,0,0,0,0,0,0,0,,0
1015119,0,1,0,0,0,0,0,,0,0,0,0,0,0,0,0,0,,0
1006828,0,1,0,0,0,0,0,,0,0,0,0,0,0,0,0,0,,0
1017569,0,1,0,0,0,0,0,,0,0,0,0,0,0,0,0,0,,0
1006932,0,1,0,0,0,0,0,,0,0,0,0,0,0,0,0,0,,0
1005686,4,2,1,1,1,1,0,,0,0,0,0,0,0,3,0,0,,1
1002846,0,1,0,0,0,0,0,,0,0,0,0,0,0,0,0,0,,0
1012066,4,2,1,1,1,0,0,,0,0,1,1,1,1,6,1,2,,1
1002917,0,1,0,0,0,0,0,,0,0,0,0,0,0,0,0,0,,0
1015985,4,1,1,0,0,0,1,,0,0,0,1,0,0,2,1,1,,1
1003369,0,1,0,0,0,0,0,,0,0,0,0,0,0,0,0,0,,0
1017532,0,1,0,0,0,0,0,,0,0,0,0,0,0,0,0,0,,0
1007481,4,2,1,0,0,0,0,,0,0,0,0,0,0,0,0,0,,1
1009910,4,0,1,0,0,0,0,,0,0,0,0,0,0,0,1,1,,1
1016048,0,1,0,0,0,0,0,,0,0,0,0,0,0,0,0,0,,1
1000385,0,1,0,0,0,0,0,,0,0,0,0,0,0,0,0,0,,0
1004662,4,2,1,0,0,0,0,,0,0,0,1,0,0,2,0,0,,1
1003654,0,1,0,0,0,0,0,,0,0,0,0,0,0,0,0,0,,0
1008044,0,1,0,0,0,0,0,,0,0,0,0,0,0,0,0,0,,0
1013281,0,1,0,0,0,0,0,,0,0,0,0,0,0,0,0,0,,0
1001939,0,1,0,0,0,0,0,,0,0,0,0,0,0,0,0,0,,0
1010710,0,1,0,0,0,0,0,,0,0,0,0,0,0,0,0,0,,0
1012602,0,1,0,0,0,0,0,,0,0,0,0,0,0,0,0,0,,0
1012315,4,2,1,0,0,0,0,2.0,0,1,1,1,1,1,6,0,0,,1
1015692,0,1,0,0,0,0,0,,0,0,0,0,0,0,0,0,0,,1
1010631,0,1,0,0,0,0,0,,0,0,0,0,0,0,0,0,0,,0
1007799,0,1,0,0,0,0,0,,0,0,0,0,0,0,0,0,0,,0
1011379,0,1,0,0,0,0,0,,0,0,0,0,0,0,0,0,0,,0
1004093,4,2,1,0,0,0,0,2.0,0,0,0,1,0,0,2,0,0,,1
1016160,0,1,0,0,0,0,0,,0,0,0,0,0,0,0,0,0,,0
1013012,0,1,0,0,0,0,0,,0,0,0,0,0,0,0,0,0,,0
1017171,4,2,1,1,0,0,0,1.0,0,0,0,1,0,1,3,0,0,,1
1012139,0,1,0,0,0,0,0,,0,0,0,0,0,0,0,0,0,,0
1017206,0,1,0,0,0,0,0,,0,0,0,0,0,0,0,0,0,,0
1002625,0,1,0,0,0,0,0,,0,0,0,0,0,0,0,0,0,,0
1004165,0,1,0,0,0,0,0,,0,0,0,0,0,0,0,0,0,,1
1005810,0,1,0,0,0,0,0,,0,0,0,0,0,0,0,0,0,,0
1014932,0,1,0,0,0,0,0,,0,0,0,0,0,0,0,0,0,,1
1007235,4,0,1,0,0,0,0,1000.0,0,1,0,0,0,0,0,1,1,,1
1013411,4,0,1,1,0,0,0,,0,0,0,0,0,0,0,1,1,,1
1003954,0,1,0,0,0,0,0,,0,0,0,0,0,0,0,0,0,,0
1016008,0,1,0,0,0,0,0,,0,0,0,0,0,0,0,0,0,,0
1011770,0,0,0,0,0,0,0,,0,1,0,0,0,0,0,0,0,,1
1004484,0,1,0,0,0,0,0,,0,0,0,0,0,0,0,0,0,,0
1008313,0,0,0,0,0,0,0,,0,0,0,0,0,0,0,0,1,,1
1005430,0,1,0,0,0,0,0,,0,0,0,0,0,0,0,0,0,,0
1007683,0,1,0,0,0,0,0,,0,0,0,0,0,0,0,0,0,,0
1014297,0,1,0,0,0,0,0,,0,0,0,0,0,0,0,0,0,,0
1003265,0,1,0,0,0,0,0,,0,0,0,0,0,0,0,0,0,,0
1017210,0,1,0,0,0,0,0,,0,0,0,0,0,0,0,0,0,,0
1013385,0,1,0,0,0,0,0,,0,0,0,0,0,0,0,0,0,,0
1004298,4,2,1,1,0,0,0,,0,0,0,1,0,0,2,0,0,,1
1013560,0,1,0,0,0,0,0,,0,0,0,0,0,0,0,0,0,,0
1011106,0,1,0,0,0,0,0,,0,0,0,0,0,0,0,0,0,,0
1011391,4,2,1,1,1,0,0,,0,0,1,1,1,1,6,0,0,,1
1000173,0,1,0,0,0,0,0,,0,0,0,0,0,0,0,0,0,,1
1012270,0,1,0,0,0,0,0,,0,0,0,0,0,0,0,0,0,,1
1013063,4,0,1,1,0,0,0,1.0,0,0,0,0,0,0,0,0,0,,1
1003858,0,1,0,0,0,0,0,,0,0,0,0,0,0,0,0,0,,0
1008975,4,2,1,0,0,0,0,,0,1,0,0,0,0,0,1,5,,1
1002558,0,1,0,0,0,0,0,,0,0,0,0,0,0,0,0,0,,0
1010683,0,1,0,0,0,0,0,,0,0,0,0,0,0,0,0,0,,0
1006285,4,1,1,1,0,0,0,12.0,0,0,0,1,0,1,3,0,0,,1
1000195,0,1,0,0,0,0,0,,0,0,0,0,0,0,0,0,0,,0
1008829,0,0,0,0,0,0,0,,0,0,0,0,0,0,0,1,1,,1
1017098,4,2,1,0,0,0,0,2.0,0,0,0,0,0,0,1,0,0,,1
1009039,4,0,1,0,0,0,0,,0,0,0,1,0,0,2,0,0,,1
1000534,0,1,0,0,0,0,0,,0,0,0,0,0,0,0,0,0,,1
1015468,4,1,1,0,0,0,0,,0,0,0,1,0,0,2,0,0,,1
1005713,0,1,0,0,0,0,0,,0,0,0,0,0,0,0,0,0,,0
1010275,4,2,1,1,1,0,0,,0,0,1,1,1,1,6,0,0,,1
1000083,0,1,0,0,0,0,0,,0,0,0,0,0,0,0,0,0,,0
1007624,4,1,1,0,0,0,0,,0,0,0,1,0,0,2,0,0,,1
1015654,4,0,1,0,0,0,0,,0,0,0,0,0,0,0,0,0,,1
1016243,0,1,0,0,0,0,0,,0,0,0,0,0,0,0,0,0,,0
1012700,0,1,0,0,0,0,0,,0,0,0,0,0,0,0,0,0,,0
1014489,4,0,1,0,0,0,1,,0,1,0,0,0,0,0,1,1,,1
1013739,0,1,0,0,0,0,0,,0,0,0,0,0,0,0,0,0,,1
1008946,0,1,0,0,0,0,0,,0,0,0,0,0,0,0,0,0,,0
1010518,0,1,0,0,0,0,0,,0,0,0,0,0,0,0,0,0,,0
1016914,0,0,1,0,0,0,0,,0,0,0,0,0,0,0,0,1,,1
1002551,4,2,1,1,1,1,0,,0,0,1,1,1,1,5,0,0,,1
1010441,0,1,1,0,0,0,0,1.0,0,0,0,1,0,0,2,0,0,,1
1012736,0,1,0,0,0,0,0,,0,0,0,0,0,0,0,0,0,,0
1001993,0,1,1,0,0,1,0,2.0,0,0,1,0,0,0,3,0,0,,1
1005840,0,1,0,0,0,0,0,,0,0,0,0,0,0,0,0,0,,0
1016565,0,1,0,0,0,0,0,,0,0,0,0,0,0,0,0,0,,0
1005124,4,2,1,0,0,0,0,,0,1,0,1,0,0,2,0,0,,1
1015672,0,1,0,0,0,0,0,,0,0,0,0,0,0,0,0,0,,0
1009313,0,1,0,0,0,0,0,,0,0,0,0,0,0,0,0,0,,0
1011226,0,1,0,0,0,0,0,,0,0,0,0,0,0,0,0,0,,0
1014193,0,1,0,0,0,0,0,,0,0,0,0,0,0,0,0,0,,0
1012156,0,1,0,0,0,0,0,,0,0,0,0,0,0,0,0,0,,0
1004493,0,1,0,0,0,0,0,,0,0,0,0,0,0,0,0,0,,0
1001533,4,2,1,0,0,0,1,,0,0,0,1,0,0,2,0,0,,1
1016504,4,2,1,1,0,0,0,,0,0,0,0,0,0,0,0,0,,1
1002396,4,2,1,1,1,1,1,,0,0,0,0,0,0,0,0,0,,1
1010613,4,2,1,1,1,1,0,,0,0,0,0,0,0,0,0,0,,1
1003627,4,2,1,1,1,0,0,10.0,0,0,1,1,1,1,6,0,0,,1
1006204,4,2,1,1,0,0,0,,0,1,1,1,1,1,6,0,0,,1
1011151,0,1,0,0,0,0,0,,0,0,0,0,0,0,0,0,0,,0
1013325,4,2,1,1,1,0,0,,0,0,0,0,0,0,0,0,0,,1
1011414,4,0,1,1,0,0,0,1.0,0,0,0,1,0,0,2,0,0,,1
1002595,0,1,0,0,0,0,0,,0,0,0,0,0,0,0,0,0,,0
1003046,4,2,1,1,0,0,0,3.0,0,0,1,1,1,1,6,0,0,,1
1007621,4,1,1,0,1,0,0,,0,0,0,1,0,0,1,1,1,,1
1015710,0,1,0,0,0,0,0,,0,0,0,0,0,0,0,0,0,,1
1017023,4,1,1,0,0,0,0,,0,0,0,0,0,0,1,0,0,,1
1007597,4,1,1,0,0,0,0,,0,0,0,0,0,0,3,0,0,,1
1013439,0,1,0,0,0,0,0,,0,0,0,0,0,0,0,0,0,,1
1006452,4,1,1,0,0,0,0,3.0,0,0,0,0,0,0,3,1,1,,1
1007914,0,1,0,0,0,0,0,,0,0,0,0,0,0,0,0,0,,1
1003416,0,1,0,0,0,0,0,,0,0,0,0,0,0,0,0,0,,0
1016854,0,1,0,0,0,0,0,,0,0,0,0,0,0,0,0,0,,0
1015287,4,1,1,1,0,0,0,,0,0,0,0,0,0,0,1,2,,1
1000931,0,1,0,0,0,0,0,,0,0,0,0,0,0,0,0,0,,0
1017425,4,1,1,0,0,0,0,,0,0,0,1,0,0,11,0,0,,1
1010297,0,1,0,0,0,0,0,,0,0,0,0,0,0,0,0,0,,0
1010508,0,1,0,0,0,0,0,,0,0,0,0,0,0,0,0,0,,0
1006698,0,1,0,0,0,0,0,,0,0,0,0,0,0,0,0,0,,1
1004323,4,1,1,1,0,0,0,,0,0,0,0,0,0,0,1,1,,1
1007867,0,0,0,0,0,0,0,,0,0,0,0,0,0,2,0,0,,1
1011460,4,0,1,0,0,0,0,12.0,0,0,0,0,0,0,0,1,1,,1
1010137,4,2,1,1,0,0,0,2.0,0,0,0,0,0,0,0,0,0,,1
1016894,0,1,0,0,0,0,0,,0,0,0,0,0,0,0,0,0,,0
1016339,0,1,0,0,0,0,0,,0,0,0,0,0,0,0,0,0,,0
1015983,0,1,0,0,0,0,0,,0,0,0,0,0,0,0,0,0,,0
1017368,0,1,0,0,0,0,0,,0,0,0,0,0,0,0,0,0,,0
1000431,4,2,1,1,0,0,0,1.0,0,0,0,1,1,0,3,0,0,,1
1016371,4,2,1,1,0,0,0,10.0,1,0,1,1,1,1,6,0,0,,1
1012286,0,1,0,0,0,0,0,,0,0,0,0,0,0,0,0,0,,0
1004780,4,2,1,0,1,0,0,,0,0,0,0,0,0,0,0,0,,1
1009938,0,1,0,0,0,0,0,,0,0,0,0,0,0,0,0,0,,0
1007882,4,2,1,1,0,0,0,,0,0,0,0,0,0,7,0,0,,1
1004216,0,1,0,0,0,0,0,,0,0,0,0,0,0,0,0,0,,0
1012747,0,1,0,0,0,0,0,,0,0,0,0,0,0,0,0,0,,1
1003261,0,1,0,0,0,0,0,,0,0,0,0,0,0,0,0,0,,0
1012692,0,1,0,0,0,0,0,,0,0,0,0,0,0,0,0,0,,0
1008647,0,1,0,0,0,0,0,,0,0,0,0,0,0,0,0,0,,0
1015327,0,1,0,0,0,0,0,,0,0,0,0,0,0,0,0,0,,0
1006708,0,1,0,0,0,0,0,,0,0,0,0,0,0,0,0,0,,1
1000559,4,2,1,0,0,1,0,,0,0,1,1,0,0,3,0,0,,1
1014681,0,1,0,0,0,0,0,,0,0,0,0,0,0,0,0,0,,0
1000364,0,1,0,0,0,0,0,,0,0,0,0,0,0,0,0,0,,1
1014912,0,1,0,0,0,0,0,,0,0,0,0,0,0,0,0,0,,1
1015427,0,1,0,0,0,0,0,,0,0,0,0,0,0,0,0,0,,0
1004939,4,2,1,1,0,0,0,,0,0,0,0,0,0,0,0,0,,1
1011852,4,2,1,0,0,0,0,,0,0,0,0,0,0,8,0,0,,1
1001521,0,1,0,0,0,0,0,,0,0,0,0,0,0,0,0,0,,0
1013877,0,1,1,0,0,0,0,2.0,0,0,1,1,0,0,3,0,0,,1
1004406,0,1,0,0,0,0,0,,0,0,0,0,0,0,0,0,0,,0
1013574,0,1,0,0,0,0,0,,0,0,0,0,0,0,0,0,0,,0
1016470,0,1,0,0,0,0,0,,0,0,0,0,0,0,0,0,0,,0
1017381,0,1,0,0,0,0,0,,0,0,0,0,0,0,0,0,0,,0
1013899,0,1,0,0,0,0,0,,0,0,0,0,0,0,0,0,0,,0
1001155,0,1,0,0,0,0,0,,0,0,0,0,0,0,0,0,0,,0
1004963,4,1,1,1,0,0,0,,0,0,0,0,0,0,0,1,1,,1
1004096,4,2,1,1,1,1,0,,0,0,0,0,0,0,0,0,0,,1
1016134,0,1,0,0,0,0,0,,0,0,0,0,0,0,0,0,0,,0
1004423,4,2,1,1,0,0,0,,0,0,0,1,0,0,2,0,0,,1
1017274,0,1,0,0,0,0,0,,0,0,0,0,0,0,0,0,0,,0
1008352,4,2,1,1,1,0,0,,0,0,1,1,1,1,5,0,0,,1
1013890,4,2,1,1,1,1,1,,0,0,1,1,1,1,6,0,0,,1
1016214,0,1,0,0,0,0,0,,0,0,0,0,0,0,0,0,0,,0
1012813,0,1,0,0,0,0,0,,0,0,0,0,0,0,0,0,0,,0
1013085,0,1,0,0,0,0,0,,0,0,0,0,0,0,0,0,0,,0
1003567,4,2,1,1,1,0,0,,0,0,0,0,0,0,0,0,0,,1
1008260,0,1,0,0,0,0,0,,0,0,0,0,0,0,0,0,0,,1
1002418,0,1,0,0,0,0,0,,0,0,0,0,0,0,0,0,0,,0
1001190,4,2,1,1,1,1,0,,0,0,0,1,1,0,3,0,0,,1
1008795,4,1,1,1,1,0,0,1.0,0,0,0,0,0,0,0,0,0,,1
1016936,0,1,0,0,0,0,0,,0,0,0,0,0,0,0,0,0,,0
1013796,0,1,0,0,0,0,0,,0,0,0,0,0,0,0,0,0,,1
1010915,0,1,0,0,0,0,0,,0,0,0,0,0,0,0,0,0,,1
1014100,0,1,0,0,0,0,0,,0,0,0,0,0,0,0,0,0,,0
1000569,0,1,0,0,0,0,0,,0,0,0,0,0,0,0,0,0,,1
1011018,0,1,0,0,0,0,0,,0,0,0,0,0,0,0,0,0,,0
1013686,0,1,0,0,0,0,0,,0,0,0,0,0,0,0,0,0,,0
1010151,0,1,0,0,0,0,0,,0,0,0,0,0,0,0,0,0,,1
1006148,0,1,0,0,0,0,0,,0,0,0,0,0,0,0,0,0,,0
1014255,4,0,1,0,0,0,0,,0,0,0,0,0,0,0,0,0,,1
1015026,0,1,0,0,0,0,0,,0,0,0,0,0,0,0,0,0,,1
1002666,4,1,1,0,0,0,0,,0,0,0,0,0,0,1,0,0,,1
1004405,4,2,1,1,1,0,0,9.0,1,0,1,1,1,1,6,1,1,,1
1000111,4,2,1,1,1,1,0,,0,0,1,1,1,1,6,0,0,,1
1004497,4,2,1,0,0,0,0,,0,0,0,0,0,0,6,0,0,,1
1004369,4,2,1,1,1,1,0,,0,0,0,0,0,0,8,0,0,,1
1005238,0,1,0,0,0,0,0,,0,0,0,0,0,0,0,0,0,,0
1012815,0,1,0,0,0,0,0,,0,0,0,0,0,0,0,0,0,,1
1008569,0,1,0,0,0,0,0,,0,0,0,0,0,0,0,0,0,,0
1000781,0,1,0,0,0,0,0,,0,0,0,0,0,0,0,0,0,,0
1004792,0,1,0,0,0,0,0,,0,0,0,0,0,0,0,0,0,,1
1004296,0,1,0,0,0,0,0,,0,0,0,0,0,0,0,0,0,,0
1015227,0,1,0,0,0,0,0,,0,0,0,0,0,0,0,0,0,,0
1004327,0,1,0,0,0,0,0,,0,0,0,0,0,0,0,0,0,,0
1001476,4,0,1,1,0,0,0,12.0,0,0,0,0,0,0,0,1,1,,1
1006331,4,2,1,1,1,0,0,2.0,0,0,0,1,1,1,6,0,0,,1
1001480,0,1,0,0,0,0,0,,0,0,0,0,0,0,0,0,0,,1
1014793,0,1,0,0,0,0,0,,0,0,0,0,0,0,0,0,0,,0
1006771,4,2,1,0,1,0,0,,0,0,0,1,0,0,9,0,0,,1
1015629,4,0,1,1,0,0,0,35.0,0,0,0,0,0,0,0,0,0,,1
1011782,0,1,0,0,0,0,0,,0,0,0,0,0,0,0,0,0,,0
1005248,0,1,0,0,0,0,0,,0,0,0,0,0,0,0,0,0,,0
1009085,0,1,0,0,0,0,0,,0,0,0,0,0,0,0,0,0,,0
1007983,0,1,0,0,0,0,0,,0,0,0,0,0,0,0,0,0,,0
1011580,0,0,0,0,0,0,0,,0,0,0,0,0,0,0,0,1,,1
1009097,0,0,0,0,0,0,0,,0,0,0,0,0,0,0,0,1,,1
1012016,0,1,0,0,0,0,0,,0,0,0,0,0,0,0,0,0,,0
1007761,0,1,0,0,0,0,0,,0,0,0,0,0,0,0,0,0,,1
1009264,0,1,0,0,0,0,0,,0,0,0,0,0,0,0,0,0,,1
1007101,0,1,0,0,0,0,0,,0,0,0,0,0,0,0,0,0,,0
1000425,4,1,1,1,0,0,0,2.0,0,0,0,1,0,0,2,0,0,,1
1016290,0,1,0,0,0,0,0,,0,0,0,0,0,0,0,0,0,,1
1004624,0,1,0,0,0,0,0,,0,0,0,0,0,0,0,0,0,,0
1010950,4,2,1,1,1,0,0,3.0,0,0,1,1,1,1,6,0,0,,1
1011138,0,1,0,0,0,0,0,,0,0,0,0,0,0,0,0,0,,1
1014655,0,1,0,0,0,0,0,,0,0,0,0,0,0,0,0,0,,0
1004634,0,1,0,0,0,0,0,,0,0,0,0,0,0,0,0,0,,0
1015656,4,1,1,1,0,0,0,15.0,1,0,1,1,1,1,5,0,0,,1
1013735,0,1,0,0,0,0,0,,0,0,0,0,0,0,0,0,0,,0
1003945,0,1,0,0,0,0,0,,0,0,0,0,0,0,0,0,0,,0
1002417,0,1,0,0,0,0,0,,0,0,0,0,0,0,0,0,0,,0
1016723,0,1,0,0,0,0,0,,0,0,0,0,0,0,0,0,0,,0
1008621,4,0,1,0,0,0,0,,0,0,0,0,0,0,0,1,1,,1
1012436,0,1,0,0,0,0,0,,0,0,0,0,0,0,0,0,0,,0
1003467,0,1,0,0,0,0,0,,0,0,0,0,0,0,0,0,0,,0
1003715,0,1,0,0,0,0,0,,0,0,0,0,0,0,0,0,0,,0
1003168,4,0,1,1,1,1,0,,0,1,1,1,1,1,8,0,0,,1
1001100,0,1,0,0,0,0,0,,0,0,0,0,0,0,0,0,0,,1
1003291,0,1,0,0,0,0,0,,0,0,0,0,0,0,0,0,0,,0
1002911,0,0,0,0,0,0,0,,0,0,0,0,0,0,0,0,0,,1
1008222,4,1,1,1,0,0,0,,0,0,0,0,0,0,0,1,1,,1
1000991,0,1,0,0,0,0,0,,0,0,0,0,0,0,0,0,0,,0
1003870,0,1,0,0,0,0,0,,0,0,0,0,0,0,0,0,0,,0
1010188,3,0,1,0,0,0,0,10.0,0,0,0,0,0,0,0,1,1,,1
1010216,4,2,1,0,0,0,0,,0,0,0,0,0,0,1,0,0,,1
1002014,4,2,1,1,1,0,0,2.0,0,1,1,1,1,1,6,0,0,,1
1015011,0,1,0,0,0,0,0,,0,0,0,0,0,0,0,0,0,,0
1008673,4,2,1,1,0,0,0,6.0,0,0,0,1,1,0,3,0,0,,1
1002144,0,1,0,0,0,0,0,,0,0,0,0,0,0,0,0,0,,0
1017601,0,1,0,0,0,0,0,,0,0,0,0,0,0,0,0,0,,0
1015930,4,1,1,1,0,0,0,,0,0,0,0,0,0,0,1,1,,1
1015196,0,1,0,0,0,0,0,,0,0,0,0,0,0,0,0,0,,0
1009552,0,1,0,0,0,0,0,,0,0,0,0,0,0,0,0,0,,0
1012211,0,1,0,0,0,0,0,,0,0,0,0,0,0,0,0,0,,0
1001305,0,1,0,0,0,0,0,,0,0,0,0,0,0,0,0,0,,0
1006525,4,1,1,0,0,0,1,,0,0,0,1,0,0,2,1,1,,1
1014766,0,1,0,0,0,0,0,,0,0,0,0,0,0,0,0,0,,0
1000187,0,0,0,0,0,0,0,,0,0,0,0,0,0,0,1,1,,1
1003297,4,2,1,1,1,1,0,,0,0,1,1,1,1,6,0,0,,1
1011453,0,1,0,0,0,0,0,,0,0,0,0,0,0,0,0,0,,0
1006893,0,1,0,0,0,0,0,,0,0,0,0,0,0,0,0,0,,0
1009054,4,2,1,1,0,0,0,4.0,0,0,0,1,0,0,2,0,0,,1
1009381,0,1,0,0,0,0,0,,0,0,0,0,0,0,0,0,0,,1
1009014,0,1,0,0,0,0,0,,0,0,0,0,0,0,0,0,0,,0
1001347,0,1,0,0,0,0,0,,0,0,0,0,0,0,0,0,0,,0
1010312,0,1,0,0,0,0,0,,0,0,0,0,0,0,0,0,0,,0
1003253,4,2,1,1,1,1,0,,0,0,1,1,1,1,6,0,0,,1
1012831,0,1,0,0,0,0,0,,0,0,0,0,0,0,0,0,0,,0
1004569,4,1,1,1,0,0,0,1.0,0,0,1,1,0,0,3,0,0,,1
1013410,4,2,1,1,1,0,0,8.8,0,0,1,1,1,1,6,0,0,,1
1000171,4,2,1,1,1,0,0,,0,0,1,1,1,1,6,0,0,,1
1001734,0,1,0,0,0,0,0,,0,0,0,0,0,0,0,0,0,,0
1006946,0,1,0,0,0,0,0,,0,0,0,0,0,0,0,0,0,,0
1009078,0,1,0,0,0,0,0,,0,0,0,0,0,0,0,0,0,,0
1009309,0,1,0,0,0,0,0,,0,0,0,0,0,0,0,0,0,,0
1005431,4,0,1,0,0,0,0,,0,0,0,0,0,0,1,0,0,,1
1013302,0,1,0,0,0,0,0,,0,0,0,0,0,0,0,0,0,,0
1009769,4,1,1,1,0,0,0,,0,0,0,0,0,0,6,1,1,,1
1007651,0,1,0,0,0,0,0,,0,0,0,0,0,0,0,0,0,,0
1004043,0,1,0,0,0,0,0,,0,0,0,0,0,0,0,0,0,,0
1013041,0,1,0,0,0,0,0,,0,0,0,0,0,0,0,0,0,,0
1016576,4,2,1,1,1,0,1,,0,0,0,0,0,0,0,0,0,,1
1000661,0,1,0,0,0,0,0,,0,0,0,0,0,0,0,0,0,,0
1012775,0,1,0,0,0,0,0,,0,0,0,0,0,0,0,0,0,,0
1002512,0,1,0,0,0,0,0,,0,0,0,0,0,0,0,0,0,,1
1002114,0,1,0,0,0,0,0,,0,0,0,0,0,0,0,0,0,,0
1012924,4,2,1,1,1,1,1,,0,0,1,1,1,1,6,0,0,,1
1009244,0,1,0,0,0,0,0,,0,0,0,0,0,0,0,0,0,,0
1004579,0,1,0,0,0,0,0,,0,0,0,0,0,0,0,0,0,,1
1002289,4,2,1,1,1,0,0,2.0,0,0,1,1,1,1,6,0,0,,1
1006513,0,1,0,0,0,0,0,,0,0,0,0,0,0,0,0,0,,0
1014680,4,1,1,1,0,0,0,,0,0,0,0,0,0,0,1,1,,1
1004869,0,1,0,0,0,0,0,,0,0,0,0,0,0,0,0,0,,0
1015075,0,1,0,0,0,0,0,,0,0,0,0,0,0,0,0,0,,1
1007402,0,1,0,0,0,0,0,,0,0,0,0,0,0,0,0,0,,0
1014964,0,0,0,0,0,0,0,,0,0,0,0,0,0,0,1,1,,1
1001559,0,1,0,0,0,0,0,,0,0,0,0,0,0,0,0,0,,0
1003347,4,2,1,1,1,1,0,,0,0,0,0,0,0,0,0,0,,1
1000770,4,0,1,1,1,1,0,1.0,0,0,0,0,0,0,0,0,0,,1
1009241,0,1,0,0,0,0,0,,0,0,0,0,0,0,0,0,0,,0
1016483,0,1,0,0,0,0,0,,0,0,0,0,0,0,0,0,0,,0
1003455,4,1,1,1,0,0,0,,0,0,0,0,0,0,0,1,1,,1
1005344,0,1,0,0,0,0,0,,0,0,0,0,0,0,0,0,0,,1
1009079,0,1,0,0,0,0,0,,0,0,0,0,0,0,0,0,0,,0
1001702,0,1,0,0,0,0,0,,0,0,0,0,0,0,0,0,0,,0
1010171,0,1,0,0,0,0,0,,0,0,0,0,0,0,0,0,0,,0
1002192,0,1,0,0,0,0,0,,0,0,0,0,0,0,0,0,0,,0
1001644,0,1,0,0,0,0,0,,0,0,0,0,0,0,0,0,0,,0
1003815,0,1,0,0,0,0,0,,0,0,0,0,0,0,0,0,0,,0
1013419,4,2,1,0,0,0,0,,0,0,0,1,0,0,2,0,0,,1
1006768,0,1,0,0,0,0,0,,0,0,0,0,0,0,0,0,0,,1
1013242,4,0,1,0,0,0,0,1.0,0,1,0,1,0,1,3,0,0,,1
1006072,0,1,0,0,0,0,0,,0,0,0,0,0,0,0,0,0,,0
1015879,4,2,1,1,1,0,0,1.0,0,0,0,0,0,0,0,0,0,,1
1003371,4,0,1,0,1,0,0,,0,0,0,0,0,0,0,0,1,,1
1002552,4,2,1,1,0,0,0,12.0,0,0,0,1,0,0,2,0,0,,1
1016538,4,2,1,0,1,1,0,,0,0,1,1,1,0,5,0,0,,1
1008679,0,1,0,0,0,0,0,,0,0,0,0,0,0,0,0,0,,0
1010502,0,1,0,0,0,0,0,,0,0,0,0,0,0,0,0,0,,0
1016528,4,2,1,1,0,0,0,17.0,0,0,0,0,0,0,0,0,0,,1
1007739,0,1,0,0,0,0,0,,0,0,0,0,0,0,0,0,0,,0
1002237,0,1,0,0,0,0,0,,0,0,0,0,0,0,0,0,0,,0
1002703,0,0,1,0,0,0,0,,0,0,0,0,0,0,0,1,1,,1
1003841,0,1,0,0,0,0,0,,0,0,0,0,0,0,0,0,0,,0
1008183,0,1,0,0,0,0,0,,0,0,0,0,0,0,0,0,0,,0
1013369,0,1,0,0,0,0,0,,0,0,0,0,0,0,0,0,0,,0
1002948,0,1,0,0,0,0,0,,0,0,0,0,0,0,0,0,0,,0
1015636,0,1,0,0,0,0,0,,0,0,0,0,0,0,0,0,0,,0
1014001,0,1,0,0,0,0,0,,0,0,0,0,0,0,0,0,0,,0
1016966,0,1,0,0,0,0,0,,0,0,0,0,0,0,0,0,0,,0
1008160,0,1,0,0,0,0,0,,0,0,0,0,0,0,0,0,0,,0
1012235,4,1,1,1,0,0,0,1.0,0,0,0,0,0,0,0,1,1,,1
1016157,0,1,0,0,0,0,0,,0,0,0,0,0,0,0,0,0,,0
1010689,0,1,0,0,0,0,0,,0,0,0,0,0,0,0,0,0,,0
1003740,0,1,0,0,0,0,0,,0,0,0,0,0,0,0,0,0,,0
1010308,0,1,0,0,0,0,0,,0,0,0,0,0,0,0,0,0,,0
1007343,0,0,0,0,0,0,0,,0,0,0,0,0,0,0,1,1,,1
1012795,0,1,0,0,0,0,0,,0,0,0,0,0,0,0,0,0,,0
1003877,0,1,0,0,0,0,0,,0,0,0,0,0,0,0,0,0,,0
1015272,0,1,0,0,0,0,0,,0,0,0,0,0,0,0,0,0,,0
1013234,4,0,1,0,0,0,0,,0,0,0,1,0,0,2,0,0,,1
1000843,0,1,0,0,0,0,0,,0,0,0,0,0,0,0,0,0,,0
1000872,0,1,0,0,0,0,0,,0,0,0,0,0,0,0,0,0,,0
1012360,0,1,0,0,0,0,0,,0,0,0,0,0,0,0,0,0,,0
1010525,4,1,1,1,1,1,1,1.0,0,0,0,0,0,0,3,0,0,,1
1000990,0,1,0,0,0,0,0,,0,0,0,0,0,0,0,0,0,,0
1017222,0,1,0,0,0,0,0,,0,0,0,0,0,0,0,0,0,,0
1010015,4,0,1,1,0,0,0,10.0,0,0,0,0,0,0,0,1,1,,1
1009515,0,1,0,0,0,0,0,,0,0,0,0,0,0,0,0,0,,1
1013028,0,1,0,0,0,0,0,,0,0,0,0,0,0,0,0,0,,0
1013657,0,1,0,0,0,0,0,,0,0,0,0,0,0,0,0,0,,0
1007387,0,1,0,0,0,0,0,,0,0,0,0,0,0,0,0,0,,0
1010545,0,1,0,0,0,0,0,,0,0,0,0,0,0,0,0,0,,0
1003844,4,1,1,0,1,0,0,2.0,0,1,0,0,0,0,0,0,0,,1
1011144,0,1,0,0,0,0,0,,0,0,0,0,0,0,0,0,0,,0
1001743,0,1,0,0,0,0,0,,0,0,0,0,0,0,0,0,0,,0
1006097,0,1,0,0,0,0,0,,0,0,0,0,0,0,0,0,0,,0
1011911,4,2,1,0,0,0,0,10.0,0,0,0,1,0,0,3,0,0,,1
1008827,0,1,0,0,0,0,0,,0,0,0,0,0,0,0,0,0,,0
1002051,0,1,0,0,0,0,0,,0,0,0,0,0,0,0,0,0,,0
1001889,0,1,0,0,0,0,0,,0,0,0,0,0,0,0,0,0,,0
1012337,4,2,1,1,0,0,0,2.0,0,0,0,1,0,1,3,0,0,,1
1006233,0,1,0,0,0,0,0,,0,0,0,0,0,0,0,0,0,,0
1004991,0,0,0,0,0,0,0,,0,0,0,0,0,0,0,0,0,,1
1003616,4,0,1,0,0,0,0,,0,0,0,0,0,0,0,0,0,,1
1002914,4,0,1,1,0,0,0,2.0,0,0,0,1,0,0,2,0,0,,1
1002642,4,2,1,1,1,1,0,,0,0,0,0,0,0,0,0,0,,1
1004320,0,1,0,0,0,0,0,,0,0,0,0,0,0,0,0,0,,0
1012966,4,0,1,0,0,0,0,,0,0,0,0,0,0,0,1,1,,1
1000505,4,2,1,1,1,1,1,,0,0,0,0,0,0,0,0,0,,1
1001060,0,1,0,0,0,0,0,,0,0,0,0,0,0,0,0,0,,1
1011045,0,1,0,0,0,0,0,,0,0,0,0,0,0,0,0,0,,0
1011187,0,1,0,0,0,0,0,,0,0,0,0,0,0,0,0,0,,0
1001180,0,1,0,0,0,0,0,,0,0,0,0,0,0,0,0,0,,0
1003429,0,1,0,0,0,0,0,,0,0,0,0,0,0,0,0,0,,1
1001329,4,2,1,0,0,0,0,,0,0,0,1,0,0,2,0,0,,1
1004607,4,2,1,1,1,1,0,,0,0,0,1,1,1,4,0,0,,1
1011651,0,1,0,0,0,0,0,,0,0,0,0,0,0,0,0,0,,0
1006531,0,1,0,0,0,0,0,,0,0,0,0,0,0,0,0,0,,0
1008545,0,1,0,0,0,0,0,,0,0,0,0,0,0,0,0,0,,0
1012424,0,1,0,0,0,0,0,,0,0,0,0,0,0,0,0,0,,0
1008307,0,1,0,0,0,0,0,,0,0,0,0,0,0,0,0,0,,0
1014872,0,1,0,0,0,0,0,,0,0,0,0,0,0,0,0,0,,1
1002920,0,1,0,0,0,0,0,,0,0,0,0,0,0,0,0,0,,1
1015496,0,1,0,0,0,0,0,,0,0,0,0,0,0,0,0,0,,1
1008929,0,1,0,0,0,0,0,,0,0,0,0,0,0,0,0,0,,0
1007330,4,2,1,0,0,0,0,3.0,0,0,1,1,0,0,3,0,0,,1
1010177,4,2,1,1,1,0,0,1.0,0,0,1,1,1,1,6,0,0,,1
1016524,0,1,0,0,0,0,0,,0,0,0,0,0,0,0,0,0,,0
1015755,4,1,1,1,1,0,0,2.0,0,0,0,0,0,0,0,0,0,,1
1014937,4,2,1,1,0,0,0,,1,0,0,1,0,0,3,0,0,,1
1016337,4,1,1,1,0,0,0,1.0,0,0,0,1,0,0,2,0,0,,1
1014795,0,1,0,0,0,0,0,,0,0,0,0,0,0,0,0,0,,0
1007690,4,0,1,1,0,0,0,,0,0,0,0,0,0,0,1,1,,1
1008487,0,1,0,0,0,0,0,,0,0,0,0,0,0,0,0,0,,0
1016967,4,0,1,1,0,0,0,13.0,0,0,0,0,0,0,0,1,1,,1
1003907,4,2,1,0,0,0,0,1.0,0,0,0,0,0,0,0,0,0,,1
1002632,0,1,0,0,0,0,0,,0,0,0,0,0,0,0,0,0,,0
1014367,0,1,0,0,0,0,0,,0,0,0,0,0,0,0,0,0,,1
1000672,0,1,0,0,0,0,0,,0,0,0,0,0,0,0,0,0,,0
1003501,4,2,1,1,0,0,0,,0,0,0,1,1,0,3,0,0,,1
1015920,0,1,0,0,0,0,0,,0,0,0,0,0,0,0,0,0,,0
1001458,0,1,0,0,0,0,0,,0,0,0,0,0,0,0,0,0,,0
1015422,0,1,0,0,0,0,0,,0,0,0,0,0,0,0,0,0,,0
1017468,4,2,1,1,0,0,0,2.0,0,0,1,1,1,1,6,0,0,,1
1017466,4,2,1,1,0,0,0,10.0,1,0,0,1,1,0,3,0,0,,1
1000449,0,1,0,0,0,0,0,,0,0,0,0,0,0,0,0,0,,0
1012593,4,2,1,1,0,0,0,12.0,0,0,0,0,0,0,0,0,0,,1
1014259,0,1,0,0,0,0,0,,0,0,0,0,0,0,0,0,0,,0
1014782,4,2,1,0,0,0,0,,0,1,1,1,1,1,6,0,0,,1
1005559,0,1,0,0,0,0,0,,0,0,0,0,0,0,0,0,0,,0
1004571,4,0,1,0,1,0,0,,0,0,0,0,0,0,0,0,0,,1
1006553,4,2,1,1,1,1,0,2.0,0,0,0,0,0,0,10,0,0,,1
1005657,4,2,1,1,1,1,0,,0,0,0,0,0,0,0,0,0,,1
1014343,0,1,0,0,0,0,0,,0,0,0,0,0,0,0,0,0,,0
1014989,0,1,0,0,0,0,0,,0,0,0,0,0,0,0,0,0,,0
1004640,4,2,1,1,1,0,0,4.0,0,0,1,1,1,1,6,0,0,,1
1017605,0,1,0,0,0,0,0,,0,0,0,0,0,0,0,0,0,,0
1006552,4,2,1,1,0,0,0,,0,0,1,1,1,1,6,0,0,,1
1015902,4,1,1,0,1,0,0,10.0,0,0,0,0,0,0,0,1,1,,1
1001298,0,1,0,0,0,0,0,,0,0,0,0,0,0,0,0,0,,1
1006925,0,1,0,0,0,0,0,,0,0,0,0,0,0,0,0,0,,0
1002166,0,1,0,0,0,0,0,,0,0,0,0,0,0,0,0,0,,0
1016341,0,1,0,0,0,0,0,,0,0,0,0,0,0,0,0,0,,0
1005096,0,1,0,0,0,0,0,,0,0,0,0,0,0,0,0,0,,1
1002140,3,0,1,0,0,0,0,,0,0,0,0,0,0,0,1,1,,1
1016631,4,2,1,1,1,1,1,,0,0,1,1,1,1,6,0,0,,1
1015257,4,2,1,1,1,0,1,,0,0,0,0,0,0,0,0,0,,1
1002883,0,1,0,0,0,0,0,,0,0,0,0,0,0,0,0,0,,1
1014298,0,1,0,0,0,0,0,,0,0,0,0,0,0,0,0,0,,1
1000182,4,2,1,1,1,1,0,3.0,0,0,0,1,0,1,4,0,0,,1
1000219,0,1,0,0,0,0,0,,0,0,0,0,0,0,0,0,0,,0
1009020,0,1,0,0,0,0,0,,0,0,0,0,0,0,0,0,0,,0
1002090,0,1,0,0,0,0,0,,0,0,0,0,0,0,0,0,0,,0
1001243,4,2,1,1,1,0,0,,0,0,1,1,1,1,6,0,0,,1
1013184,0,1,0,0,0,0,0,,0,0,0,0,0,0,0,0,0,,0
1007393,4,2,1,1,1,1,0,2.0,0,0,0,0,0,0,0,0,0,,1
1012854,0,1,0,0,0,0,0,,0,0,0,0,0,0,0,0,0,,1
1016282,0,1,0,0,0,0,0,,0,0,0,0,0,0,0,0,0,,0
1014067,4,2,1,1,1,1,0,,0,0,1,1,1,1,6,0,0,,1
1000309,0,1,0,0,0,0,0,,0,0,0,0,0,0,0,0,0,,1
1000825,0,1,0,0,0,0,0,,0,0,0,0,0,0,0,0,0,,0
1017452,0,1,0,0,0,0,0,,0,0,0,0,0,0,0,0,0,,0
1000442,0,0,0,0,0,0,0,,0,0,0,0,0,0,0,0,0,,1
1007477,0,1,0,0,0,0,0,,0,0,0,0,0,0,0,0,0,,0
1012973,4,2,1,1,0,0,0,1.0,0,0,0,1,0,0,2,0,0,,1
1011753,0,1,0,0,0,0,0,,0,0,0,0,0,0,0,0,0,,1
1013246,0,1,0,0,0,0,0,,0,0,0,0,0,0,0,0,0,,0
1014730,0,1,0,0,0,0,0,,0,0,0,0,0,0,0,0,0,,0
1016317,4,0,1,0,0,0,0,,0,0,0,0,0,0,0,1,1,,1
1005884,4,0,1,0,0,0,1,,0,0,0,1,0,0,2,0,0,,1
1005000,0,1,0,0,0,0,0,,0,0,0,0,0,0,0,0,0,,0
1002712,0,1,0,0,0,0,0,,0,0,0,0,0,0,0,0,0,,1
1012293,4,2,1,1,1,0,0,2.0,0,0,1,1,1,1,6,0,0,,1
1009146,0,1,0,0,0,0,0,,0,0,0,0,0,0,0,0,0,,0
1012241,0,1,0,0,0,0,0,,0,0,0,0,0,0,0,0,0,,0
1006149,4,0,1,0,0,0,0,,0,0,0,0,0,0,0,1,1,,1
1015485,0,1,0,0,0,0,0,,0,0,0,0,0,0,0,0,0,,0
1006517,0,1,0,0,0,0,0,,0,0,0,0,0,0,0,0,0,,0
1006623,0,1,0,0,0,0,0,,0,0,0,0,0,0,0,0,0,,0
1004076,0,1,0,0,0,0,0,,0,0,0,0,0,0,0,0,0,,0
1005798,0,1,0,0,0,0,0,,0,0,0,0,0,0,0,0,0,,0
1001916,4,2,1,1,1,0,0,,0,0,0,0,0,0,6,0,0,,1
1005777,0,1,0,0,0,0,0,,0,0,0,0,0,0,0,0,0,,0
1014023,0,1,0,0,0,0,0,,0,0,0,0,0,0,0,0,0,,1
1017057,0,1,0,0,0,0,0,,0,0,0,0,0,0,0,0,0,,0
1007039,0,1,0,0,0,0,0,,0,0,0,0,0,0,0,0,0,,0
1012975,4,0,1,0,0,0,0,3.0,0,0,0,1,0,0,2,0,0,,1
1007068,0,0,0,0,0,0,0,,0,0,0,0,0,0,0,0,1,,1
1008998,0,1,0,0,0,0,0,,0,0,0,0,0,0,0,0,0,,0
1012014,0,1,0,0,0,0,0,,0,0,0,0,0,0,0,0,0,,0
1017077,0,1,0,0,0,0,0,,0,0,0,0,0,0,0,0,0,,0
1013134,4,2,1,1,1,0,0,2.0,0,0,0,0,0,0,8,1,1,,1
1009979,4,1,1,1,1,1,0,2.0,0,0,1,1,1,1,6,0,0,,1
1015383,4,2,1,1,0,0,0,10.0,0,0,1,1,1,1,6,0,0,,1
1014899,0,1,0,0,0,0,0,,0,0,0,0,0,0,0,0,0,,0
1010768,0,1,0,0,0,0,0,,0,0,0,0,0,0,0,0,0,,0
1013222,0,1,0,0,0,0,0,,0,0,0,0,0,0,0,0,0,,0
1011533,0,1,0,0,0,0,0,,0,0,0,0,0,0,0,0,0,,0
1006773,0,1,0,0,0,0,0,,0,0,0,0,0,0,0,0,0,,0
1000315,0,1,0,0,0,0,0,,0,0,0,0,0,0,0,0,0,,1
1012794,0,1,0,0,0,0,0,,0,0,0,0,0,0,0,0,0,,0
1002187,0,1,0,0,0,0,0,,0,0,0,0,0,0,0,0,0,,0
1006560,0,1,0,0,0,0,0,,0,0,0,0,0,0,0,0,0,,1
1002260,4,1,1,0,0,0,0,,0,0,0,0,0,0,1,0,0,,1
1002174,4,0,1,1,1,0,0,,0,0,0,0,0,0,0,0,0,,1
1014060,4,1,1,0,0,0,0,1.0,0,0,0,0,0,0,1,0,0,,1
1017195,4,2,1,1,1,0,0,,0,0,1,1,1,1,6,0,0,,1
1016953,0,1,0,0,0,0,0,,0,0,0,0,0,0,0,0,0,,0
1003867,4,1,1,0,0,0,0,,0,0,0,0,0,0,0,1,4,,1
1016382,0,1,0,0,0,0,0,,0,0,0,0,0,0,0,0,0,,1
1015583,4,1,1,1,0,0,0,,0,0,0,0,0,0,0,1,1,,1
1008936,4,2,1,0,0,1,0,,0,0,0,1,1,0,3,0,0,,1
1012277,0,1,1,0,0,0,0,,0,0,0,1,0,1,3,0,0,,1
1010333,0,1,0,0,0,0,0,,0,0,0,0,0,0,0,0,0,,1
1005309,0,1,0,0,0,0,0,,0,0,0,0,0,0,0,0,0,,0
1012695,0,1,0,0,0,0,0,,0,0,0,0,0,0,0,0,0,,0
1013236,0,1,0,0,0,0,0,,0,0,0,0,0,0,0,0,0,,0
1013535,0,1,0,0,0,0,0,,0,0,0,0,0,0,0,0,0,,0
1003377,0,1,0,0,0,0,0,,0,0,0,0,0,0,0,0,0,,0
1014039,0,0,0,0,0,0,0,,0,0,0,0,0,0,0,0,0,,1
1000103,4,2,1,1,1,0,0,,0,0,1,1,1,1,6,0,0,,1
1009540,4,2,1,1,0,0,0,3.0,0,0,1,1,1,1,5,0,0,,1
1007632,4,2,1,0,0,1,0,,0,0,0,1,0,0,2,0,0,,1
1006500,4,0,1,0,0,0,0,,0,0,0,0,0,0,0,0,0,,1
1013985,0,1,0,0,0,0,0,,0,0,0,0,0,0,0,0,0,,0
1016929,4,2,1,1,0,0,0,,0,0,1,1,0,0,3,0,0,,1
1017535,0,1,0,0,0,0,0,,0,0,0,0,0,0,0,0,0,,0
1006709,0,1,0,0,0,0,0,,0,0,0,0,0,0,0,0,0,,0
1012339,4,2,1,1,1,0,0,2.0,0,1,0,0,0,0,0,0,0,,1
1010082,0,1,0,0,0,0,0,,0,0,0,0,0,0,0,0,0,,0
1007220,0,1,0,0,0,0,0,,0,0,0,0,0,0,0,0,0,,0
1001065,0,1,0,0,0,0,0,,0,0,0,0,0,0,0,0,0,,1
1015035,0,1,0,0,0,0,0,,0,0,0,0,0,0,0,0,0,,0
1012352,0,1,0,0,0,0,0,,0,0,0,0,0,0,0,0,0,,0
1016027,4,1,1,1,0,0,0,1.0,0,0,1,1,0,0,3,0,0,,1
1008447,4,2,1,0,0,0,0,,0,1,1,1,1,1,6,0,0,,1
1010458,0,0,0,0,0,0,0,,0,0,0,0,0,0,0,0,0,,1
1002245,0,1,0,0,0,0,0,,0,0,0,0,0,0,0,0,0,,0
1014990,0,1,0,0,0,0,0,,0,0,0,0,0,0,0,0,0,,0
1009957,0,1,0,0,0,0,0,,0,0,0,0,0,0,0,0,0,,0
1004730,0,0,0,0,0,0,0,,0,0,0,0,0,0,0,1,1,,1
1006435,4,2,1,1,1,1,0,,0,0,0,0,0,0,7,0,0,,1
1011682,4,2,1,0,0,1,0,,0,0,0,0,0,0,0,1,1,,1
1003933,4,2,1,1,1,0,0,,0,0,0,1,1,0,3,0,0,,1
1009988,0,1,0,0,0,0,0,,0,0,0,0,0,0,0,0,0,,1
1011819,4,2,1,0,0,0,1,,0,0,0,1,0,0,2,0,0,,1
1006320,0,1,0,0,0,0,0,,0,0,0,0,0,0,0,0,0,,0
1008175,0,1,0,0,0,0,0,,0,0,0,0,0,0,0,0,0,,0
1002587,0,1,0,0,0,0,0,,0,0,0,0,0,0,0,0,0,,0
1001830,0,1,0,0,0,0,0,,0,0,0,0,0,0,0,0,0,,0
1016189,4,2,1,1,1,0,0,2.0,0,0,0,1,1,1,6,0,0,,1
1000325,0,1,0,0,0,0,0,,0,0,0,0,0,0,0,0,0,,0
1015408,4,1,1,1,0,0,0,2.0,0,0,0,0,0,0,0,1,1,,1
1009845,0,1,0,0,0,0,0,,0,0,0,0,0,0,0,0,0,,0
1010003,0,1,0,0,0,0,0,,0,0,0,0,0,0,0,0,0,,1
1017399,0,1,0,0,0,0,0,,0,0,0,0,0,0,0,0,0,,0
1009707,0,1,0,0,0,0,0,,0,0,0,0,0,0,0,0,0,,1
1013207,0,1,0,0,0,0,0,,0,0,0,0,0,0,0,0,0,,1
1001475,4,2,1,1,1,0,1,,0,0,0,0,0,0,0,0,0,,1
1016092,4,1,1,0,1,0,0,,0,0,0,0,0,0,0,1,1,,1
1013323,4,2,1,1,0,0,0,,0,0,1,1,1,1,6,0,0,,1
1013226,4,2,1,1,0,0,0,1.0,0,0,1,1,1,1,6,0,0,,1
1015256,0,1,0,0,0,0,0,,0,0,0,0,0,0,0,0,0,,0
1016253,0,1,0,0,0,0,0,,0,0,0,0,0,0,0,0,0,,1
1015311,4,2,1,1,1,1,0,,0,0,0,0,0,0,0,0,0,,1
1000222,0,1,0,0,0,0,0,,0,0,0,0,0,0,0,0,0,,0
1005142,0,1,0,0,0,0,0,,0,0,0,0,0,0,0,0,0,,0
1014086,0,1,0,0,0,0,0,,0,0,0,0,0,0,0,0,0,,0
1010535,0,1,0,0,0,0,0,,0,0,0,0,0,0,0,0,0,,1
1014983,4,2,1,0,0,0,0,,0,0,1,1,0,1,4,0,0,,1
1005993,4,2,1,0,0,0,0,3.0,0,0,1,1,1,1,5,0,0,,1
1012837,0,1,0,0,0,0,0,,0,0,0,0,0,0,0,0,0,,1
1005927,0,1,0,0,0,0,0,,0,0,0,0,0,0,0,0,0,,0
1007643,0,1,0,0,0,0,0,,0,0,0,0,0,0,0,0,0,,1
1000881,0,1,0,0,0,0,0,,0,0,0,0,0,0,0,0,0,,0
1008194,4,1,1,1,0,0,0,2.0,0,0,1,1,0,0,3,0,0,,1
1001751,0,1,0,0,0,0,0,,0,0,0,0,0,0,0,0,0,,1
1015089,0,1,0,0,0,0,0,,0,0,0,0,0,0,0,0,0,,0
1001862,4,2,1,1,1,0,0,,0,0,0,0,0,0,0,1,1,,1
1015703,0,1,0,0,0,0,0,,0,0,0,0,0,0,0,0,0,,0
1012404,0,1,0,0,0,0,0,,0,0,0,0,0,0,0,0,0,,0
1010096,0,1,0,0,0,0,0,,0,0,0,0,0,0,0,0,0,,0
1003392,0,1,0,0,0,0,0,,0,0,0,0,0,0,0,0,0,,1
1014936,4,1,1,1,0,0,0,,0,0,0,0,0,0,0,1,1,,1
1001776,0,1,0,0,0,0,0,,0,0,0,0,0,0,0,0,0,,0
1008808,0,1,0,0,0,0,0,,0,0,0,0,0,0,0,0,0,,0
1007290,0,1,0,0,0,0,0,,0,0,0,0,0,0,0,0,0,,0
1002560,4,2,1,1,1,1,0,,0,0,1,1,1,1,6,0,0,,1
1002147,4,2,1,0,0,0,1,,0,0,0,1,0,0,2,0,0,,1
1011848,0,1,1,1,0,0,0,9.0,0,0,1,1,0,0,3,0,0,,1
1009929,4,2,1,1,1,0,0,,0,0,0,0,0,0,4,0,0,,1
1014853,0,1,0,0,0,0,0,,0,0,0,0,0,0,0,0,0,,1
1002934,0,1,0,0,0,0,0,,0,0,0,0,0,0,0,0,0,,0
1003426,0,1,0,0,0,0,0,,0,0,0,0,0,0,0,0,0,,0
1002746,0,1,0,0,0,0,0,,0,0,0,0,0,0,0,0,0,,0
1012340,4,2,1,0,0,0,0,,0,0,0,0,0,0,0,0,0,3.0,1
1000371,4,2,1,0,0,0,0,,0,0,1,1,1,1,6,0,0,,1
1008362,0,1,0,0,0,0,0,,0,0,0,0,0,0,0,0,0,,0
1007646,4,2,1,1,1,1,0,,0,0,0,0,0,0,0,0,0,,1
1012551,0,1,0,0,0,0,0,,0,0,0,0,0,0,0,0,0,,0
1014583,0,1,0,0,0,0,0,,0,0,0,0,0,0,0,0,0,,0
1006350,0,1,0,0,0,0,0,,0,0,0,0,0,0,0,0,0,,0
1017176,0,1,0,0,0,0,0,,0,0,0,0,0,0,0,0,0,,0
1006589,4,1,1,1,1,1,1,,0,0,1,1,0,0,3,0,0,,1
1005576,0,1,0,0,0,0,0,,0,0,0,0,0,0,0,0,0,,0
1015249,0,1,0,0,0,0,0,,0,0,0,0,0,0,0,0,0,,0
1010947,4,1,1,1,0,0,0,12.0,0,0,1,1,1,1,6,0,0,,1
1002294,4,2,1,1,1,1,0,,0,0,0,0,0,0,3,0,0,,1
1013188,0,1,0,0,0,0,0,,0,0,0,0,0,0,0,0,0,,0
1001906,0,1,0,0,0,0,0,,0,0,0,0,0,0,0,0,0,,0
1017393,4,2,1,1,1,1,0,4.0,0,0,0,1,1,1,4,0,0,,1
1014950,0,1,0,0,0,0,0,,0,0,0,0,0,0,0,0,0,,0
1004072,4,1,1,0,0,0,0,,0,0,0,0,0,0,1,1,1,,1
1005453,0,1,0,0,0,0,0,,0,0,0,0,0,0,0,0,0,,1
1014613,4,0,1,0,0,0,1,,0,0,0,1,0,0,2,0,0,,1
1015181,0,1,0,0,0,0,0,,0,0,0,0,0,0,0,0,0,,0
1009400,4,1,1,0,1,0,0,3.0,0,0,0,1,0,1,3,0,0,,1
1008203,4,0,1,0,0,0,0,,0,0,0,0,0,0,0,0,0,,1
1006935,4,2,1,0,0,0,0,,0,0,0,1,1,1,4,0,0,,1
1001114,0,1,0,0,0,0,0,,0,0,0,0,0,0,0,0,0,,1
1013685,0,1,0,0,0,0,0,,0,0,0,0,0,0,0,0,0,,0
1006684,0,1,0,0,0,0,0,,0,0,0,0,0,0,0,0,0,,0
1012732,4,2,1,1,1,1,0,,0,0,1,1,1,1,6,0,0,,1
1011899,0,1,0,0,0,0,0,,0,0,0,0,0,0,0,0,0,,0
1015721,0,1,0,0,0,0,0,,0,0,0,0,0,0,0,0,0,,0
1000255,0,1,0,0,0,0,0,,0,0,0,0,0,0,0,0,0,,0
1010989,0,0,1,0,0,0,0,,0,0,0,0,0,0,0,1,2,,1
1014970,0,1,0,0,0,0,0,,0,0,0,0,0,0,0,0,0,,1
1016750,4,2,1,1,1,0,1,,0,0,0,0,0,0,0,0,0,,1
1009323,4,2,1,0,1,0,0,,0,0,0,1,1,0,3,0,0,,1
1005973,4,2,1,1,1,1,1,1.0,0,1,0,0,0,0,0,0,0,,1
1011930,4,1,1,1,1,1,0,3.0,0,0,0,0,0,0,0,0,0,,1
1000852,0,0,0,0,0,0,0,,0,0,0,0,0,0,0,0,0,,1
1016437,0,1,0,0,0,0,0,,0,0,0,0,0,0,0,0,0,,0
1012806,4,2,1,1,0,0,0,4.0,0,0,0,1,1,1,4,0,0,,1
1002909,0,1,0,0,0,0,0,,0,0,0,0,0,0,0,0,0,,0
1006368,0,1,0,0,0,0,0,,0,0,0,0,0,0,0,0,0,,0
1008288,0,1,0,0,0,0,0,,0,0,0,0,0,0,0,0,0,,0
1007720,0,1,0,0,0,0,0,,0,0,0,0,0,0,0,0,0,,1
1010731,4,1,1,0,0,0,0,,0,0,0,0,0,0,0,0,0,,1
1003513,0,1,0,0,0,0,0,,0,0,0,0,0,0,0,0,0,,0
1004845,0,1,0,0,0,0,0,,0,0,0,0,0,0,0,0,0,,0
1007984,0,1,0,0,0,0,0,,0,0,0,0,0,0,0,0,0,,0
1014855,4,2,1,1,1,1,1,,0,0,1,1,1,1,6,0,0,,1
1008326,0,0,0,0,0,0,0,,0,0,0,0,0,0,0,0,0,,1
1000004,0,1,0,0,0,0,0,,0,0,0,0,0,0,0,0,0,,0
1003544,0,1,0,0,0,0,0,,0,0,0,0,0,0,0,0,0,,0
1015360,0,1,0,0,0,0,0,,0,0,0,0,0,0,0,0,0,,0
1007127,0,1,0,0,0,0,0,,0,0,0,0,0,0,0,0,0,,0
1004304,0,1,0,0,0,0,0,,0,0,0,0,0,0,0,0,0,,0
1012324,0,1,0,0,0,0,0,,0,0,0,0,0,0,0,0,0,,1
1009803,0,1,0,0,0,0,0,,0,0,0,0,0,0,0,0,0,,0
1006618,0,1,0,0,0,0,0,,0,0,0,0,0,0,0,0,0,,1
1014436,0,1,0,0,0,0,0,,0,0,0,0,0,0,0,0,0,,0
1002601,0,1,0,0,0,0,0,,0,0,0,0,0,0,0,0,0,,0
1014645,0,1,0,0,0,0,0,,0,0,0,0,0,0,0,0,0,,0
1001186,0,0,0,0,0,0,0,,0,0,0,0,0,0,1,0,1,,1
1017120,0,1,0,0,0,0,0,,0,0,0,0,0,0,0,0,0,,0
1007579,4,2,1,1,0,0,0,,0,0,1,1,1,1,6,0,0,,1
1001121,0,1,0,0,0,0,0,,0,0,0,0,0,0,0,0,0,,0
1013612,0,1,0,0,0,0,0,,0,0,0,0,0,0,0,0,0,,0
1001312,4,2,1,1,1,0,0,,0,0,1,1,1,1,6,0,0,,1
1009856,0,0,0,0,0,0,0,,0,0,0,0,0,0,0,1,1,,1
1014669,0,1,0,0,0,0,0,,0,0,0,0,0,0,0,0,0,,0
1012239,1,0,1,0,0,0,0,,0,0,0,0,0,0,0,1,1,,1
1006476,0,1,0,0,0,0,0,,0,0,0,0,0,0,0,0,0,,0
1001024,0,0,0,0,0,0,0,,0,0,0,0,0,0,0,1,1,,1
1001194,0,1,0,0,0,0,0,,0,0,0,0,0,0,0,0,0,,0
1009005,0,1,0,0,0,0,0,,0,0,0,0,0,0,0,0,0,,0
1000816,0,1,0,0,0,0,0,,0,0,0,0,0,0,0,0,0,,1
1002290,0,1,0,0,0,0,0,,0,0,0,0,0,0,0,0,0,,1
1005170,0,1,0,0,0,0,0,,0,0,0,0,0,0,0,0,0,,0
1004140,0,1,0,0,0,0,0,,0,0,0,0,0,0,0,0,0,,1
1012409,0,0,0,0,0,0,0,,0,0,0,0,0,0,0,0,0,,1
1008613,4,1,1,0,0,0,0,,0,0,0,1,0,0,3,0,0,,1
1000997,0,1,0,0,0,0,0,,0,0,0,0,0,0,0,0,0,,0
1014753,0,1,0,0,0,0,0,,0,0,0,0,0,0,0,0,0,,0
1010378,0,1,0,0,0,0,0,,0,0,0,0,0,0,0,0,0,,1
1011420,0,1,0,0,0,0,0,,0,0,0,0,0,0,0,0,0,,0
1002940,4,0,1,1,0,0,0,3.0,0,0,0,0,0,0,0,1,1,,1
1015738,0,1,0,0,0,0,0,,0,0,0,0,0,0,0,0,0,,0
1014841,0,1,0,0,0,0,0,,0,0,0,0,0,0,0,0,0,,0
1002177,4,0,1,0,0,0,1,,0,0,0,1,0,0,2,0,0,,1
1009334,0,1,0,0,0,0,0,,0,0,0,0,0,0,0,0,0,,0
1015740,4,2,1,1,1,0,0,,0,0,0,0,0,0,0,0,0,,1
1000432,0,1,0,0,0,0,0,,0,0,0,0,0,0,0,0,0,,0
1011083,4,1,1,0,0,0,0,1.0,0,0,0,0,0,0,1,0,0,,1
1016182,0,1,0,0,0,0,0,,0,0,0,0,0,0,0,0,0,,0
1014488,0,1,0,0,0,0,0,,0,0,0,0,0,0,0,0,0,,1
1004189,0,1,0,0,0,0,0,,0,0,0,0,0,0,0,0,0,,0
1002582,4,2,1,1,1,1,1,,0,0,0,0,0,0,0,0,0,,1
1005014,0,1,0,0,0,0,0,,0,0,0,0,0,0,0,0,0,,0
1008164,0,1,0,0,0,0,0,,0,0,0,0,0,0,0,0,0,,0
1005901,0,1,0,0,0,0,0,,0,0,0,0,0,0,0,0,0,,0
1004675,0,1,0,0,0,0,0,,0,0,0,0,0,0,0,0,0,,0
1016135,0,1,0,0,0,0,0,,0,0,0,0,0,0,0,0,0,,0
1008965,0,1,0,0,0,0,0,,0,0,0,0,0,0,0,0,0,,1
1008049,0,1,0,0,0,0,0,,0,0,0,0,0,0,0,0,0,,0
1009171,4,2,1,0,0,0,0,,0,0,0,1,0,0,4,0,0,,1
1005784,0,1,0,0,0,0,0,,0,0,0,0,0,0,0,0,0,,0
1001975,0,1,0,0,0,0,0,,0,0,0,0,0,0,0,0,0,,0
1009908,0,1,0,0,0,0,0,,0,0,0,0,0,0,0,0,0,,0
1014834,0,1,0,0,0,0,0,,0,0,0,0,0,0,0,0,0,,0
1009362,4,2,1,1,1,1,1,,0,0,0,0,0,0,0,0,0,,1
1006595,0,1,0,0,0,0,0,,0,0,0,0,0,0,0,0,0,,0
1005703,4,2,1,1,0,0,0,12.0,0,1,1,1,1,1,6,0,0,,1
1008639,0,1,0,0,0,0,0,,0,0,0,0,0,0,0,0,0,,0
1004753,0,1,0,0,0,0,0,,0,0,0,0,0,0,0,0,0,,1
1012335,4,1,1,1,0,0,0,,0,0,0,0,0,0,0,1,1,,1
1008472,4,1,1,1,0,0,0,,0,0,0,0,0,0,0,1,1,,1
1015759,0,1,0,0,0,0,0,,0,0,0,0,0,0,0,0,0,,0
1009882,4,0,1,0,1,0,0,,0,0,0,0,0,0,0,1,1,,1
1016093,0,0,1,0,0,0,0,4.0,0,0,0,0,0,0,0,1,1,,1
1003160,4,2,1,1,1,0,0,1.0,0,0,0,0,0,0,6,0,0,,1
1013441,0,1,0,0,0,0,0,,0,0,0,0,0,0,0,0,0,,0
1010882,0,1,0,0,0,0,0,,0,0,0,0,0,0,0,0,0,,0
1010954,4,2,1,1,0,0,0,,0,0,0,1,0,1,3,0,0,,1
1010016,4,0,1,0,0,0,0,,0,0,0,0,0,0,0,1,1,,1
1007205,4,2,1,1,1,0,0,,0,0,1,1,1,1,6,0,0,,1
1001006,0,1,0,0,0,0,0,,0,0,0,0,0,0,0,0,0,,0
1013124,0,1,0,0,0,0,0,,0,0,0,0,0,0,0,0,0,,0
1007170,0,1,0,0,0,0,0,,0,0,0,0,0,0,0,0,0,,1
1003646,4,1,1,1,0,0,0,14.0,0,0,0,0,0,0,0,1,1,,1
1011730,0,1,0,0,0,0,0,,0,0,0,0,0,0,0,0,0,,1
1003691,0,1,0,0,0,0,0,,0,0,0,0,0,0,0,0,0,,0
1000597,4,2,1,0,0,0,0,,0,0,1,1,0,0,3,0,0,,1
1003177,4,0,1,0,0,0,0,,0,0,0,0,0,0,0,0,1,,1
1009435,0,1,0,0,0,0,0,,0,0,0,0,0,0,0,0,0,,0
1012659,0,1,0,0,0,0,0,,0,0,0,0,0,0,0,0,0,,0
1006311,0,1,0,0,0,0,0,,0,0,0,0,0,0,0,0,0,,0
1003869,0,1,0,0,0,0,0,,0,0,0,0,0,0,0,0,0,,1
1015013,0,1,0,0,0,0,0,,0,0,0,0,0,0,0,0,0,,0
1009670,4,2,1,1,1,1,0,,0,1,0,0,0,0,0,0,0,,1
1002834,0,1,0,0,0,0,0,,0,0,0,0,0,0,0,0,0,,0
1012073,0,1,0,0,0,0,0,,0,0,0,0,0,0,0,0,0,,0
1007209,0,1,0,0,0,0,0,,0,0,0,0,0,0,0,0,0,,0
1000784,0,1,0,0,0,0,0,,0,0,0,0,0,0,0,0,0,,0
1003824,0,1,0,0,0,0,0,,0,0,0,0,0,0,0,0,0,,0
1004487,4,2,1,0,0,0,1,,0,0,0,1,0,0,2,0,0,,1
1001217,4,2,1,1,0,0,0,,0,0,0,0,0,0,1,0,0,,1
1005718,3,1,1,0,0,0,0,,0,0,0,0,0,0,0,0,0,,1
1001844,0,1,0,0,0,0,0,,0,0,0,0,0,0,0,0,0,,0
1017190,0,1,0,0,0,0,0,,0,0,0,0,0,0,0,0,0,,0
1014749,0,1,0,0,0,0,0,,0,0,0,0,0,0,0,0,0,,1
1005889,0,1,0,0,0,0,0,,0,0,0,0,0,0,0,0,0,,0
1014184,4,0,1,1,0,0,0,,0,0,0,0,0,0,0,1,1,,1
1010620,0,1,0,0,0,0,0,,0,0,0,0,0,0,0,0,0,,0
1017234,4,2,1,1,0,0,0,40.0,1,0,0,0,0,0,0,0,0,,1
1006064,0,1,0,0,0,0,0,,0,0,0,0,0,0,0,0,0,,0
1010240,0,1,0,0,0,0,0,,0,0,0,0,0,0,0,0,0,,0
1012521,0,1,0,0,0,0,0,,0,0,0,0,0,0,0,0,0,,1
1016923,4,2,1,1,1,0,0,,0,0,1,1,1,1,6,0,0,,1
1009777,0,1,0,0,0,0,0,,0,0,0,0,0,0,0,0,0,,0
1005001,0,1,0,0,0,0,0,,0,0,0,0,0,0,0,0,0,,0
1013964,4,2,1,1,0,0,0,12.0,0,0,0,0,0,0,0,0,0,,1
1004419,0,1,0,0,0,0,0,,0,0,0,0,0,0,0,0,0,,1
1008541,0,1,0,0,0,0,0,,0,0,0,0,0,0,0,0,0,,1
1015209,0,0,0,0,0,0,0,,0,0,0,0,0,0,0,1,1,,1
1003592,0,1,0,0,0,0,0,,0,0,0,0,0,0,0,0,0,,0
1011989,0,1,0,0,0,0,0,,0,0,0,0,0,0,0,0,0,,0
1006384,0,1,0,0,0,0,0,,0,0,0,0,0,0,0,0,0,,0
1014805,0,1,0,0,0,0,0,,0,0,0,0,0,0,0,0,0,,0
1013224,4,0,1,0,0,0,0,,0,0,0,1,0,0,2,0,0,,1
1006782,4,1,1,1,1,0,0,1.0,0,1,0,1,1,1,4,1,1,,1
1015278,0,1,0,0,0,0,0,,0,0,0,0,0,0,0,0,0,,0
1004942,0,1,0,0,0,0,0,,0,0,0,0,0,0,0,0,0,,0
1008407,4,2,1,1,1,0,0,,0,0,0,0,0,0,0,0,0,,1
1002901,0,1,0,0,0,0,0,,0,0,0,0,0,0,0,0,0,,0
1001378,0,1,0,0,0,0,0,,0,0,0,0,0,0,0,0,0,,0
1006868,4,0,1,0,1,0,0,10.0,0,0,0,0,0,0,0,1,1,,1
1000203,4,0,1,0,0,0,0,,0,0,0,0,0,0,0,0,0,,1
1005913,0,1,0,0,0,0,0,,0,0,0,0,0,0,0,0,0,,0
1016988,3,0,1,0,1,0,0,8.0,0,0,0,0,0,0,0,1,1,,1
1011816,0,1,0,0,0,0,0,,0,0,0,0,0,0,0,0,0,,0
1010784,0,1,0,0,0,0,0,,0,0,0,0,0,0,0,0,0,,1
1011172,0,1,0,0,0,0,0,,0,0,0,0,0,0,0,0,0,,1
1016760,4,1,1,0,0,0,0,1.0,0,1,0,1,0,0,3,0,0,,1
1007786,0,1,0,0,0,0,0,,0,0,0,0,0,0,0,0,0,,0
1009625,4,1,1,1,1,0,0,,0,1,0,0,0,0,4,0,0,,1
1006668,0,1,0,0,0,0,0,,0,0,0,0,0,0,0,0,0,,0
1007367,0,1,0,0,0,0,0,,0,0,0,0,0,0,0,0,0,,0
1011549,4,1,1,1,0,0,0,,0,0,0,0,0,0,1,0,0,,1
1012067,4,0,1,1,0,0,0,,0,0,0,0,0,0,0,1,1,,1
1010150,4,1,1,0,1,0,0,1489.0,0,0,0,0,0,0,0,1,1,,1
1012030,0,1,0,0,0,0,0,,0,0,0,0,0,0,0,0,0,,0
1008040,4,0,1,0,0,0,0,,0,0,0,0,0,0,0,1,1,,1
1000649,0,1,0,0,0,0,0,,0,0,0,0,0,0,0,0,0,,0
1014825,4,2,1,0,0,0,0,,0,0,0,0,0,0,2,0,0,,1
1006108,0,1,0,0,0,0,0,,0,0,0,0,0,0,0,0,0,,0
1004094,4,2,1,1,0,0,1,,0,0,1,1,1,1,5,0,0,,1
1014490,0,1,0,0,0,0,0,,0,0,0,0,0,0,0,0,0,,0
1014881,0,1,0,0,0,0,0,,0,0,0,0,0,0,0,0,0,,1
1010709,2,0,1,0,0,0,0,,0,0,0,0,0,0,0,1,1,,1
1005492,0,1,0,0,0,0,0,,0,0,0,0,0,0,0,0,0,,1
1006477,4,2,1,0,0,0,0,20.0,0,0,1,1,1,1,6,0,0,,1
1005178,0,1,0,0,0,0,0,,0,0,0,0,0,0,0,0,0,,0
1015309,4,1,1,0,0,0,0,,0,0,0,1,0,0,2,0,0,,1
1004856,0,1,0,0,0,0,0,,0,0,0,0,0,0,0,0,0,,0
1010064,0,1,0,0,0,0,0,,0,0,0,0,0,0,0,0,0,,0
1003519,0,1,0,0,0,0,0,,0,0,0,0,0,0,0,0,0,,0
1005700,4,2,1,1,0,0,0,,0,0,1,1,1,1,6,0,0,,1
1007559,0,1,0,0,0,0,0,,0,0,0,0,0,0,0,0,0,,0
1002432,0,1,0,0,0,0,0,,0,0,0,0,0,0,0,0,0,,1
1010273,0,1,0,0,0,0,0,,0,0,0,0,0,0,0,0,0,,0
1012938,4,1,1,0,1,0,0,,0,0,0,0,0,0,0,1,1,,1
1016343,0,1,0,0,0,0,0,,0,0,0,0,0,0,0,0,0,,0
1000486,0,1,0,0,0,0,0,,0,0,0,0,0,0,0,0,0,,0
1010021,0,1,0,0,0,0,0,,0,0,0,0,0,0,0,0,0,,0
1001736,0,1,0,0,0,0,0,,0,0,0,0,0,0,0,0,0,,0
1006927,4,1,1,0,1,0,0,1.0,0,0,0,0,0,0,0,0,0,,1
1010480,4,1,1,0,0,0,0,2.0,0,0,0,0,0,0,0,0,0,,1
1007780,4,1,1,0,0,0,0,2.0,0,0,0,1,0,0,2,0,0,,1
1008390,0,1,0,0,0,0,0,,0,0,0,0,0,0,0,0,0,,0
1017008,4,1,1,1,0,0,0,,0,0,0,0,0,0,1,0,0,,1
1001490,0,1,0,0,0,0,0,,0,0,0,0,0,0,0,0,0,,0
1001563,0,1,0,0,0,0,0,,0,0,0,0,0,0,0,0,0,,0
1002224,4,2,1,0,0,0,0,,0,0,0,0,0,0,0,0,0,,1
1014769,0,1,0,0,0,0,0,,0,0,0,0,0,0,0,0,0,,0
1004732,0,1,0,0,0,0,0,,0,0,0,0,0,0,0,0,0,,0
1005836,0,1,0,0,0,0,0,,0,0,0,0,0,0,0,0,0,,0
1010348,4,2,1,1,1,1,0,,0,0,0,0,0,0,0,0,0,,1
1016627,2,0,0,0,0,0,0,,0,0,0,0,0,0,0,1,1,,1
1004338,4,2,1,1,1,1,0,,0,0,1,1,1,1,6,0,0,,1
1002848,0,1,0,0,0,0,0,,0,0,0,0,0,0,0,0,0,,0
1013517,0,1,0,0,0,0,0,,0,0,0,0,0,0,0,0,0,,0
1008978,0,1,0,0,0,0,0,,0,0,0,0,0,0,0,0,0,,0
1017289,0,1,0,0,0,0,0,,0,0,0,0,0,0,0,0,0,,0
1017179,4,0,1,0,0,0,0,,0,0,0,0,0,0,0,0,0,,1
1001567,0,1,0,0,0,0,0,,0,0,0,0,0,0,0,0,0,,0
1000138,4,2,1,1,0,0,0,1.0,0,0,0,0,0,0,1,0,0,,1
1013882,0,1,0,0,0,0,0,,0,0,0,0,0,0,0,0,0,,0
1005258,4,1,1,0,0,0,0,,0,0,1,1,1,1,6,0,1,,1
1004736,0,1,0,0,0,0,0,,0,0,0,0,0,0,0,0,0,,0
1011986,0,1,0,0,0,0,0,,0,0,0,0,0,0,0,0,0,,1
1001713,4,2,1,0,1,1,1,,0,0,0,1,0,0,6,0,0,,1
1003495,4,2,1,1,1,1,0,,0,1,1,1,1,1,6,0,0,,1
1000600,0,1,0,0,0,0,0,,0,0,0,0,0,0,0,0,0,,0
1002812,0,1,0,0,0,0,0,,0,0,0,0,0,0,0,0,0,,0
1005059,0,1,0,0,0,0,0,,0,0,0,0,0,0,0,0,0,,0
1004949,4,1,1,0,0,0,0,,0,0,0,0,0,0,1,0,0,,1
1016211,0,1,0,0,0,0,0,,0,0,0,0,0,0,0,0,0,,0
1002271,4,2,1,0,0,0,0,,0,0,0,0,0,0,10,0,0,,1
1010060,0,1,0,0,0,0,0,,0,0,0,0,0,0,0,0,0,,1
1001865,0,1,0,0,0,0,0,,0,0,0,0,0,0,0,0,0,,0
1002501,0,1,0,0,0,0,0,,0,0,0,0,0,0,0,0,0,,1
1002661,0,1,0,0,0,0,0,,0,0,0,0,0,0,0,0,0,,1
1015233,0,1,0,0,0,0,0,,0,0,0,0,0,0,0,0,0,,0
1005953,0,1,0,0,0,0,0,,0,0,0,0,0,0,0,0,0,,0
1012146,4,0,1,0,0,0,0,,0,0,0,0,0,0,0,1,1,,1
1000127,0,1,0,0,0,0,0,,0,0,0,0,0,0,0,0,0,,0
1017442,0,1,0,0,0,0,0,,0,0,0,0,0,0,0,0,0,,0
1010509,0,1,0,0,0,0,0,,0,0,0,0,0,0,0,0,0,,0
1013764,0,0,1,1,1,1,0,,0,0,0,0,0,0,0,1,1,,1
1014776,0,1,0,0,0,0,0,,0,0,0,0,0,0,0,0,0,,0
1006256,4,0,1,0,0,0,0,,0,0,0,1,0,0,2,0,0,,1
1012690,0,1,0,0,0,0,0,,0,0,0,0,0,0,0,0,0,,0
1004036,0,0,0,0,0,0,0,,0,0,0,0,0,0,0,0,0,,1
1011249,0,1,0,0,0,0,0,,0,0,0,0,0,0,0,0,0,,0
1000142,0,1,0,0,0,0,0,,0,0,0,0,0,0,0,0,0,,0
1004615,4,1,1,1,1,1,0,4.0,0,0,0,1,1,1,4,0,0,,1
1010776,4,2,1,0,0,0,0,1.0,0,0,0,0,0,0,1,0,0,,1
1009176,0,1,0,0,0,0,0,,0,0,0,0,0,0,0,0,0,,1
1002226,0,1,0,0,0,0,0,,0,0,0,0,0,0,0,0,0,,0
1013305,0,1,0,0,0,0,0,,0,0,0,0,0,0,0,0,0,,0
1008739,0,1,0,0,0,0,0,,0,0,0,0,0,0,0,0,0,,0
1014045,4,2,0,0,0,0,0,,0,0,0,1,0,0,2,0,0,,1
1016494,0,1,0,0,0,0,0,,0,0,0,0,0,0,0,0,0,,0
1014843,0,1,0,0,0,0,0,,0,0,0,0,0,0,0,0,0,,1
1006659,4,1,1,0,0,0,0,1.0,0,0,0,1,0,0,1,0,0,,1
1007074,0,1,0,0,0,0,0,,0,0,0,0,0,0,0,0,0,,0
1006679,0,1,0,0,0,0,0,,0,0,0,0,0,0,0,0,0,,0
1012055,0,1,0,0,0,0,0,,0,0,0,0,0,0,0,0,0,,1
1011671,0,1,0,0,0,0,0,,0,0,0,0,0,0,0,0,0,,0
1002228,0,1,0,0,0,0,0,,0,0,0,0,0,0,0,0,0,,0
1014300,0,1,0,0,0,0,0,,0,0,0,0,0,0,0,0,0,,0
1010675,4,2,1,0,0,0,0,,0,0,1,1,1,1,6,0,0,,1
1001530,0,1,0,0,0,0,0,,0,0,0,0,0,0,0,0,0,,0
1001434,0,1,0,0,0,0,0,,0,0,0,0,0,0,0,0,0,,0
1000238,0,1,0,0,0,0,0,,0,0,0,0,0,0,0,0,0,,1
1016313,0,1,0,0,0,0,0,,0,0,0,0,0,0,0,0,0,,0
1016508,3,0,1,0,0,0,0,,0,0,0,0,0,0,0,1,1,,1
1010961,4,1,1,1,1,0,0,2.5,0,0,0,0,0,0,0,0,0,,1
1006196,0,1,0,0,0,0,0,,0,0,0,0,0,0,0,0,0,,0
1002722,0,1,0,0,0,0,0,,0,0,0,0,0,0,0,0,0,,0
1008317,0,1,0,0,0,0,0,,0,0,0,0,0,0,0,0,0,,0
1008471,0,1,0,0,0,0,0,,0,0,0,0,0,0,0,0,0,,0
1011409,4,1,1,1,0,0,0,,0,0,0,0,0,0,0,1,1,,1
1005866,0,1,0,0,0,0,0,,0,0,0,0,0,0,0,0,0,,0
1003534,0,1,0,0,0,0,0,,0,0,0,0,0,0,0,0,0,,0
1004496,0,1,0,0,0,0,0,,0,0,0,0,0,0,0,0,0,,0
1006183,0,1,0,0,0,0,0,,0,0,0,0,0,0,0,0,0,,0
1007785,4,2,1,1,1,0,0,,0,0,1,1,1,1,6,0,0,,1
1009252,0,1,0,0,0,0,0,,0,0,0,0,0,0,0,0,0,,0
1017361,0,1,0,0,0,0,0,,0,0,0,0,0,0,0,0,0,,0
1009338,0,1,0,0,0,0,0,,0,0,0,0,0,0,0,0,0,,0
1007669,0,0,0,0,0,0,0,,0,0,0,0,0,0,0,0,1,,1
1000398,4,1,1,1,0,0,0,,0,0,0,0,0,0,0,1,1,,1
1004077,4,2,1,0,1,0,1,3.0,0,0,1,1,1,1,6,0,0,,1
1002194,0,1,0,0,0,0,0,,0,0,0,0,0,0,0,0,0,,0
1003421,0,1,0,0,0,0,0,,0,0,0,0,0,0,0,0,0,,0
1001555,0,1,0,0,0,0,0,,0,0,0,0,0,0,0,0,0,,0
1012526,0,1,0,0,0,0,0,,0,0,0,0,0,0,0,0,0,,1
1015772,4,1,1,1,0,0,0,3.0,0,0,1,1,0,0,3,0,0,,1
1009004,0,1,0,0,0,0,0,,0,0,0,0,0,0,0,0,0,,1
1010288,0,1,0,0,0,0,0,,0,0,0,0,0,0,0,0,0,,0
1010481,0,1,0,0,0,0,0,,0,0,0,0,0,0,0,0,0,,0
1015897,0,1,0,0,0,0,0,,0,0,0,0,0,0,0,0,0,,1
1011264,0,1,0,0,0,0,0,,0,0,0,0,0,0,0,0,0,,1
1010666,0,1,0,0,0,0,0,,0,0,0,0,0,0,0,0,0,,0
1014339,0,1,0,0,0,0,0,,0,0,0,0,0,0,0,0,0,,0
1017431,4,0,1,0,0,0,0,,0,0,0,0,0,0,1,0,0,,1
1003871,0,1,0,0,0,0,0,,0,0,0,0,0,0,0,0,0,,0
1009047,0,1,0,0,0,0,0,,0,0,0,0,0,0,0,0,0,,1
1013774,4,2,1,1,1,1,1,,0,0,1,1,1,1,6,0,0,,1
1012916,0,1,0,0,0,0,0,,0,0,0,0,0,0,0,0,0,,0
1006968,0,1,0,0,0,0,0,,0,0,0,0,0,0,0,0,0,,0
1017305,4,0,1,0,0,0,1,,0,0,0,1,0,0,1,0,0,,1
1002162,4,2,1,1,1,0,0,,0,0,1,1,1,1,6,0,0,,1
1006335,4,2,1,0,0,0,0,,0,0,1,1,1,1,6,1,1,,1
1013120,0,1,0,0,0,0,0,,0,0,0,0,0,0,0,0,0,,0
1003797,0,1,0,0,0,0,0,,0,0,0,0,0,0,0,0,0,,0
1002767,4,2,1,1,1,1,0,2.0,0,0,0,0,0,0,0,0,0,,1
1015663,0,1,0,0,0,0,0,,0,0,0,0,0,0,0,0,0,,0
1017251,0,1,0,0,0,0,0,,0,0,0,0,0,0,0,0,0,,1
1009277,4,1,1,1,0,0,0,2.0,0,0,1,1,1,1,6,0,0,,1
1008631,0,1,0,0,0,0,0,,0,0,0,0,0,0,0,0,0,,0
1012133,0,1,0,0,0,0,0,,0,0,0,0,0,0,0,0,0,,0
1017051,0,1,0,0,0,0,0,,0,0,0,0,0,0,0,0,0,,0
1008854,0,1,0,0,0,0,0,,0,0,0,0,0,0,0,0,0,,1
1007299,0,1,0,0,0,0,0,,0,0,0,0,0,0,0,0,0,,0
1007944,4,0,1,1,1,0,0,,0,0,0,0,0,0,0,1,1,,1
1011281,4,2,1,1,1,0,1,2.0,0,0,0,1,0,1,5,0,0,,1
1001250,4,1,1,1,0,0,0,10.0,0,0,0,0,0,0,0,1,1,,1
1008096,4,2,1,0,0,0,1,,0,0,0,0,0,0,0,0,0,,1
1008508,0,1,0,0,0,0,0,,0,0,0,0,0,0,0,0,0,,0
1015009,0,1,0,0,0,0,0,,0,0,0,0,0,0,0,0,0,,1
1007457,0,1,0,0,0,0,0,,0,0,0,0,0,0,0,0,0,,0
1004316,0,1,0,0,0,0,0,,0,0,0,0,0,0,0,0,0,,0
1015713,4,2,1,1,0,0,0,,0,0,0,0,0,0,3,0,0,,1
1011513,0,1,0,0,0,0,0,,0,0,0,0,0,0,0,0,0,,0
1011115,0,1,0,0,0,0,0,,0,0,0,0,0,0,0,0,0,,0
1000361,0,1,0,0,0,0,0,,0,0,0,0,0,0,0,0,0,,1
1011111,4,0,1,0,1,0,0,10.0,0,1,0,0,0,0,0,1,1,,1
1008871,0,1,0,0,0,0,0,,0,0,0,0,0,0,0,0,0,,0
1017271,0,1,0,0,0,0,0,,0,0,0,0,0,0,0,0,0,,0
1001893,0,1,0,0,0,0,0,,0,0,0,0,0,0,0,0,0,,0
1005628,4,2,1,1,1,0,0,,0,1,1,1,1,1,6,0,0,,1
1017056,4,2,1,1,0,0,0,3.0,0,0,0,0,0,0,0,0,0,,1
1013502,0,1,0,0,0,0,0,,0,0,0,0,0,0,0,0,0,,0
1000221,0,1,0,0,0,0,0,,0,0,0,0,0,0,0,0,0,,0
1012851,4,2,1,1,0,0,0,,0,0,0,0,0,0,0,0,0,,1
1001747,0,1,0,0,0,0,0,,0,0,0,0,0,0,0,0,0,,0
1015493,4,1,1,0,1,0,0,,0,0,0,0,0,0,0,1,1,,1
1010744,0,1,0,0,0,0,0,,0,0,0,0,0,0,0,0,0,,0
1011121,0,1,0,0,0,0,0,,0,0,0,0,0,0,0,0,0,,0
1013586,0,1,0,0,0,0,0,,0,0,0,0,0,0,0,0,0,,1
1014675,0,1,0,0,0,0,0,,0,0,0,0,0,0,0,0,0,,0
1007452,0,1,0,0,0,0,0,,0,0,0,0,0,0,0,0,0,,0
1009529,0,1,0,0,0,0,0,,0,0,0,0,0,0,0,0,0,,1
1013150,4,0,1,1,0,0,0,,0,0,0,0,0,0,0,1,1,,1
1005074,4,1,1,1,0,0,0,,0,0,0,0,0,0,0,1,1,,1
1011564,0,1,0,0,0,0,0,,0,0,0,0,0,0,0,0,0,,0
1009713,0,1,0,0,0,0,0,,0,0,0,0,0,0,0,0,0,,1
1008775,4,2,1,1,0,0,0,,0,0,1,1,1,1,6,0,0,,1
1000046,0,1,0,0,0,0,0,,0,0,0,0,0,0,0,0,0,,0
1014234,0,1,0,0,0,0,0,,0,0,0,0,0,0,0,0,0,,0
1005191,0,1,0,0,0,0,0,,0,0,0,0,0,0,0,0,0,,0
1015580,4,2,1,0,1,0,0,,0,0,1,1,1,1,5,0,0,,1
1015213,4,1,1,0,0,0,0,,0,0,0,0,0,0,2,0,0,,1
1009502,0,1,0,0,0,0,0,,0,0,0,0,0,0,0,0,0,,0
1009749,4,2,1,1,0,0,0,,0,0,1,1,1,1,6,0,0,,1
1008349,0,1,0,0,0,0,0,,0,0,0,0,0,0,0,0,0,,0
1009943,0,1,0,0,0,0,0,,0,0,0,0,0,0,0,0,0,,0
1006106,0,1,0,0,0,0,0,,0,0,0,0,0,0,0,0,0,,0
1016031,0,1,0,0,0,0,0,,0,0,0,0,0,0,0,0,0,,0
1016588,0,1,0,0,0,0,0,,0,0,0,0,0,0,0,0,0,,0
1003863,0,1,0,0,0,0,0,,0,0,0,0,0,0,0,0,0,,0
1002789,0,1,0,0,0,0,0,,0,0,0,0,0,0,0,0,0,,0
1012476,0,1,0,0,0,0,0,,0,0,0,0,0,0,0,0,0,,0
1014960,0,1,0,0,0,0,0,,0,0,0,0,0,0,0,0,0,,0
1013565,0,1,0,0,0,0,0,,0,0,0,0,0,0,0,0,0,,0
1014232,0,1,0,0,0,0,0,,0,0,0,0,0,0,0,0,0,,1
1006710,4,1,1,1,1,1,0,,0,0,1,1,1,1,6,0,0,,1
1001562,0,1,0,0,0,0,0,,0,0,0,0,0,0,0,0,0,,0
1010751,4,1,1,0,1,0,0,,0,0,0,0,0,0,0,1,1,,1
1001278,4,2,1,1,0,0,0,10.0,1,0,0,0,0,0,0,0,0,,1
1012306,0,1,0,0,0,0,0,,0,0,0,0,0,0,0,0,0,,0
1006853,4,2,1,0,0,0,1,,0,0,0,1,0,0,2,0,0,,1
1000113,4,2,1,1,0,0,0,,0,0,0,0,0,0,0,1,1,,1
1002688,0,1,0,0,0,0,0,,0,0,0,0,0,0,0,0,0,,0
1014082,0,1,0,0,0,0,0,,0,0,0,0,0,0,0,0,0,,0
1004436,0,1,0,0,0,0,0,,0,0,0,0,0,0,0,0,0,,0
1000854,0,1,0,0,0,0,0,,0,0,0,0,0,0,0,0,0,,0
1008839,0,1,0,0,0,0,0,,0,0,0,0,0,0,0,0,0,,1
1008993,0,1,0,0,0,0,0,,0,0,0,0,0,0,0,0,0,,0
1000274,0,1,0,0,0,0,0,,0,0,0,0,0,0,0,0,0,,1
1005684,4,2,1,1,1,0,0,,0,0,1,1,1,1,6,0,0,,1
1009716,0,1,0,0,0,0,0,,0,0,0,0,0,0,0,0,0,,0
1003776,0,1,0,0,0,0,0,,0,0,0,0,0,0,0,0,0,,0
1005089,0,1,0,0,0,0,0,,0,0,0,0,0,0,0,0,0,,0
1015404,4,0,1,1,0,0,0,,0,0,0,0,0,0,0,1,1,,1
1011893,0,1,0,0,0,0,0,,0,0,0,0,0,0,0,0,0,,0
1001618,4,2,1,1,0,0,0,1.0,0,0,1,1,0,0,3,0,0,,1
1005151,0,1,0,0,0,0,0,,0,0,0,0,0,0,0,0,0,,0
1005942,4,2,1,1,1,0,0,5.0,0,0,0,0,0,0,6,0,0,,1
1005565,4,0,1,1,0,0,0,,0,0,0,0,0,0,0,0,0,,1
1014587,0,1,0,0,0,0,0,,0,0,0,0,0,0,0,0,0,,0
1001031,0,1,0,0,0,0,0,,0,0,0,0,0,0,0,0,0,,0
1017239,4,1,1,1,1,0,1,,0,0,0,0,0,0,0,1,1,,1
1016839,0,1,0,0,0,0,0,,0,0,0,0,0,0,0,0,0,,0
1009546,0,1,0,0,0,0,0,,0,0,0,0,0,0,0,0,0,,0
1004152,0,0,0,0,0,0,0,,0,0,0,0,0,0,0,0,0,,1
1016421,0,1,0,0,0,0,0,,0,0,0,0,0,0,0,0,0,,0
1000641,4,2,1,1,1,1,0,,0,0,0,0,0,0,0,0,0,,1
1005573,4,2,1,0,0,0,0,,0,0,0,1,0,0,2,0,0,,1
1016888,4,0,1,0,0,0,1,,0,0,0,0,0,0,0,1,1,,1
1006732,4,1,1,0,0,0,0,,0,0,0,0,0,0,1,0,0,,1
1005756,4,1,1,1,0,0,0,,0,0,0,0,0,0,0,1,1,,1
1004978,0,1,0,0,0,0,0,,0,0,0,0,0,0,0,0,0,,0
1001650,0,1,0,0,0,0,0,,0,0,0,0,0,0,0,0,0,,1
1010845,0,1,0,0,0,0,0,,0,0,0,0,0,0,0,0,0,,0
1005920,0,1,0,0,0,0,0,,0,0,0,0,0,0,0,0,0,,0
1001513,0,1,0,0,0,0,0,,0,0,0,0,0,0,0,0,0,,0
1001630,0,1,0,0,0,0,0,,0,0,0,0,0,0,0,0,0,,1
1003329,0,1,0,0,0,0,0,,0,0,0,0,0,0,0,0,0,,1
1001456,4,1,1,1,0,0,0,3.0,0,0,0,1,0,0,2,0,0,,1
1001161,0,1,0,0,0,0,0,,0,0,0,0,0,0,0,0,0,,0
1003023,0,1,0,0,0,0,0,,0,0,0,0,0,0,0,0,0,,1
1015563,0,1,0,0,0,0,0,,0,0,0,0,0,0,0,0,0,,0
1006001,0,1,0,0,0,0,0,,0,0,0,0,0,0,0,0,0,,0
1011429,0,1,0,0,0,0,0,,0,0,0,0,0,0,0,0,0,,0
1004692,0,1,0,0,0,0,0,,0,0,0,0,0,0,0,0,0,,0
1009982,0,1,0,0,0,0,0,,0,0,0,0,0,0,0,0,0,,0
1012391,4,1,1,0,0,0,1,,0,0,0,1,0,0,2,0,0,,1
1014059,0,1,0,0,0,0,0,,0,0,0,0,0,0,0,0,0,,0
1014418,4,1,1,1,0,0,0,1453.0,0,0,0,0,0,0,0,1,1,,1
1006808,0,1,0,0,0,0,0,,0,0,0,0,0,0,0,0,0,,0
1006437,0,1,0,0,0,0,0,,0,0,0,0,0,0,0,0,0,,0
1006428,4,2,1,0,0,0,1,,0,0,0,1,0,0,2,0,0,,1
1010843,0,1,0,0,0,0,0,,0,0,0,0,0,0,0,0,0,,0
1011790,0,1,0,0,0,0,0,,0,0,0,0,0,0,0,0,0,,0
1015742,4,2,1,1,0,0,0,2.0,0,0,0,0,0,0,2,0,0,,1
1002212,0,1,0,0,0,0,0,,0,0,0,0,0,0,0,0,0,,0
1005197,0,1,0,0,0,0,0,,0,0,0,0,0,0,0,0,0,,0
1001647,0,1,0,0,0,0,0,,0,0,0,0,0,0,0,0,0,,0
1014695,0,1,0,0,0,0,0,,0,0,0,0,0,0,0,0,0,,0
1011173,0,1,0,0,0,0,0,,0,0,0,0,0,0,0,0,0,,0
1016927,0,1,0,0,0,0,0,,0,0,0,0,0,0,0,0,0,,0
1013006,0,1,0,0,0,0,0,,0,0,0,0,0,0,0,0,0,,0
1008005,0,1,0,0,0,0,0,,0,0,0,0,0,0,0,0,0,,1
1015095,0,1,0,0,0,0,0,,0,0,0,0,0,0,0,0,0,,0
1012988,0,1,0,0,0,0,0,,0,0,0,0,0,0,0,0,0,,0
1003179,0,1,0,0,0,0,0,,0,0,0,0,0,0,0,0,0,,1
1016233,0,1,0,0,0,0,0,,0,0,0,0,0,0,0,0,0,,1
1012979,0,1,0,0,0,0,0,,0,0,0,0,0,0,0,0,0,,0
1009783,4,2,1,1,1,1,1,,0,0,0,0,0,0,7,0,0,,1
1006676,4,1,1,0,0,0,0,,0,0,0,0,0,0,1,0,0,,1
1005148,0,1,0,0,0,0,0,,0,0,0,0,0,0,0,0,0,,0
1005527,0,1,0,0,0,0,0,,0,0,0,0,0,0,0,0,0,,0
1006790,0,1,0,0,0,0,0,,0,0,0,0,0,0,0,0,0,,0
1012078,0,1,0,0,0,0,0,,0,0,0,0,0,0,0,0,0,,0
1009415,4,1,1,1,0,0,0,10.0,0,0,1,1,1,1,5,1,1,,1
1008931,4,1,1,0,0,0,0,,0,0,0,0,0,0,1,1,1,,1
1014588,4,2,1,0,0,0,0,,0,0,0,1,1,1,4,0,0,,1
1008250,0,1,0,0,0,0,0,,0,0,0,0,0,0,0,0,0,,0
1012947,0,1,0,0,0,0,0,,0,0,0,0,0,0,0,0,0,,0
1010154,0,0,0,0,0,0,0,,0,0,0,0,0,0,0,1,1,,1
1014653,0,1,0,0,0,0,0,,0,0,0,0,0,0,0,0,0,,0
1012561,0,1,0,0,0,0,0,,0,0,0,0,0,0,0,0,0,,0
1009340,4,2,1,1,1,1,0,,0,1,0,0,0,0,0,0,0,,1
1016362,0,1,0,0,0,0,0,,0,0,0,0,0,0,0,0,0,,0
1016029,4,2,1,0,0,0,0,,0,0,0,1,0,0,2,0,0,,1
1011823,4,0,1,0,1,1,0,2.0,0,0,0,0,0,0,0,0,0,,1
1006933,0,1,0,0,0,0,0,,0,0,0,0,0,0,0,0,0,,0
1003423,0,1,0,0,0,0,0,,0,0,0,0,0,0,0,0,0,,0
1006983,0,1,0,0,0,0,0,,0,0,0,0,0,0,0,0,0,,0
1007935,0,0,0,0,0,0,0,,0,0,0,0,0,1,1,1,1,,1
1001406,0,1,0,0,0,0,0,,0,0,0,0,0,0,0,0,0,,1
1010646,4,1,1,1,0,0,0,960.0,0,0,0,0,0,0,0,1,1,,1
1015893,0,1,0,0,0,0,0,,0,0,0,0,0,0,0,0,0,,0
1012546,0,1,0,0,0,0,0,,0,0,0,0,0,0,0,0,0,,0
1005044,0,1,0,0,0,0,0,,0,0,0,0,0,0,0,0,0,,1
1010604,0,1,0,0,0,0,0,,0,0,0,0,0,0,0,0,0,,0
1001401,0,1,0,0,0,0,0,,0,0,0,0,0,0,0,0,0,,0
1002981,4,2,1,1,0,0,0,70.0,0,0,0,1,1,0,3,0,0,,1
1005216,0,1,0,0,0,0,0,,0,0,0,0,0,0,0,0,0,,0
1007115,0,1,0,0,0,0,0,,0,0,0,0,0,0,0,0,0,,1
1016864,4,2,1,0,1,0,1,,0,1,0,0,0,0,5,0,0,,1
1007818,0,0,0,0,0,0,0,,0,0,0,1,0,0,1,0,1,,1
1004132,4,0,1,0,0,0,0,10.0,0,0,0,0,0,0,0,1,1,,1
1013780,0,1,0,0,0,0,0,,0,0,0,0,0,0,0,0,0,,1
1008742,0,1,0,0,0,0,0,,0,0,0,0,0,0,0,0,0,,0
1007461,0,1,0,0,0,0,0,,0,0,0,0,0,0,0,0,0,,0
1003113,0,1,0,0,0,0,0,,0,0,0,0,0,0,0,0,0,,0
1015816,0,1,0,0,0,0,0,,0,0,0,0,0,0,0,0,0,,0
1006302,4,1,1,1,0,0,0,1.0,0,0,0,1,0,1,3,0,0,,1
1010863,0,1,0,0,0,0,0,,0,0,0,0,0,0,0,0,0,,0
1003037,4,1,1,1,1,0,0,1.0,0,0,0,0,0,0,0,0,0,,1
1006598,0,1,0,0,0,0,0,,0,0,0,0,0,0,0,0,0,,1
1011836,4,1,1,0,0,0,0,,0,0,0,1,0,0,2,0,0,,1
1006075,4,1,1,0,0,0,0,4.0,0,0,0,1,0,0,2,0,0,,1
1013067,4,2,1,0,0,0,0,,0,0,0,1,0,1,3,0,0,,1
1016285,0,1,0,0,0,0,0,,0,0,0,0,0,0,0,0,0,,0
1017013,0,1,0,0,0,0,0,,0,0,0,0,0,0,0,0,0,,0
1015975,0,1,0,0,0,0,0,,0,0,0,0,0,0,0,0,0,,0
1014736,0,1,0,0,0,0,0,,0,0,0,0,0,0,0,0,0,,0
1003196,0,1,0,0,0,0,0,,0,0,0,0,0,0,0,0,0,,1
1015081,0,1,0,0,0,0,0,,0,0,0,0,0,0,0,0,0,,0
1016693,4,2,1,0,0,0,0,,0,0,1,1,0,0,3,0,0,,1
1009572,0,1,0,0,0,0,0,,0,0,0,0,0,0,0,0,0,,0
1016011,0,1,0,0,0,0,0,,0,0,0,0,0,0,0,0,0,,1
1006237,4,0,1,1,0,0,0,10.0,0,0,0,0,0,0,0,1,1,,1
1016623,0,1,0,0,0,0,0,,0,0,0,0,0,0,0,0,0,,0
1000883,0,1,0,0,0,0,0,,0,0,0,0,0,0,0,0,0,,1
1017560,0,1,0,0,0,0,0,,0,0,0,0,0,0,0,0,0,,0
1007766,0,1,0,0,0,0,0,,0,0,0,0,0,0,0,0,0,,0
1015336,0,1,0,0,0,0,0,,0,0,0,0,0,0,0,0,0,,0
1006215,4,0,1,1,0,0,0,,0,0,0,0,0,0,0,1,1,,1
1016006,4,2,1,0,0,0,0,,0,0,1,1,0,0,4,0,0,,1
1010212,4,2,1,1,0,0,0,,0,0,0,1,0,0,2,0,0,,1
1006473,0,1,0,0,0,0,0,,0,0,0,0,0,0,0,0,0,,0
1002690,0,0,0,0,0,0,0,,0,0,0,0,0,0,0,0,0,,1
1016605,4,2,1,0,0,0,0,,0,0,0,1,0,0,1,0,0,,1
1004568,4,2,1,0,1,0,0,,0,1,1,1,1,1,6,0,0,,1
1013736,0,1,0,0,0,0,0,,0,0,0,0,0,0,0,0,0,,0
1012056,0,1,0,0,0,0,0,,0,0,0,0,0,0,0,0,0,,1
1009608,0,1,0,0,0,0,0,,0,0,0,0,0,0,0,0,0,,0
1014173,0,1,0,0,0,0,0,,0,0,0,0,0,0,0,0,0,,0
1014387,0,1,0,0,0,0,0,,0,0,0,0,0,0,0,0,0,,1
1004547,0,1,0,0,0,0,0,,0,0,0,0,0,0,0,0,0,,0
1011204,0,1,0,0,0,0,0,,0,0,0,0,0,0,0,0,0,,0
1014069,4,1,1,0,0,0,0,10.0,0,1,0,0,0,0,6,0,0,,1
1013942,0,1,0,0,0,0,0,,0,0,0,0,0,0,0,0,0,,1
1017277,0,1,0,0,0,0,0,,0,0,0,0,0,0,0,0,0,,0
1010852,4,2,1,0,0,0,0,,0,1,1,1,1,1,6,0,0,,1
1003745,4,0,1,0,0,0,0,,0,0,0,0,0,0,0,0,0,,1
1005867,4,2,1,0,0,0,0,2.0,0,0,0,0,0,0,1,0,0,,1
1011756,4,2,1,1,0,0,0,,0,0,0,0,0,0,6,0,0,,1
1015924,0,1,0,0,0,0,0,,0,0,0,0,0,0,0,0,0,,1
1011837,0,1,0,0,0,0,0,,0,0,0,0,0,0,0,0,0,,0
1002836,4,1,1,1,1,0,0,4.0,0,0,0,1,0,1,3,0,0,,1
1005442,0,1,0,0,0,0,0,,0,0,0,0,0,0,0,0,0,,1
1013409,0,1,0,0,0,0,0,,0,0,0,0,0,0,0,0,0,,0
1011634,0,1,0,0,0,0,0,,0,0,0,0,0,0,0,0,0,,0
1010390,0,1,0,0,0,0,0,,0,0,0,0,0,0,0,0,0,,0
1017314,0,1,0,0,0,0,0,,0,0,0,0,0,0,0,0,0,,1
1006884,0,1,0,0,0,0,0,,0,0,0,0,0,0,0,0,0,,0
1015204,0,0,0,0,0,0,0,,0,0,0,0,0,0,0,0,0,,1
1017163,4,2,1,1,1,1,1,,0,0,1,1,1,1,6,0,0,,1
1002222,4,2,1,1,0,0,0,,0,0,1,1,0,0,3,0,0,,1
1009311,0,1,0,0,0,0,0,,0,0,0,0,0,0,0,0,0,,0
1014707,0,1,0,0,0,0,0,,0,0,0,0,0,0,0,0,0,,0
1002990,0,1,0,0,0,0,0,,0,0,0,0,0,0,0,0,0,,0
1001442,4,1,1,0,0,0,1,,0,0,0,1,0,0,2,1,1,,1
1006070,0,0,0,0,0,0,0,,0,0,0,0,0,0,0,0,1,,1
1000129,0,1,0,0,0,0,0,,0,0,0,0,0,0,0,0,0,,0
1007993,0,1,0,0,0,0,0,,0,0,0,0,0,0,0,0,0,,0
1016581,0,1,0,0,0,0,0,,0,0,0,0,0,0,0,0,0,,0
1014916,4,2,1,1,0,0,0,1.0,0,0,0,0,0,0,0,1,1,,1
1003671,0,1,0,0,0,0,0,,0,0,0,0,0,0,0,0,0,,1
1007085,4,2,1,1,1,1,0,,0,0,0,0,0,0,0,0,0,,1
1016104,0,1,0,0,0,0,0,,0,0,0,0,0,0,0,0,0,,0
1005899,4,1,1,0,0,0,0,1.0,0,0,0,0,0,0,1,0,0,,1
1009297,4,2,1,0,0,0,0,1.0,0,0,0,1,0,1,3,0,0,,1
1000875,0,1,0,0,0,0,0,,0,0,0,0,0,0,0,0,0,,0
1002124,0,0,0,0,0,0,0,,0,0,0,0,0,0,0,0,0,,1
1002754,0,1,0,0,0,0,0,,0,0,0,0,0,0,0,0,0,,0
1005819,0,1,0,0,0,0,0,,0,0,0,0,0,0,0,0,0,,0
1010737,0,1,0,0,0,0,0,,0,0,0,0,0,0,0,0,0,,0
1002653,0,1,0,0,0,0,0,,0,0,0,0,0,0,0,0,0,,0
1011713,0,1,0,0,0,0,0,,0,0,0,0,0,0,0,0,0,,1
1007157,4,0,1,0,1,0,0,37.0,0,0,0,0,0,0,0,0,1,,1
1005660,4,1,1,1,0,0,0,,0,0,0,0,0,0,0,1,1,,1
1003990,0,1,0,0,0,0,0,,0,0,0,0,0,0,0,0,0,,0
1011747,4,1,1,1,0,0,0,10.0,0,0,0,1,0,0,3,0,0,,1
1012407,0,1,0,0,0,0,0,,0,0,0,0,0,0,0,0,0,,0
1007924,4,0,1,1,0,0,0,,0,0,0,0,0,0,0,1,1,,1
1007541,4,2,1,1,0,0,0,12.0,1,0,1,1,1,1,6,0,0,,1
1000372,0,1,0,0,0,0,0,,0,0,0,0,0,0,0,0,0,,0
1016072,0,1,0,0,0,0,0,,0,0,0,0,0,0,0,0,0,,0
1001204,0,1,0,0,0,0,0,,0,0,0,0,0,0,0,0,0,,1
1009720,0,1,0,0,0,0,0,,0,0,0,0,0,0,0,0,0,,0
1010693,0,1,0,0,0,0,0,,0,0,0,0,0,0,0,0,0,,0
1011474,4,2,1,1,0,0,0,,0,0,0,1,0,0,2,0,0,,1
1017483,0,1,0,0,0,0,0,,0,0,0,0,0,0,0,0,0,,1
1004331,0,1,0,0,0,0,0,,0,0,0,0,0,0,0,0,0,,0
1013654,0,1,0,0,0,0,0,,0,0,0,0,0,0,0,0,0,,0
1015970,0,1,0,0,0,0,0,,0,0,0,0,0,0,0,0,0,,0
1005347,0,1,0,0,0,0,0,,0,0,0,0,0,0,0,0,0,,1
1002786,0,1,0,0,0,0,0,,0,0,0,0,0,0,0,0,0,,0
1001058,0,1,0,0,0,0,0,,0,0,0,0,0,0,0,0,0,,1
1016170,0,0,0,0,0,0,0,,0,0,0,0,0,0,0,0,0,,1
1007976,0,0,0,0,0,0,0,,0,0,0,0,0,0,0,0,0,,1
1002263,0,1,1,1,0,0,0,,0,0,0,0,0,0,0,1,1,,1
1004788,4,1,1,0,0,0,0,,0,0,0,0,0,0,3,0,0,,1
1008091,4,2,1,1,1,0,0,,0,0,0,0,0,0,0,0,0,,1
1006321,0,1,0,0,0,0,0,,0,0,0,0,0,0,0,0,0,,0
1014869,0,1,0,0,0,0,0,,0,0,0,0,0,0,0,0,0,,1
1011364,0,1,0,0,0,0,0,,0,0,0,0,0,0,0,0,0,,0
1002648,0,1,0,0,0,0,0,,0,0,0,0,0,0,0,0,0,,0
1011098,0,1,0,0,0,0,0,,0,0,0,0,0,0,0,0,0,,0
1012626,0,1,0,0,0,0,0,,0,0,0,0,0,0,0,0,0,,0
1016666,0,1,0,0,0,0,0,,0,0,0,0,0,0,0,0,0,,0
1016009,4,2,1,1,0,0,0,,0,0,0,0,0,0,0,0,0,,1
1016890,0,1,0,0,0,0,0,,0,0,0,0,0,0,0,0,0,,0
1016519,4,1,1,0,0,0,1,,0,0,0,1,0,0,2,0,0,,1
1008371,0,1,0,0,0,0,0,,0,0,0,0,0,0,0,0,0,,1
1003017,0,1,0,0,0,0,0,,0,0,0,0,0,0,0,0,0,,0
1007662,4,2,1,1,1,0,0,1.0,0,0,0,0,0,0,6,0,0,,1
1007464,0,1,0,0,0,0,0,,0,0,0,0,0,0,0,0,0,,0
1010986,0,1,0,0,0,0,0,,0,0,0,0,0,0,0,0,0,,0
1004011,0,1,0,0,0,0,0,,0,0,0,0,0,0,0,0,0,,0
1002561,0,1,0,0,0,0,0,,0,0,0,0,0,0,0,0,0,,0
1010791,4,1,1,1,0,0,0,,0,0,0,0,0,0,0,1,1,,1
1011786,0,1,0,0,0,0,0,,0,0,0,0,0,0,0,0,0,,0
1014142,0,0,0,0,0,0,0,,0,0,0,0,0,0,0,0,0,,1
1012439,0,1,0,0,0,0,0,,0,0,0,0,0,0,0,0,0,,0
1005234,0,1,0,0,0,0,0,,0,0,0,0,0,0,0,0,0,,0
1013971,0,1,0,0,0,0,0,,0,0,0,0,0,0,0,0,0,,0
1004678,0,1,0,0,0,0,0,,0,0,0,0,0,0,0,0,0,,0
1006056,0,1,0,0,0,0,0,,0,0,0,0,0,0,0,0,0,,0
1009706,4,2,1,1,1,0,0,,0,0,1,1,1,1,6,0,0,,1
1001028,3,1,1,0,1,0,0,3.0,0,0,0,1,0,0,1,0,0,,1
1004765,0,1,0,0,0,0,0,,0,0,0,0,0,0,0,0,0,,0
1000968,0,1,0,0,0,0,0,,0,0,0,0,0,0,0,0,0,,0
1017307,4,1,1,1,0,0,0,,0,0,0,0,0,0,0,1,1,,1
1012820,0,1,0,0,0,0,0,,0,0,0,0,0,0,0,0,0,,0
1005832,0,1,0,0,0,0,0,,0,0,0,0,0,0,0,0,0,,1
1002048,0,1,0,0,0,0,0,,0,0,0,0,0,0,0,0,0,,0
1008174,0,1,0,0,0,0,0,,0,0,0,0,0,0,0,0,0,,0
1007495,0,1,0,0,0,0,0,,0,0,0,0,0,0,0,0,0,,0
1012640,0,1,0,0,0,0,0,,0,0,0,0,0,0,0,0,0,,0
1011262,0,1,0,0,0,0,0,,0,0,0,0,0,0,0,0,0,,0
1016535,0,1,0,0,0,0,0,,0,0,0,0,0,0,0,0,0,,0
1017568,4,1,1,1,0,0,0,3.0,0,0,0,0,0,0,1,0,0,,1
1015382,0,1,0,0,0,0,0,,0,0,0,0,0,0,0,0,0,,0
1005603,0,1,0,0,0,0,0,,0,0,0,0,0,0,0,0,0,,1
1010679,0,1,0,0,0,0,0,,0,0,0,0,0,0,0,0,0,,1
1007084,0,1,0,0,0,0,0,,0,0,0,0,0,0,0,0,0,,0
1014777,0,1,0,0,0,0,0,,0,0,0,0,0,0,0,0,0,,0
1000822,0,1,0,0,0,0,0,,0,0,0,0,0,0,0,0,0,,0
1006596,0,1,0,0,0,0,0,,0,0,0,0,0,0,0,0,0,,0
1011778,4,2,1,1,1,0,0,,0,0,1,1,1,1,6,0,0,,1
1004488,0,1,0,0,0,0,0,,0,0,0,0,0,0,0,0,0,,0
1016143,0,1,0,0,0,0,0,,0,0,0,0,0,0,0,0,0,,1
1004642,4,2,1,0,0,0,0,,0,0,0,1,0,0,2,0,0,,1
1004873,0,1,0,0,0,0,0,,0,0,0,0,0,0,0,0,0,,0
1011190,0,1,0,0,0,0,0,,0,0,0,0,0,0,0,0,0,,0
1005200,4,1,1,0,0,0,1,,0,0,0,1,0,0,2,0,0,,1
1016264,4,1,1,1,0,0,0,,0,0,0,0,0,0,0,1,1,,1
1000407,0,1,0,0,0,0,0,,0,0,0,0,0,0,0,0,0,,0
1004880,0,1,0,0,0,0,0,,0,0,0,0,0,0,0,0,0,,0
1017254,0,1,0,0,0,0,0,,0,0,0,0,0,0,0,0,0,,0
1015630,0,1,0,0,0,0,0,,0,0,0,0,0,0,0,0,0,,0
1006483,0,1,0,0,0,0,0,,0,0,0,0,0,0,0,0,0,,1
1012070,0,1,0,0,0,0,0,,0,0,0,0,0,0,0,0,0,,0
1000079,0,1,0,0,0,0,0,,0,0,0,0,0,0,0,0,0,,1
1000761,4,2,1,1,0,0,0,3.0,0,0,0,1,1,0,3,0,0,,1
1002798,0,1,0,0,0,0,0,,0,0,0,0,0,0,0,0,0,,0
1010122,0,1,0,0,0,0,0,,0,0,0,0,0,0,0,0,0,,1
1010268,0,1,0,0,0,0,0,,0,0,0,0,0,0,0,0,0,,0
1005515,0,1,0,0,0,0,0,,0,0,0,0,0,0,0,0,0,,0
1000176,4,0,1,1,0,0,0,,0,0,0,1,0,0,2,0,0,,1
1001717,0,1,0,0,0,0,0,,0,0,0,0,0,0,0,0,0,,1
1010968,0,1,0,0,0,0,0,,0,0,0,0,0,0,0,0,0,,0
1012446,0,1,0,0,0,0,0,,0,0,0,0,0,0,0,0,0,,0
1001209,0,1,0,0,0,0,0,,0,0,0,0,0,0,0,0,0,,0
1007751,4,2,1,1,0,0,0,2.0,0,0,1,1,0,0,3,0,0,,1
1009578,4,0,1,0,1,0,0,,0,0,0,0,0,0,0,1,1,,1
1010063,0,1,0,0,0,0,0,,0,0,0,0,0,0,0,0,0,,0
1014445,0,1,0,0,0,0,0,,0,0,0,0,0,0,0,0,0,,1
1006235,4,2,1,1,1,1,0,,0,0,0,0,0,0,0,0,0,,1
1005400,0,1,0,0,0,0,0,,0,0,0,0,0,0,0,0,0,,1
1010010,0,1,0,0,0,0,0,,0,0,0,0,0,0,0,0,0,,1
1000232,0,1,0,0,0,0,0,,0,0,0,0,0,0,0,0,0,,0
1011325,0,1,0,0,0,0,0,,0,0,0,0,0,0,0,0,0,,0
1007038,4,2,1,1,1,0,0,,0,1,0,1,0,0,1,0,0,,1
1001331,0,1,0,0,0,0,0,,0,0,0,0,0,0,0,0,0,,0
1008863,0,1,0,0,0,0,0,,0,0,0,0,0,0,0,0,0,,0
1009575,0,1,0,0,0,0,0,,0,0,0,0,0,0,0,0,0,,0
1013464,0,1,0,0,0,0,0,,0,0,0,0,0,0,0,0,0,,0
1012610,4,2,1,1,1,0,0,,0,0,0,0,0,0,5,0,0,,1
1010226,0,1,0,0,0,0,0,,0,0,0,0,0,0,0,0,0,,1
1007522,4,2,1,0,1,0,0,10.0,0,1,0,0,0,0,4,0,0,,1
1016081,0,1,0,0,0,0,0,,0,0,0,0,0,0,0,0,0,,0
1014597,0,1,0,0,0,0,0,,0,0,0,0,0,0,0,0,0,,0
1000669,0,1,0,0,0,0,0,,0,0,0,0,0,0,0,0,0,,0
1012647,0,1,0,0,0,0,0,,0,0,0,0,0,0,0,0,0,,0
1005508,0,1,0,0,0,0,0,,0,0,0,0,0,0,0,0,0,,0
1001685,4,2,1,1,1,0,0,,0,1,1,1,1,1,6,0,0,,1
1013152,0,1,0,0,0,0,0,,0,0,0,0,0,0,0,0,0,,0
1011061,0,1,0,0,0,0,0,,0,0,0,0,0,0,0,0,0,,0
1014348,4,2,1,1,0,0,0,10.0,0,0,0,0,0,0,0,0,0,,1
1016034,0,1,0,0,0,0,0,,0,0,0,0,0,0,0,0,0,,0
1015616,4,0,1,1,0,0,0,3.0,0,0,0,1,0,0,2,0,0,,1
1004628,0,1,0,0,0,0,0,,0,0,0,0,0,0,0,0,0,,1
1010118,4,2,1,1,1,1,1,3.0,0,0,0,0,0,0,0,0,0,,1
1016148,4,2,1,1,1,0,0,,0,0,0,0,0,0,0,0,0,,1
1008076,0,1,0,0,0,0,0,,0,0,0,0,0,0,0,0,0,,0
1006697,4,2,1,0,1,0,1,,0,0,0,0,0,0,0,0,0,,1
1000637,4,2,1,1,1,0,0,,0,0,0,0,0,0,0,0,0,,1
1011231,0,1,0,0,0,0,0,,0,0,0,0,0,0,0,0,0,,0
1014462,0,1,0,0,0,0,0,,0,0,0,0,0,0,0,0,0,,0
1003384,4,0,1,0,0,0,1,,0,0,0,0,0,0,0,1,1,,1
1012810,0,1,0,0,0,0,0,,0,0,0,0,0,0,0,0,0,,0
1002198,0,1,0,0,0,0,0,,0,0,0,0,0,0,0,0,0,,0
1002448,0,1,0,0,0,0,0,,0,0,0,0,0,0,0,0,0,,0
1013552,0,1,0,0,0,0,0,,0,0,0,0,0,0,0,0,0,,0
1001594,0,1,0,0,0,0,0,,0,0,0,0,0,0,0,0,0,,0
1001070,0,1,0,0,0,0,0,,0,0,0,0,0,0,0,0,0,,0
1008258,4,2,1,0,0,0,0,,0,0,0,0,0,0,1,0,0,,1
1015806,4,1,1,0,0,0,0,9.0,0,0,0,0,0,0,1,0,0,,1
1008239,0,0,1,0,0,0,0,,0,0,0,0,0,0,0,0,1,,1
1000174,4,1,1,0,0,0,0,,0,0,0,0,0,0,1,0,0,,1
1004969,4,2,1,1,0,0,0,3.0,0,0,0,1,0,0,2,0,0,,1
1005562,0,1,0,0,0,0,0,,0,0,0,0,0,0,0,0,0,,1
1003433,4,1,1,1,0,0,0,,0,0,0,0,0,0,0,1,1,,1
1009917,0,1,0,0,0,0,0,,0,0,0,0,0,0,0,0,0,,0
1007333,0,1,0,0,0,0,0,,0,0,0,0,0,0,0,0,0,,0
1013802,0,1,0,0,0,0,0,,0,0,0,0,0,0,0,0,0,,0
1001935,4,0,1,1,0,0,0,1.0,0,0,0,0,0,0,1,0,0,,1
1011013,0,1,0,0,0,0,0,,0,0,0,0,0,0,0,0,0,,0
1007979,4,2,1,0,1,0,0,,0,0,0,1,0,0,6,0,0,,1
1013148,4,2,1,0,1,0,0,,0,1,0,0,0,0,9,0,0,,1
1001590,0,1,0,0,0,0,0,,0,0,0,0,0,0,0,0,0,,0
1005324,0,1,0,0,0,0,0,,0,0,0,0,0,0,0,0,0,,1
1014915,0,1,0,0,0,0,0,,0,0,0,0,0,0,0,0,0,,0
1013440,0,1,0,0,0,0,0,,0,0,0,0,0,0,0,0,0,,0
1002497,0,1,0,0,0,0,0,,0,0,0,0,0,0,0,0,0,,0
1000498,4,2,1,1,1,1,0,,0,0,0,0,0,0,0,0,0,,1
1013940,0,1,0,0,0,0,0,,0,0,0,0,0,0,0,0,0,,0
1005504,4,1,1,0,0,0,0,2.0,0,0,0,0,0,0,0,0,0,,1
1016212,4,2,1,1,0,0,0,,0,0,0,0,0,0,5,0,0,,1
1013399,0,1,0,0,0,0,0,,0,0,0,0,0,0,0,0,0,,0
1010318,4,2,1,0,0,1,0,,0,0,0,1,0,0,2,0,0,,1
1009331,4,2,1,1,1,0,0,,0,0,1,1,1,1,6,0,0,,1
1006875,0,1,0,0,0,0,0,,0,0,0,0,0,0,0,0,0,,0
1011719,0,1,0,0,0,0,0,,0,0,0,0,0,0,0,0,0,,0
1010609,0,1,0,0,0,0,0,,0,0,0,0,0,0,0,0,0,,0
1016306,0,1,0,0,0,0,0,,0,0,0,0,0,0,0,0,0,,0
1005217,0,1,0,0,0,0,0,,0,0,0,0,0,0,0,0,0,,1
1006218,0,1,0,0,0,0,0,,0,0,0,0,0,0,0,0,0,,0
1012219,0,1,0,0,0,0,0,,0,0,0,0,0,0,0,0,0,,0
1006460,0,1,0,0,0,0,0,,0,0,0,0,0,0,0,0,0,,0
1007089,4,2,1,1,0,0,0,2000.0,0,1,0,1,1,1,4,0,0,,1
1016621,4,0,1,0,0,0,1,,0,0,0,1,0,0,2,0,0,,1
1002435,0,1,0,0,0,0,0,,0,0,0,0,0,0,0,0,0,,0
1008664,4,2,1,1,1,1,0,,0,0,1,1,1,1,6,0,0,,1
1000110,0,1,0,0,0,0,0,,0,0,0,0,0,0,0,0,0,,1
1013056,4,2,1,0,0,0,1,,0,0,0,1,0,0,2,0,0,,1
1015255,4,2,1,1,1,0,0,,0,0,0,0,0,0,0,1,1,,1
1000786,4,1,1,1,0,0,0,,0,0,0,0,0,0,0,1,1,,1
1005894,0,1,0,0,0,0,0,,0,0,0,0,0,0,0,0,0,,1
1008368,4,2,1,1,1,0,0,,0,0,0,0,0,0,4,0,0,,1
1005925,0,1,0,0,0,0,0,,0,0,0,0,0,0,0,0,0,,1
1017524,0,1,0,0,0,0,0,,0,0,0,0,0,0,0,0,0,,0
1014120,0,0,0,0,0,0,0,,0,0,0,0,0,0,0,0,1,,1
1006313,0,1,0,0,0,0,0,,0,0,0,0,0,0,0,0,0,,0
1009141,4,2,1,1,1,0,0,,0,0,0,0,0,0,0,0,0,,1
1008915,4,2,1,1,1,0,0,,0,0,1,1,1,1,6,0,0,,1
1004122,4,2,1,1,1,0,0,,0,0,1,1,0,0,4,0,0,,1
1016330,4,2,1,1,0,0,0,2.0,0,0,0,0,0,0,0,0,0,,1
1002058,0,1,0,0,0,0,0,,0,0,0,0,0,0,0,0,0,,0
1001597,0,1,0,0,0,0,0,,0,0,0,0,0,0,0,0,0,,0
1004924,0,1,0,0,0,0,0,,0,0,0,0,0,0,0,0,0,,0
1007582,0,1,0,0,0,0,0,,0,0,0,0,0,0,0,0,0,,0
1008002,3,0,1,0,1,0,0,,0,0,0,0,0,0,0,1,1,,1
1017596,4,2,1,0,0,0,0,,0,1,1,1,0,0,3,0,0,,1
1001656,0,1,0,0,0,0,0,,0,0,0,0,0,0,0,0,0,,0
1009995,0,0,0,0,0,0,0,,0,0,0,0,0,0,0,1,1,,1
1000602,0,1,0,0,0,0,0,,0,0,0,0,0,0,0,0,0,,0
1016650,0,1,0,0,0,0,0,,0,0,0,0,0,0,0,0,0,,0
1009081,0,1,0,0,0,0,0,,0,0,0,0,0,0,0,0,0,,0
1007706,0,1,0,0,0,0,0,,0,0,0,0,0,0,0,0,0,,1
1011347,0,1,0,0,0,0,0,,0,0,0,0,0,0,0,0,0,,1
1007008,4,2,1,1,1,0,0,,0,0,1,1,1,1,6,0,0,,1
1005968,0,1,0,0,0,0,0,,0,0,0,0,0,0,0,0,0,,0
1004458,4,0,1,0,0,0,0,,0,0,0,1,0,0,2,0,0,,1
1016766,0,1,0,0,0,0,0,,0,0,0,0,0,0,0,0,0,,0
1015353,4,2,1,0,0,0,1,,0,0,0,0,0,0,0,0,0,,1
1004733,0,1,0,0,0,0,0,,0,0,0,0,0,0,0,0,0,,0
1004456,0,1,0,0,0,0,0,,0,0,0,0,0,0,0,0,0,,0
1011831,0,1,0,0,0,0,0,,0,0,0,0,0,0,0,0,0,,0
1013991,0,1,0,0,0,0,0,,0,0,0,0,0,0,0,0,0,,0
1005591,0,1,0,0,0,0,0,,0,0,0,0,0,0,0,0,0,,0
1001116,0,1,0,0,0,0,0,,0,0,0,0,0,0,0,0,0,,0
1007447,0,1,0,0,0,0,0,,0,0,0,0,0,0,0,0,0,,0
1009975,0,1,0,0,0,0,0,,0,0,0,0,0,0,0,0,0,,0
1002115,0,1,0,0,0,0,0,,0,0,0,0,0,0,0,0,0,,0
1004361,0,1,0,0,0,0,0,,0,0,0,0,0,0,0,0,0,,0
1015655,0,1,0,0,0,0,0,,0,0,0,0,0,0,0,0,0,,0
1000269,0,1,0,0,0,0,0,,0,0,0,0,0,0,0,0,0,,0
1010229,0,1,0,0,0,0,0,,0,0,0,0,0,0,0,0,0,,0
1014842,0,1,0,0,0,0,0,,0,0,0,0,0,0,0,0,0,,0
1015147,0,1,0,0,0,0,0,,0,0,0,0,0,0,0,0,0,,0
1006528,4,2,1,0,0,0,0,,0,0,0,1,0,0,2,0,0,,1
1007386,0,1,0,0,0,0,0,,0,0,0,0,0,0,0,0,0,,0
1015027,0,1,0,0,0,0,0,,0,0,0,0,0,0,0,0,0,,0
1015385,0,1,0,0,0,0,0,,0,0,0,0,0,0,0,0,0,,1
1014595,0,1,0,0,0,0,0,,0,0,0,0,0,0,0,0,0,,1
1010656,0,1,0,0,0,0,0,,0,0,0,0,0,0,0,0,0,,0
1015901,4,0,1,0,0,0,1,,0,0,0,0,0,0,0,1,1,,1
1000011,4,2,1,1,0,0,0,,0,0,1,1,1,1,6,1,1,,1
1007467,2,0,1,0,0,0,0,,0,0,0,0,0,0,0,1,1,,1
1016561,4,0,1,0,0,0,1,,0,0,0,1,0,0,2,0,0,,1
1017592,0,1,0,0,0,0,0,,0,0,0,0,0,0,0,0,0,,0
1001669,4,2,1,1,0,0,0,3.0,0,0,1,1,0,0,2,0,0,,1
1000153,4,2,1,1,0,0,0,,0,0,1,1,1,1,5,0,0,,1
1015525,0,1,0,0,0,0,0,,0,0,0,0,0,0,0,0,0,,0
1010248,4,0,1,0,0,0,0,,0,0,0,0,0,0,0,0,0,,1
1004264,0,1,0,0,0,0,0,,0,0,0,0,0,0,0,0,0,,0
1012681,0,1,0,0,0,0,0,,0,0,0,0,0,0,0,0,0,,0
1003243,0,1,0,0,0,0,0,,0,0,0,0,0,0,0,0,0,,0
1015160,0,1,0,0,0,0,0,,0,0,0,0,0,0,0,0,0,,0
1008261,0,1,0,0,0,0,0,,0,0,0,0,0,0,0,0,0,,0
1016439,0,1,0,0,0,0,0,,0,0,0,0,0,0,0,0,0,,0
1004995,4,2,1,1,1,1,1,,0,0,0,0,0,0,6,0,0,,1
1005672,4,2,1,0,1,0,0,,0,0,1,1,1,1,6,0,0,,1
1013775,4,2,1,1,0,0,0,11021.0,0,1,0,0,0,0,0,0,0,,1
1011327,0,1,0,0,0,0,0,,0,0,0,0,0,0,0,0,0,,0
1013349,0,1,0,0,0,0,0,,0,0,0,0,0,0,0,0,0,,1
1015837,4,1,1,1,0,0,0,,0,0,0,1,0,0,1,0,0,,1
1004190,4,2,1,1,1,0,1,,0,0,0,0,0,0,0,0,0,,1
1003463,0,1,0,0,0,0,0,,0,0,0,0,0,0,0,0,0,,0
1010682,0,1,0,0,0,0,0,,0,0,0,0,0,0,0,0,0,,0
1010982,4,2,1,1,0,0,0,1.0,0,0,0,0,0,0,0,0,0,,1
1017041,4,2,1,0,0,0,0,,0,0,0,0,0,0,1,0,0,,1
1000346,0,1,0,0,0,0,0,,0,0,0,0,0,0,0,0,0,,0
1005213,0,1,0,0,0,0,0,,0,0,0,0,0,0,0,0,0,,0
1000177,0,1,0,0,0,0,0,,0,0,0,0,0,0,0,0,0,,0
1015579,0,1,0,0,0,0,0,,0,0,0,0,0,0,0,0,0,,0
1005578,4,1,1,0,1,0,0,,0,0,0,0,0,0,6,1,1,,1
1000353,0,1,0,0,0,0,0,,0,0,0,0,0,0,0,0,0,,0
1013324,0,1,0,0,0,0,0,,0,0,0,0,0,0,0,0,0,,1
1011918,4,2,1,0,1,1,1,,0,0,0,1,1,1,4,0,0,,1
1015786,0,1,0,0,0,0,0,,0,0,0,0,0,0,0,0,0,,1
1009901,0,1,0,0,0,0,0,,0,0,0,0,0,0,0,0,0,,0
1010583,0,1,0,0,0,0,0,,0,0,0,0,0,0,0,0,0,,0
1011399,0,1,0,0,0,0,0,,0,0,0,0,0,0,0,0,0,,0
1013714,0,1,0,0,0,0,0,,0,0,0,0,0,0,0,0,0,,0
1002450,4,1,1,1,1,1,0,3.0,0,0,1,1,1,1,5,0,0,,1
1013344,0,1,0,0,0,0,0,,0,0,0,0,0,0,0,0,0,,0
1003781,0,1,0,0,0,0,0,,0,0,0,0,0,0,0,0,0,,0
1017299,4,0,1,1,1,1,1,,0,0,0,0,0,0,0,1,1,,1
1009385,4,2,1,0,0,0,0,,0,0,0,1,0,0,2,0,0,,1
1014846,0,1,0,0,0,0,0,,0,0,0,0,0,0,0,0,0,,1
1009863,0,1,0,0,0,0,0,,0,0,0,0,0,0,0,0,0,,0
1007204,0,1,0,0,0,0,0,,0,0,0,0,0,0,0,0,0,,0
1014127,0,1,0,0,0,0,0,,0,0,0,0,0,0,0,0,0,,1
1000131,0,1,0,0,0,0,0,,0,0,0,0,0,0,0,0,0,,0
1009419,0,1,0,0,0,0,0,,0,0,0,0,0,0,0,0,0,,0
1007050,0,1,0,0,0,0,0,,0,0,0,0,0,0,0,0,0,,1
1000549,0,1,0,0,0,0,0,,0,0,0,0,0,0,0,0,0,,0
1004941,0,1,0,0,0,0,0,,0,0,0,0,0,0,0,0,0,,0
1003984,0,1,0,0,0,0,0,,0,0,0,0,0,0,0,0,0,,0
1010103,4,2,1,0,1,0,0,9.0,0,0,0,1,0,0,7,0,0,,1
1002282,4,0,1,0,0,0,1,,0,0,0,0,0,0,0,1,1,,1
1003108,0,1,0,0,0,0,0,,0,0,0,0,0,0,0,0,0,,1
1011263,4,1,1,1,0,0,0,250.0,0,0,0,0,0,0,0,0,0,,1
1005491,0,1,0,0,0,0,0,,0,0,0,0,0,0,0,0,0,,0
1002374,0,1,0,0,0,0,0,,0,0,0,0,0,0,0,0,0,,1
1000775,0,1,0,0,0,0,0,,0,0,0,0,0,0,0,0,0,,0
1011824,0,1,0,0,0,0,0,,0,0,0,0,0,0,0,0,0,,0
1012172,0,1,0,0,0,0,0,,0,0,0,0,0,0,0,0,0,,1
1005532,0,1,0,0,0,0,0,,0,0,0,0,0,0,0,0,0,,0
1016098,4,2,1,1,1,1,1,,0,0,0,0,0,0,0,0,0,,1
1008574,4,0,1,0,0,0,0,,0,0,0,0,0,0,0,1,1,,1
1005334,0,1,0,0,0,0,0,,0,0,0,0,0,0,0,0,0,,0
1003361,0,1,0,0,0,0,0,,0,0,0,0,0,0,0,0,0,,1
1007121,0,1,0,0,0,0,0,,0,0,0,0,0,0,0,0,0,,0
1017048,4,2,1,1,0,0,0,12.0,0,1,0,0,0,0,5,0,0,,1
1013702,0,1,0,0,0,0,0,,0,0,0,0,0,0,0,0,0,,0
1009859,0,1,0,0,0,0,0,,0,0,0,0,0,0,0,0,0,,0
1000406,0,1,0,0,0,0,0,,0,0,0,0,0,0,0,0,0,,0
1012151,4,1,1,1,0,0,0,2.0,0,0,0,0,0,0,3,0,0,,1
1014693,4,1,1,0,1,0,0,3.0,0,0,0,1,0,0,2,0,0,,1
1001366,0,1,0,0,0,0,0,,0,0,0,0,0,0,0,0,0,,1
1011575,4,2,1,0,0,0,0,,0,0,0,1,0,0,2,0,0,,1
1014773,4,2,1,0,0,0,0,2.0,0,0,1,1,1,1,6,0,0,,1
1003987,0,1,0,0,0,0,0,,0,0,0,0,0,0,0,0,0,,0
1008131,4,2,1,1,1,0,1,,0,0,0,0,0,0,0,0,0,,1
1000536,0,1,0,0,0,0,0,,0,0,0,0,0,0,0,0,0,,0
1001086,0,1,0,0,0,0,0,,0,0,0,0,0,0,0,0,0,,0
1005670,0,1,0,0,0,0,0,,0,0,0,0,0,0,0,0,0,,0
1013675,4,2,1,1,1,0,0,2.0,0,0,1,1,1,1,6,0,0,,1
1006013,0,1,0,0,0,0,0,,0,0,0,0,0,0,0,0,0,,1
1016490,0,1,0,0,0,0,0,,0,0,0,0,0,0,0,0,0,,0
1011300,0,0,0,0,0,0,0,,0,0,0,0,0,0,0,1,1,,1
1016707,0,1,0,0,0,0,0,,0,0,0,0,0,0,0,0,0,,0
1008376,0,1,0,0,0,0,0,,0,0,0,0,0,0,0,0,0,,0
1007086,0,1,0,0,0,0,0,,0,0,0,0,0,0,0,0,0,,0
1001251,4,2,1,1,0,0,0,25.0,0,0,0,1,0,0,2,0,0,,1
1009950,0,1,0,0,0,0,0,,0,0,0,0,0,0,0,0,0,,0
1016289,0,0,0,0,0,0,0,,0,0,0,0,0,0,0,0,0,,1
1003358,0,1,0,0,0,0,0,,0,0,0,0,0,0,0,0,0,,0
1008264,4,2,1,0,0,0,0,,0,0,0,1,0,0,2,0,0,,1
1008190,0,1,0,0,0,0,0,,0,0,0,0,0,0,0,0,0,,0
1012537,4,1,1,0,0,0,0,2.0,0,0,0,0,0,0,1,0,0,,1
1013693,4,2,1,1,1,0,1,,0,0,0,0,0,0,0,0,0,,1
1004184,0,1,0,0,0,0,0,,0,0,0,0,0,0,0,0,0,,0
1008383,4,2,1,1,1,0,0,,0,0,1,1,1,1,6,0,0,,1
1002108,4,2,1,1,1,0,0,,0,0,1,1,1,1,6,1,1,,1
1007321,0,1,0,0,0,0,0,,0,0,0,0,0,0,0,0,0,,1
1007390,4,2,1,1,0,0,0,,0,0,0,1,0,1,3,0,0,,1
1008451,0,1,0,0,0,0,0,,0,0,0,0,0,0,0,0,0,,0
1002949,0,1,0,0,0,0,0,,0,0,0,0,0,0,0,0,0,,0
1007100,0,1,0,0,0,0,0,,0,0,0,0,0,0,0,0,0,,0
1008756,0,1,0,0,0,0,0,,0,0,0,0,0,0,1,0,1,,1
1016453,0,1,0,0,0,0,0,,0,0,0,0,0,0,0,0,0,,0
1004489,0,1,0,0,0,0,0,,0,0,0,0,0,0,0,0,0,,0
1000292,0,1,0,0,0,0,0,,0,0,0,0,0,0,0,0,0,,0
1009952,0,1,0,0,0,0,0,,0,0,0,0,0,0,0,0,0,,0
1002201,0,1,0,0,0,0,0,,0,0,0,0,0,0,0,0,0,,0
1014642,4,1,1,1,0,0,0,,0,0,1,1,0,0,3,0,0,,1
1011175,0,1,0,0,0,0,0,,0,0,0,0,0,0,0,0,0,,0
1003293,0,1,0,0,0,0,0,,0,0,0,0,0,0,0,0,0,,0
1006775,0,1,0,0,0,0,0,,0,0,0,0,0,0,0,0,0,,0
1002152,0,1,0,0,0,0,0,,0,0,0,0,0,0,0,0,0,,0
1015149,0,1,0,0,0,0,0,,0,0,0,0,0,0,0,0,0,,0
1009789,4,2,1,1,1,1,0,1.0,0,0,1,1,1,1,7,0,0,,1
1003736,0,1,0,0,0,0,0,,0,0,0,0,0,0,0,0,0,,0
1001785,0,1,0,0,0,0,0,,0,0,0,0,0,0,0,0,0,,0
1014311,0,1,0,0,0,0,0,,0,0,0,0,0,0,0,0,0,,0
1017572,0,1,0,0,0,0,0,,0,0,0,0,0,0,0,0,0,,1
1014698,4,2,1,1,0,0,0,2.0,0,0,1,1,1,1,6,0,0,,1
1002341,0,1,0,0,0,0,0,,0,0,0,0,0,0,0,0,0,,0
1007490,0,1,0,0,0,0,0,,0,0,0,0,0,0,0,0,0,,1
1006487,4,1,1,0,0,0,1,1.0,0,0,0,0,1,0,1,0,0,,1
1001154,4,2,1,0,0,0,1,,0,0,0,1,1,1,4,0,0,,1
1009099,0,1,0,0,0,0,0,,0,0,0,0,0,0,0,0,0,,1
1011025,0,1,0,0,0,0,0,,0,0,0,0,0,0,0,0,0,,0
1006065,0,1,0,0,0,0,0,,0,0,0,0,0,0,0,0,0,,0
1011102,0,1,0,0,0,0,0,,0,0,0,0,0,0,0,0,0,,0
1009324,0,1,0,0,0,0,0,,0,0,0,0,0,0,0,0,0,,0
1003504,0,1,0,0,0,0,0,,0,0,0,0,0,0,0,0,0,,0
1007548,0,1,0,0,0,0,0,,0,0,0,0,0,0,0,0,0,,0
1009685,0,1,0,0,0,0,0,,0,0,0,0,0,0,0,0,0,,0
1013163,0,1,0,0,0,0,0,,0,0,0,0,0,0,0,0,0,,0
1017591,4,2,1,0,0,0,0,,0,0,0,0,0,0,0,0,0,,1
1009816,4,2,1,1,1,0,0,,0,0,0,0,0,0,0,0,0,,1
1000229,0,1,0,0,0,0,0,,0,0,0,0,0,0,0,0,0,,0
1003123,0,1,0,0,0,0,0,,0,0,0,0,0,0,0,0,0,,0
1010850,4,2,1,0,0,0,0,,0,0,0,0,0,0,0,0,0,,1
1003290,0,1,0,0,0,0,0,,0,0,0,0,0,0,0,0,0,,0
1016217,0,1,0,0,0,0,0,,0,0,0,0,0,0,0,0,0,,0
1006849,4,2,1,0,0,0,0,,0,0,0,0,0,0,0,0,0,,1
1006008,0,1,0,0,0,0,0,,0,0,0,0,0,0,0,0,0,,1
1009221,0,1,0,0,0,0,0,,0,0,0,0,0,0,0,0,0,,0
1011557,4,0,1,0,1,0,0,,0,0,0,0,0,0,0,1,1,,1
1003784,0,1,0,0,0,0,0,,0,0,0,0,0,0,0,0,0,,1
1003220,4,0,1,1,0,0,0,12.0,0,0,0,0,0,0,0,0,0,,1
1012740,4,1,1,1,1,0,0,2.0,0,0,0,0,0,0,0,0,0,,1
1009774,0,1,0,0,0,0,0,,0,0,0,0,0,0,0,0,0,,1
1010084,4,1,1,0,0,0,0,,0,0,0,1,0,0,1,0,0,,1
1011980,0,1,0,0,0,0,0,,0,0,0,0,0,0,0,0,0,,0
1007377,4,2,1,1,1,0,0,,0,0,1,1,1,1,6,0,0,,1
1007961,0,1,0,0,0,0,0,,0,0,0,0,0,0,0,0,0,,0
1003321,0,1,0,0,0,0,0,,0,0,0,0,0,0,0,0,0,,1
1013893,0,1,0,0,0,0,0,,0,0,0,0,0,0,0,0,0,,0
1000106,0,1,0,0,0,0,0,,0,0,0,0,0,0,0,0,0,,0
1000099,0,1,0,0,0,0,0,,0,0,0,0,0,0,0,0,0,,0
1007778,0,1,0,0,0,0,0,,0,0,0,0,0,0,0,0,0,,0
1008887,4,1,1,1,0,0,0,,0,0,1,1,0,0,3,0,0,,1
1003299,0,1,0,0,0,0,0,,0,0,0,0,0,0,0,0,0,,0
1000324,0,1,0,0,0,0,0,,0,0,0,0,0,0,0,0,0,,1
1000006,4,0,1,1,0,0,0,12.0,0,0,0,0,0,0,0,1,1,,1
1001930,0,1,0,0,0,0,0,,0,0,0,0,0,0,0,0,0,,1
1000910,0,1,0,0,0,0,0,,0,0,0,0,0,0,0,0,0,,1
1015775,0,1,0,0,0,0,0,,0,0,0,0,0,0,0,0,0,,0
1015974,4,2,1,1,0,0,0,12.0,0,0,0,1,0,0,2,0,0,,1
1017091,0,1,0,0,0,0,0,,0,0,0,0,0,0,0,0,0,,0
1009799,0,1,0,0,0,0,0,,0,0,0,0,0,0,0,0,0,,0
1008088,0,1,0,0,0,0,0,,0,0,0,0,0,0,0,0,0,,0
1002420,4,1,1,1,0,0,0,,0,0,0,0,0,0,0,1,1,,1
1010543,0,1,0,0,0,0,0,,0,0,0,0,0,0,0,0,0,,0
1000453,4,2,1,1,0,0,0,10.0,0,0,0,1,0,0,1,0,0,,1
1014740,0,1,0,0,0,0,0,,0,0,0,0,0,0,0,0,0,,1
1017002,0,1,0,0,0,0,0,,0,0,0,0,0,0,0,0,0,,0
1017291,0,1,0,0,0,0,0,,0,0,0,0,0,0,0,0,0,,1
1008132,0,1,0,0,0,0,0,,0,0,0,0,0,0,0,0,0,,0
1009128,4,2,1,1,1,1,0,,0,0,0,0,0,0,0,0,0,,1
1006461,4,2,1,0,0,0,1,,0,0,0,1,0,0,2,0,0,,1
1016183,4,2,1,0,0,0,0,,0,0,0,1,0,1,3,0,0,,1
1013947,0,1,0,0,0,0,0,,0,0,0,0,0,0,0,0,0,,0
1011958,4,1,1,1,0,0,0,,0,0,1,1,0,0,3,0,0,,1
1014910,0,1,0,0,0,0,0,,0,0,0,0,0,0,0,0,0,,0
1009920,4,2,1,1,0,0,0,,0,0,0,1,0,0,2,0,0,,1
1015332,4,2,1,1,1,0,0,,0,0,1,1,1,1,6,0,0,,1
1011065,4,2,1,0,0,0,0,,0,0,0,0,0,0,0,0,0,,1
1009386,4,1,1,1,0,0,0,,0,0,0,0,0,0,0,1,1,,1
1006203,0,1,0,0,0,0,0,,0,0,0,0,0,0,0,0,0,,0
1009601,0,1,0,0,0,0,0,,0,0,0,0,0,0,0,0,0,,0
1003527,0,1,0,0,0,0,0,,0,0,0,0,0,0,0,0,0,,0
1012716,0,0,0,0,0,0,0,,0,0,0,0,0,0,0,1,1,,1
1002985,0,1,0,0,0,0,0,,0,0,0,0,0,0,0,0,0,,0
1010425,0,1,0,0,0,0,0,,0,0,0,0,0,0,0,0,0,,0
1014635,0,1,0,0,0,0,0,,0,0,0,0,0,0,0,0,0,,0
1002305,0,1,0,0,0,0,0,,0,0,0,0,0,0,0,0,0,,0
1010052,4,1,1,1,0,0,0,1843.0,0,0,0,0,0,0,0,1,1,,1
1005904,0,0,0,0,0,0,0,,0,0,0,0,0,0,0,0,0,,1
1007620,4,2,1,0,0,0,0,,0,0,1,1,0,0,3,0,0,,1
1011285,0,1,0,0,0,0,0,,0,0,0,0,0,0,0,0,0,,0
1006394,0,1,0,0,0,0,0,,0,0,0,0,0,0,0,0,0,,1
1010818,0,1,0,0,0,0,0,,0,0,0,0,0,0,0,0,0,,0
1000913,0,1,0,0,0,0,0,,0,0,0,0,0,0,0,0,0,,0
1003216,0,1,0,0,0,0,0,,0,0,0,0,0,0,0,0,0,,0
1014885,4,1,1,1,1,0,0,3.0,0,0,0,0,0,0,0,0,0,,1
1017433,4,2,1,1,0,0,0,12.0,0,0,0,1,0,0,2,0,0,,1
1010948,4,2,1,1,0,0,0,2.0,0,0,1,1,1,1,6,0,0,,1
1010391,0,1,0,0,0,0,0,,0,0,0,0,0,0,0,0,0,,0
1007469,0,1,0,0,0,0,0,,0,0,0,0,0,0,0,0,0,,0
1008083,4,2,1,1,0,0,0,10.0,0,0,1,1,1,1,6,0,0,,1
1005548,0,1,0,0,0,0,0,,0,0,0,0,0,0,0,0,0,,0
1011085,0,1,0,0,0,0,0,,0,0,0,0,0,0,0,0,0,,0
1010887,0,1,0,0,0,0,0,,0,0,0,0,0,0,0,0,0,,0
1008880,4,1,1,0,0,0,0,,0,0,0,1,0,0,2,0,0,,1
1015537,0,0,0,0,0,0,0,,0,0,0,0,0,0,0,0,1,,1
1008348,0,1,0,0,0,0,0,,0,0,0,0,0,0,0,0,0,,0
1008437,0,0,0,0,0,0,0,,0,0,0,0,0,0,0,0,0,,1
1005224,0,1,0,0,0,0,0,,0,0,0,0,0,0,0,0,0,,1
1002437,0,1,0,0,0,0,0,,0,0,0,0,0,0,0,0,0,,0
1016909,0,1,0,0,0,0,0,,0,0,0,0,0,0,0,0,0,,0
1001113,4,2,1,1,1,1,1,,0,0,1,1,0,0,3,0,0,,1
1012508,0,1,0,0,0,0,0,,0,0,0,0,0,0,0,0,0,,0
1006999,0,1,0,0,0,0,0,,0,0,0,0,0,0,0,0,0,,0
1011170,4,2,1,1,1,0,1,,0,0,0,0,0,0,4,0,0,,1
1001139,0,1,0,0,0,0,0,,0,0,0,0,0,0,0,0,0,,0
1000428,0,1,0,0,0,0,0,,0,0,0,0,0,0,0,0,0,,1
1011994,0,1,0,0,0,0,0,,0,0,0,0,0,0,0,0,0,,0
1008024,0,1,0,0,0,0,0,,0,0,0,0,0,0,0,0,0,,1
1008778,4,2,1,0,0,0,0,2.0,0,0,0,1,0,1,3,0,0,,1
1002422,4,2,1,1,1,0,0,,0,0,1,1,1,1,6,0,0,,1
1014531,4,0,1,0,0,0,0,10.0,0,0,0,0,0,0,0,0,0,,1
1011558,0,1,0,0,0,0,0,,0,0,0,0,0,0,0,0,0,,1
1012382,4,2,1,0,0,1,0,6.0,0,1,1,1,1,1,6,0,0,,1
1009787,0,1,0,0,0,0,0,,0,0,0,0,0,0,0,0,0,,0
1008632,4,2,1,0,0,0,0,,0,0,0,1,0,0,2,0,0,,1
1013422,0,1,0,0,0,0,0,,0,0,0,0,0,0,0,0,0,,0
1011242,0,1,0,0,0,0,0,,0,0,0,0,0,0,0,0,0,,0
1008630,0,1,0,0,0,0,0,,0,0,0,0,0,0,0,0,0,,1
1010926,0,1,0,0,0,0,0,,0,0,0,0,0,0,0,0,0,,0
1012470,0,1,0,0,0,0,0,,0,0,0,0,0,0,0,0,0,,1
1010086,0,0,0,0,0,0,0,,0,0,0,0,0,0,0,0,1,,1
1011413,4,1,1,1,0,0,0,10.0,0,0,1,1,1,1,6,0,0,,1
1006743,4,0,1,0,0,0,0,,0,0,0,0,0,0,0,0,0,,1
1009939,0,1,0,0,0,0,0,,0,0,0,0,0,0,0,0,0,,0
1014370,0,1,0,0,0,0,0,,0,0,0,0,0,0,0,0,0,,0
1002972,4,2,1,1,0,0,0,25.0,0,0,0,0,0,0,4,0,0,,1
1009088,4,2,1,1,1,1,0,,0,0,0,0,0,0,0,0,0,,1
1001539,0,1,0,0,0,0,0,,0,0,0,0,0,0,0,0,0,,0
1001303,0,1,0,0,0,0,0,,0,0,0,0,0,0,0,0,0,,0
1011100,4,1,1,1,0,0,0,,0,0,0,0,0,0,0,0,0,,1
1013584,0,1,0,0,0,0,0,,0,0,0,0,0,0,0,0,0,,0
1004934,4,1,1,0,1,0,1,,0,1,0,1,1,1,6,0,0,,1
1013275,0,1,0,0,0,0,0,,0,0,0,0,0,0,0,0,0,,0
1007215,4,2,1,1,1,0,0,3.0,0,1,1,1,1,1,6,0,0,,1
1010773,4,1,1,0,1,1,0,,0,1,1,1,1,1,6,0,0,,1
1007837,0,1,0,0,0,0,0,,0,0,0,0,0,0,0,0,0,,0
1015937,0,1,0,0,0,0,0,,0,0,0,0,0,0,0,0,0,,0
1014294,0,1,0,0,0,0,0,,0,0,0,0,0,0,0,0,0,,0
1007208,0,1,0,0,0,0,0,,0,0,0,0,0,0,0,0,0,,1
1014819,4,1,1,0,0,0,1,,0,0,0,0,0,0,1,0,0,,1
1001774,4,1,1,1,0,0,0,,0,0,0,0,0,0,5,0,0,,1
1013895,0,1,0,0,0,0,0,,0,0,0,0,0,0,0,0,0,,0
1017370,0,1,0,0,0,0,0,,0,0,0,0,0,0,0,0,0,,0
1008115,4,2,1,1,0,0,0,,0,0,0,1,0,1,3,0,0,,1
1001752,0,1,0,0,0,0,0,,0,0,0,0,0,0,0,0,0,,1
1012482,0,1,0,0,0,0,0,,0,0,0,0,0,0,0,0,0,,0
1016468,0,1,0,0,0,0,0,,0,0,0,0,0,0,0,0,0,,0
1013123,0,1,0,0,0,0,0,,0,0,0,0,0,0,0,0,0,,0
1003952,4,2,1,1,0,0,0,,0,0,1,1,0,0,3,0,0,,1
1003666,0,1,0,0,0,0,0,,0,0,0,0,0,0,0,0,0,,0
1002877,0,1,0,0,0,0,0,,0,0,0,0,0,0,0,0,0,,0
1017435,0,1,0,0,0,0,0,,0,0,0,0,0,0,0,0,0,,0
1004237,0,1,0,0,0,0,0,,0,0,0,0,0,0,0,0,0,,0
1011078,0,1,0,0,0,0,0,,0,0,0,0,0,0,0,0,0,,0
1015683,0,1,0,0,0,0,0,,0,0,0,0,0,0,0,0,0,,0
1002137,4,1,1,1,0,0,0,,0,0,0,0,0,0,0,1,1,,1
1016059,0,1,0,0,0,0,0,,0,0,0,0,0,0,0,0,0,,0
1017069,0,1,0,0,0,0,0,,0,0,0,0,0,0,0,0,0,,1
1015900,0,1,0,0,0,0,0,,0,0,0,0,0,0,0,0,0,,0
1013801,0,1,0,0,0,0,0,,0,0,0,0,0,0,0,0,0,,0
1005320,0,1,0,0,0,0,0,,0,0,0,0,0,0,0,0,0,,0
1016331,0,1,0,0,0,0,0,,0,0,0,0,0,0,0,0,0,,0
1010865,4,2,1,1,1,1,0,2.0,0,0,0,0,0,0,0,0,0,,1
1015203,0,1,0,0,0,0,0,,0,0,0,0,0,0,0,0,0,,0
1002840,4,2,1,1,1,0,0,,0,0,0,0,0,0,0,0,0,,1
1004310,0,1,0,0,0,0,0,,0,0,0,0,0,0,0,0,0,,0
1013128,0,1,0,0,0,0,0,,0,0,0,0,0,0,0,0,0,,0
1000518,0,1,0,0,0,0,0,,0,0,0,0,0,0,0,0,0,,0
1006756,4,1,1,0,0,0,0,,0,0,0,1,0,0,2,0,0,,1
1003994,0,1,0,0,0,0,0,,0,0,0,0,0,0,0,0,0,,0
1010862,0,1,0,0,0,0,0,,0,0,0,0,0,0,0,0,0,,0
1014395,0,1,0,0,0,0,0,,0,0,0,0,0,0,0,0,0,,0
1007030,4,2,1,1,1,0,0,,0,0,0,0,0,0,0,0,0,,1
1001340,4,2,1,0,0,0,0,,0,0,0,1,0,0,3,0,0,,1
1002127,0,1,0,0,0,0,0,,0,0,0,0,0,0,0,0,0,,0
1011180,4,1,1,1,1,1,0,1.0,0,1,0,1,0,1,4,0,0,,1
1010708,4,1,1,0,0,0,0,3.0,0,1,0,1,0,0,2,0,0,,1
1012385,4,2,1,0,0,0,0,,0,1,0,0,0,0,0,1,1,,1
1016721,4,0,1,0,0,0,1,1.0,0,0,1,1,0,0,3,0,0,,1
1012527,0,1,0,0,0,0,0,,0,0,0,0,0,0,0,0,0,,1
1013856,0,1,0,0,0,0,0,,0,0,0,0,0,0,0,0,0,,1
1010745,4,2,1,1,0,0,0,3.0,0,0,1,1,0,0,3,0,0,,1
1004087,4,2,1,1,1,1,0,,0,0,0,0,0,0,0,0,0,,1
1010673,0,1,0,0,0,0,0,,0,0,0,0,0,0,0,0,0,,0
1011114,0,1,0,0,0,0,0,,0,0,0,0,0,0,0,0,0,,0
1011033,4,2,1,0,0,0,1,,0,0,0,1,0,0,2,0,0,,1
1008332,0,1,0,0,0,0,0,,0,0,0,0,0,0,0,0,0,,0
1011150,0,1,0,0,0,0,0,,0,0,0,0,0,0,0,0,0,,0
1016920,0,1,0,0,0,0,0,,0,0,0,0,0,0,0,0,0,,0
1003687,0,1,0,0,0,0,0,,0,0,0,0,0,0,0,0,0,,1
1009727,0,1,0,0,0,0,0,,0,0,0,0,0,0,0,0,0,,0
1009058,4,2,1,1,0,0,0,1.0,0,0,0,0,0,0,0,0,0,,1
1007762,0,1,0,0,0,0,0,,0,0,0,0,0,0,0,0,0,,0
1005065,0,1,0,0,0,0,0,,0,0,0,0,0,0,0,0,0,,1
1014868,4,1,1,0,0,0,1,,0,0,0,1,0,0,2,0,0,,1
1011159,0,1,0,0,0,0,0,,0,0,0,0,0,0,0,0,0,,0
1009343,4,2,1,0,0,0,1,,0,0,0,0,0,0,1,1,1,,1
1005676,0,1,0,0,0,0,0,,0,0,0,0,0,0,0,0,0,,0
1014049,4,2,1,1,1,1,0,202.0,0,0,0,0,0,0,0,0,0,,1
1000890,4,1,1,1,0,0,0,,0,0,0,0,0,0,2,0,0,,1
1013665,0,1,0,0,0,0,0,,0,0,0,0,0,0,0,0,0,,0
1000382,4,2,1,1,1,1,0,2.0,0,0,0,0,0,0,0,0,0,,1
1013466,0,1,0,0,0,0,0,,0,0,0,0,0,0,0,0,0,,0
1007977,4,2,1,1,0,0,0,2.0,0,0,0,0,0,0,0,0,0,,1
1000160,0,1,0,0,0,0,0,,0,0,0,0,0,0,0,0,0,,0
1002538,4,1,1,0,1,0,0,,0,0,0,0,0,0,0,1,1,,1
1004951,0,1,0,0,0,0,0,,0,0,0,0,0,0,0,0,0,,0
1000243,0,1,0,0,0,0,0,,0,0,0,0,0,0,0,0,0,,0
1010396,0,1,0,0,0,0,0,,0,0,0,0,0,0,0,0,0,,0
1000469,4,2,1,1,0,0,0,,0,0,0,0,0,0,5,0,0,,1
1002262,0,1,0,0,0,0,0,,0,0,0,0,0,0,0,0,0,,0
1010299,0,1,0,0,0,0,0,,0,0,0,0,0,0,0,0,0,,0
1004919,4,2,1,0,1,0,0,,0,1,1,1,1,1,6,0,0,,1
1001982,0,1,0,0,0,0,0,,0,0,0,0,0,0,0,0,0,,1
1000189,3,1,1,0,0,0,1,,0,0,0,1,0,0,1,1,1,,1
1016296,0,1,0,0,0,0,0,,0,0,0,0,0,0,0,0,0,,0
1009819,0,1,0,0,0,0,0,,0,0,0,0,0,0,0,0,0,,0
1010039,4,0,1,1,0,0,0,,0,0,0,0,0,0,0,1,1,,1
1008388,0,1,0,0,0,0,0,,0,0,0,0,0,0,0,0,0,,0
1012175,0,1,0,0,0,0,0,,0,0,0,0,0,0,0,0,0,,0
1003866,0,1,0,0,0,0,0,,0,0,0,0,0,0,0,0,0,,0
1014361,0,1,0,0,0,0,0,,0,0,0,0,0,0,0,0,0,,0
1006685,0,1,0,0,0,0,0,,0,0,0,0,0,0,0,0,0,,0
1004522,4,2,1,1,1,0,0,,0,0,1,0,0,0,7,0,0,,1
1003465,0,1,0,0,0,0,0,,0,0,0,0,0,0,0,0,0,,0
1004319,0,1,0,0,0,0,0,,0,0,0,0,0,0,0,0,0,,0
1001764,4,1,1,1,0,0,0,19.0,1,0,0,0,0,0,0,0,1,,1
1013892,4,2,1,1,1,1,1,,1,0,1,1,1,1,6,0,0,,1
1012777,0,1,0,0,0,0,0,,0,0,0,0,0,0,0,0,0,,0
1004929,0,1,0,0,0,0,0,,0,0,0,0,0,0,0,0,0,,1
1003609,0,1,0,0,0,0,0,,0,0,0,0,0,0,0,0,0,,0
1006152,0,1,0,0,0,0,0,,0,0,0,0,0,0,0,0,0,,0
1009230,4,2,1,0,0,0,0,,0,0,0,0,0,0,1,0,0,,1
1016288,0,1,0,0,0,0,0,,0,0,0,0,0,0,0,0,0,,0
1005433,0,1,0,0,0,0,0,,0,0,0,0,0,0,0,0,0,,1
1006029,4,2,1,1,0,0,0,2.0,0,0,0,0,0,0,0,0,0,,1
1015853,0,1,0,0,0,0,0,,0,0,0,0,0,0,0,0,0,,0
1000415,0,1,0,0,0,0,0,,0,0,0,0,0,0,0,0,0,,1
1007010,0,1,0,0,0,0,0,,0,0,0,0,0,0,0,0,0,,0
1011476,0,1,0,0,0,0,0,,0,0,0,0,0,0,0,0,0,,0
1014639,4,1,1,1,0,0,0,11.0,0,0,0,1,1,0,3,0,0,,1
1001714,0,1,0,0,0,0,0,,0,0,0,0,0,0,0,0,0,,1
1005788,0,1,0,0,0,0,0,,0,0,0,0,0,0,0,0,0,,0
1007323,4,0,1,0,1,0,0,704.0,0,0,0,0,0,0,0,1,1,,1
1005690,4,2,1,1,1,0,0,2.0,0,0,0,0,0,0,0,0,0,,1
1002790,0,1,0,0,0,0,0,,0,0,0,0,0,0,0,0,0,,1
1005734,4,2,1,1,1,1,0,,0,0,1,1,1,1,6,0,0,,1
1009703,4,1,1,0,0,0,0,1.0,0,0,0,1,0,1,3,0,0,,1
1003287,0,1,0,0,0,0,0,,0,0,0,0,0,0,0,0,0,,0
1003953,0,1,0,0,0,0,0,,0,0,0,0,0,0,0,0,0,,0
1008748,4,2,1,0,1,0,0,,0,0,0,0,0,0,5,0,0,,1
1006412,0,1,0,0,0,0,0,,0,0,0,0,0,0,0,0,0,,0
1011754,0,1,0,0,0,0,0,,0,0,0,0,0,0,0,0,0,,0
1004948,4,2,1,0,0,0,0,,0,0,0,1,0,0,2,0,0,,1
1013824,0,1,0,0,0,0,0,,0,0,0,0,0,0,0,0,0,,0
1011891,4,1,1,1,1,0,0,2.0,0,1,1,1,1,1,6,0,0,,1
1001803,0,1,0,0,0,0,0,,0,0,0,0,0,0,0,0,0,,0
1015342,0,1,0,0,0,0,0,,0,0,0,0,0,0,0,0,0,,0
1004196,0,1,0,0,0,0,0,,0,0,0,0,0,0,0,0,0,,1
1002864,0,1,0,0,0,0,0,,0,0,0,0,0,0,0,0,0,,0
1003794,4,2,1,0,0,0,0,12.0,0,1,1,1,0,0,3,0,0,,1
1007920,0,1,0,0,0,0,0,,0,0,0,0,0,0,0,0,0,,0
1015371,0,1,0,0,0,0,0,,0,0,0,0,0,0,0,0,0,,0
1016467,4,1,1,1,0,0,0,1088.0,0,0,0,0,0,0,0,1,1,,1
1008141,4,2,1,0,0,0,0,,0,1,1,1,1,1,6,0,0,,1
1009925,0,0,0,0,0,0,0,,0,0,0,0,0,0,0,0,0,,1
1013601,0,1,0,0,0,0,0,,0,0,0,0,0,0,0,0,0,,0
1015130,0,1,0,0,0,0,0,,0,0,0,0,0,0,0,0,0,,0
1001474,0,1,0,0,0,0,0,,0,0,0,0,0,0,0,0,0,,0
1008070,4,1,1,0,0,0,0,,0,0,0,0,0,0,1,0,0,,1
1002011,0,1,0,0,0,0,0,,0,0,0,0,0,0,0,0,0,,0
1005454,4,1,1,1,1,0,0,,0,1,1,1,1,0,5,0,0,,1
1012542,4,2,1,1,1,0,0,,0,0,1,1,1,1,6,0,0,,1
1014657,0,1,0,0,0,0,0,,0,0,0,0,0,0,0,0,0,,1
1013420,4,1,1,0,0,0,1,,0,0,0,1,0,0,2,0,0,,1
1013793,0,1,0,0,0,0,0,,0,0,0,0,0,0,0,0,0,,0
1005381,0,1,0,0,0,0,0,,0,0,0,0,0,0,0,0,0,,0
1013126,0,1,0,0,0,0,0,,0,0,0,0,0,0,0,0,0,,0
1014784,0,1,0,0,0,0,0,,0,0,0,0,0,0,0,0,0,,1
1014269,4,0,1,0,0,0,0,,0,0,0,1,0,0,2,0,0,,1
1013465,0,1,0,0,0,0,0,,0,0,0,0,0,0,0,0,0,,1
1006102,4,2,1,0,0,0,0,,0,0,0,0,0,0,0,1,1,,1
1000472,0,1,0,0,0,0,0,,0,0,0,0,0,0,0,0,0,,0
1007685,4,2,1,1,0,0,0,,0,0,0,1,0,0,4,0,0,,1
1009207,0,1,0,0,0,0,0,,0,0,0,0,0,0,0,0,0,,0
1016689,0,1,0,0,0,0,0,,0,0,0,0,0,0,0,0,0,,0
1014007,0,0,0,0,0,0,0,,0,0,0,0,0,0,0,0,0,,1
1010437,0,1,0,0,0,0,0,,0,0,0,0,0,0,0,0,0,,0
1013785,4,2,1,1,0,0,0,,0,0,0,0,0,0,0,0,0,,1
1011019,0,1,0,0,0,0,0,,0,0,0,0,0,0,0,0,0,,0
1012553,4,2,1,1,0,0,0,,0,0,0,0,0,0,0,1,1,,1
1009223,4,2,1,0,0,0,0,,0,0,1,1,0,0,2,0,0,,1
1003593,0,1,0,0,0,0,0,,0,0,0,0,0,0,0,0,0,,0
1001463,0,1,0,0,0,0,0,,0,0,0,0,0,0,0,0,0,,0
1007137,0,1,0,0,0,0,0,,0,0,0,0,0,0,0,0,0,,1
1010073,4,2,1,1,0,0,0,,0,0,0,1,0,0,2,0,0,,1
1009416,0,1,0,0,0,0,0,,0,0,0,0,0,0,0,0,0,,0
1015138,0,1,0,0,0,0,0,,0,0,0,0,0,0,0,0,0,,1
1001158,0,1,0,0,0,0,0,,0,0,0,0,0,0,0,0,0,,0
1008547,0,1,0,0,0,0,0,,0,0,0,0,0,0,0,0,0,,0
1007820,0,1,0,0,0,0,0,,0,0,0,0,0,0,0,0,0,,0
1008834,4,2,1,1,1,0,1,12.0,0,0,1,1,1,1,6,0,0,,1
1004669,0,1,0,0,0,0,0,,0,0,0,0,0,0,0,0,0,,0
1000013,4,1,1,1,0,0,0,2.0,0,0,0,0,0,0,2,0,0,,1
1013283,0,1,0,0,0,0,0,,0,0,0,0,0,0,0,0,0,,0
1016851,0,1,0,0,0,0,0,,0,0,0,0,0,0,0,0,0,,0
1003356,0,1,0,0,0,0,0,,0,0,0,0,0,0,0,0,0,,0
1016465,0,1,0,0,0,0,0,,0,0,0,0,0,0,0,0,0,,0
1011964,0,1,0,0,0,0,0,,0,0,0,0,0,0,0,0,0,,0
1010602,0,1,0,0,0,0,0,,0,0,0,0,0,0,0,0,0,,1
1011230,0,1,0,0,0,0,0,,0,0,0,0,0,0,0,0,0,,0
1007122,4,2,1,0,0,0,0,2.0,0,0,0,1,0,0,5,0,0,,1
1000418,0,1,0,0,0,0,0,,0,0,0,0,0,0,0,0,0,,0
1009148,0,0,0,0,0,0,0,,0,0,0,0,0,0,0,0,0,,1
1011581,4,2,1,1,0,0,0,,0,0,0,0,0,0,0,1,1,,1
1006847,0,1,0,0,0,0,0,,0,0,0,0,0,0,0,0,0,,0
1004981,4,2,1,1,0,0,0,,0,0,0,0,0,0,0,0,0,,1
1015358,4,1,1,0,0,0,0,,0,0,0,0,0,0,7,0,0,,1
1011330,4,2,1,0,0,0,0,,0,0,0,1,0,0,3,0,0,,1
1012879,4,2,1,1,1,1,0,2.0,0,0,1,1,1,1,5,0,0,,1
1010321,4,2,1,0,0,0,0,2.0,0,0,1,1,0,1,4,0,0,,1
1017248,4,2,1,1,0,0,0,12.0,0,0,0,0,0,0,1,0,0,,1
1004078,0,1,0,0,0,0,0,,0,0,0,0,0,0,0,0,0,,0
1013300,0,1,0,0,0,0,0,,0,0,0,0,0,0,0,0,0,,0
1009931,0,1,0,0,0,0,0,,0,0,0,0,0,0,0,0,0,,0
1009555,4,1,1,1,0,0,0,20.0,0,0,0,0,0,0,3,0,0,,1
1009365,0,1,0,0,0,0,0,,0,0,0,0,0,0,0,0,0,,0
1003170,0,1,0,0,0,0,0,,0,0,0,0,0,0,0,0,0,,0
1009196,0,1,0,0,0,0,0,,0,0,0,0,0,0,0,0,0,,0
1017514,4,0,1,0,0,0,0,2.0,0,0,0,0,0,0,0,0,0,,1
1006904,0,1,0,0,0,0,0,,0,0,0,0,0,0,0,0,0,,0
1016803,0,1,0,0,0,0,0,,0,0,0,0,0,0,0,0,0,,0
1015876,4,1,1,0,0,0,0,2.0,0,0,1,1,0,0,3,0,0,,1
1010858,0,1,0,0,0,0,0,,0,0,0,0,0,0,0,0,0,,0
1008255,0,1,0,0,0,0,0,,0,0,0,0,0,0,0,0,0,,1
1014373,4,2,1,0,0,0,0,,0,0,0,0,0,0,4,0,0,,1
1005987,0,1,0,0,0,0,0,,0,0,0,0,0,0,0,0,0,,0
1001652,0,1,0,0,0,0,0,,0,0,0,0,0,0,0,0,0,,0
1001813,0,1,0,0,0,0,0,,0,0,0,0,0,0,0,0,0,,0
1009496,4,1,1,1,0,0,0,,0,0,1,1,0,0,4,1,1,,1
1016863,4,0,1,0,0,0,0,,0,0,0,0,0,0,1,0,0,,1
1016270,4,2,1,1,1,0,0,2.0,0,0,0,0,0,0,0,0,0,,1
1006627,0,1,0,0,0,0,0,,0,0,0,0,0,0,0,0,0,,0
1001845,0,1,0,0,0,0,0,,0,0,0,0,0,0,0,0,0,,0
1004997,4,2,1,1,0,0,0,3.0,0,0,0,1,0,0,2,0,0,,1
1015437,0,1,0,0,0,0,0,,0,0,0,0,0,0,0,0,0,,0
1013212,4,0,1,1,0,0,0,20.0,0,0,0,0,0,0,0,0,0,,1
1005444,0,1,0,0,0,0,0,,0,0,0,0,0,0,0,0,0,,1
1011369,0,1,0,0,0,0,0,,0,0,0,0,0,0,0,0,0,,0
1002647,4,2,1,1,1,0,0,,0,1,1,1,1,1,6,0,0,,1
1011363,0,1,0,0,0,0,0,,0,0,0,0,0,0,0,0,0,,0
1005728,0,1,0,0,0,0,0,,0,0,0,0,0,0,0,0,0,,0
1009067,0,1,0,0,0,0,0,,0,0,0,0,0,0,0,0,0,,0
1009209,0,1,0,0,0,0,0,,0,0,0,0,0,0,0,0,0,,1
1010132,0,1,0,0,0,0,0,,0,0,0,0,0,0,0,0,0,,0
1005856,4,0,1,0,1,0,0,1.0,0,0,0,0,0,0,0,0,0,,1
1015543,0,0,0,0,0,0,0,,0,0,0,0,0,0,0,1,1,,1
1014502,0,1,0,0,0,0,0,,0,0,0,0,0,0,0,0,0,,0
1002651,0,1,0,0,0,0,0,,0,0,0,0,0,0,0,0,0,,0
1000687,0,1,0,0,0,0,0,,0,0,0,0,0,0,0,0,0,,0
1006674,4,0,1,1,0,0,0,2.0,0,0,0,0,0,0,0,0,0,,1
1001140,4,2,1,0,0,0,0,,0,0,0,0,0,0,1,0,0,,1
1012839,0,1,0,0,0,0,0,,0,0,0,0,0,0,0,0,0,,0
1010767,0,1,0,0,0,0,0,,0,0,0,0,0,0,0,0,0,,0
1009903,0,1,0,0,0,0,0,,0,0,0,0,0,0,0,0,0,,0
1010930,0,1,0,0,0,0,0,,0,0,0,0,0,0,0,0,0,,0
1003064,0,1,0,0,0,0,0,,0,0,0,0,0,0,0,0,0,,1
1014705,0,1,0,0,0,0,0,,0,0,0,0,0,0,0,0,0,,0
1015637,4,2,1,1,1,0,0,,0,0,1,1,1,1,6,0,0,,1
1016514,4,0,1,0,0,0,0,,0,0,0,0,0,0,4,0,0,,1
1016768,4,1,1,1,0,0,0,2.0,0,0,0,0,0,0,0,1,1,,1
1015719,4,2,1,1,0,0,0,10.0,0,0,0,1,0,0,2,0,0,,1
1013699,4,1,1,1,0,0,0,3.0,0,0,0,0,0,0,3,0,0,,1
1014016,0,1,0,0,0,0,0,,0,0,0,0,0,0,0,0,0,,0
1005141,4,2,1,1,0,0,0,2.0,0,0,0,1,0,0,2,0,0,,1
1011294,4,1,1,0,0,0,1,2.0,0,1,0,1,0,1,3,0,0,,1
1016116,4,0,1,0,0,0,0,,0,0,0,0,0,0,0,1,1,,1
1003375,0,1,0,0,0,0,0,,0,0,0,0,0,0,0,0,0,,0
1015516,0,1,0,0,0,0,0,,0,0,0,0,0,0,0,0,0,,0
1013220,0,1,0,0,0,0,0,,0,0,0,0,0,0,0,0,0,,0
1000377,0,1,0,0,0,0,0,,0,0,0,0,0,0,0,0,0,,0
1002968,4,2,1,0,0,1,0,,1,0,0,1,1,1,5,0,0,,1
1001696,0,1,0,0,0,0,0,,0,0,0,0,0,0,0,0,0,,0
1015675,0,1,0,0,0,0,0,,0,0,0,0,0,0,0,0,0,,0
1013787,0,1,0,0,0,0,0,,0,0,0,0,0,0,0,0,0,,0
1007909,0,1,0,0,0,0,0,,0,0,0,0,0,0,0,0,0,,0
1011810,0,1,0,0,0,0,0,,0,0,0,0,0,0,0,0,0,,0
1013544,0,1,0,0,0,0,0,,0,0,0,0,0,0,0,0,0,,1
1008155,0,1,0,0,0,0,0,,0,0,0,0,0,0,0,0,0,,0
1005740,0,1,0,0,0,0,0,,0,0,0,0,0,0,0,0,0,,0
1000494,4,1,1,0,0,0,1,,0,0,0,1,0,0,2,1,1,,1
1016110,0,1,0,0,0,0,0,,0,0,0,0,0,0,0,0,0,,0
1008577,0,1,0,0,0,0,0,,0,0,0,0,0,0,0,0,0,,0
1013761,0,1,0,0,0,0,0,,0,0,0,0,0,0,0,0,0,,0
1003927,0,1,0,0,0,0,0,,0,0,0,0,0,0,0,0,0,,0
1003890,0,1,0,0,0,0,0,,0,0,0,0,0,0,0,0,0,,0
1010413,0,1,0,0,0,0,0,,0,0,0,0,0,0,0,0,0,,1
1015044,4,2,1,1,0,0,1,,0,1,0,1,1,0,3,0,0,,1
1001938,4,2,1,0,1,0,0,,0,0,0,1,0,1,3,0,0,,1
1012723,4,2,1,1,1,1,0,,0,0,1,1,1,1,5,0,0,,1
1000740,0,1,0,0,0,0,0,,0,0,0,0,0,0,0,0,0,,0
1012022,0,1,0,0,0,0,0,,0,0,0,0,0,0,0,0,0,,0
1009629,4,0,1,0,0,0,0,,0,0,0,1,0,0,2,0,0,,1
1004877,0,1,0,0,0,0,0,,0,0,0,0,0,0,0,0,0,,0
1014889,0,1,0,0,0,0,0,,0,0,0,0,0,0,0,0,0,,0
1017349,0,1,0,0,0,0,0,,0,0,0,0,0,0,0,0,0,,0
1003792,0,1,0,0,0,0,0,,0,0,0,0,0,0,0,0,0,,1
1008486,4,0,1,1,1,1,0,,0,0,0,0,0,0,0,0,0,,1
1014231,4,2,1,1,0,0,0,2.0,0,0,0,0,0,0,0,1,1,,1
1006582,4,2,1,0,0,0,1,,0,0,0,1,0,0,2,0,0,,1
1015510,0,1,0,0,0,0,0,,0,0,0,0,0,0,0,0,0,,0
1001589,4,2,1,0,0,0,0,,0,0,0,0,0,0,0,0,0,,1
1008008,0,1,0,0,0,0,0,,0,0,0,0,0,0,0,0,0,,0
1001054,0,1,0,0,0,0,0,,0,0,0,0,0,0,0,0,0,,0
1013896,0,1,0,0,0,0,0,,0,0,0,0,0,0,0,0,0,,0
1011305,4,1,1,0,0,0,1,,0,0,0,0,0,0,1,1,1,,1
1007919,0,1,0,0,0,0,0,,0,0,0,0,0,0,0,0,0,,0
1017511,0,1,0,0,0,0,0,,0,0,0,0,0,0,0,0,0,,0
1016052,0,1,0,0,0,0,0,,0,0,0,0,0,0,0,0,0,,0
1012759,4,2,1,0,1,1,0,,0,0,1,1,0,0,10,0,0,,1
1001912,4,2,1,1,1,0,0,,0,0,1,1,1,1,6,0,0,,1
1004235,4,2,1,1,0,0,0,,0,0,0,0,0,0,8,0,0,,1
1015208,4,2,1,1,0,0,0,15.0,1,0,0,0,0,0,0,0,0,,1
1011870,0,1,0,0,0,0,0,,0,0,0,0,0,0,0,0,0,,0
1012665,4,2,1,0,0,0,1,,0,0,0,0,0,0,4,0,0,,1
1001119,0,1,0,0,0,0,0,,0,0,0,0,0,0,0,0,0,,0
1009873,4,2,1,1,0,0,0,,0,0,0,0,0,0,0,0,0,,1
1002526,0,1,0,0,0,0,0,,0,0,0,0,0,0,0,0,0,,0
1010459,4,2,1,1,1,0,0,,0,0,1,1,1,1,6,0,0,,1
1008629,0,1,0,0,0,0,0,,0,0,0,0,0,0,0,0,0,,0
1004382,0,1,0,0,0,0,0,,0,0,0,0,0,0,0,0,0,,1
1012984,0,1,0,0,0,0,0,,0,0,0,0,0,0,0,0,0,,0
1005726,0,1,0,0,0,0,0,,0,0,0,0,0,0,0,0,0,,0
1000096,0,1,0,0,0,0,0,,0,0,0,0,0,0,0,0,0,,1
1003774,4,2,1,1,1,0,0,,0,0,0,0,0,0,0,0,0,,1
1008914,4,1,1,1,0,0,0,1000.0,0,0,0,0,0,0,0,1,1,,1
1008461,0,1,0,0,0,0,0,,0,0,0,0,0,0,0,0,0,,0
1004782,0,1,0,0,0,0,0,,0,0,0,0,0,0,0,0,0,,0
1003791,0,1,0,0,0,0,0,,0,0,0,0,0,0,0,0,0,,1
1013976,0,1,0,0,0,0,0,,0,0,0,0,0,0,0,0,0,,1
1003978,0,1,0,0,0,0,0,,0,0,0,0,0,0,0,0,0,,0
1017134,0,1,0,0,0,0,0,,0,0,0,0,0,0,0,0,0,,0
1014692,4,2,1,1,0,0,0,16.0,0,0,0,0,0,0,0,0,0,,1
1008745,0,1,0,0,0,0,0,,0,0,0,0,0,0,0,0,0,,0
1017561,0,1,0,0,0,0,0,,0,0,0,0,0,0,0,0,0,,1
1001129,0,1,0,0,0,0,0,,0,0,0,0,0,0,0,0,0,,0
1015536,4,2,1,1,0,0,0,12.0,0,0,0,0,0,0,0,1,1,,1
1015508,0,1,0,0,0,0,0,,0,0,0,0,0,0,0,0,0,,0
1001355,0,1,0,0,0,0,0,,0,0,0,0,0,0,0,0,0,,0
1004449,0,1,0,0,0,0,0,,0,0,0,0,0,0,0,0,0,,0
1009261,0,1,0,0,0,0,0,,0,0,0,0,0,0,0,0,0,,0
1017158,0,1,0,0,0,0,0,,0,0,0,0,0,0,0,0,0,,0
1011328,0,1,0,0,0,0,0,,0,0,0,0,0,0,0,0,0,,0
1000635,0,1,0,0,0,0,0,,0,0,0,0,0,0,0,0,0,,1
1000542,0,1,0,0,0,0,0,,0,0,0,0,0,0,0,0,0,,0
1014444,0,1,0,0,0,0,0,,0,0,0,0,0,0,0,0,0,,1
1010029,0,1,0,0,0,0,0,,0,0,0,0,0,0,0,0,0,,0
1013354,0,1,0,0,0,0,0,,0,0,0,0,0,0,0,0,0,,0
1001407,0,1,0,0,0,0,0,,0,0,0,0,0,0,0,0,0,,0
1002039,0,1,0,0,0,0,0,,0,0,0,0,0,0,0,0,0,,0
1015870,0,1,0,0,0,0,0,,0,0,0,0,0,0,0,0,0,,0
1007823,0,1,0,0,0,0,0,,0,0,0,0,0,0,0,0,0,,0
1003816,0,0,0,0,0,0,0,,0,0,0,0,0,0,0,1,1,,1
1001218,0,1,0,0,0,0,0,,0,0,0,0,0,0,0,0,0,,0
1001387,0,0,0,0,0,0,0,,0,0,0,0,0,0,0,0,0,,1
1010711,0,1,0,0,0,0,0,,0,0,0,0,0,0,0,0,0,,0
1004105,0,1,0,0,0,0,0,,0,0,0,0,0,0,0,0,0,,1
1017296,0,1,0,0,0,0,0,,0,0,0,0,0,0,0,0,0,,0
1003705,0,1,0,0,0,0,0,,0,0,0,0,0,0,0,0,0,,0
1001230,0,1,0,0,0,0,0,,0,0,0,0,0,0,0,0,0,,0
1014289,0,1,0,0,0,0,0,,0,0,0,0,0,0,0,0,0,,0
1015284,0,1,0,0,0,0,0,,0,0,0,0,0,0,0,0,0,,0
1009616,4,2,1,1,1,0,0,,0,0,1,1,1,0,5,0,0,,1
1007401,0,1,0,0,0,0,0,,0,0,0,0,0,0,0,0,0,,0
1012246,0,1,0,0,0,0,0,,0,0,0,0,0,0,0,0,0,,1
1016674,0,1,0,0,0,0,0,,0,0,0,0,0,0,0,0,0,,1
1011321,4,2,1,1,1,1,0,,0,0,0,0,0,0,7,0,0,,1
1009712,0,1,0,0,0,0,0,,0,0,0,0,0,0,0,0,0,,1
1004464,0,1,0,0,0,0,0,,0,0,0,0,0,0,0,0,0,,0
1004014,0,1,0,0,0,0,0,,0,0,0,0,0,0,0,0,0,,0
1001537,0,1,0,0,0,0,0,,0,0,0,0,0,0,0,0,0,,0
1000211,0,1,0,0,0,0,0,,0,0,0,0,0,0,0,0,0,,0
1006646,0,1,0,0,0,0,0,,0,0,0,0,0,0,0,0,0,,0
1009008,0,0,0,0,0,0,0,,0,0,0,0,0,0,0,0,1,,1
1000861,0,1,0,0,0,0,0,,0,0,0,0,0,0,0,0,0,,0
1007661,0,1,0,0,0,0,0,,0,0,0,0,0,0,0,0,0,,0
1005121,0,1,0,0,0,0,0,,0,0,0,0,0,0,0,0,0,,0
1001690,4,1,1,1,0,1,0,,0,0,0,1,0,0,4,0,0,,1
1009806,4,1,1,0,0,0,0,1.0,0,0,0,0,0,0,4,0,0,,1
1000541,0,1,0,0,0,0,0,,0,0,0,0,0,0,0,0,0,,0
1005272,0,1,0,0,0,0,0,,0,0,0,0,0,0,0,0,0,,0
1002462,0,1,0,0,0,0,0,,0,0,0,0,0,0,0,0,0,,0
1008237,0,1,0,0,0,0,0,,0,0,0,0,0,0,0,0,0,,1
1005231,0,1,0,0,0,0,0,,0,0,0,0,0,0,0,0,0,,1
1016094,0,1,0,0,0,0,0,,0,0,0,0,0,0,0,0,0,,0
1008444,0,1,0,0,0,0,0,,0,0,0,0,0,0,0,0,0,,0
1015120,4,1,1,1,0,0,0,1.0,0,1,0,1,0,0,2,0,0,,1
1007251,0,1,0,0,0,0,0,,0,0,0,0,0,0,0,0,0,,0
1000059,0,1,0,0,0,0,0,,0,0,0,0,0,0,0,0,0,,0
1007185,4,2,1,0,1,1,0,,0,0,0,0,0,0,0,0,0,,1
1009836,0,1,0,0,0,0,0,,0,0,0,0,0,0,0,0,0,,0
1014026,0,1,0,0,0,0,0,,0,0,0,0,0,0,0,0,0,,0
1005296,0,1,0,0,0,0,0,,0,0,0,0,0,0,0,0,0,,0
1000286,4,0,1,1,0,0,0,1.0,0,0,0,0,0,0,0,0,0,,1
1007178,0,1,0,0,0,0,0,,0,0,0,0,0,0,0,0,0,,1
1005311,4,2,1,1,1,0,0,,0,0,1,1,1,1,6,0,0,,1
1010023,4,2,1,0,0,0,0,,0,0,1,1,1,1,6,0,0,,1
1000826,1,0,0,0,0,0,0,,0,0,0,0,0,0,0,1,1,,1
1013639,4,2,1,0,0,0,0,,0,0,0,0,0,0,1,0,0,,1
1015696,0,0,0,0,0,0,0,,0,0,0,0,0,0,0,1,1,,1
1006549,4,0,1,1,0,0,0,15.0,0,0,0,1,0,0,2,0,0,,1
1013549,0,1,0,0,0,0,0,,0,0,0,0,0,0,0,0,0,,0
1000578,0,1,0,0,0,0,0,,0,0,0,0,0,0,0,0,0,,1
1015697,0,1,0,0,0,0,0,,0,0,0,0,0,0,0,0,0,,0
1009669,0,1,0,0,0,0,0,,0,0,0,0,0,0,0,0,0,,0
1006498,0,1,0,0,0,0,0,,0,0,0,0,0,0,0,0,0,,0
1010047,0,0,0,0,0,0,0,,0,0,0,0,0,0,0,0,0,,1
1007523,0,1,0,0,0,0,0,,0,0,0,0,0,0,0,0,0,,0
1006153,0,1,0,0,0,0,0,,0,0,0,0,0,0,0,0,0,,0
1014165,0,0,0,0,0,0,0,,0,0,0,0,0,0,0,0,0,,1
1013171,0,1,0,0,0,0,0,,0,0,0,0,0,0,0,0,0,,1
1003767,0,1,0,0,0,0,0,,0,0,0,0,0,0,0,0,0,,0
1006962,4,0,1,0,0,0,1,,0,0,0,1,0,0,2,0,0,,1
1015512,0,1,0,0,0,0,0,,0,0,0,0,0,0,0,0,0,,0
1009312,0,0,1,0,0,0,0,,0,0,0,1,0,0,2,0,0,,1
1002069,0,1,0,0,0,0,0,,0,0,0,0,0,0,0,0,0,,0
1004993,0,1,0,0,0,0,0,,0,0,0,0,0,0,0,0,0,,0
1015776,0,1,0,0,0,0,0,,0,0,0,0,0,0,0,0,0,,0
1012233,0,1,1,1,0,0,0,3.0,0,0,0,0,0,0,0,0,0,,1
1010591,0,1,0,0,0,0,0,,0,0,0,0,0,0,0,0,0,,0
1008886,0,2,1,1,0,0,0,2.0,0,0,0,1,0,0,7,0,1,,1
1009279,0,1,0,0,0,0,0,,0,0,0,0,0,0,0,0,0,,0
1010245,0,1,0,0,0,0,0,,0,0,0,0,0,0,0,0,0,,0
1001117,0,1,0,0,0,0,0,,0,0,0,0,0,0,0,0,0,,0
1016203,0,1,0,0,0,0,0,,0,0,0,0,0,0,0,0,0,,0
1011198,0,0,0,0,0,0,0,,0,0,0,0,0,0,0,0,0,,1
1003552,4,2,1,1,0,0,0,2.0,0,0,0,1,1,0,3,0,0,,1
1011766,0,1,0,0,0,0,0,,0,0,0,0,0,0,0,0,0,,0
1012267,0,1,0,0,0,0,0,,0,0,0,0,0,0,0,0,0,,0
1008831,3,1,1,0,0,0,0,2.0,0,0,0,0,0,0,1,0,0,,1
1014641,4,1,1,1,0,0,0,,0,0,0,0,0,0,0,1,1,,1
1001324,4,0,1,1,0,0,0,15.0,0,0,0,0,0,0,0,1,1,,1
1003620,4,2,1,0,0,0,0,,0,0,1,1,1,1,5,0,0,,1
1017413,0,1,0,0,0,0,0,,0,0,0,0,0,0,0,0,0,,0
1001576,0,1,0,0,0,0,0,,0,0,0,0,0,0,0,0,0,,0
1016742,0,1,0,0,0,0,0,,0,0,0,0,0,0,0,0,0,,0
1000299,0,1,0,0,0,0,0,,0,0,0,0,0,0,0,0,0,,0
1013936,0,1,0,0,0,0,0,,0,0,0,0,0,0,0,0,0,,0
1012063,4,0,1,1,1,0,0,,0,0,0,0,0,0,3,0,0,,1
1017246,0,1,0,0,0,0,0,,0,0,0,0,0,0,0,0,0,,0
1015110,0,1,0,0,0,0,0,,0,0,0,0,0,0,0,0,0,,0
1016583,4,2,1,1,1,0,0,,0,0,0,0,0,0,1,0,0,,1
1002200,0,1,0,0,0,0,0,,0,0,0,0,0,0,0,0,0,,0
1015325,0,1,0,0,0,0,0,,0,0,0,0,0,0,0,0,0,,0
1017574,0,1,0,0,0,0,0,,0,0,0,0,0,0,0,0,0,,0
1014104,4,2,1,1,1,1,0,,0,0,0,0,0,0,0,0,0,,1
1000014,0,1,0,0,0,0,0,,0,0,0,0,0,0,0,0,0,,0
1005093,0,1,0,0,0,0,0,,0,0,0,0,0,0,0,0,0,,0
1012432,4,2,1,1,1,1,0,,0,0,0,0,0,0,0,0,0,,1
1007838,4,2,1,1,1,1,0,,0,1,0,0,0,0,0,0,0,,1
1006181,0,1,0,0,0,0,0,,0,0,0,0,0,0,0,0,0,,0
1009319,4,1,1,1,0,0,0,,0,0,0,0,0,0,0,1,1,,1
1009953,0,1,0,0,0,0,0,,0,0,0,0,0,0,0,0,0,,0
1011291,4,2,1,0,1,0,0,10.0,0,0,0,0,0,0,0,0,0,,1
1013695,4,2,1,1,1,0,0,,0,0,0,1,0,0,3,0,0,,1
1003520,4,2,1,1,1,1,0,,0,0,0,0,0,0,0,0,0,,1
1004207,0,1,0,0,0,0,0,,0,0,0,0,0,0,0,0,0,,0
1000489,4,2,1,1,1,0,0,,0,0,1,1,1,1,6,0,0,,1
1013696,0,1,0,0,0,0,0,,0,0,0,0,0,0,0,0,0,,0
1006389,4,2,1,0,0,0,0,,0,0,0,1,1,1,4,0,0,,1
1009697,4,0,1,0,0,0,0,,0,0,0,0,0,0,0,0,0,,1
1002734,0,1,0,0,0,0,0,,0,0,0,0,0,0,0,0,0,,0
1008300,0,1,0,0,0,0,0,,0,0,0,0,0,0,0,0,0,,0
1014378,4,0,1,0,0,0,0,,0,0,0,0,0,0,0,0,0,,1
1014948,4,2,1,0,1,0,0,,0,0,1,1,1,1,6,0,0,,1
1003009,0,1,0,0,0,0,0,,0,0,0,0,0,0,0,0,0,,0
1000344,4,2,1,1,0,0,0,,0,0,0,1,0,0,2,0,0,,1
1011627,4,1,1,1,0,0,0,1.0,0,0,1,1,0,0,3,0,0,,1
1011444,0,1,0,0,0,0,0,,0,0,0,0,0,0,0,0,0,,0
1007802,4,1,1,0,0,0,0,2.0,0,0,0,0,0,0,0,1,1,,1
1003466,0,1,0,0,0,0,0,,0,0,0,0,0,0,0,0,0,,1
1017340,4,2,1,1,0,0,0,,0,0,1,1,1,1,6,0,0,,1
1000831,0,1,0,0,0,0,0,,0,0,0,0,0,0,0,0,0,,0
1005399,0,1,0,0,0,0,0,,0,0,0,0,0,0,0,0,0,,1
1016722,4,2,1,1,0,0,0,1.0,0,0,1,1,0,0,3,0,0,,1
1006109,0,1,0,0,0,0,0,,0,0,0,0,0,0,0,0,0,,0
1007601,0,0,0,0,0,0,0,,0,0,0,0,0,0,0,1,1,,1
1015878,0,1,0,0,0,0,0,,0,0,0,0,0,0,0,0,0,,1
1009395,0,1,0,0,0,0,0,,0,0,0,0,0,0,0,0,0,,0
1001141,4,2,1,1,1,0,0,,0,0,1,1,1,1,6,0,0,,1
1013326,4,2,1,0,0,0,0,,0,0,0,0,0,0,1,0,0,,1
1001477,0,1,0,0,0,0,0,,0,0,0,0,0,0,0,0,0,,0
1015407,0,1,0,0,0,0,0,,0,0,0,0,0,0,0,0,0,,0
1009817,4,0,1,1,0,0,0,10.0,0,0,0,0,0,0,0,1,1,,1
1016734,4,2,1,0,0,1,0,,0,0,0,0,0,0,12,0,0,,1
1003446,4,0,1,0,1,0,0,850.0,0,0,0,0,0,0,0,1,1,,1
1004786,0,1,0,0,0,0,0,,0,0,0,0,0,0,0,0,0,,0
1000031,0,1,0,0,0,0,0,,0,0,0,0,0,0,0,0,0,,0
1013143,0,1,0,0,0,0,0,,0,0,0,0,0,0,0,0,0,,0
1007514,4,2,1,1,1,0,0,,0,0,0,1,0,1,3,0,0,,1
1009998,4,2,1,1,0,0,0,,0,0,1,1,0,0,3,0,0,,1
1007897,0,1,0,0,0,0,0,,0,0,0,0,0,0,0,0,0,,1
1000897,0,1,0,0,0,0,0,,0,0,0,0,0,0,0,0,0,,0
1005421,0,1,0,0,0,0,0,,0,0,0,0,0,0,0,0,0,,0
1015421,0,1,0,0,0,0,0,,0,0,0,0,0,0,0,0,0,,0
1009981,4,0,1,0,0,0,0,1.0,0,0,0,0,0,0,2,0,0,,1
1002116,0,1,0,0,0,0,0,,0,0,0,0,0,0,0,0,0,,1
1005630,4,2,1,0,0,0,1,,0,0,0,1,0,0,2,0,0,,1
1009354,0,1,0,0,0,0,0,,0,0,0,0,0,0,0,0,0,,0
1011814,0,1,0,0,0,0,0,,0,0,0,0,0,0,0,0,0,,0
1005547,0,1,0,0,0,0,0,,0,0,0,0,0,0,0,0,0,,0
1003661,4,0,1,1,0,0,0,2.0,0,0,0,1,0,1,3,0,0,,1
1015098,0,1,0,0,0,0,0,,0,0,0,0,0,0,0,0,0,,0
1009033,0,1,0,0,0,0,0,,0,0,0,0,0,0,0,0,0,,1
1013618,0,0,1,0,1,0,0,,0,0,1,1,0,0,3,0,0,,1
1012639,0,1,0,0,0,0,0,,0,0,0,0,0,0,0,0,0,,1
1012838,0,1,0,0,0,0,0,,0,0,0,0,0,0,0,0,0,,0
1001438,0,1,0,0,0,0,0,,0,0,0,0,0,0,0,0,0,,0
1011763,0,1,0,0,0,0,0,,0,0,0,0,0,0,0,0,0,,0
1006423,4,1,1,0,0,0,0,1.0,0,0,0,0,0,0,1,0,0,,1
1012877,3,1,1,0,0,0,1,,0,0,0,1,0,0,2,0,0,,1
1012673,4,0,1,1,0,0,0,2.0,0,0,0,0,0,0,0,1,1,,1
1009222,0,0,0,0,0,0,0,,0,0,0,0,0,0,0,0,0,,1
1004592,4,2,1,1,1,1,0,,0,0,0,0,0,0,4,0,0,,1
1004366,4,2,1,1,1,0,0,,0,0,1,1,1,1,6,0,0,,1
1016968,0,1,0,0,0,0,0,,0,0,0,0,0,0,0,0,0,,0
1002724,4,2,1,0,0,0,1,,0,0,0,1,0,0,2,0,0,,1
1005375,4,0,1,1,0,0,0,10.0,0,0,0,0,0,0,0,0,1,,1
1015210,0,1,0,0,0,0,0,,0,0,0,0,0,0,0,0,0,,1
1008575,0,1,0,0,0,0,0,,0,0,0,0,0,0,0,0,0,,0
1008812,4,2,1,1,1,0,0,,0,0,0,0,0,0,0,0,0,,1
1004952,4,2,1,1,1,1,0,,0,0,0,1,0,0,5,0,0,,1
1000332,4,2,1,1,0,0,0,,0,0,0,1,0,0,2,0,0,,1
1012852,0,0,0,0,0,0,0,,0,0,0,0,0,0,0,0,0,,1
1000390,0,1,0,0,0,0,0,,0,0,0,0,0,0,0,0,0,,0
1015945,0,1,0,0,0,0,0,,0,0,0,0,0,0,0,0,0,,0
1009135,0,1,0,0,0,0,0,,0,0,0,0,0,0,0,0,0,,0
1000095,4,2,1,1,1,1,0,1.0,0,0,0,0,0,0,0,0,0,,1
1001859,4,2,1,1,0,0,0,12.0,0,1,0,1,1,0,3,0,0,,1
1000853,4,2,1,0,1,0,0,12.0,0,0,0,0,0,0,1,0,0,,1
1004425,0,1,0,0,0,0,0,,0,0,0,0,0,0,0,0,0,,1
1000386,0,1,0,0,0,0,0,,0,0,0,0,0,0,0,0,0,,1
1006101,0,1,0,0,0,0,0,,0,0,0,0,0,0,0,0,0,,0
1009841,0,1,0,0,0,0,0,,0,0,0,0,0,0,0,0,0,,1
1001148,4,2,1,1,1,1,0,,0,0,0,0,0,0,0,0,0,,1
1016567,0,1,0,0,0,0,0,,0,0,0,0,0,0,0,0,0,,0
1000413,0,1,0,0,0,0,0,,0,0,0,0,0,0,0,0,0,,0
1012322,0,1,0,0,0,0,0,,0,0,0,0,0,0,0,0,0,,0
1000284,0,1,0,0,0,0,0,,0,0,0,0,0,0,0,0,0,,1
1000820,0,1,0,0,0,0,0,,0,0,0,0,0,0,0,0,0,,0
1017108,0,1,0,0,0,0,0,,0,0,0,0,0,0,0,0,0,,0
1000973,0,1,0,0,0,0,0,,0,0,0,0,0,0,0,0,0,,0
1011270,4,0,1,0,0,0,0,,0,0,0,0,0,0,1,0,0,,1
1006425,0,1,0,0,0,0,0,,0,0,0,0,0,0,0,0,0,,0
1008672,4,2,1,1,1,1,0,,0,0,0,0,0,0,0,0,0,,1
1001676,0,1,0,0,0,0,0,,0,0,0,0,0,0,0,0,0,,0
1014772,0,1,0,0,0,0,0,,0,0,0,0,0,0,0,0,0,,0
1015502,0,1,0,0,0,0,0,,0,0,0,0,0,0,0,0,0,,0
1015306,4,2,1,1,0,0,0,1.0,0,0,0,0,0,0,3,0,0,,1
1011567,0,1,0,0,0,0,0,,0,0,0,0,0,0,0,0,0,,0
1006119,0,1,0,0,0,0,0,,0,0,0,0,0,0,0,0,0,,0
1013467,4,2,1,1,1,1,0,2.0,0,0,0,1,0,0,4,0,0,,1
1008953,4,2,1,1,1,0,0,,0,0,1,1,1,1,6,0,0,,1
1000180,4,2,1,0,0,0,0,,0,0,0,1,0,0,3,0,0,,1
1016840,4,2,1,0,0,0,0,18.0,0,0,0,1,1,0,3,0,0,,1
1009627,0,1,0,0,0,0,0,,0,0,0,0,0,0,0,0,0,,0
1015236,0,1,0,0,0,0,0,,0,0,0,0,0,0,0,0,0,,0
1015554,0,1,0,0,0,0,0,,0,0,0,0,0,0,0,0,0,,0
1001604,0,1,0,0,0,0,0,,0,0,0,0,0,0,0,0,0,,0
1015805,4,0,1,1,1,0,0,,0,0,0,0,0,0,0,0,0,,1
1000423,0,1,0,0,0,0,0,,0,0,0,0,0,0,0,0,0,,1
1010005,0,1,0,0,0,0,0,,0,0,0,0,0,0,0,0,0,,0
1005386,0,1,0,0,0,0,0,,0,0,0,0,0,0,0,0,0,,0
1000914,0,0,0,0,0,0,0,,0,0,0,0,0,0,0,0,0,,1
1008466,0,1,0,0,0,0,0,,0,0,0,0,0,0,0,0,0,,0
1011461,4,1,1,0,0,0,0,,0,0,0,0,0,0,0,0,0,,1
1001635,0,1,0,0,0,0,0,,0,0,0,0,0,0,0,0,0,,0
1015799,0,1,0,0,0,0,0,,0,0,0,0,0,0,0,0,0,,0
1006022,0,1,0,0,0,0,0,,0,0,0,0,0,0,0,0,0,,0
1002628,4,2,1,0,0,0,0,,0,0,0,1,0,0,2,0,0,,1
1011216,4,2,1,1,1,1,1,,0,0,1,1,1,1,6,0,0,,1
1015810,4,1,1,1,0,0,0,,0,0,0,0,0,0,0,1,1,,1
1007687,0,1,0,0,0,0,0,,0,0,0,0,0,0,0,0,0,,0
1011406,0,1,0,0,0,0,0,,0,0,0,0,0,0,0,0,0,,1
1012469,0,1,0,0,0,0,0,,0,0,0,0,0,0,0,0,0,,0
1014421,4,2,1,1,1,0,0,10.0,0,0,1,1,1,1,6,0,0,,1
1000838,0,1,0,0,0,0,0,,0,0,0,0,0,0,0,0,0,,0
1013845,0,1,0,0,0,0,0,,0,0,0,0,0,0,0,0,0,,0
1014856,0,1,0,0,0,0,0,,0,0,0,0,0,0,0,0,0,,0
1004108,4,2,1,0,0,0,0,12.0,0,1,0,0,0,0,0,0,0,,1
1006580,0,1,0,0,0,0,0,,0,0,0,0,0,0,0,0,0,,0
1005155,0,1,0,0,0,0,0,,0,0,0,0,0,0,0,0,0,,0
1012192,4,2,1,1,0,0,0,,0,0,1,1,1,1,6,0,0,,1
1014216,0,1,0,0,0,0,0,,0,0,0,0,0,0,0,0,0,,0
1011884,0,1,0,0,0,0,0,,0,0,0,0,0,0,0,0,0,,0
1009136,0,1,0,0,0,0,0,,0,0,0,0,0,0,0,0,0,,0
1014634,0,1,0,0,0,0,0,,0,0,0,0,0,0,0,0,0,,0
1010434,0,1,0,0,0,0,0,,0,0,0,0,0,0,0,0,0,,0
1001890,4,2,1,0,0,0,0,,0,0,0,1,0,0,2,0,0,,1
1015001,0,1,0,0,0,0,0,,0,0,0,0,0,0,0,0,0,,1
1013650,0,1,0,0,0,0,0,,0,0,0,0,0,0,0,0,0,,0
1003743,0,1,0,0,0,0,0,,0,0,0,0,0,0,0,0,0,,0
1003447,0,1,0,0,0,0,0,,0,0,0,0,0,0,0,0,0,,0
1001022,0,1,0,0,0,0,0,,0,0,0,0,0,0,0,0,0,,0
1013521,0,1,0,0,0,0,0,,0,0,0,0,0,0,0,0,0,,0
1009535,4,1,1,1,1,0,0,,0,0,0,0,0,0,0,0,0,,1
1007465,0,1,0,0,0,0,0,,0,0,0,0,0,0,0,0,0,,0
1014360,4,2,1,1,1,0,0,2.0,0,0,0,0,0,0,2,0,0,,1
1007825,4,0,1,0,1,0,0,861.0,0,0,0,0,0,0,0,1,1,,1
1006431,0,1,0,0,0,0,0,,0,0,0,0,0,0,0,0,0,,1
1017364,4,2,1,1,0,0,0,11.0,0,0,0,0,0,0,0,0,0,,1
1006134,4,2,1,0,0,0,0,,0,0,0,1,0,0,3,0,0,,1
1013202,4,1,1,1,0,0,0,,0,0,0,0,0,0,0,1,1,,1
1011069,4,2,1,1,0,0,0,3.0,0,0,0,0,0,0,0,0,0,,1
1004742,4,1,1,0,0,0,0,4.0,0,0,0,0,0,0,2,0,0,,1
1013790,0,1,0,0,0,0,0,,0,0,0,0,0,0,0,0,0,,0
1016955,0,1,0,0,0,0,0,,0,0,0,0,0,0,0,0,0,,0
1002814,0,1,0,0,0,0,0,,0,0,0,0,0,0,0,0,0,,0
1015443,0,1,0,0,0,0,0,,0,0,0,0,0,0,0,0,0,,0
1003782,4,2,1,1,0,0,0,1.0,0,0,0,1,0,0,2,0,0,,1
1010800,0,1,0,0,0,0,0,,0,0,0,0,0,0,0,0,0,,0
1005996,0,1,0,0,0,0,0,,0,0,0,0,0,0,0,0,0,,0
1012511,0,1,0,0,0,0,0,,0,0,0,0,0,0,0,0,0,,0
1005043,0,1,0,0,0,0,0,,0,0,0,0,0,0,0,0,0,,0
1004427,0,1,0,0,0,0,0,,0,0,0,0,0,0,0,0,0,,0
1007940,4,0,1,0,0,0,1,,0,0,0,1,0,0,2,0,0,,1
1005462,0,1,0,0,0,0,0,,0,0,0,0,0,0,0,0,0,,0
1001443,4,1,1,1,0,0,0,,0,0,0,0,0,0,0,1,1,,1
1000242,4,2,1,0,0,0,0,,0,0,0,1,0,0,2,0,0,,1
1005304,4,2,1,0,0,0,0,12.0,1,1,0,0,0,0,0,0,0,,1
1009808,0,1,0,0,0,0,0,,0,0,0,0,0,0,0,0,0,,1
1008972,4,2,1,0,0,0,1,,0,0,0,1,1,1,4,0,0,,1
1005552,0,1,0,0,0,0,0,,0,0,0,0,0,0,0,0,0,,0
1011924,0,1,0,0,0,0,0,,0,0,0,0,0,0,0,0,0,,0
1017562,0,1,0,0,0,0,0,,0,0,0,0,0,0,0,0,0,,1
1002837,4,0,1,0,0,0,0,,0,0,0,1,0,0,2,0,0,,1
1005277,4,2,1,1,1,1,0,,0,0,0,0,0,0,0,0,0,,1
1000300,4,1,1,0,1,0,0,,0,0,0,0,0,0,0,1,1,,1
1015541,4,1,1,0,0,0,1,,0,0,0,1,0,0,2,1,1,,1
1012829,0,1,0,0,0,0,0,,0,0,0,0,0,0,0,0,0,,1
1012254,0,1,0,0,0,0,0,,0,0,0,0,0,0,0,0,0,,1
1008457,0,1,0,0,0,0,0,,0,0,0,0,0,0,0,0,0,,0
1009883,4,0,1,1,0,0,0,16.0,0,0,0,0,0,0,0,1,1,,1
1007406,0,1,0,0,0,0,0,,0,0,0,0,0,0,0,0,0,,1
1009844,0,0,0,0,0,0,0,,0,1,1,1,1,1,6,1,1,,1
1012068,0,1,0,0,0,0,0,,0,0,0,0,0,0,0,0,0,,1
1000370,0,1,0,0,0,0,0,,0,0,0,0,0,0,0,0,0,,0
1016458,0,1,0,0,0,0,0,,0,0,0,0,0,0,0,0,0,,0
1012155,0,1,0,0,0,0,0,,0,0,0,0,0,0,0,0,0,,0
1009169,4,1,1,0,0,0,0,,0,0,0,0,0,0,0,1,1,,1
1008301,4,2,1,1,1,0,0,,1,0,0,0,0,0,1,0,0,,1
1002984,0,0,0,0,0,0,0,,0,0,0,0,0,0,0,0,0,,1
1008085,0,1,0,0,0,0,0,,0,0,0,0,0,0,0,0,0,,1
1012779,0,1,0,0,0,0,0,,0,0,0,0,0,0,0,0,0,,0
1016262,0,1,0,0,0,0,0,,0,0,0,0,0,0,0,0,0,,0
1008295,0,1,0,0,0,0,0,,0,0,0,0,0,0,0,0,0,,0
1003438,0,1,0,0,0,0,0,,0,0,0,0,0,0,0,0,0,,0
1004091,4,1,1,0,1,0,0,,0,0,0,0,0,0,1,0,0,,1
1005779,0,1,0,0,0,0,0,,0,0,0,0,0,0,0,0,0,,1
1008865,0,1,0,0,0,0,0,,0,0,0,0,0,0,0,0,0,,0
1009992,4,2,1,1,0,0,0,,0,0,0,1,0,0,2,0,0,,1
1011565,0,1,0,0,0,0,0,,0,0,0,0,0,0,0,0,0,,0
1013958,0,1,0,0,0,0,0,,0,0,0,0,0,0,0,0,0,,0
1009062,0,1,0,0,0,0,0,,0,0,0,0,0,0,0,0,0,,0
1015245,4,1,1,1,0,0,0,14.0,0,0,0,1,0,0,2,0,0,,1
1009201,0,1,0,0,0,0,0,,0,0,0,0,0,0,0,0,0,,1
1012319,0,1,0,0,0,0,0,,0,0,0,0,0,0,0,0,0,,1
1014678,0,1,0,0,0,0,0,,0,0,0,0,0,0,0,0,0,,0
1007545,0,1,0,0,0,0,0,,0,0,0,0,0,0,0,0,0,,0
1011220,0,1,0,0,0,0,0,,0,0,0,0,0,0,0,0,0,,0
1005373,0,1,0,0,0,0,0,,0,0,0,0,0,0,0,0,0,,0
1010332,0,1,0,0,0,0,0,,0,0,0,0,0,0,0,0,0,,0
1004389,4,2,1,1,0,0,0,16.0,0,0,1,1,1,1,6,0,0,,1
1004529,0,1,0,0,0,0,0,,0,0,0,0,0,0,0,0,0,,0
1013878,4,1,1,1,0,0,0,,0,0,0,0,0,0,0,1,1,,1
1004333,0,1,0,0,0,0,0,,0,0,0,0,0,0,0,0,0,,0
1009019,4,2,1,0,1,0,0,30.0,0,0,0,0,0,0,3,0,0,,1
1016308,0,1,0,0,0,0,0,,0,0,0,0,0,0,0,0,0,,0
1011323,4,2,1,1,0,0,0,,0,0,0,0,0,0,0,1,1,,1
1006701,0,1,0,0,0,0,0,,0,0,0,0,0,0,0,0,0,,1
1009649,0,1,0,0,0,0,0,,0,0,0,0,0,0,0,0,0,,0
1009964,4,0,1,0,0,0,1,,0,0,0,0,0,0,0,1,1,,1
1013891,0,1,0,0,0,0,0,,0,0,0,0,0,0,0,0,0,,0
1010981,0,1,0,0,0,0,0,,0,0,0,0,0,0,0,0,0,,0
1016680,4,0,1,0,0,0,0,,0,0,0,0,0,0,0,1,1,,1
1008338,0,1,0,0,0,0,0,,0,0,0,0,0,0,0,0,0,,0
1013503,0,1,0,0,0,0,0,,0,0,0,0,0,0,0,0,0,,0
1017421,0,1,0,0,0,0,0,,0,0,0,0,0,0,0,0,0,,0
1002996,0,1,0,0,0,0,0,,0,0,0,0,0,0,0,0,0,,1
1009493,0,1,0,0,0,0,0,,0,0,0,0,0,0,0,0,0,,1
1013414,0,1,0,0,0,0,0,,0,0,0,0,0,0,0,0,0,,0
1001185,0,1,0,0,0,0,0,,0,0,0,0,0,0,0,0,0,,0
1010578,4,0,1,1,1,0,1,,0,0,0,0,0,0,0,1,1,,1
1008675,4,1,1,1,1,0,0,,0,1,1,1,1,1,5,0,0,,1
1015093,0,1,0,0,0,0,0,,0,0,0,0,0,0,0,0,0,,1
1006045,0,1,0,0,0,0,0,,0,0,0,0,0,0,0,0,0,,1
1017383,4,2,1,0,0,0,0,,0,0,0,0,0,0,1,0,0,,1
1009499,0,1,0,0,0,0,0,,0,0,0,0,0,0,0,0,0,,0
1012893,1,0,0,0,0,0,0,,0,0,0,0,0,0,0,0,1,,1
1004734,4,2,1,0,0,0,1,,0,0,0,1,0,1,4,0,0,,1
1016573,0,0,0,0,0,0,0,,0,0,0,0,0,0,0,0,0,,1
1012499,4,2,1,1,0,0,0,10.0,0,0,1,1,1,1,6,0,0,,1
1002351,0,1,0,0,0,0,0,,0,0,0,0,0,0,0,0,0,,0
1002602,0,1,0,0,0,0,0,,0,0,0,0,0,0,0,0,0,,0
1016472,0,1,0,0,0,0,0,,0,0,0,0,0,0,0,0,0,,1
1004259,0,1,0,0,0,0,0,,0,0,0,0,0,0,0,0,0,,0
1009204,4,2,1,1,1,1,0,,0,0,0,0,0,0,4,0,0,,1
1012405,4,1,1,1,0,0,0,3.0,0,0,0,0,0,0,0,1,1,,1
1001447,4,0,1,0,0,0,0,,0,0,0,0,0,0,1,0,0,,1
1003143,4,1,1,1,1,1,0,,0,0,0,0,0,0,0,1,1,,1
1004286,4,1,1,0,1,0,0,3.0,0,0,0,0,0,0,0,0,0,,1
1009258,0,1,0,0,0,0,0,,0,0,0,0,0,0,0,0,0,,0
1001382,0,1,0,0,0,0,0,,0,0,0,0,0,0,0,0,0,,0
1014625,0,1,0,0,0,0,0,,0,0,0,0,0,0,0,0,0,,1
1015867,0,1,0,0,0,0,0,,0,0,0,0,0,0,0,0,0,,1
1014694,4,1,1,1,0,0,0,2.0,0,0,0,0,0,0,0,0,0,,1
1006391,4,1,1,1,0,0,0,,0,0,0,0,0,0,0,1,1,,1
1002995,0,1,0,0,0,0,0,,0,0,0,0,0,0,0,0,0,,1
1002624,4,2,1,1,0,0,0,1.0,0,1,1,1,1,1,6,0,0,,1
1006417,0,1,0,0,0,0,0,,0,0,0,0,0,0,0,0,0,,0
1001400,0,1,0,0,0,0,0,,0,0,0,0,0,0,0,0,0,,1
1013192,0,1,0,0,0,0,0,,0,0,0,0,0,0,0,0,0,,0
1010285,0,1,0,0,0,0,0,,0,0,0,0,0,0,0,0,0,,0
1006942,0,1,0,0,0,0,0,,0,0,0,0,0,0,0,0,0,,0
1006936,0,1,0,0,0,0,0,,0,0,0,0,0,0,0,0,0,,0
1001203,4,1,1,1,0,0,0,,0,0,1,1,0,0,3,0,0,,1
1003515,0,1,0,0,0,0,0,,0,0,0,0,0,0,0,0,0,,0
1010980,0,1,0,0,0,0,0,,0,0,0,0,0,0,0,0,0,,0
1002890,0,1,0,0,0,0,0,,0,0,0,0,0,0,0,0,0,,0
1002792,0,1,0,0,0,0,0,,0,0,0,0,0,0,0,0,0,,0
1011393,0,1,0,0,0,0,0,,0,0,0,0,0,0,0,0,0,,0
1016683,0,1,0,0,0,0,0,,0,0,0,0,0,0,0,0,0,,0
1007756,0,1,0,0,0,0,0,,0,0,0,0,0,0,0,0,0,,0
1017237,4,1,1,0,1,0,0,,0,0,0,0,0,0,0,1,1,,1
1015091,4,2,1,1,0,0,0,,0,0,1,1,1,1,6,0,0,,1
1014954,0,1,0,0,0,0,0,,0,0,0,0,0,0,0,0,0,,0
1012809,0,1,0,0,0,0,0,,0,0,0,0,0,0,0,0,0,,0
1013533,4,1,1,1,0,0,0,2.0,0,0,0,0,0,0,1,0,0,,1
1000508,4,2,1,1,1,0,0,,0,0,1,1,1,1,6,0,0,,1
1009818,0,1,0,0,0,0,0,,0,0,0,0,0,0,0,0,0,,1
1016156,4,2,1,0,1,0,0,,0,0,0,1,0,1,4,0,0,,1
1017373,4,2,1,1,0,0,0,,0,1,1,1,1,1,6,0,0,,1
1011199,4,1,1,1,0,0,0,1200.0,0,0,0,0,0,0,0,1,1,,1
1007262,4,1,1,0,0,0,0,4.0,0,1,0,1,0,1,3,0,1,,1
1011727,0,1,0,0,0,0,0,,0,0,0,0,0,0,0,0,0,,0
1015270,0,1,0,0,0,0,0,,0,0,0,0,0,0,0,0,0,,0
1014976,0,1,0,0,0,0,0,,0,0,0,0,0,0,0,0,0,,1
1007616,0,1,0,0,0,0,0,,0,0,0,0,0,0,0,0,0,,0
1000117,0,1,0,0,0,0,0,,0,0,0,0,0,0,0,0,0,,0
1014393,0,1,0,0,0,0,0,,0,0,0,0,0,0,0,0,0,,1
1001296,0,1,0,0,0,0,0,,0,0,0,0,0,0,0,0,0,,0
1017531,4,2,1,0,0,0,0,,0,1,0,1,0,0,2,0,0,,1
1016604,4,0,1,0,1,0,0,,0,0,0,0,0,0,0,1,1,,1
1012398,0,1,0,0,0,0,0,,0,0,0,0,0,0,0,0,0,,0
1005595,4,0,1,1,0,0,0,1.0,0,0,0,1,0,0,2,0,0,,1
1000520,4,2,1,1,1,1,1,,0,0,0,0,0,0,0,0,0,,1
1005172,0,1,0,0,0,0,0,,0,0,0,0,0,0,0,0,0,,1
1011720,4,2,1,1,1,0,0,,0,0,0,0,0,0,0,0,0,,1
1010209,0,1,0,0,0,0,0,,0,0,0,0,0,0,0,0,0,,0
1009403,4,2,1,1,0,0,0,2.0,0,0,0,1,0,0,2,0,0,,1
1012194,0,1,0,0,0,0,0,,0,0,0,0,0,0,0,0,0,,1
1006917,4,2,1,1,1,0,0,,0,0,1,1,1,1,6,0,0,,1
1010595,0,1,0,0,0,0,0,,0,0,0,0,0,0,0,0,0,,1
1012693,0,1,0,0,0,0,0,,0,0,0,0,0,0,0,0,0,,0
1012735,0,1,0,0,0,0,0,,0,0,0,0,0,0,0,0,0,,0
1016297,4,1,1,1,0,0,0,,0,0,0,0,0,0,0,1,1,,1
1010660,0,1,0,0,0,0,0,,0,0,0,0,0,0,0,0,0,,0
1002046,4,1,1,1,0,0,0,,0,0,0,0,0,0,0,1,1,,1
1001919,0,1,0,0,0,0,0,,0,0,0,0,0,0,0,0,0,,0
1001746,0,1,0,0,0,0,0,,0,0,0,0,0,0,0,0,0,,0
1001709,0,1,0,0,0,0,0,,0,0,0,0,0,0,0,0,0,,0
1010890,0,1,0,0,0,0,0,,0,0,0,0,0,0,0,0,0,,0
1004960,4,2,1,1,0,0,0,2.0,0,0,1,1,1,1,6,0,0,,1
1000814,0,1,0,0,0,0,0,,0,0,0,0,0,0,0,0,0,,0
1003187,4,2,1,1,1,0,0,,0,0,1,1,1,1,6,0,0,,1
1009002,4,1,1,0,1,0,0,,0,0,0,0,0,0,0,1,1,,1
1002017,0,1,0,0,0,0,0,,0,0,0,0,0,0,0,0,0,,1
1007942,1,0,0,0,0,0,0,,0,0,0,0,0,0,0,1,1,,1
1009785,0,1,0,0,0,0,0,,0,0,0,0,0,0,0,0,0,,0
1010446,0,0,0,0,0,0,0,,0,0,0,0,0,0,0,0,0,,1
1008992,0,1,0,0,0,0,0,,0,0,0,0,0,0,0,0,0,,0
1017146,0,1,0,0,0,0,0,,0,0,0,0,0,0,0,0,0,,0
1004918,0,1,0,0,0,0,0,,0,0,0,0,0,0,0,0,0,,0
1010855,4,2,1,1,1,1,0,,0,0,0,1,0,0,6,0,0,,1
1003260,4,0,1,1,0,0,0,,0,0,0,0,0,0,0,0,0,,1
1015194,4,2,1,1,0,0,0,2.0,0,0,0,0,0,0,0,0,0,,1
1000662,4,2,1,0,1,1,0,34.0,1,0,0,1,0,1,3,0,0,,1
1001314,3,0,1,0,0,0,0,,0,0,0,0,0,0,0,1,1,,1
1011576,0,1,0,0,0,0,0,,0,0,0,0,0,0,0,0,0,,0
1001663,0,1,0,0,0,0,0,,0,0,0,0,0,0,0,0,0,,0
1013712,4,2,1,1,1,1,0,,0,0,0,0,0,0,0,0,0,,1
1017143,0,1,0,0,0,0,0,,0,0,0,0,0,0,0,0,0,,0
1002583,0,1,0,0,0,0,0,,0,0,0,0,0,0,0,0,0,,1
1014110,0,0,0,0,0,0,0,,0,0,0,0,0,0,0,0,0,,1
1016007,0,1,0,0,0,0,0,,0,0,0,0,0,0,0,0,0,,0
1003719,0,1,0,0,0,0,0,,0,0,0,0,0,0,0,0,0,,0
1012003,0,1,0,0,0,0,0,,0,0,0,0,0,0,0,0,0,,0
1007758,0,1,0,0,0,0,0,,0,0,0,0,0,0,0,0,0,,0
1014302,0,1,0,0,0,0,0,,0,0,0,0,0,0,0,0,0,,0
1006586,0,1,0,0,0,0,0,,0,0,0,0,0,0,0,0,0,,1
1017250,0,1,0,0,0,0,0,,0,0,0,0,0,0,0,0,0,,0
1000197,0,1,0,0,0,0,0,,0,0,0,0,0,0,0,0,0,,0
1004992,0,1,0,0,0,0,0,,0,0,0,0,0,0,0,0,0,,0
1010929,0,1,0,0,0,0,0,,0,0,0,0,0,0,0,0,0,,0
1008528,0,1,0,0,0,0,0,,0,0,0,0,0,0,0,0,0,,1
1010104,4,0,1,1,1,1,0,,0,0,0,0,0,0,0,1,1,,1
1013449,4,2,1,1,0,1,0,,0,0,1,1,1,1,5,0,0,,1
1016016,0,1,0,0,0,0,0,,0,0,0,0,0,0,0,0,0,,0
1015292,0,1,0,0,0,0,0,,0,0,0,0,0,0,0,0,0,,0
1005692,0,1,0,0,0,0,0,,0,0,0,0,0,0,0,0,0,,0
1015704,0,1,0,0,0,0,0,,0,0,0,0,0,0,0,0,0,,0
1014499,4,2,1,1,0,0,0,12.0,0,0,1,1,0,0,3,0,0,,1
1000603,0,1,0,0,0,0,0,,0,0,0,0,0,0,0,0,0,,0
1005294,4,1,1,0,0,0,0,,0,0,0,0,0,0,1,0,0,,1
1016255,0,1,0,0,0,0,0,,0,0,0,0,0,0,0,0,0,,0
1017326,4,1,1,0,0,0,0,2.0,0,0,0,1,0,0,1,0,0,,1
1013592,4,1,1,1,0,0,0,3.0,0,0,0,0,0,0,0,0,0,,1
1003247,4,1,1,1,0,0,0,,0,0,0,0,0,0,0,1,1,,1
1004794,0,1,0,0,0,0,0,,0,0,0,0,0,0,0,0,0,,0
1001761,0,1,0,0,0,0,0,,0,0,0,0,0,0,0,0,0,,1
1004330,4,2,1,1,0,0,0,,0,0,1,1,1,1,6,0,0,,1
1007657,0,1,0,0,0,0,0,,0,0,0,0,0,0,0,0,0,,0
1012899,0,1,0,0,0,0,0,,0,0,0,0,0,0,0,0,0,,0
1017342,0,0,0,0,0,0,0,,0,0,0,0,0,0,0,1,1,,1
1005912,4,2,1,1,1,0,0,2.0,0,0,1,1,1,1,5,0,0,,1
1015795,0,1,0,0,0,0,0,,0,0,0,0,0,0,0,0,0,,0
1011026,0,1,0,0,0,0,0,,0,0,0,0,0,0,0,0,0,,1
1009327,4,1,1,1,1,1,0,,0,0,1,1,1,1,10,0,0,,1
1005711,4,0,1,0,0,0,0,,0,0,0,0,0,0,0,1,1,,1
1007076,0,1,0,0,0,0,0,,0,0,0,0,0,0,0,0,0,,0
1001213,4,1,1,0,0,0,0,,0,0,0,1,0,0,2,0,0,,1
1016386,0,1,0,0,0,0,0,,0,0,0,0,0,0,0,0,0,,0
1017182,0,1,0,0,0,0,0,,0,0,0,0,0,0,0,0,0,,0
1017214,4,2,1,1,1,1,0,,0,0,0,0,0,0,0,0,0,,1
1011840,0,1,0,0,0,0,0,,0,0,0,0,0,0,0,0,0,,1
1016474,0,1,0,0,0,0,0,,0,0,0,0,0,0,0,0,0,,0
1017588,0,1,0,0,0,0,0,,0,0,0,0,0,0,0,0,0,,1
1001283,0,1,0,0,0,0,0,,0,0,0,0,0,0,0,0,0,,0
1012089,4,1,1,0,0,0,0,,0,1,1,1,1,1,5,0,0,,1
1000957,4,2,1,1,1,0,0,2.0,0,0,0,0,0,0,0,0,0,,1
1006173,0,1,0,0,0,0,0,,0,0,0,0,0,0,0,0,0,,0
1011583,0,1,0,0,0,0,0,,0,0,0,0,0,0,0,0,0,,0
1006221,0,1,0,0,0,0,0,,0,0,0,0,0,0,0,0,0,,1
1008014,4,2,1,1,1,1,0,,0,0,1,1,1,1,6,0,0,,1
1000757,0,1,0,0,0,0,0,,0,0,0,0,0,0,0,0,0,,0
1001339,0,1,0,0,0,0,0,,0,0,0,0,0,0,0,0,0,,1
1016872,0,1,0,0,0,0,0,,0,0,0,0,0,0,0,0,0,,0
1010300,0,1,0,0,0,0,0,,0,0,0,0,0,0,0,0,0,,1
1011904,0,1,0,0,0,0,0,,0,0,0,0,0,0,0,0,0,,0
1000563,4,2,1,1,0,0,0,3.0,0,0,0,1,0,1,3,0,0,,1
1001544,0,1,0,0,0,0,0,,0,0,0,0,0,0,0,0,0,,0
1008144,0,1,0,0,0,0,0,,0,0,0,0,0,0,0,0,0,,0
1007027,4,2,1,1,1,0,0,,0,1,1,1,1,1,6,1,1,,1
1000720,0,1,0,0,0,0,0,,0,0,0,0,0,0,0,0,0,,0
1003205,0,1,0,0,0,0,0,,0,0,0,0,0,0,0,0,0,,0
1009728,0,1,0,0,0,0,0,,0,0,0,0,0,0,0,0,0,,0
1017301,4,2,1,1,1,0,0,2.0,0,1,1,1,1,1,6,1,1,,1
1016806,0,1,0,0,0,0,0,,0,0,0,0,0,0,0,0,0,,0
1000065,0,1,0,0,0,0,0,,0,0,0,0,0,0,0,0,0,,0
1011030,0,1,0,0,0,0,0,,0,0,0,0,0,0,0,0,0,,0
1006920,0,1,0,0,0,0,0,,0,0,0,0,0,0,0,0,0,,0
1006090,0,1,0,0,0,0,0,,0,0,0,0,0,0,0,0,0,,0
1012020,4,1,1,0,0,0,0,4.0,0,0,0,0,0,0,1,0,0,,1
1015645,0,1,0,0,0,0,0,,0,0,0,0,0,0,0,0,0,,1
1014602,0,1,0,0,0,0,0,,0,0,0,0,0,0,0,0,0,,0
1000899,4,1,1,1,0,0,0,,0,0,0,0,0,0,0,1,1,,1
1000730,0,1,0,0,0,0,0,,0,0,0,0,0,0,0,0,0,,0
1001506,0,1,0,0,0,0,0,,0,0,0,0,0,0,0,0,0,,0
1011343,0,1,0,0,0,0,0,,0,0,0,0,0,0,0,0,0,,1
1002557,4,2,1,1,0,0,0,12.0,0,0,0,0,0,0,0,1,1,,1
1006630,0,1,0,0,0,0,0,,0,0,0,0,0,0,0,0,0,,0
1009391,0,1,0,0,0,0,0,,0,0,0,0,0,0,0,0,0,,1
1003039,0,1,0,0,0,0,0,,0,0,0,0,0,0,0,0,0,,1
1015796,0,1,0,0,0,0,0,,0,0,0,0,0,0,0,0,0,,0
1008859,0,0,0,0,0,0,0,,0,0,0,0,0,0,0,0,1,,1
1004297,0,1,0,0,0,0,0,,0,0,0,0,0,0,0,0,0,,0
1013473,0,1,0,0,0,0,0,,0,0,0,0,0,0,0,0,0,,0
1003322,0,1,0,0,0,0,0,,0,0,0,0,0,0,0,0,0,,0
1006379,0,1,0,0,0,0,0,,0,0,0,0,0,0,0,0,0,,0
1006098,0,1,0,0,0,0,0,,0,0,0,0,0,0,0,0,0,,0
1007351,4,2,1,0,1,0,0,,0,0,0,0,0,0,8,0,0,,1
1013166,0,1,0,0,0,0,0,,0,0,0,0,0,0,0,0,0,,0
1011081,0,1,0,0,0,0,0,,0,0,0,0,0,0,0,0,0,,1
1011527,0,1,0,0,0,0,0,,0,0,0,0,0,0,0,0,0,,0
1000068,4,0,1,0,0,0,0,,0,0,0,0,0,0,0,1,1,,1
1012530,0,1,0,0,0,0,0,,0,0,0,0,0,0,0,0,0,,0
1008419,0,1,0,0,0,0,0,,0,0,0,0,0,0,0,0,0,,0
1001954,4,1,1,1,0,0,0,,0,0,1,1,0,0,3,0,0,,1
1011515,0,1,0,0,0,0,0,,0,0,0,0,0,0,0,0,0,,0
1016224,0,1,0,0,0,0,0,,0,0,0,0,0,0,0,0,0,,1
1002230,0,1,0,0,0,0,0,,0,0,0,0,0,0,0,0,0,,1
1006606,0,1,0,0,0,0,0,,0,0,0,0,0,0,0,0,0,,0
1012224,4,1,1,1,0,0,0,360.0,0,0,0,0,0,0,0,1,1,,1
1002537,0,1,0,0,0,0,0,,0,0,0,0,0,0,0,0,0,,0
1006734,0,1,0,0,0,0,0,,0,0,0,0,0,0,0,0,0,,0
1013125,0,1,0,0,0,0,0,,0,0,0,0,0,0,0,0,0,,0
1000938,0,1,0,0,0,0,0,,0,0,0,0,0,0,0,0,0,,0
1012312,4,0,1,0,0,0,0,,0,0,0,0,0,0,0,1,1,,1
1007005,0,1,0,0,0,0,0,,0,0,0,0,0,0,0,0,0,,1
1002276,0,1,0,0,0,0,0,,0,0,0,0,0,0,0,0,0,,0
1005510,0,1,0,0,0,0,0,,0,0,0,0,0,0,0,0,0,,1
1001999,0,1,0,0,0,0,0,,0,0,0,0,0,0,0,0,0,,0
1014441,4,0,1,0,0,0,0,,0,0,0,0,0,0,0,0,0,,1
1015299,0,1,0,0,0,0,0,,0,0,0,0,0,0,0,0,0,,1
1010601,0,1,0,0,0,0,0,,0,0,0,0,0,0,0,0,0,,0
1003281,0,1,0,0,0,0,0,,0,0,0,0,0,0,0,0,0,,0
1003801,0,1,0,0,0,0,0,,0,0,0,0,0,0,0,0,0,,0
1006035,0,1,0,0,0,0,0,,0,0,0,0,0,0,0,0,0,,0
1013705,4,2,1,1,1,1,1,2.0,0,1,1,1,1,1,6,0,0,,1
1009843,0,1,0,0,0,0,0,,0,0,0,0,0,0,0,0,0,,0
1003014,0,1,0,0,0,0,0,,0,0,0,0,0,0,0,0,0,,0
1012437,0,1,0,0,0,0,0,,0,0,0,0,0,0,0,0,0,,0
1002332,4,1,1,0,0,0,0,1.0,1,0,0,0,0,0,0,0,0,,1
1001038,0,1,0,0,0,0,0,,0,0,0,0,0,0,0,0,0,,1
1016829,0,1,0,0,0,0,0,,0,0,0,0,0,0,0,0,0,,0
1006228,0,1,0,0,0,0,0,,0,0,0,0,0,0,0,0,0,,1
1014247,0,1,0,0,0,0,0,,0,0,0,0,0,0,0,0,0,,0
1003410,4,2,1,1,1,1,0,2.0,0,0,1,1,1,1,6,0,0,,1
1002122,0,0,0,0,0,0,0,,0,0,0,0,0,0,0,0,0,,1
1008592,0,1,0,0,0,0,0,,0,0,0,0,0,0,0,0,0,,0
1017211,0,1,0,0,0,0,0,,0,0,0,0,0,0,0,0,0,,0
1005687,0,1,0,0,0,0,0,,0,0,0,0,0,0,0,0,0,,0
1002035,4,0,1,0,0,0,0,,0,0,0,0,0,0,2,0,0,,1
1005556,0,1,0,0,0,0,0,,0,0,0,0,0,0,0,0,0,,0
1006392,0,1,0,0,0,0,0,,0,0,0,0,0,0,0,0,0,,0
1010152,0,1,0,0,0,0,0,,0,0,0,0,0,0,0,0,0,,0
1008963,0,1,0,0,0,0,0,,0,0,0,0,0,0,0,0,0,,0
1011632,0,1,0,0,0,0,0,,0,0,0,0,0,0,0,0,0,,1
1006130,0,1,0,0,0,0,0,,0,0,0,0,0,0,0,0,0,,0
1004134,4,1,1,0,0,0,0,,0,0,0,0,0,0,0,0,0,,1
1002155,0,1,0,0,0,0,0,,0,0,0,0,0,0,0,0,0,,0
1015820,0,1,0,0,0,0,0,,0,0,0,0,0,0,0,0,0,,0
1016188,0,1,0,0,0,0,0,,0,0,0,0,0,0,0,0,0,,0
1014802,0,1,0,0,0,0,0,,0,0,0,0,0,0,0,0,0,,0
1011519,0,1,0,0,0,0,0,,0,0,0,0,0,0,0,0,0,,0
1000685,0,1,0,0,0,0,0,,0,0,0,0,0,0,0,0,0,,1
1006571,0,1,0,0,0,0,0,,0,0,0,0,0,0,0,0,0,,0
1010793,0,1,0,0,0,0,0,,0,0,0,0,0,0,0,0,0,,1
1004421,0,1,0,0,0,0,0,,0,0,0,0,0,0,0,0,0,,1
1015701,0,1,0,0,0,0,0,,0,0,0,0,0,0,0,0,0,,0
1004482,0,1,0,0,0,0,0,,0,0,0,0,0,0,0,0,0,,0
1013230,0,1,0,0,0,0,0,,0,0,0,0,0,0,0,0,0,,0
1000295,4,2,1,1,1,0,1,,0,0,0,0,0,0,0,0,0,,1
1000884,0,1,0,0,0,0,0,,0,0,0,0,0,0,0,0,0,,0
1012457,0,1,0,0,0,0,0,,0,0,0,0,0,0,0,0,0,,1
1003015,4,1,1,0,0,0,1,,0,0,0,1,0,0,2,1,1,,1
1008942,0,1,0,0,0,0,0,,0,0,0,0,0,0,0,0,0,,1
1012729,0,1,0,0,0,0,0,,0,0,0,0,0,0,0,0,0,,0
1008973,0,1,0,0,0,0,0,,0,0,0,0,0,0,0,0,0,,0
1013490,4,2,1,0,0,0,0,,0,0,1,1,1,1,6,0,0,,1
1012999,4,1,1,1,1,1,0,2.0,0,0,1,1,1,1,10,0,0,,1
1010393,0,1,0,0,0,0,0,,0,0,0,0,0,0,0,0,0,,0
1009080,0,1,0,0,0,0,0,,0,0,0,0,0,0,0,0,0,,1
1014080,4,1,1,0,0,0,0,,0,0,0,1,0,1,3,0,0,,1
1002400,4,1,1,1,0,0,0,35.0,0,0,0,0,0,0,0,0,0,,1
1010970,0,1,0,0,0,0,0,,0,0,0,0,0,0,0,0,0,,0
1009919,0,1,0,0,0,0,0,,0,0,0,0,0,0,0,0,0,,0
1001465,0,1,0,0,0,0,0,,0,0,0,0,0,0,0,0,0,,1
1001068,0,1,0,0,0,0,0,,0,0,0,0,0,0,0,0,0,,0
1010726,0,1,0,0,0,0,0,,0,0,0,0,0,0,0,0,0,,0
1001686,0,1,0,0,0,0,0,,0,0,0,0,0,0,0,0,0,,0
1013083,4,1,1,1,0,0,0,,0,0,0,0,0,0,0,1,1,,1
1003926,4,2,1,1,1,0,0,,0,0,0,0,0,0,0,0,0,,1
1008741,0,1,0,0,0,0,0,,0,0,0,0,0,0,0,0,0,,0
1000660,0,1,0,0,0,0,0,,0,0,0,0,0,0,0,0,0,,0
1011219,0,1,0,0,0,0,0,,0,0,0,0,0,0,0,0,0,,0
1001332,0,1,0,0,0,0,0,,0,0,0,0,0,0,0,0,0,,0
1017198,4,2,1,1,1,1,0,,0,0,0,0,0,0,0,0,0,,1
1004959,4,2,1,1,1,1,0,,0,0,0,0,0,0,0,0,0,,1
1007773,4,2,1,1,1,1,0,,0,0,0,0,0,0,0,0,0,,1
1011570,0,1,0,0,0,0,0,,0,0,0,0,0,0,0,0,0,,0
1009272,0,1,0,0,0,0,0,,0,0,0,0,0,0,0,0,0,,0
1003766,0,1,0,0,0,0,0,,0,0,0,0,0,0,0,0,0,,0
1003083,4,2,1,1,1,0,1,,0,0,0,0,0,0,0,0,0,,1
1003444,0,1,0,0,0,0,0,,0,0,0,0,0,0,0,0,0,,0
1008117,4,0,1,1,1,0,0,2.0,0,0,0,0,0,0,0,0,0,,1
1015614,0,1,0,0,0,0,0,,0,0,0,0,0,0,0,0,0,,0
1004182,0,1,0,0,0,0,0,,0,0,0,0,0,0,0,0,0,,0
1007184,0,1,0,0,0,0,0,,0,0,0,0,0,0,0,0,0,,0
1005745,4,2,1,1,1,1,0,,0,0,0,0,0,0,0,0,0,10.0,1
1010966,0,1,0,0,0,0,0,,0,0,0,0,0,0,0,0,0,,0
1016356,0,1,0,0,0,0,0,,0,0,0,0,0,0,0,0,0,,0
1010605,4,2,1,1,1,1,0,,0,1,0,0,0,0,0,0,0,,1
1015401,0,0,0,0,0,0,0,,0,0,0,0,0,0,0,0,1,,1
1002459,0,1,0,0,0,0,0,,0,0,0,0,0,0,0,0,0,,1
1013407,0,1,0,0,0,0,0,,0,0,0,0,0,0,0,0,0,,0
1012161,4,1,1,0,0,0,0,,0,0,0,0,0,0,0,1,1,,1
1011607,0,1,0,0,0,0,0,,0,0,0,0,0,0,0,0,0,,0
1003586,0,1,0,0,0,0,0,,0,0,0,0,0,0,0,0,0,,0
1009874,0,0,0,0,0,0,0,,0,0,0,0,0,0,0,0,0,,1
1006599,0,1,0,0,0,0,0,,0,0,0,0,0,0,0,0,0,,1
1017333,4,2,1,1,1,1,1,2.0,0,0,1,1,1,1,6,0,0,,1
1006963,0,1,0,0,0,0,0,,0,0,0,0,0,0,0,0,0,,0
1015122,0,1,0,0,0,0,0,,0,0,0,0,0,0,0,0,0,,0
1002957,0,1,0,0,0,0,0,,0,0,0,0,0,0,0,0,0,,0
1004657,0,1,0,0,0,0,0,,0,0,0,0,0,0,0,0,0,,0
1009160,4,1,1,0,0,0,0,3.0,0,0,0,1,0,1,3,0,0,,1
1007847,0,1,0,0,0,0,0,,0,0,0,0,0,0,0,0,0,,0
1006902,0,1,0,0,0,0,0,,0,0,0,0,0,0,0,0,0,,0
1015376,4,2,1,1,1,0,0,,0,1,1,1,0,0,7,0,0,,1
1014708,0,1,0,0,0,0,0,,0,0,0,0,0,0,0,0,0,,0
1000575,4,0,1,1,0,0,0,2.0,0,0,1,1,1,1,6,0,0,,1
1014310,0,0,0,0,0,0,0,,0,0,0,0,0,0,0,1,1,,1
1013221,0,1,0,0,0,0,0,,0,0,0,0,0,0,0,0,0,,0
1003092,0,1,0,0,0,0,0,,0,0,0,0,0,0,0,0,0,,0
1002691,4,0,1,0,0,0,1,,0,0,0,1,0,0,2,0,0,,1
1001375,0,1,0,0,0,0,0,,0,0,0,0,0,0,0,0,0,,1
1016447,0,1,0,0,0,0,0,,0,0,0,0,0,0,0,0,0,,0
1010403,0,0,0,0,0,0,0,,0,0,0,0,0,0,0,0,0,,1
1005261,4,2,1,1,1,0,0,,0,0,1,1,1,1,6,0,0,,1
1007868,4,2,1,1,0,0,0,12.0,0,1,1,1,1,1,6,0,0,,1
1002344,0,1,0,0,0,0,0,,0,0,0,0,0,0,0,0,0,,0
1000945,0,0,0,0,0,0,0,,0,0,0,0,0,0,0,1,1,,1
1014243,0,1,0,0,0,0,0,,0,0,0,0,0,0,0,0,0,,0
1006407,0,1,0,0,0,0,0,,0,0,0,0,0,0,0,0,0,,1
1002111,4,1,1,1,0,0,0,,0,0,1,1,0,0,2,0,0,,1
1004581,4,2,1,1,1,0,0,2.0,0,0,1,1,1,1,6,0,0,,1
1000459,4,2,1,0,0,0,1,,0,0,0,1,0,0,2,0,0,,1
1007222,0,1,0,0,0,0,0,,0,0,0,0,0,0,0,0,0,,0
1006357,4,2,1,1,1,0,0,,0,0,1,1,1,1,6,0,0,,1
1010566,0,1,0,0,0,0,0,,0,0,0,0,0,0,0,0,0,,0
1002954,0,1,0,0,0,0,0,,0,0,0,0,0,0,0,0,0,,0
1000007,0,1,0,0,0,0,0,,0,0,0,0,0,0,0,0,0,,0
1006982,3,1,1,0,1,0,0,,0,0,0,0,0,0,0,1,1,,1
1000250,0,1,0,0,0,0,0,,0,0,0,0,0,0,0,0,0,,1
1012703,0,1,0,0,0,0,0,,0,0,0,0,0,0,0,0,0,,0
1010702,0,1,0,0,0,0,0,,0,0,0,0,0,0,0,0,0,,0
1013749,0,1,0,0,0,0,0,,0,0,0,0,0,0,0,0,0,,0
1001291,0,1,0,0,0,0,0,,0,0,0,0,0,0,0,0,0,,0
1016991,0,1,0,0,0,0,0,,0,0,0,0,0,0,0,0,0,,0
1007267,0,1,0,0,0,0,0,,0,0,0,0,0,0,0,0,0,,0
1009025,4,1,1,0,0,0,0,1.0,0,0,0,0,0,0,3,0,0,,1
1015076,4,2,1,0,0,0,1,,0,0,0,1,0,0,2,0,0,,1
1010020,0,1,0,0,0,0,0,,0,0,0,0,0,0,0,0,0,,0
1009855,4,2,1,0,0,0,1,,0,0,0,1,0,0,2,0,0,,1
1000976,0,1,0,0,0,0,0,,0,0,0,0,0,0,0,0,0,,1
1013987,0,1,0,0,0,0,0,,0,0,0,0,0,0,0,0,0,,1
1009057,4,0,1,1,0,0,0,18.0,0,0,0,0,0,0,0,0,1,,1
1011971,0,1,0,0,0,0,0,,0,0,0,0,0,0,0,0,0,,0
1009501,0,1,0,0,0,0,0,,0,0,0,0,0,0,0,0,0,,0
1010664,0,1,0,0,0,0,0,,0,0,0,0,0,0,0,0,0,,0
1008933,0,1,0,0,0,0,0,,0,0,0,0,0,0,0,0,0,,0
1016710,4,1,1,0,0,0,0,3.0,0,0,0,1,0,0,2,0,0,,1
1011876,0,1,0,0,0,0,0,,0,0,0,0,0,0,0,0,0,,0
1017419,0,1,0,0,0,0,0,,0,0,0,0,0,0,0,0,0,,0
1009162,4,2,1,1,1,0,0,,0,0,0,0,0,0,0,0,0,,1
1008399,4,2,1,1,0,0,0,,0,0,0,0,0,0,0,0,0,,1
1000145,0,1,0,0,0,0,0,,0,0,0,0,0,0,0,0,0,,0
1014838,0,1,0,0,0,0,0,,0,0,0,0,0,0,0,0,0,,0
1015165,0,1,0,0,0,0,0,,0,0,0,0,0,0,0,0,0,,0
1004183,0,1,0,0,0,0,0,,0,0,0,0,0,0,0,0,0,,0
1005443,0,1,0,0,0,0,0,,0,0,0,0,0,0,0,0,0,,0
1012363,0,1,0,0,0,0,0,,0,0,0,0,0,0,0,0,0,,0
1014774,0,1,0,0,0,0,0,,0,0,0,0,0,0,0,0,0,,0
1005822,0,1,0,0,0,0,0,,0,0,0,0,0,0,0,0,0,,0
1002944,4,2,1,1,1,1,0,,0,0,0,1,1,1,6,0,0,,1
1002682,0,1,0,0,0,0,0,,0,0,0,0,0,0,0,0,0,,0
1003146,0,1,0,0,0,0,0,,0,0,0,0,0,0,0,0,0,,0
1017428,0,1,1,0,0,0,0,2.0,0,0,1,1,0,0,3,0,0,,1
1001487,0,1,0,0,0,0,0,,0,0,0,0,0,0,0,0,0,,0
1005717,0,1,0,0,0,0,0,,0,0,0,0,0,0,0,0,0,,0
1012917,4,1,1,1,0,0,0,,0,0,1,1,1,1,5,0,0,,1
1011506,0,1,0,0,0,0,0,,0,0,0,0,0,0,0,0,0,,1
1007659,4,0,1,0,0,0,1,,0,0,0,0,0,0,0,1,1,,1
1004261,4,0,1,1,0,0,0,10.0,0,0,0,0,0,0,0,0,0,,1
1001832,0,0,0,0,0,0,0,,0,0,0,0,0,0,0,0,1,,1
1010463,0,1,0,0,0,0,0,,0,0,0,0,0,0,0,0,0,,0
1000331,0,1,0,0,0,0,0,,0,0,0,0,0,0,0,0,0,,0
1000692,0,1,0,0,0,0,0,,0,0,0,0,0,0,0,0,0,,0
1001285,0,1,0,0,0,0,0,,0,0,0,0,0,0,0,0,0,,1
1010417,0,1,0,0,0,0,0,,0,0,0,0,0,0,0,0,0,,0
1000760,0,1,0,0,0,0,0,,0,0,0,0,0,0,0,0,0,,0
1005554,0,1,0,0,0,0,0,,0,0,0,0,0,0,0,0,0,,0
1009470,0,1,0,0,0,0,0,,0,0,0,0,0,0,0,0,0,,0
1005656,0,1,0,0,0,0,0,,0,0,0,0,0,0,0,0,0,,0
1005380,0,1,0,0,0,0,0,,0,0,0,0,0,0,0,0,0,,1
1001885,0,1,0,0,0,0,0,,0,0,0,0,0,0,0,0,0,,0
1016318,0,1,0,0,0,0,0,,0,0,0,0,0,0,0,0,0,,0
1017416,4,0,1,0,0,0,0,12.0,0,0,0,0,0,0,0,1,1,,1
1010373,0,1,0,0,0,0,0,,0,0,0,0,0,0,0,0,0,,0
1004977,0,0,0,0,0,0,0,,0,0,0,0,0,0,0,0,0,,1
1002178,0,1,0,0,0,0,0,,0,0,0,0,0,0,0,0,0,,0
1000933,0,1,0,0,0,0,0,,0,0,0,0,0,0,0,0,0,,0
1011979,0,1,0,0,0,0,0,,0,0,0,0,0,0,0,0,0,,1
1000466,4,1,1,1,0,0,0,,0,0,0,0,0,0,0,1,1,,1
1006030,0,1,0,0,0,0,0,,0,0,0,0,0,0,0,0,0,,0
1000244,0,1,0,0,0,0,0,,0,0,0,0,0,0,0,0,0,,0
1014402,0,1,0,0,0,0,0,,0,0,0,0,0,0,0,0,0,,1
1015832,0,1,0,0,0,0,0,,0,0,0,0,0,0,0,0,0,,0
1010678,0,1,0,0,0,0,0,,0,0,0,0,0,0,0,0,0,,0
1006205,4,2,1,0,0,0,0,,0,0,1,1,1,1,6,0,0,,1
1001807,0,1,0,0,0,0,0,,0,0,0,0,0,0,0,0,0,,0
1010805,4,0,1,0,1,0,0,,0,0,0,0,0,0,0,1,1,,1
1007371,4,1,1,1,1,0,0,,0,1,1,1,1,1,6,0,0,,1
1009456,0,1,0,0,0,0,0,,0,0,0,0,0,0,0,0,0,,0
1012942,4,0,1,0,0,0,1,,0,0,0,0,0,0,0,1,1,,1
1013769,0,1,0,0,0,0,0,,0,0,0,0,0,0,0,0,0,,0
1000840,4,2,1,0,0,0,0,,0,0,1,1,0,0,3,0,0,,1
1005817,0,1,0,0,0,0,0,,0,0,0,0,0,0,0,0,0,,0
1014811,0,1,0,0,0,0,0,,0,0,0,0,0,0,0,0,0,,0
1005971,0,1,0,0,0,0,0,,0,0,0,0,0,0,0,0,0,,1
1006352,0,1,0,0,0,0,0,,0,0,0,0,0,0,0,0,0,,0
1011641,0,1,0,0,0,0,0,,0,0,0,0,0,0,0,0,0,,0
1012849,0,1,0,0,0,0,0,,0,0,0,0,0,0,0,0,0,,0
1005447,0,1,0,0,0,0,0,,0,0,0,0,0,0,0,0,0,,0
1002328,0,1,0,0,0,0,0,,0,0,0,0,0,0,0,0,0,,0
1006137,4,1,1,0,0,0,0,,0,0,0,1,0,1,3,0,0,,1
1006011,0,1,0,0,0,0,0,,0,0,0,0,0,0,0,0,0,,0
1000279,4,2,1,1,1,1,0,,0,0,1,1,1,1,6,0,0,,1
1010507,0,1,0,0,0,0,0,,0,0,0,0,0,0,0,0,0,,1
1010360,0,1,0,0,0,0,0,,0,0,0,0,0,0,0,0,0,,0
1007229,0,1,0,0,0,0,0,,0,0,0,0,0,0,0,0,0,,0
1010962,0,1,0,0,0,0,0,,0,0,0,0,0,0,0,0,0,,0
1014743,0,1,0,0,0,0,0,,0,0,0,0,0,0,0,0,0,,0
1012560,0,1,0,0,0,0,0,,0,0,0,0,0,0,0,0,0,,0
1017161,0,1,0,0,0,0,0,,0,0,0,0,0,0,0,0,0,,0
1016492,0,1,0,0,0,0,0,,0,0,0,0,0,0,0,0,0,,0
1004544,0,0,0,0,0,0,0,,0,0,0,0,0,0,0,0,0,,1
1009586,0,1,0,0,0,0,0,,0,0,0,0,0,0,0,0,0,,0
1005850,4,2,1,0,0,0,0,,0,0,0,1,0,0,2,0,0,,1
1007800,0,1,0,0,0,0,0,,0,0,0,0,0,0,0,0,0,,0
1012120,0,1,0,0,0,0,0,,0,0,0,0,0,0,0,0,0,,0
1009423,0,1,0,0,0,0,0,,0,0,0,0,0,0,0,0,0,,0
1003048,0,1,0,0,0,0,0,,0,0,0,0,0,0,0,0,0,,0
1009758,0,1,0,0,0,0,0,,0,0,0,0,0,0,0,0,0,,0
1006252,4,2,1,1,0,0,0,6.0,0,0,0,0,0,0,0,1,1,,1
1009440,4,2,1,1,1,0,0,2.0,0,0,0,0,0,0,4,0,0,,1
1006198,4,2,1,1,0,0,0,,0,0,0,0,0,0,0,0,0,,1
1001310,4,2,1,1,1,0,0,36.0,0,0,0,0,0,0,0,0,0,,1
1005706,0,1,0,0,0,0,0,,0,0,0,0,0,0,0,0,0,,0
1008425,4,1,1,0,0,0,0,,0,0,0,0,0,0,0,1,2,,1
1016381,0,1,0,0,0,0,0,,0,0,0,0,0,0,0,0,0,,0
1002229,0,1,0,0,0,0,0,,0,0,0,0,0,0,0,0,0,,0
1017595,0,1,0,0,0,0,0,,0,0,0,0,0,0,0,0,0,,0
1012996,4,2,1,1,0,0,0,5.0,0,0,0,0,0,0,0,0,0,,1
1004680,0,1,0,0,0,0,0,,0,0,0,0,0,0,0,0,0,,0
1004762,0,1,0,0,0,0,0,,0,0,0,0,0,0,0,0,0,,1
1000144,4,0,1,0,0,0,0,,0,0,0,0,0,0,0,0,0,,1
1016232,0,1,0,0,0,0,0,,0,0,0,0,0,0,0,0,0,,0
1016642,0,1,0,0,0,0,0,,0,0,0,0,0,0,0,0,0,,0
1004801,0,1,0,0,0,0,0,,0,0,0,0,0,0,0,0,0,,1
1014630,4,0,1,1,0,0,0,,0,0,0,0,0,0,0,1,1,,1
1008665,0,1,0,0,0,0,0,,0,0,0,0,0,0,0,0,0,,0
1009665,0,1,0,0,0,0,0,,0,0,0,0,0,0,0,0,0,,0
1011705,4,2,1,1,1,1,0,,0,1,0,0,0,0,0,0,0,,1
1003223,0,1,0,0,0,0,0,,0,0,0,0,0,0,0,0,0,,0
1003543,4,2,1,1,1,0,0,10.0,0,0,1,1,0,0,3,0,0,,1
1000348,0,1,0,0,0,0,0,,0,0,0,0,0,0,0,0,0,,0
1013827,0,1,0,0,0,0,0,,0,0,0,0,0,0,0,0,0,,0
1008433,4,2,1,0,0,0,0,,0,0,0,0,0,0,1,0,0,,1
1008560,4,2,1,1,0,0,0,3.0,0,0,1,1,0,0,3,0,0,,1
1016476,4,2,1,1,1,0,1,,0,0,0,0,0,0,0,0,0,,1
1015977,0,1,0,0,0,0,0,,0,0,0,0,0,0,0,0,0,,0
1010416,0,1,0,0,0,0,0,,0,0,0,0,0,0,0,0,0,,0
1013799,0,1,0,0,0,0,0,,0,0,0,0,0,0,0,0,0,,0
1012944,0,1,0,0,0,0,0,,0,0,0,0,0,0,0,0,0,,1
1002572,0,1,0,0,0,0,0,,0,0,0,0,0,0,0,0,0,,0
1013598,0,1,0,0,0,0,0,,0,0,0,0,0,0,0,0,0,,0
1009351,4,2,1,0,1,1,1,8.0,0,0,1,1,1,1,6,0,0,,1
1005685,0,1,0,0,0,0,0,,0,0,0,0,0,0,0,0,0,,0
1009842,0,1,0,0,0,0,0,,0,0,0,0,0,0,0,0,0,,1
1016322,4,2,1,1,1,0,0,,0,0,0,0,0,0,0,0,0,,1
1014282,0,1,0,0,0,0,0,,0,0,0,0,0,0,0,0,0,,1
1010690,0,1,0,0,0,0,0,,0,0,0,0,0,0,0,0,0,,0
1013444,4,2,1,1,1,1,0,,0,0,0,0,0,0,0,0,0,,1
1010560,0,1,0,0,0,0,0,,0,0,0,0,0,0,0,0,0,,0
1009281,0,1,0,0,0,0,0,,0,0,0,0,0,0,0,0,0,,0
1005716,4,0,1,0,0,0,1,,0,0,0,1,0,0,1,0,0,,1
1008380,0,1,0,0,0,0,0,,0,0,0,0,0,0,0,0,0,,0
1007004,0,0,0,0,0,0,0,,0,0,0,0,0,0,0,0,1,,1
1013840,0,1,0,0,0,0,0,,0,0,0,0,0,0,0,0,0,,0
1002783,0,1,0,0,0,0,0,,0,0,0,0,0,0,0,0,0,,0
1016235,0,1,0,0,0,0,0,,0,0,0,0,0,0,0,0,0,,0
1015538,0,1,0,0,0,0,0,,0,0,0,0,0,0,0,0,0,,0
1002630,4,2,1,1,1,1,1,10.0,0,0,1,1,1,1,6,0,0,,1
1016956,4,2,1,1,1,0,0,,0,0,0,1,0,0,2,0,0,,1
1001169,4,2,1,1,0,0,0,1.0,0,0,0,1,0,0,5,0,0,,1
1004519,0,1,0,0,0,0,0,,0,0,0,0,0,0,0,0,0,,0
1007453,0,1,0,0,0,0,0,,0,0,0,0,0,0,0,0,0,,0
1003541,0,1,0,0,0,0,0,,0,0,0,0,0,0,0,0,0,,0
1000715,4,2,1,1,0,0,0,,0,0,1,1,1,1,6,0,0,,1
1015456,4,2,1,1,1,0,0,,0,1,0,0,0,0,4,0,0,,1
1014760,0,1,0,0,0,0,0,,0,0,0,0,0,0,0,0,0,,0
1002463,0,1,0,0,0,0,0,,0,0,0,0,0,0,0,0,0,,1
1017545,4,2,1,1,1,0,0,,0,0,0,0,0,0,3,0,0,,1
1012833,4,2,1,1,1,0,0,,0,0,0,1,0,0,4,0,0,,1
1011127,0,1,0,0,0,0,0,,0,0,0,0,0,0,0,0,0,,0
1016741,0,1,0,0,0,0,0,,0,0,0,0,0,0,0,0,0,,1
1006699,4,2,1,0,1,1,1,2.0,0,0,0,0,0,0,0,0,0,,1
1004595,4,2,1,1,0,0,0,2.0,0,0,0,1,1,0,3,0,0,,1
1009607,0,1,0,0,0,0,0,,0,0,0,0,0,0,0,0,0,,0
1017509,4,2,1,0,0,0,0,2.0,0,0,0,0,0,0,3,0,0,,1
1014815,0,1,0,0,0,0,0,,0,0,0,0,0,0,0,0,0,,0
1016276,0,1,0,0,0,0,0,,0,0,0,0,0,0,0,0,0,,0
1015506,4,2,1,0,0,0,0,,0,0,0,1,1,1,8,0,0,,1
1012051,4,2,1,0,0,0,0,3.0,0,0,0,0,0,0,0,0,0,,1
1008200,4,1,1,1,0,0,0,2.0,0,0,1,1,1,0,4,0,0,,1
1010671,0,1,0,0,0,0,0,,0,0,0,0,0,0,0,0,0,,0
1002081,4,2,1,1,1,0,1,,1,0,0,0,0,0,0,0,0,,1
1007442,0,1,0,0,0,0,0,,0,0,0,0,0,0,0,0,0,,0
1007283,0,1,0,0,0,0,0,,0,0,0,0,0,0,0,0,0,,0
1011048,0,1,0,0,0,0,0,,0,0,0,0,0,0,0,0,0,,0
1012997,0,1,0,0,0,0,0,,0,0,0,0,0,0,0,0,0,,0
1013307,0,1,0,0,0,0,0,,0,0,0,0,0,0,0,0,0,,0
1012162,4,1,1,1,0,0,0,2.0,0,0,0,0,0,0,0,1,1,,1
1001688,0,1,0,0,0,0,0,,0,0,0,0,0,0,0,0,0,,0
1008030,0,1,0,0,0,0,0,,0,0,0,0,0,0,0,0,0,,0
1015357,0,1,0,0,0,0,0,,0,0,0,0,0,0,0,0,0,,0
1005975,0,1,0,0,0,0,0,,0,0,0,0,0,0,0,0,0,,0
1009524,0,1,1,0,0,0,0,,0,0,0,0,0,0,1,1,1,,1
1000366,4,2,1,1,1,1,0,,0,0,0,1,1,1,8,0,1,,1
1017363,0,1,0,0,0,0,0,,0,0,0,0,0,0,0,0,0,,0
1010900,0,1,0,0,0,0,0,,0,0,0,0,0,0,0,0,0,,0
1015887,4,0,1,1,0,0,0,,0,0,0,0,0,0,0,0,0,,1
1006956,0,1,0,0,0,0,0,,0,0,0,0,0,0,0,0,0,,0
1002806,0,1,0,0,0,0,0,,0,0,0,0,0,0,0,0,0,,0
1002363,0,1,0,0,0,0,0,,0,0,0,0,0,0,0,0,0,,1
1014406,0,1,0,0,0,0,0,,0,0,0,0,0,0,0,0,0,,0
1004761,0,1,0,0,0,0,0,,0,0,0,0,0,0,0,0,0,,1
1014652,0,1,0,0,0,0,0,,0,0,0,0,0,0,0,0,0,,0
1002662,0,1,0,0,0,0,0,,0,0,0,0,0,0,0,0,0,,0
1009084,0,1,0,0,0,0,0,,0,0,0,0,0,0,0,0,0,,0
1000170,0,1,0,0,0,0,0,,0,0,0,0,0,0,0,0,0,,0
1003786,0,1,0,0,0,0,0,,0,0,0,0,0,0,0,0,0,,0
1013016,4,2,1,1,0,0,0,2.0,0,0,0,1,0,0,3,0,0,,1
1010883,0,1,0,0,0,0,0,,0,0,0,0,0,0,0,0,0,,0
1012024,0,1,0,0,0,0,0,,0,0,0,0,0,0,0,0,0,,0
1017505,0,1,0,0,0,0,0,,0,0,0,0,0,0,0,0,0,,1
1014706,0,1,0,0,0,0,0,,0,0,0,0,0,0,0,0,0,,1
1010846,0,1,0,0,0,0,0,,0,0,0,0,0,0,0,0,0,,1
1007173,4,2,1,1,1,0,0,,0,0,0,1,0,0,2,0,0,,1
1001808,4,2,1,1,0,0,0,10.0,0,0,1,1,0,0,3,0,0,,1
1014204,0,1,0,0,0,0,0,,0,0,0,0,0,0,0,0,0,,0
1009588,4,2,1,0,1,0,1,,0,0,0,1,0,1,3,1,1,,1
1007434,4,1,1,0,0,0,0,,0,0,0,0,0,0,1,0,0,,1
1002259,4,1,1,1,0,0,0,,0,0,0,0,0,0,0,1,1,,1
1010639,0,1,0,0,0,0,0,,0,0,0,0,0,0,0,0,0,,0
1010256,0,1,0,0,0,0,0,,0,0,0,0,0,0,0,0,0,,0
1002131,0,1,0,0,0,0,0,,0,0,0,0,0,0,0,0,0,,1
1014383,0,1,0,0,0,0,0,,0,0,0,0,0,0,0,0,0,,0
1016487,0,1,0,0,0,0,0,,0,0,0,0,0,0,0,0,0,,0
1006242,4,2,1,1,0,0,0,2.0,0,0,0,0,0,0,2,0,0,,1
1012375,4,2,1,0,0,0,0,,0,0,0,1,0,0,8,0,0,,1
1013930,0,1,0,0,0,0,0,,0,0,0,0,0,0,0,0,0,,0
1001313,0,1,0,0,0,0,0,,0,0,0,0,0,0,0,0,0,,0
1015080,4,2,1,1,0,0,0,2.0,0,1,1,1,0,1,4,0,0,,1
1002244,0,1,0,0,0,0,0,,0,0,0,0,0,0,0,0,0,,1
1013992,4,2,1,1,1,0,0,,0,0,0,0,0,0,6,1,1,,1
1004620,0,1,0,0,0,0,0,,0,0,0,0,0,0,0,0,0,,0
1013263,0,1,0,0,0,0,0,,0,0,0,0,0,0,0,0,0,,0
1001605,0,1,0,0,0,0,0,,0,0,0,0,0,0,0,0,0,,0
1016832,0,1,0,0,0,0,0,,0,0,0,0,0,0,0,0,0,,0
1013177,0,1,0,0,0,0,0,,0,0,0,0,0,0,0,0,0,,1
1006081,0,1,0,0,0,0,0,,0,0,0,0,0,0,0,0,0,,0
1007654,0,1,0,0,0,0,0,,0,0,0,0,0,0,0,0,0,,0
1016751,0,1,0,0,0,0,0,,0,0,0,0,0,0,0,0,0,,0
1013295,4,0,1,1,0,0,0,10.0,0,0,0,0,0,0,0,1,1,,1
1014699,0,1,0,0,0,0,0,,0,0,0,0,0,0,0,0,0,,0
1015910,0,1,0,0,0,0,0,,0,0,0,0,0,0,0,0,0,,0
1003133,0,1,0,0,0,0,0,,0,0,0,0,0,0,0,0,0,,0
1015199,0,1,0,0,0,0,0,,0,0,0,0,0,0,0,0,0,,0
1003997,0,0,0,0,0,0,0,,0,0,0,0,0,0,0,0,0,,1
1001502,0,1,0,0,0,0,0,,0,0,0,0,0,0,0,0,0,,0
1012923,4,2,1,1,0,0,0,10.0,0,0,0,0,0,0,0,0,0,,1
1004591,0,1,0,0,0,0,0,,0,0,0,0,0,0,0,0,0,,0
1010627,0,0,0,0,0,0,0,,0,0,0,0,0,0,0,0,0,,1
1017230,0,1,0,0,0,0,0,,0,0,0,0,0,0,0,0,0,,0
1002510,0,1,0,0,0,0,0,,0,0,0,0,0,0,0,0,0,,1
1012403,0,1,0,0,0,0,0,,0,0,0,0,0,0,0,0,0,,0
1007281,4,2,1,1,0,0,0,4.0,0,0,0,0,0,0,0,0,0,,1
1011314,0,1,0,0,0,0,0,,0,0,0,0,0,0,0,0,0,,0
1009664,0,1,0,0,0,0,0,,0,0,0,0,0,0,0,0,0,,0
1005415,0,1,0,0,0,0,0,,0,0,0,0,0,0,0,0,0,,0
1014446,0,1,0,0,0,0,0,,0,0,0,0,0,0,0,0,0,,0
1013727,0,1,0,0,0,0,0,,0,0,0,0,0,0,0,0,0,,0
1006740,0,1,0,0,0,0,0,,0,0,0,0,0,0,0,0,0,,1
1005625,1,0,0,0,0,0,0,,0,0,0,0,0,0,0,1,1,,1
1017536,0,1,0,0,0,0,0,,0,0,0,0,0,0,0,0,0,,0
1006281,3,0,1,0,1,0,0,,0,0,0,0,0,0,0,1,1,,1
1009968,4,2,1,1,0,0,0,,0,0,0,0,0,0,0,1,1,,1
1013883,0,1,0,0,0,0,0,,0,0,0,0,0,0,0,0,0,,0
1015123,0,1,0,0,0,0,0,,0,0,0,0,0,0,0,0,0,,0
1005474,0,1,0,0,0,0,0,,0,0,0,0,0,0,0,0,0,,0
1009638,4,2,1,0,0,0,0,,0,0,0,0,0,0,1,0,0,,1
1014403,0,1,0,0,0,0,0,,0,0,0,0,0,0,0,0,0,,0
1002380,0,1,0,0,0,0,0,,0,0,0,0,0,0,0,0,0,,1
1005758,0,1,0,0,0,0,0,,0,0,0,0,0,0,0,0,0,,1
1007493,0,1,0,0,0,0,0,,0,0,0,0,0,0,0,0,0,,1
1013889,0,1,0,0,0,0,0,,0,0,0,0,0,0,0,0,0,,0
1009768,0,1,0,0,0,0,0,,0,0,0,0,0,0,0,0,0,,0
1017401,0,1,0,0,0,0,0,,0,0,0,0,0,0,0,0,0,,0
1000607,0,1,0,0,0,0,0,,0,0,0,0,0,0,0,0,0,,0
1000629,0,1,0,0,0,0,0,,0,0,0,0,0,0,0,0,0,,0
1002554,4,2,1,0,1,0,1,,0,0,0,1,0,1,6,0,0,,1
1012238,0,1,0,0,0,0,0,,0,0,0,0,0,0,0,0,0,,0
1006700,0,1,0,0,0,0,0,,0,0,0,0,0,0,0,0,0,,0
1005441,0,1,0,0,0,0,0,,0,0,0,0,0,0,0,0,0,,0
1012044,4,1,1,1,0,0,0,,0,0,0,0,0,0,0,1,1,,1
1009687,4,0,1,0,0,0,0,,0,0,0,0,0,0,0,1,1,,1
1004224,0,1,0,0,0,0,0,,0,0,0,0,0,0,0,0,0,,0
1001489,0,1,0,0,0,0,0,,0,0,0,0,0,0,0,0,0,,1
1001821,0,1,0,0,0,0,0,,0,0,0,0,0,0,0,0,0,,0
1011981,4,1,1,1,0,0,0,,0,0,0,0,0,0,0,1,1,,1
1017261,0,0,1,0,0,0,0,,0,0,0,0,0,0,0,0,1,,1
1016754,4,2,1,1,0,0,0,3.0,0,0,0,0,0,0,1,0,0,,1
1016931,0,1,0,0,0,0,0,,0,0,0,0,0,0,0,0,0,,0
1002049,0,1,0,0,0,0,0,,0,0,0,0,0,0,0,0,0,,0
1005016,0,1,0,0,0,0,0,,0,0,0,0,0,0,0,0,0,,1
1000896,0,1,0,0,0,0,0,,0,0,0,0,0,0,0,0,0,,0
1007749,0,1,0,0,0,0,0,,0,0,0,0,0,0,0,0,0,,0
1003169,4,2,1,0,1,0,0,2.0,0,0,0,1,1,1,4,0,0,,1
1016591,4,1,1,0,0,0,1,,0,0,0,1,0,0,2,1,1,,1
1001262,4,2,1,0,0,0,1,,0,0,1,1,0,1,5,0,0,,1
1015725,0,1,0,0,0,0,0,,0,0,0,0,0,0,0,0,0,,0
1000753,0,1,0,0,0,0,0,,0,0,0,0,0,0,0,0,0,,0
1006986,0,1,0,0,0,0,0,,0,0,0,0,0,0,0,0,0,,0
1017337,4,2,1,1,1,0,0,,0,0,0,1,0,0,2,0,0,,1
1014206,0,1,0,0,0,0,0,,0,0,0,0,0,0,0,0,0,,0
1013386,0,1,0,0,0,0,0,,0,0,0,0,0,0,0,0,0,,0
1015618,0,1,0,0,0,0,0,,0,0,0,0,0,0,0,0,0,,1
1015716,0,1,0,0,0,0,0,,0,0,0,0,0,0,0,0,0,,0
1005747,4,1,1,1,0,0,0,2200.0,0,0,0,1,0,0,2,0,0,,1
1001517,0,1,0,0,0,0,0,,0,0,0,0,0,0,0,0,0,,0
1005348,4,2,1,1,1,0,0,,0,0,0,0,0,0,0,0,0,,1
1009111,0,1,0,0,0,0,0,,0,0,0,0,0,0,0,0,0,,0
1011947,0,1,0,0,0,0,0,,0,0,0,0,0,0,0,0,0,,0
1009159,0,1,0,0,0,0,0,,0,0,0,0,0,0,0,0,0,,1
1012714,0,1,0,0,0,0,0,,0,0,0,0,0,0,0,0,0,,0
1014411,0,1,0,0,0,0,0,,0,0,0,0,0,0,0,0,0,,0
1006997,0,1,0,0,0,0,0,,0,0,0,0,0,0,0,0,0,,0
1016164,0,0,0,0,0,0,0,,0,0,0,0,0,0,0,0,1,,1
1014480,4,1,1,0,0,0,0,,0,0,0,1,0,0,2,0,0,,1
1004789,0,1,0,0,0,0,0,,0,0,0,0,0,0,0,0,0,,0
1015622,4,2,1,1,1,0,0,1.0,0,1,0,1,0,0,2,0,0,,1
1006620,4,2,1,0,0,0,0,,0,0,0,1,0,0,2,0,0,,1
1013777,4,2,1,1,1,1,0,,0,1,1,1,1,1,6,0,0,,1
1010608,4,2,1,1,0,0,0,,0,0,0,0,0,0,0,0,0,,1
1004169,0,1,0,0,0,0,0,,0,0,0,0,0,0,0,0,0,,0
1015896,4,1,1,1,1,1,0,1.0,0,0,0,1,0,1,3,0,0,,1
1004593,0,1,0,0,0,0,0,,0,0,0,0,0,0,0,0,0,,0
1006524,0,1,0,0,0,0,0,,0,0,0,0,0,0,0,0,0,,1
1014208,4,1,1,1,0,0,0,1763.0,0,0,0,0,0,0,0,1,1,,1
1003856,0,1,0,0,0,0,0,,0,0,0,0,0,0,0,0,0,,0
1005354,4,1,1,0,0,0,0,10.0,0,0,0,1,0,0,2,0,0,,1
1003398,0,1,0,0,0,0,0,,0,0,0,0,0,0,0,0,0,,1
1008028,4,2,1,1,1,0,1,,0,0,0,1,1,1,5,0,0,,1
1002670,4,2,1,0,1,0,0,,0,0,0,1,1,0,3,0,0,,1
1014813,0,1,0,0,0,0,0,,0,0,0,0,0,0,0,0,0,,1
1012823,4,2,1,1,0,0,0,,0,0,0,0,0,0,0,0,0,,1
1007714,0,1,0,0,0,0,0,,0,0,0,0,0,0,0,0,0,,0
1002991,0,1,0,0,0,0,0,,0,0,0,0,0,0,0,0,0,,0
1013867,0,1,0,0,0,0,0,,0,0,0,0,0,0,0,0,0,,0
1015375,4,2,1,1,1,1,0,3.0,0,0,1,1,0,1,5,0,0,,1
1007426,4,2,1,1,0,0,0,9.0,0,1,0,0,0,0,0,0,0,,1
1016249,0,1,0,0,0,0,0,,0,0,0,0,0,0,0,0,0,,1
1004655,0,1,0,0,0,0,0,,0,0,0,0,0,0,0,0,0,,0
1014340,0,1,0,0,0,0,0,,0,0,0,0,0,0,0,0,0,,0
1009899,0,1,0,0,0,0,0,,0,0,0,0,0,0,0,0,0,,0
1011374,0,1,0,0,0,0,0,,0,0,0,0,0,0,0,0,0,,0
1005451,0,1,0,0,0,0,0,,0,0,0,0,0,0,0,0,0,,0
1017257,0,1,0,0,0,0,0,,0,0,0,0,0,0,0,0,0,,0
1017441,0,1,0,0,0,0,0,,0,0,0,0,0,0,0,0,0,,0
1013651,4,2,1,0,0,0,0,,0,0,0,0,0,0,6,0,0,,1
1015527,0,1,0,0,0,0,0,,0,0,0,0,0,0,0,0,0,,1
1007955,0,1,0,0,0,0,0,,0,0,0,0,0,0,0,0,0,,0
1001681,0,1,0,0,0,0,0,,0,0,0,0,0,0,0,0,0,,0
1007844,0,1,0,0,0,0,0,,0,0,0,0,0,0,0,0,0,,0
1009604,4,1,1,1,0,0,0,10.0,0,0,1,1,0,0,2,0,0,,1
1008499,4,1,1,1,1,0,0,,0,0,1,1,1,1,6,0,0,,1
1012894,0,1,0,0,0,0,0,,0,0,0,0,0,0,0,0,0,,0
1008462,0,1,0,0,0,0,0,,0,0,0,0,0,0,0,0,0,,0
1001221,0,1,0,0,0,0,0,,0,0,0,0,0,0,0,0,0,,1
1002675,0,1,0,0,0,0,0,,0,0,0,0,0,0,0,0,0,,0
1014346,0,1,0,0,0,0,0,,0,0,0,0,0,0,0,0,0,,0
1012691,4,2,1,1,1,0,0,,0,0,0,1,0,0,4,0,0,,1
1008759,4,1,1,0,0,0,1,,0,0,0,1,0,0,2,0,0,,1
1003234,4,2,1,0,0,0,0,,0,0,0,1,0,0,2,0,0,,1
1016691,0,1,0,0,0,0,0,,0,0,0,0,0,0,0,0,0,,0
1003408,0,1,0,0,0,0,0,,0,0,0,0,0,0,0,0,0,,0
1005306,4,2,1,1,0,0,0,,0,0,1,1,1,1,6,0,0,,1
1012512,4,1,1,1,0,0,0,14.0,0,0,1,1,0,0,3,0,0,,1
1005830,0,1,0,0,0,0,0,,0,0,0,0,0,0,0,0,0,,1
1001931,0,0,0,0,0,0,0,,0,0,0,0,0,0,0,0,0,,1
1005319,0,1,0,0,0,0,0,,0,0,0,0,0,0,0,0,0,,0
1016841,0,1,0,0,0,0,0,,0,0,0,0,0,0,0,0,0,,1
1000594,0,1,0,0,0,0,0,,0,0,0,0,0,0,0,0,0,,1
1014790,4,1,1,1,0,0,0,2.0,0,1,1,1,1,1,6,0,0,,1
1005957,0,1,0,0,0,0,0,,0,0,0,0,0,0,0,0,0,,0
1001619,0,1,0,0,0,0,0,,0,0,0,0,0,0,0,0,0,,0
1006113,0,1,0,0,0,0,0,,0,0,0,0,0,0,0,0,0,,1
1015412,0,1,0,0,0,0,0,,0,0,0,0,0,0,0,0,0,,0
1000845,0,1,0,0,0,0,0,,0,0,0,0,0,0,0,0,0,,0
1010544,2,1,1,1,0,0,0,,0,0,0,0,0,0,0,1,1,,1
1005985,0,1,0,0,0,0,0,,0,0,0,0,0,0,0,0,0,,0
1004414,0,1,0,0,0,0,0,,0,0,0,0,0,0,0,0,0,,1
1014750,4,2,1,1,1,0,0,,0,0,0,1,0,0,2,0,0,,1
1010559,4,2,1,1,1,1,0,,0,0,1,1,0,1,4,0,0,,1
1011532,0,1,0,0,0,0,0,,0,0,0,0,0,0,0,0,0,,1
1003922,0,0,0,0,0,0,0,,0,0,0,0,0,0,0,0,0,,1
1010474,0,1,0,0,0,0,0,,0,0,0,0,0,0,0,0,0,,0
1013656,4,2,1,1,0,0,0,,0,0,1,1,1,1,6,0,0,,1
1015669,4,2,1,1,0,0,0,,0,0,1,1,1,1,6,0,0,,1
1003542,0,1,0,0,0,0,0,,0,0,0,0,0,0,0,0,0,,0
1011161,0,1,0,0,0,0,0,,0,0,0,0,0,0,0,0,0,,0
1002700,0,1,0,0,0,0,0,,0,0,0,0,0,0,0,0,0,,0
1002301,4,1,1,1,1,0,0,,0,1,1,1,1,1,6,1,1,,1
1017446,0,1,0,0,0,0,0,,0,0,0,0,0,0,0,0,0,,1
1003244,4,0,1,1,0,0,0,,0,0,0,0,0,0,0,0,0,,1
1001670,0,1,0,0,0,0,0,,0,0,0,0,0,0,0,0,0,,0
1001822,0,1,0,0,0,0,0,,0,0,0,0,0,0,0,0,0,,1
1008789,0,1,0,0,0,0,0,,0,0,0,0,0,0,0,0,0,,0
1002771,4,2,1,1,1,0,0,,0,0,0,0,0,0,4,0,0,,1
1002744,0,1,0,0,0,0,0,,0,0,0,0,0,0,0,0,0,,1
1011238,0,1,0,0,0,0,0,,0,0,0,0,0,0,0,0,0,,0
1007219,0,1,0,0,0,0,0,,0,0,0,0,0,0,0,0,0,,0
1000168,0,1,0,0,0,0,0,,0,0,0,0,0,0,0,0,0,,0
1014944,0,1,0,0,0,0,0,,0,0,0,0,0,0,0,0,0,,0
1011628,0,1,0,0,0,0,0,,0,0,0,0,0,0,0,0,0,,0
1009024,0,1,0,0,0,0,0,,0,0,0,0,0,0,0,0,0,,0
1013487,0,1,0,0,0,0,0,,0,0,0,0,0,0,0,0,0,,1
1004335,0,1,0,0,0,0,0,,0,0,0,0,0,0,0,0,0,,1
1016114,0,1,0,0,0,0,0,,0,0,0,0,0,0,0,0,0,,1
1002207,0,1,0,0,0,0,0,,0,0,0,0,0,0,0,0,0,,0
1015090,4,2,1,1,0,0,0,,0,0,0,1,0,1,3,0,0,,1
1010460,4,1,1,0,0,0,0,,0,0,0,0,0,0,1,0,0,,1
1014307,0,1,0,0,0,0,0,,0,0,0,0,0,0,0,0,0,,1
1002377,0,1,0,0,0,0,0,,0,0,0,0,0,0,0,0,0,,0
1015425,4,2,1,1,1,0,0,,0,0,0,0,0,0,0,0,0,,1
1000613,4,1,1,1,1,0,0,,0,0,0,0,0,0,0,1,1,,1
1016550,4,0,1,1,0,0,0,,0,0,1,1,1,1,6,0,0,,1
1014145,0,0,0,0,0,0,0,,0,0,0,0,0,0,0,0,0,,1
1005342,0,0,1,1,1,0,0,,0,0,0,0,0,0,0,1,1,,1
1007328,0,1,0,0,0,0,0,,0,0,0,0,0,0,0,0,0,,0
1013835,0,1,0,0,0,0,0,,0,0,0,0,0,0,0,0,0,,0
1005088,0,1,0,0,0,0,0,,0,0,0,0,0,0,0,0,0,,1
1007590,0,1,0,0,0,0,0,,0,0,0,0,0,0,0,0,0,,0
1001603,0,1,0,0,0,0,0,,0,0,0,0,0,0,0,0,0,,0
1010831,4,2,1,0,0,0,1,,0,0,0,1,0,0,2,0,0,,1
1000554,4,2,1,0,0,0,0,,0,1,1,1,1,1,6,0,0,,1
1016352,0,0,0,0,0,0,0,,0,0,0,0,0,0,0,0,1,,1
1004695,4,2,1,1,1,0,0,,0,0,0,0,0,0,6,0,0,,1
1003564,0,1,0,0,0,0,0,,0,0,0,0,0,0,0,0,0,,0
1005019,0,1,0,0,0,0,0,,0,0,0,0,0,0,0,0,0,,0
1009464,0,1,0,0,0,0,0,,0,0,0,0,0,0,0,0,0,,0
1017332,0,1,0,0,0,0,0,,0,0,0,0,0,0,0,0,0,,0
1013347,4,2,1,1,1,1,0,,0,0,0,0,0,0,0,0,0,,1
1000107,0,0,0,0,0,0,0,,0,0,0,0,0,0,0,0,0,,1
1002280,0,1,0,0,0,0,0,,0,0,0,0,0,0,0,0,0,,0
1005297,0,1,0,0,0,0,0,,0,0,0,0,0,0,0,0,0,,0
1015709,0,1,0,0,0,0,0,,0,0,0,0,0,0,0,0,0,,0
1010359,0,1,0,0,0,0,0,,0,0,0,0,0,0,0,0,0,,1
1015238,0,1,0,0,0,0,0,,0,0,0,0,0,0,0,0,0,,1
1006516,0,1,0,0,0,0,0,,0,0,0,0,0,0,0,0,0,,0
1001466,0,1,0,0,0,0,0,,0,0,0,0,0,0,0,0,0,,0
1010230,4,2,1,1,1,1,0,4.0,0,0,1,1,1,1,6,0,0,,1
1005561,4,2,1,0,0,0,0,,0,0,0,1,0,0,2,0,0,,1
1004341,4,1,1,1,1,0,0,,0,1,1,1,1,1,5,0,0,,1
1006326,4,2,1,1,0,0,0,10.0,0,0,1,1,0,0,3,0,0,,1
1011695,0,1,0,0,0,0,0,,0,0,0,0,0,0,0,0,0,,0
1011990,0,1,0,0,0,0,0,,0,0,0,0,0,0,0,0,0,,0
1005410,0,1,0,0,0,0,0,,0,0,0,0,0,0,0,0,0,,0
1007035,0,1,0,0,0,0,0,,0,0,0,0,0,0,0,0,0,,0
1014568,0,1,0,0,0,0,0,,0,0,0,0,0,0,0,0,0,,0
1013092,4,2,1,1,1,0,0,,0,0,1,1,1,1,6,0,0,,1
1011490,0,1,0,0,0,0,0,,0,0,0,0,0,0,0,0,0,,0
1007345,0,1,0,0,0,0,0,,0,0,0,0,0,0,0,0,0,,0
1007435,4,2,1,0,0,0,1,,0,0,0,1,0,0,2,0,0,,1
1013669,4,2,1,1,1,0,0,3.0,0,1,1,1,1,1,6,1,1,,1
1009178,0,1,0,0,0,0,0,,0,0,0,0,0,0,0,0,0,,0
1015927,4,2,1,1,1,0,1,,0,0,0,0,0,0,6,0,0,,1
1001898,4,0,1,0,0,0,0,46.0,0,0,1,1,1,1,6,0,0,,1
1015741,0,1,0,0,0,0,0,,0,0,0,0,0,0,0,0,0,,0
1002330,0,0,0,0,0,0,0,,0,0,0,0,0,0,0,0,1,,1
1011896,0,1,0,0,0,0,0,,0,0,0,0,0,0,0,0,0,,1
1001508,0,1,0,0,0,0,0,,0,0,0,0,0,0,0,0,0,,0
1013664,0,1,0,0,0,0,0,,0,0,0,0,0,0,0,0,0,,0
1013445,0,1,0,0,0,0,0,,0,0,0,0,0,0,0,0,0,,0
1006820,0,1,0,0,0,0,0,,0,0,0,0,0,0,0,0,0,,0
1008735,0,1,0,0,0,0,0,,0,0,0,0,0,0,0,0,0,,1
1014981,0,0,0,0,0,0,0,,0,0,0,0,0,0,0,0,1,,1
1010257,4,0,1,0,0,0,0,,0,0,0,0,0,0,1,0,0,,1
1017600,0,1,0,0,0,0,0,,0,0,0,0,0,0,0,0,0,,0
1001096,4,1,1,0,0,0,1,,0,0,0,1,0,0,2,1,1,,1
1016479,0,0,0,0,0,0,0,,0,0,0,0,0,0,0,0,0,,1
1008970,4,2,1,1,1,1,0,,0,0,0,0,0,0,0,0,0,,1
1012733,0,1,0,0,0,0,0,,0,0,0,0,0,0,0,0,0,,0
1013484,0,1,0,0,0,0,0,,0,0,0,0,0,0,0,0,0,,1
1000916,0,1,0,0,0,0,0,,0,0,0,0,0,0,0,0,0,,1
1008771,0,1,0,0,0,0,0,,0,0,0,0,0,0,0,0,0,,0
1008226,0,1,0,0,0,0,0,,0,0,0,0,0,0,0,0,0,,0
1010555,0,0,0,0,0,0,0,,0,0,0,0,0,0,0,0,0,,1
1014117,0,0,0,0,0,0,0,,0,0,0,0,0,0,0,0,0,,1
1017284,0,1,0,0,0,0,0,,0,0,0,0,0,0,0,0,0,,0
1005176,4,1,1,1,0,0,0,,0,0,0,0,0,0,0,1,1,,1
1013523,4,2,1,1,1,0,0,,0,0,1,1,1,1,6,0,0,,1
1003648,0,1,0,0,0,0,0,,0,0,0,0,0,0,0,0,0,,0
1015846,0,1,0,0,0,0,0,,0,0,0,0,0,0,0,0,0,,0
1003047,4,2,1,1,1,0,0,,0,1,1,1,1,0,5,0,0,,1
1013254,4,2,1,1,0,0,0,8250.0,0,0,1,1,0,0,3,0,0,,1
1008847,0,1,0,0,0,0,0,,0,0,0,0,0,0,0,0,0,,0
1001914,0,1,0,0,0,0,0,,0,0,0,0,0,0,0,0,0,,0
1001856,0,1,0,0,0,0,0,,0,0,0,0,0,0,0,0,0,,0
1000736,0,1,0,0,0,0,0,,0,0,0,0,0,0,0,0,0,,0
1011502,4,2,1,1,1,0,0,,0,0,0,1,1,1,4,0,0,,1
1000443,4,2,1,1,0,0,0,27.0,0,0,0,1,0,0,3,0,0,,1
1013623,0,1,0,0,0,0,0,,0,0,0,0,0,0,0,0,0,,0
1003449,0,1,0,0,0,0,0,,0,0,0,0,0,0,0,0,0,,0
1010338,0,1,0,0,0,0,0,,0,0,0,0,0,0,0,0,0,,0
1010251,0,1,0,0,0,0,0,,0,0,0,0,0,0,0,0,0,,1
1003312,4,1,1,0,0,0,0,,0,0,0,1,0,0,2,0,0,,1
1000729,0,1,0,0,0,0,0,,0,0,0,0,0,0,0,0,0,,0
1010266,0,1,0,0,0,0,0,,0,0,0,0,0,0,0,0,0,,0
1011309,0,1,0,0,0,0,0,,0,0,0,0,0,0,0,0,0,,0
1010305,4,1,1,0,0,0,1,,0,0,0,1,0,0,2,1,1,,1
1017331,4,1,1,0,1,0,0,,0,0,0,0,0,0,0,1,1,,1
1017507,0,1,0,0,0,0,0,,0,0,0,0,0,0,0,0,0,,1
1017521,4,2,1,1,1,1,0,4.0,0,0,1,1,0,1,4,0,0,,1
1004542,0,1,0,0,0,0,0,,0,0,0,0,0,0,0,0,0,,0
1008406,0,0,0,0,0,0,0,,0,0,0,0,0,0,0,0,0,,1
1000355,0,1,0,0,0,0,0,,0,0,0,0,0,0,0,0,0,,0
1007175,4,1,1,0,0,0,1,,0,0,0,1,0,0,2,1,1,,1
1005712,0,1,0,0,0,0,0,,0,0,0,0,0,0,0,0,0,,0
1007842,0,1,0,0,0,0,0,,0,0,0,0,0,0,0,0,0,,0
1004649,0,1,0,0,0,0,0,,0,0,0,0,0,0,0,0,0,,1
1011499,4,2,1,0,0,1,1,,0,0,0,0,0,0,6,0,0,,1
1013205,0,1,1,0,1,0,0,2.0,0,0,0,1,0,0,2,0,0,,1
1006825,0,1,0,0,0,0,0,,0,0,0,0,0,0,0,0,0,,0
1001915,0,1,0,0,0,0,0,,0,0,0,0,0,0,0,0,0,,0
1009753,0,1,0,0,0,0,0,,0,0,0,0,0,0,0,0,0,,0
1015173,0,1,0,0,0,0,0,,0,0,0,0,0,0,0,0,0,,1
1010402,0,1,0,0,0,0,0,,0,0,0,0,0,0,0,0,0,,0
1016728,0,1,0,0,0,0,0,,0,0,0,0,0,0,0,0,0,,0
1007703,0,1,0,0,0,0,0,,0,0,0,0,0,0,0,0,0,,0
1008857,0,1,0,0,0,0,0,,0,0,0,0,0,0,0,0,0,,0
1015913,4,2,1,1,1,0,0,,0,0,1,1,0,0,4,0,0,,1
1016166,0,1,0,0,0,0,0,,0,0,0,0,0,0,0,0,0,,0
1016834,0,1,0,0,0,0,0,,0,0,0,0,0,0,0,0,0,,0
1005388,0,1,0,0,0,0,0,,0,0,0,0,0,0,0,0,0,,0
1012209,0,1,0,0,0,0,0,,0,0,0,0,0,0,0,0,0,,0
1012685,0,1,0,0,0,0,0,,0,0,0,0,0,0,0,0,0,,1
1001416,4,2,1,1,1,0,0,,0,0,1,1,1,1,6,0,0,,1
1001276,0,1,0,0,0,0,0,,0,0,0,0,0,0,0,0,0,,1
1007382,0,1,0,0,0,0,0,,0,0,0,0,0,0,0,0,0,,0
1014732,4,1,1,1,0,0,0,,0,0,0,0,0,0,2,0,0,,1
1014164,0,1,0,0,0,0,0,,0,0,0,0,0,0,0,0,0,,0
1001658,0,1,0,0,0,0,0,,0,0,0,0,0,0,0,0,0,,0
1011670,0,1,0,0,0,0,0,,0,0,0,0,0,0,0,0,0,,0
1010092,4,2,1,0,1,0,0,,0,0,1,1,1,1,5,0,0,,1
1002893,0,1,0,0,0,0,0,,0,0,0,0,0,0,0,0,0,,1
1012298,0,1,0,0,0,0,0,,0,0,0,0,0,0,0,0,0,,0
1008139,0,1,0,0,0,0,0,,0,0,0,0,0,0,0,0,0,,1
1006306,4,2,1,0,1,1,0,,0,0,0,1,0,1,3,0,0,,1
1001225,0,1,0,0,0,0,0,,0,0,0,0,0,0,0,0,0,,0
1007211,4,0,1,0,0,0,0,1035.0,0,1,0,1,0,0,6,0,0,,1
1013332,0,1,0,0,0,0,0,,0,0,0,0,0,0,0,0,0,,1
1016187,0,1,0,0,0,0,0,,0,0,0,0,0,0,0,0,0,,0
1007873,0,1,0,0,0,0,0,,0,0,0,0,0,0,0,0,0,,1
1002607,0,1,0,0,0,0,0,,0,0,0,0,0,0,0,0,0,,0
1005543,0,1,0,0,0,0,0,,0,0,0,0,0,0,0,0,0,,0
1011125,0,1,0,0,0,0,0,,0,0,0,0,0,0,0,0,0,,0
1012019,0,1,0,0,0,0,0,,0,0,0,0,0,0,0,0,0,,0
1013265,0,1,0,0,0,0,0,,0,0,0,0,0,0,0,0,0,,0
1006594,4,2,1,0,0,0,0,,0,0,1,1,1,1,6,0,0,,1
1006398,0,1,0,0,0,0,0,,0,0,0,0,0,0,0,0,0,,0
1003744,4,1,1,1,1,1,0,,0,0,1,1,1,1,5,0,0,,1
1000441,0,1,0,0,0,0,0,,0,0,0,0,0,0,0,0,0,,1
1009788,0,1,0,0,0,0,0,,0,0,0,0,0,0,0,0,0,,0
1002574,0,1,0,0,0,0,0,,0,0,0,0,0,0,0,0,0,,1
1007056,0,1,1,0,0,0,1,2.0,0,0,0,1,0,0,2,0,0,,1
1015162,4,1,1,0,1,0,0,,0,0,0,0,0,0,0,1,1,,1
1011209,4,2,1,0,0,0,1,,0,0,0,1,0,0,2,0,0,,1
1006446,0,1,0,0,0,0,0,,0,0,0,0,0,0,0,0,0,,0
1008784,4,2,1,1,0,0,0,2000.0,0,0,0,0,0,0,7,0,0,,1
1008884,0,1,0,0,0,0,0,,0,0,0,0,0,0,0,0,0,,0
1009182,4,2,1,1,0,0,0,2.0,0,0,0,0,0,0,6,0,0,,1
1005644,0,1,0,0,0,0,0,,0,0,0,0,0,0,0,0,0,,0
1003738,4,2,1,0,0,0,0,,0,0,0,1,1,1,4,0,0,,1
1010668,0,1,0,0,0,0,0,,0,0,0,0,0,0,0,0,0,,0
1006054,0,1,0,0,0,0,0,,0,0,0,0,0,0,0,0,0,,1
1006032,0,1,0,0,0,0,0,,0,0,0,0,0,0,0,0,0,,0
1002663,0,1,0,0,0,0,0,,0,0,0,0,0,0,0,0,0,,0
1000440,0,1,0,0,0,0,0,,0,0,0,0,0,0,0,0,0,,0
1006432,0,0,0,0,0,0,0,,0,0,0,0,0,0,0,0,1,,1
1016321,0,1,0,0,0,0,0,,0,0,0,0,0,0,0,0,0,,0
1011064,0,1,0,0,0,0,0,,0,0,0,0,0,0,0,0,0,,0
1011024,0,1,0,0,0,0,0,,0,0,0,0,0,0,0,0,0,,0
1001083,4,1,1,1,1,1,0,3.0,0,1,1,1,1,1,6,0,0,,1
1017199,4,2,1,1,1,0,0,1.0,0,1,1,1,1,1,6,0,0,,1
1012418,0,1,0,0,0,0,0,,0,0,0,0,0,0,0,0,0,,0
1006624,4,2,1,1,1,1,0,,0,1,1,1,1,1,6,0,0,,1
1010336,0,1,0,0,0,0,0,,0,0,0,0,0,0,0,0,0,,1
1010657,4,2,1,1,0,0,0,2.0,0,0,1,1,1,1,6,0,0,,1
1015626,4,0,1,1,0,0,0,2.0,0,0,0,0,0,0,2,0,0,,1
1001012,0,1,0,0,0,0,0,,0,0,0,0,0,0,0,0,0,,0
1006219,0,1,0,0,0,0,0,,0,0,0,0,0,0,0,0,0,,0
1011977,0,1,0,0,0,0,0,,0,0,0,0,0,0,0,0,0,,0
1009022,4,2,1,1,0,0,0,12.0,0,0,0,0,0,0,0,1,1,,1
1012004,0,1,0,0,0,0,0,,0,0,0,0,0,0,0,0,0,,0
1016501,0,1,0,0,0,0,0,,0,0,0,0,0,0,0,0,0,,0
1006085,0,1,0,0,0,0,0,,0,0,0,0,0,0,0,0,0,,0
1005111,4,2,1,0,0,0,1,,0,0,0,0,0,0,0,0,0,,1
1005419,0,1,0,0,0,0,0,,0,0,0,0,0,0,0,0,0,,1
1015888,0,1,0,0,0,0,0,,0,0,0,0,0,0,0,0,0,,0
1010705,0,1,0,0,0,0,0,,0,0,0,0,0,0,0,0,0,,0
1016119,0,1,0,0,0,0,0,,0,0,0,0,0,0,0,0,0,,1
1008733,0,1,0,0,0,0,0,,0,0,0,0,0,0,0,0,0,,0
1008094,0,1,0,0,0,0,0,,0,0,0,0,0,0,0,0,0,,0
1001481,0,0,0,0,0,0,0,,0,0,0,0,0,0,0,0,0,,1
1010795,0,0,1,0,0,0,1,,0,0,0,0,0,0,0,0,1,,1
1012911,0,0,0,0,0,0,0,,0,0,0,1,0,0,1,0,1,,1
1010344,4,1,1,1,0,0,0,,0,0,0,0,0,0,0,1,1,,1
1009393,4,2,1,1,0,0,0,12.0,0,0,1,1,0,0,3,0,0,,1
1002479,0,1,0,0,0,0,0,,0,0,0,0,0,0,0,0,0,,0
1009508,0,1,0,0,0,0,0,,0,0,0,0,0,0,0,0,0,,1
1010250,0,1,0,0,0,0,0,,0,0,0,0,0,0,0,0,0,,1
1000787,0,1,0,0,0,0,0,,0,0,0,0,0,0,0,0,0,,0
1002446,4,1,1,1,0,0,0,,0,0,0,1,0,0,2,0,0,,1
1003203,0,1,0,0,0,0,0,,0,0,0,0,0,0,0,0,0,,0
1017202,4,1,1,1,0,0,0,,0,0,0,0,0,0,0,1,1,,1
1012898,0,1,0,0,0,0,0,,0,0,0,0,0,0,0,0,0,,0
1012545,4,2,1,1,1,1,0,,0,0,0,0,0,0,0,0,0,,1
1007365,4,2,1,1,0,0,0,,0,0,1,1,1,1,6,0,0,,1
1008517,0,1,0,0,0,0,0,,0,0,0,0,0,0,0,0,0,,0
1004188,0,1,0,0,0,0,0,,0,0,0,0,0,0,0,0,0,,1
1011462,0,1,0,0,0,0,0,,0,0,0,0,0,0,0,0,0,,0
1014331,4,1,1,0,0,0,0,,0,0,1,1,0,0,3,0,0,,1
1011657,4,2,1,1,1,0,0,18.0,0,0,0,0,0,0,11,0,0,,1
1005377,0,1,0,0,0,0,0,,0,0,0,0,0,0,0,0,0,,0
